# Blender 3.5.1
# www.blender.org
mtllib SciFiBridge.mtl
o Platform_4k
v 15.465390 19.033501 7.322695
v 15.465390 19.538540 7.322695
v 23.138866 19.033501 7.322695
v 23.138866 19.538540 7.322695
v 19.302132 19.033501 7.322695
v 19.302132 19.538540 7.322695
v 7.791902 19.033501 7.322695
v 7.791902 19.538540 7.322695
v 11.628644 19.033501 7.322695
v 11.628644 19.538540 7.322695
v 26.975613 19.033501 7.322695
v 26.975613 19.538540 7.322695
v 3.955167 19.033501 7.322699
v 3.955167 19.538540 7.322699
v 30.439400 19.538540 7.322695
v 0.491376 19.538540 7.322699
v 0.491376 19.033501 7.322699
v 30.439400 19.033501 7.322695
v -15.228541 19.033501 -7.322695
v -15.228541 19.538540 -7.322695
v -22.902027 19.033501 -7.322695
v -22.902027 19.538540 -7.322695
v -19.065289 19.033501 -7.322695
v -19.065289 19.538540 -7.322695
v -7.555057 19.033501 -7.322695
v -7.555057 19.538540 -7.322695
v -11.391803 19.033501 -7.322695
v -11.391803 19.538540 -7.322695
v -26.738773 19.033501 -7.322695
v -26.738773 19.538540 -7.322695
v -3.718322 19.033501 -7.322699
v -3.718322 19.538540 -7.322699
v -30.202549 19.538540 -7.322695
v -0.254531 19.538540 -7.322699
v -0.254531 19.033501 -7.322699
v -30.202549 19.033501 -7.322695
v 15.465390 19.033501 -7.322695
v 15.465390 19.538540 -7.322695
v 23.138866 19.033501 -7.322695
v 23.138866 19.538540 -7.322695
v 19.302132 19.033501 -7.322695
v 19.302132 19.538540 -7.322695
v 7.791902 19.033501 -7.322695
v 7.791902 19.538540 -7.322695
v 11.628644 19.033501 -7.322695
v 11.628644 19.538540 -7.322695
v 26.975613 19.033501 -7.322695
v 26.975613 19.538540 -7.322695
v 3.955167 19.033501 -7.322699
v 3.955167 19.538540 -7.322699
v 30.439400 19.538540 -7.322695
v 0.491376 19.538540 -7.322699
v 0.491376 19.033501 -7.322699
v 30.439400 19.033501 -7.322695
v 31.838688 16.804668 3.653425
v -31.834949 16.804668 3.653425
v 31.838688 16.804668 0.027349
v 31.838688 16.804668 0.155066
v -31.834949 16.804668 0.155066
v -31.834949 16.804668 0.027349
v -31.834949 16.804668 3.496298
v -31.834949 16.804668 3.368578
v 31.838688 16.804668 3.368578
v 31.838688 16.804668 3.496298
v 31.838688 16.804668 0.000086
v -31.834949 16.804668 0.000086
v 31.838688 16.804668 -3.653254
v -31.834949 16.804668 -3.653254
v 31.838688 16.804668 -0.027178
v 31.838688 16.804668 -0.154894
v -31.834949 16.804668 -0.154894
v -31.834949 16.804668 -0.027178
v -31.834949 16.804668 -3.496126
v -31.834949 16.804668 -3.368410
v 31.838688 16.804668 -3.368410
v 31.838688 16.804668 -3.496126
v -30.951221 15.301174 2.781092
v -30.951221 16.308598 2.781092
v -30.951221 15.301174 0.618898
v -30.951221 16.308598 0.618898
v 31.243019 15.301174 2.781092
v 31.243019 16.308598 2.781092
v 31.243019 15.301174 0.618898
v 31.243019 16.308598 0.618898
v -30.951221 15.301174 -2.781092
v -30.951221 16.308598 -2.781092
v -30.951221 15.301174 -0.618898
v -30.951221 16.308598 -0.618898
v 31.243019 15.301174 -2.781092
v 31.243019 16.308598 -2.781092
v 31.243019 15.301174 -0.618898
v 31.243019 16.308598 -0.618898
v -30.575512 15.824017 3.653425
v -30.514385 16.597321 3.714556
v -30.575512 15.824017 -0.000002
v 0.118424 15.824017 3.653425
v 0.118424 16.597321 3.653425
v 0.118424 15.824017 -0.000002
v -30.575512 16.095741 5.062170
v -30.282230 16.814228 5.259565
v 0.118424 16.836136 5.279501
v 0.118424 16.095741 5.062174
v -30.575512 15.629929 3.653425
v 0.118424 15.629929 3.653425
v -30.575512 15.629929 4.234758
v 0.118424 15.629929 4.234762
v -30.575512 16.095741 5.557737
v -29.990871 16.823807 5.763842
v -0.466220 16.823807 5.763845
v 0.118424 16.095741 5.557737
v 0.118424 22.509411 5.238501
v -30.282230 22.527443 5.226324
v -0.126422 22.675369 5.621973
v -30.330669 22.675369 5.621973
v -30.282230 19.926937 6.982729
v 0.115357 19.921791 6.993101
v -0.254531 19.538540 7.642443
v -30.202549 19.538540 7.642443
v 0.116399 18.663956 6.990755
v -0.254531 19.033501 7.642443
v -30.202549 19.033501 7.642443
v -30.282230 18.671234 6.949488
v 0.118424 23.402367 5.062174
v -30.575512 23.402367 5.062170
v 0.118424 23.402367 5.557737
v -30.575512 23.402367 5.557737
v -15.228541 15.824017 -0.000002
v -15.228541 15.824017 3.653425
v -15.228541 16.597321 3.714556
v -15.228541 16.095741 5.062174
v -15.228541 16.814228 5.259565
v -15.228541 15.629929 3.653425
v -15.228541 15.629929 4.234758
v -15.228541 16.095741 5.557737
v -15.228541 16.823807 5.763842
v -15.228541 22.527443 5.226324
v -15.228541 22.770477 5.557737
v -15.228541 19.538540 7.642443
v -15.228541 19.926937 6.982733
v -15.228541 18.671234 6.949492
v -15.228541 19.033501 7.642443
v -15.228541 23.402367 5.062174
v -15.228541 23.402367 5.557737
v -22.902027 15.824017 -0.000002
v -22.902027 16.597321 3.714556
v -22.902027 16.814228 5.259565
v -22.902027 16.823807 5.763842
v -22.902027 22.527443 5.226324
v -22.657177 22.675369 5.621973
v -22.902027 19.538540 7.642443
v -22.902027 19.033501 7.642443
v -22.902027 23.402367 5.062174
v -22.902027 23.402367 5.557737
v -22.902027 15.824017 3.653425
v -22.902027 16.095741 5.062174
v -22.902027 15.629929 3.653425
v -22.902027 15.629929 4.234758
v -22.902027 16.095741 5.557737
v -22.902027 19.926937 6.982729
v -22.902027 18.671234 6.949488
v -19.065289 15.824017 3.653425
v -19.065289 16.095741 5.062174
v -19.065289 15.629929 3.653425
v -19.065289 15.629929 4.234758
v -19.065289 16.095741 5.557737
v -19.065289 19.926937 6.982733
v -19.065289 18.671234 6.949492
v -19.065289 15.824017 -0.000002
v -19.065289 16.597321 3.714556
v -19.065289 16.814228 5.259565
v -19.065289 16.823807 5.763842
v -19.065289 22.527443 5.226324
v -19.310131 22.675369 5.621973
v -19.065289 19.538540 7.642443
v -19.065289 19.033501 7.642443
v -19.065289 23.402367 5.062174
v -19.065289 23.402367 5.557737
v -7.555057 15.824017 3.653425
v -7.555057 16.095741 5.062174
v -7.555057 15.629929 3.653425
v -7.555057 15.629929 4.234758
v -7.555057 16.095741 5.557737
v -7.555057 19.926937 6.982733
v -7.555057 18.671234 6.949492
v -7.555057 15.824017 -0.000002
v -7.555057 16.597321 3.714560
v -7.555057 16.814228 5.259565
v -7.555057 16.823807 5.763845
v -7.555057 22.527443 5.226324
v -7.799899 22.675369 5.621973
v -7.555057 19.538540 7.642443
v -7.555057 19.033501 7.642443
v -7.555057 23.402367 5.062174
v -7.555057 23.402367 5.557737
v -11.391803 15.824017 -0.000002
v -11.391803 16.597321 3.714556
v -11.391803 16.814228 5.259565
v -11.391803 16.823807 5.763845
v -11.391803 22.527443 5.226324
v -11.146953 22.675369 5.621973
v -11.391803 19.538540 7.642443
v -11.391803 19.033501 7.642443
v -11.391803 23.402367 5.062174
v -11.391803 23.402367 5.557737
v -11.391803 15.824017 3.653425
v -11.391803 16.095741 5.062174
v -11.391803 15.629929 3.653425
v -11.391803 15.629929 4.234758
v -11.391803 16.095741 5.557737
v -11.391803 19.926937 6.982733
v -11.391803 18.671234 6.949492
v -26.738773 15.824017 -0.000002
v -26.738773 16.597321 3.714556
v -26.738773 16.814228 5.259565
v -26.738773 16.823807 5.763842
v -26.738773 22.527443 5.226324
v -26.983608 22.675369 5.621973
v -26.738773 19.538540 7.642443
v -26.738773 19.033501 7.642443
v -26.738773 23.402367 5.062174
v -26.738773 23.402367 5.557737
v -26.738773 15.824017 3.653425
v -26.738773 16.095741 5.062174
v -26.738773 15.629929 3.653425
v -26.738773 15.629929 4.234758
v -26.738773 16.095741 5.557737
v -26.738773 19.926937 6.982729
v -26.738773 18.671234 6.949488
v -3.718322 15.824017 3.653425
v -3.718322 16.095741 5.062174
v -3.718322 15.629929 3.653425
v -3.718322 15.629929 4.234762
v -3.718322 16.095741 5.557737
v -3.718322 19.926937 6.982733
v -3.718322 18.671234 6.949492
v -3.718322 15.824017 -0.000002
v -3.718322 16.597321 3.714560
v -3.718322 16.814228 5.259565
v -3.718322 16.823807 5.763845
v -3.718322 22.527443 5.226324
v -3.473475 22.675369 5.621973
v -3.718322 19.538540 7.642443
v -3.718322 19.033501 7.642443
v -3.718322 23.402367 5.062174
v -3.718322 23.402367 5.557737
v -22.902027 23.853039 5.062174
v -22.902027 23.853039 5.557737
v -3.718322 23.853039 5.062174
v -7.555057 23.853039 5.062174
v -3.718322 23.853039 5.557737
v -7.555057 23.853039 5.557737
v -26.738773 23.853039 5.062174
v -26.738773 23.853039 5.557737
v -23.268665 24.593109 4.399046
v -22.902027 24.323494 5.143064
v -4.084956 24.593109 4.399046
v -7.188426 24.593109 4.399046
v -3.718322 24.323494 5.143068
v -7.555057 24.323494 5.143064
v -26.372135 24.593109 4.399046
v -26.738773 24.323494 5.143064
v -11.930263 22.574844 5.959227
v -15.228541 22.574844 5.959223
v -11.930263 19.921444 7.751360
v -15.228541 19.921444 7.751360
v -23.171253 19.921444 7.751360
v -23.171253 22.574844 5.959223
v -18.526829 22.574844 5.959223
v -18.526829 19.921444 7.751360
v -3.987552 22.574844 5.959227
v -7.285830 22.574844 5.959227
v -3.987552 19.921444 7.751360
v -7.285830 19.921444 7.751360
v -26.469532 22.574844 5.959223
v -26.469532 19.921444 7.751360
v -26.983608 19.779007 7.578207
v -30.330669 19.779007 7.578207
v -0.126422 19.779007 7.578207
v -0.466220 18.661655 7.436338
v -29.990871 18.661655 7.436335
v -26.738773 18.661655 7.436335
v -11.146953 19.779007 7.578207
v -15.228541 19.683899 7.642443
v -11.391803 18.661655 7.436338
v -15.228541 18.661655 7.436338
v -19.310131 19.779007 7.578207
v -22.657177 19.779007 7.578207
v -19.065289 18.661655 7.436338
v -22.902027 18.661655 7.436338
v -3.473475 19.779007 7.578207
v -7.799899 19.779007 7.578207
v -3.718322 18.661655 7.436338
v -7.555057 18.661655 7.436338
v -15.228541 19.033501 7.322695
v -15.228541 19.538540 7.322695
v -22.902027 19.033501 7.322695
v -22.902027 19.538540 7.322695
v -19.065289 19.033501 7.322695
v -19.065289 19.538540 7.322695
v -7.555057 19.033501 7.322695
v -7.555057 19.538540 7.322695
v -11.391803 19.033501 7.322695
v -11.391803 19.538540 7.322695
v -26.738773 19.033501 7.322695
v -26.738773 19.538540 7.322695
v -3.718322 19.033501 7.322699
v -3.718322 19.538540 7.322699
v -30.202549 19.538540 7.322695
v -0.254531 19.538540 7.322699
v -0.254531 19.033501 7.322699
v -30.202549 19.033501 7.322695
v -26.738773 16.597321 5.557737
v -30.575512 16.597321 5.557737
v 0.118424 18.888142 7.642443
v 0.118424 16.597321 5.557737
v -30.575512 18.888142 7.642443
v -26.738773 18.888142 7.642443
v -11.391803 16.597321 5.557737
v -15.228541 16.597321 5.557737
v -11.391803 18.888142 7.642443
v -15.228541 18.888142 7.642443
v -19.065289 16.597321 5.557737
v -22.902027 16.597321 5.557737
v -19.065289 18.888142 7.642443
v -22.902027 18.888142 7.642443
v -3.718322 16.597321 5.557737
v -7.555057 16.597321 5.557737
v -3.718322 18.888142 7.642443
v -7.555057 18.888142 7.642443
v -15.228541 16.865486 5.387125
v -15.228541 18.703335 7.059618
v -22.902027 16.865486 5.387125
v -22.902027 18.703335 7.059618
v -19.065289 16.865486 5.387125
v -19.065289 18.703335 7.059618
v -7.555057 16.865486 5.387125
v -7.555057 18.703335 7.059618
v -11.391803 16.865486 5.387125
v -11.391803 18.703335 7.059618
v -26.738773 16.865486 5.387125
v -26.738773 18.703335 7.059618
v -3.718322 16.865486 5.387125
v -3.718322 18.703335 7.059618
v -29.990871 16.865486 5.387125
v -0.466220 18.703335 7.059618
v -0.466220 16.865486 5.387129
v -29.990871 18.703335 7.059618
v -26.738773 22.770477 5.557737
v -30.575512 22.770477 5.557737
v 0.118424 22.770477 5.557737
v 0.118424 19.683899 7.642443
v -30.575512 19.683899 7.642443
v -26.738773 19.683899 7.642443
v -19.065289 22.770477 5.557737
v -22.902027 22.770477 5.557737
v -19.065289 19.683899 7.642443
v -22.902027 19.683899 7.642443
v -7.555057 19.683899 7.642443
v -7.555057 22.770477 5.557737
v -11.391803 22.770477 5.557737
v -11.391803 19.683899 7.642443
v -3.718322 22.770477 5.557737
v -3.718322 19.683899 7.642443
v -26.983608 22.661552 5.453711
v -30.330669 22.661552 5.453711
v -0.126422 22.661552 5.453714
v -0.126422 19.765190 7.409945
v -30.330669 19.765190 7.409945
v -26.983608 19.765190 7.409945
v -19.310131 22.661552 5.453711
v -22.657177 22.661552 5.453711
v -19.310131 19.765190 7.409945
v -22.657177 19.765190 7.409945
v -7.799899 19.765190 7.409945
v -7.799899 22.661552 5.453711
v -11.146953 22.661552 5.453711
v -11.146953 19.765190 7.409945
v -3.473475 22.661552 5.453711
v -3.473475 19.765190 7.409945
v 30.812351 15.824017 3.653425
v 30.751221 16.597321 3.714556
v 30.812351 15.824017 -0.000002
v 30.812351 16.095741 5.062170
v 30.519073 16.814228 5.259565
v 30.812351 15.629929 3.653425
v 30.812351 15.629929 4.234758
v 30.812351 16.095741 5.557737
v 30.227711 16.823807 5.763842
v 0.703065 16.823807 5.763845
v 30.519073 22.527443 5.226324
v 0.363267 22.675369 5.621973
v 30.567513 22.675369 5.621973
v 30.519073 19.926937 6.982729
v 0.491376 19.538540 7.642443
v 30.439400 19.538540 7.642443
v 0.491376 19.033501 7.642443
v 30.439400 19.033501 7.642443
v 30.519073 18.671234 6.949488
v 30.812351 23.402370 5.062170
v 30.812351 23.402370 5.557737
v 15.465390 15.824017 -0.000002
v 15.465390 15.824017 3.653425
v 15.465390 16.597321 3.714556
v 15.465390 16.095741 5.062174
v 15.465390 16.814228 5.259565
v 15.465390 15.629929 3.653425
v 15.465390 15.629929 4.234758
v 15.465390 16.095741 5.557737
v 15.465390 16.823807 5.763842
v 15.465390 22.527443 5.226324
v 15.465390 22.770477 5.557737
v 15.465390 19.538540 7.642443
v 15.465390 19.926937 6.982733
v 15.465390 18.671234 6.949492
v 15.465390 19.033501 7.642443
v 15.465390 23.402370 5.062174
v 15.465390 23.402370 5.557737
v 23.138866 15.824017 -0.000002
v 23.138866 16.597321 3.714556
v 23.138866 16.814228 5.259565
v 23.138866 16.823807 5.763842
v 23.138866 22.527443 5.226324
v 22.894024 22.675369 5.621973
v 23.138866 19.538540 7.642443
v 23.138866 19.033501 7.642443
v 23.138866 23.402370 5.062174
v 23.138866 23.402370 5.557737
v 23.138866 15.824017 3.653425
v 23.138866 16.095741 5.062174
v 23.138866 15.629929 3.653425
v 23.138866 15.629929 4.234758
v 23.138866 16.095741 5.557737
v 23.138866 19.926937 6.982729
v 23.138866 18.671234 6.949488
v 19.302132 15.824017 3.653425
v 19.302132 16.095741 5.062174
v 19.302132 15.629929 3.653425
v 19.302132 15.629929 4.234758
v 19.302132 16.095741 5.557737
v 19.302132 19.926937 6.982733
v 19.302132 18.671234 6.949492
v 19.302132 15.824017 -0.000002
v 19.302132 16.597321 3.714556
v 19.302132 16.814228 5.259565
v 19.302132 16.823807 5.763842
v 19.302132 22.527443 5.226324
v 19.546970 22.675369 5.621973
v 19.302132 19.538540 7.642443
v 19.302132 19.033501 7.642443
v 19.302132 23.402370 5.062174
v 19.302132 23.402370 5.557737
v 7.791902 15.824017 3.653425
v 7.791902 16.095741 5.062174
v 7.791902 15.629929 3.653425
v 7.791902 15.629929 4.234758
v 7.791902 16.095741 5.557737
v 7.791902 19.926937 6.982733
v 7.791902 18.671234 6.949492
v 7.791902 15.824017 -0.000002
v 7.791902 16.597321 3.714560
v 7.791902 16.814228 5.259565
v 7.791902 16.823807 5.763845
v 7.791902 22.527443 5.226324
v 8.036748 22.675369 5.621973
v 7.791902 19.538540 7.642443
v 7.791902 19.033501 7.642443
v 7.791902 23.402370 5.062174
v 7.791902 23.402370 5.557737
v 11.628644 15.824017 -0.000002
v 11.628644 16.597321 3.714556
v 11.628644 16.814228 5.259565
v 11.628644 16.823807 5.763845
v 11.628644 22.527443 5.226324
v 11.383801 22.675369 5.621973
v 11.628644 19.538540 7.642443
v 11.628644 19.033501 7.642443
v 11.628644 23.402370 5.062174
v 11.628644 23.402370 5.557737
v 11.628644 15.824017 3.653425
v 11.628644 16.095741 5.062174
v 11.628644 15.629929 3.653425
v 11.628644 15.629929 4.234758
v 11.628644 16.095741 5.557737
v 11.628644 19.926937 6.982733
v 11.628644 18.671234 6.949492
v 26.975613 15.824017 -0.000002
v 26.975613 16.597321 3.714556
v 26.975613 16.814228 5.259565
v 26.975613 16.823807 5.763842
v 26.975613 22.527443 5.226324
v 27.220455 22.675369 5.621973
v 26.975613 19.538540 7.642443
v 26.975613 19.033501 7.642443
v 26.975613 23.402370 5.062174
v 26.975613 23.402370 5.557737
v 26.975613 15.824017 3.653425
v 26.975613 16.095741 5.062174
v 26.975613 15.629929 3.653425
v 26.975613 15.629929 4.234758
v 26.975613 16.095741 5.557737
v 26.975613 19.926937 6.982729
v 26.975613 18.671234 6.949488
v 3.955167 15.824017 3.653425
v 3.955167 16.095741 5.062174
v 3.955167 15.629929 3.653425
v 3.955167 15.629929 4.234762
v 3.955167 16.095741 5.557737
v 3.955167 19.926937 6.982733
v 3.955167 18.671234 6.949492
v 3.955167 15.824017 -0.000002
v 3.955167 16.597321 3.714560
v 3.955167 16.814228 5.259565
v 3.955167 16.823807 5.763845
v 3.955167 22.527443 5.226324
v 3.710320 22.675369 5.621973
v 3.955167 19.538540 7.642443
v 3.955167 19.033501 7.642443
v 3.955167 23.402370 5.062174
v 3.955167 23.402370 5.557737
v 23.138866 23.853039 5.062174
v 23.138866 23.853039 5.557737
v 3.955167 23.853039 5.062174
v 7.791902 23.853039 5.062174
v 3.955167 23.853039 5.557737
v 7.791902 23.853039 5.557737
v 26.975613 23.853039 5.062174
v 26.975613 23.853039 5.557737
v 23.505505 24.593109 4.399046
v 23.138866 24.323494 5.143064
v 4.321797 24.593109 4.399046
v 7.425271 24.593109 4.399046
v 3.955167 24.323494 5.143068
v 7.791902 24.323494 5.143064
v 26.608974 24.593109 4.399046
v 26.975613 24.323494 5.143064
v 12.167104 22.574844 5.959227
v 15.465390 22.574844 5.959223
v 12.167104 19.921444 7.751360
v 15.465390 19.921444 7.751360
v 23.408100 19.921444 7.751360
v 23.408100 22.574844 5.959223
v 18.763672 22.574844 5.959223
v 18.763672 19.921444 7.751360
v 4.224393 22.574844 5.959227
v 7.522679 22.574844 5.959227
v 4.224393 19.921444 7.751360
v 7.522679 19.921444 7.751360
v 26.706383 22.574844 5.959223
v 26.706383 19.921444 7.751360
v 27.220455 19.779007 7.578207
v 30.567513 19.779007 7.578207
v 0.363267 19.779007 7.578207
v 0.703065 18.661655 7.436338
v 30.227711 18.661655 7.436335
v 26.975613 18.661655 7.436335
v 11.383801 19.779007 7.578207
v 15.465390 19.683899 7.642443
v 11.628644 18.661655 7.436338
v 15.465390 18.661655 7.436338
v 19.546970 19.779007 7.578207
v 22.894024 19.779007 7.578207
v 19.302132 18.661655 7.436338
v 23.138866 18.661655 7.436338
v 3.710320 19.779007 7.578207
v 8.036748 19.779007 7.578207
v 3.955167 18.661655 7.436338
v 7.791902 18.661655 7.436338
v 15.465390 19.033501 7.322695
v 15.465390 19.538540 7.322695
v 23.138866 19.033501 7.322695
v 23.138866 19.538540 7.322695
v 19.302132 19.033501 7.322695
v 19.302132 19.538540 7.322695
v 7.791902 19.033501 7.322695
v 7.791902 19.538540 7.322695
v 11.628644 19.033501 7.322695
v 11.628644 19.538540 7.322695
v 26.975613 19.033501 7.322695
v 26.975613 19.538540 7.322695
v 3.955167 19.033501 7.322699
v 3.955167 19.538540 7.322699
v 30.439400 19.538540 7.322695
v 0.491376 19.538540 7.322699
v 0.491376 19.033501 7.322699
v 30.439400 19.033501 7.322695
v 26.975613 16.597321 5.557737
v 30.812351 16.597321 5.557737
v 30.812351 18.888142 7.642443
v 26.975613 18.888142 7.642443
v 11.628644 16.597321 5.557737
v 15.465390 16.597321 5.557737
v 11.628644 18.888142 7.642443
v 15.465390 18.888142 7.642443
v 19.302132 16.597321 5.557737
v 23.138866 16.597321 5.557737
v 19.302132 18.888142 7.642443
v 23.138866 18.888142 7.642443
v 3.955167 16.597321 5.557737
v 7.791902 16.597321 5.557737
v 3.955167 18.888142 7.642443
v 7.791902 18.888142 7.642443
v 15.465390 16.865486 5.387125
v 15.465390 18.703335 7.059618
v 23.138866 16.865486 5.387125
v 23.138866 18.703335 7.059618
v 19.302132 16.865486 5.387125
v 19.302132 18.703335 7.059618
v 7.791902 16.865486 5.387125
v 7.791902 18.703335 7.059618
v 11.628644 16.865486 5.387125
v 11.628644 18.703335 7.059618
v 26.975613 16.865486 5.387125
v 26.975613 18.703335 7.059618
v 3.955167 16.865486 5.387125
v 3.955167 18.703335 7.059618
v 30.227711 16.865486 5.387125
v 0.703065 18.703335 7.059618
v 0.703065 16.865486 5.387129
v 30.227711 18.703335 7.059618
v 26.975613 22.770477 5.557737
v 30.812351 22.770481 5.557737
v 30.812351 19.683899 7.642443
v 26.975613 19.683899 7.642443
v 19.302132 22.770477 5.557737
v 23.138866 22.770477 5.557737
v 19.302132 19.683899 7.642443
v 23.138866 19.683899 7.642443
v 7.791902 19.683899 7.642443
v 7.791902 22.770477 5.557737
v 11.628644 22.770477 5.557737
v 11.628644 19.683899 7.642443
v 3.955167 22.770477 5.557737
v 3.955167 19.683899 7.642443
v 27.220455 22.661552 5.453711
v 30.567513 22.661552 5.453711
v 0.363267 22.661552 5.453714
v 0.363267 19.765190 7.409945
v 30.567513 19.765190 7.409945
v 27.220455 19.765190 7.409945
v 19.546970 22.661552 5.453711
v 22.894024 22.661552 5.453711
v 19.546970 19.765190 7.409945
v 22.894024 19.765190 7.409945
v 8.036748 19.765190 7.409945
v 8.036748 22.661552 5.453711
v 11.383801 22.661552 5.453711
v 11.383801 19.765190 7.409945
v 3.710320 22.661552 5.453711
v 3.710320 19.765190 7.409945
v -30.575512 15.824017 -3.653425
v -30.514385 16.597321 -3.714556
v 0.118424 15.824017 -3.653425
v 0.118424 16.597321 -3.714556
v -30.575512 16.095741 -5.062174
v -30.282230 16.814228 -5.259562
v 0.118424 16.597321 -5.001043
v 0.118424 16.095741 -5.062174
v -30.575512 15.629929 -3.653425
v 0.118424 15.629929 -3.653425
v -30.575512 15.629929 -4.234758
v 0.118424 15.629929 -4.234758
v -30.575512 16.095741 -5.557734
v -29.990871 16.823807 -5.763842
v -0.466220 16.823807 -5.763845
v 0.118424 16.095741 -5.557737
v 0.051560 22.509926 -5.238153
v -30.282230 22.527443 -5.226320
v -0.126422 22.675369 -5.621973
v -30.330669 22.675369 -5.621973
v -30.282230 19.926937 -6.982729
v 0.123216 19.931068 -6.995546
v -0.254531 19.538540 -7.642443
v -30.202549 19.538540 -7.642443
v -0.124381 18.679131 -6.956675
v -0.254531 19.033501 -7.642443
v -30.202549 19.033501 -7.642443
v -30.282230 18.671234 -6.949488
v 0.118424 23.402370 -5.062174
v -30.575512 23.402370 -5.062174
v 0.118424 23.402370 -5.557737
v -30.575512 23.402370 -5.557734
v -15.228541 15.824017 -3.653425
v -15.228541 16.597321 -3.714556
v -15.228541 16.095741 -5.062174
v -15.228541 16.814228 -5.259562
v -15.228541 15.629929 -3.653425
v -15.228541 15.629929 -4.234758
v -15.228541 16.095741 -5.557734
v -15.228541 16.823807 -5.763842
v -15.228541 22.527443 -5.226320
v -15.228541 22.770477 -5.557734
v -15.228541 19.538540 -7.642443
v -15.228541 19.926937 -6.982733
v -15.228541 18.671234 -6.949488
v -15.228541 19.033501 -7.642443
v -15.228541 23.402370 -5.062174
v -15.228541 23.402370 -5.557737
v -22.902027 16.597321 -3.714556
v -22.902027 16.814228 -5.259562
v -22.902027 16.823807 -5.763842
v -22.902027 22.527443 -5.226320
v -22.657177 22.675369 -5.621973
v -22.902027 19.538540 -7.642443
v -22.902027 19.033501 -7.642443
v -22.902027 23.402370 -5.062174
v -22.902027 23.402370 -5.557734
v -22.902027 15.824017 -3.653425
v -22.902027 16.095741 -5.062174
v -22.902027 15.629929 -3.653425
v -22.902027 15.629929 -4.234758
v -22.902027 16.095741 -5.557734
v -22.902027 19.926937 -6.982733
v -22.902027 18.671234 -6.949488
v -19.065289 15.824017 -3.653425
v -19.065289 16.095741 -5.062174
v -19.065289 15.629929 -3.653425
v -19.065289 15.629929 -4.234758
v -19.065289 16.095741 -5.557734
v -19.065289 19.926937 -6.982733
v -19.065289 18.671234 -6.949488
v -19.065289 16.597321 -3.714556
v -19.065289 16.814228 -5.259562
v -19.065289 16.823807 -5.763842
v -19.065289 22.527443 -5.226320
v -19.310131 22.675369 -5.621973
v -19.065289 19.538540 -7.642443
v -19.065289 19.033501 -7.642443
v -19.065289 23.402370 -5.062174
v -19.065289 23.402370 -5.557734
v -7.555057 15.824017 -3.653425
v -7.555057 16.095741 -5.062174
v -7.555057 15.629929 -3.653425
v -7.555057 15.629929 -4.234758
v -7.555057 16.095741 -5.557734
v -7.555057 19.926937 -6.982733
v -7.555057 18.671234 -6.949488
v -7.555057 16.597321 -3.714556
v -7.555057 16.814228 -5.259562
v -7.555057 16.823807 -5.763845
v -7.555057 22.527443 -5.226320
v -7.799899 22.675369 -5.621973
v -7.555057 19.538540 -7.642443
v -7.555057 19.033501 -7.642443
v -7.555057 23.402370 -5.062174
v -7.555057 23.402370 -5.557737
v -11.391803 16.597321 -3.714556
v -11.391803 16.814228 -5.259562
v -11.391803 16.823807 -5.763845
v -11.391803 22.527443 -5.226320
v -11.146953 22.675369 -5.621973
v -11.391803 19.538540 -7.642443
v -11.391803 19.033501 -7.642443
v -11.391803 23.402370 -5.062174
v -11.391803 23.402370 -5.557737
v -11.391803 15.824017 -3.653425
v -11.391803 16.095741 -5.062174
v -11.391803 15.629929 -3.653425
v -11.391803 15.629929 -4.234758
v -11.391803 16.095741 -5.557734
v -11.391803 19.926937 -6.982733
v -11.391803 18.671234 -6.949488
v -26.738773 16.597321 -3.714556
v -26.738773 16.814228 -5.259562
v -26.738773 16.823807 -5.763842
v -26.738773 22.527443 -5.226320
v -26.983608 22.675369 -5.621973
v -26.738773 19.538540 -7.642443
v -26.738773 19.033501 -7.642443
v -26.738773 23.402370 -5.062174
v -26.738773 23.402370 -5.557734
v -26.738773 15.824017 -3.653425
v -26.738773 16.095741 -5.062174
v -26.738773 15.629929 -3.653425
v -26.738773 15.629929 -4.234758
v -26.738773 16.095741 -5.557734
v -26.738773 19.926937 -6.982729
v -26.738773 18.671234 -6.949488
v -3.718322 15.824017 -3.653425
v -3.718322 16.095741 -5.062174
v -3.718322 15.629929 -3.653425
v -3.718322 15.629929 -4.234758
v -3.718322 16.095741 -5.557737
v -3.718322 19.926937 -6.982733
v -3.718322 18.671234 -6.949488
v -3.718322 16.597321 -3.714556
v -3.718322 16.814228 -5.259562
v -3.718322 16.823807 -5.763845
v -3.718322 22.527443 -5.226320
v -3.473475 22.675369 -5.621973
v -3.718322 19.538540 -7.642443
v -3.718322 19.033501 -7.642443
v -3.718322 23.402370 -5.062174
v -3.718322 23.402370 -5.557737
v -22.902027 23.853039 -5.062174
v -22.902027 23.853039 -5.557734
v -3.718322 23.853039 -5.062174
v -7.555057 23.853039 -5.062174
v -3.718322 23.853039 -5.557737
v -7.555057 23.853039 -5.557737
v -26.738773 23.853039 -5.062174
v -26.738773 23.853039 -5.557734
v -23.268665 24.593109 -4.399046
v -22.902027 24.323494 -5.143064
v -4.084956 24.593109 -4.399046
v -7.188426 24.593109 -4.399046
v -3.718322 24.323494 -5.143068
v -7.555057 24.323494 -5.143068
v -26.372135 24.593109 -4.399046
v -26.738773 24.323494 -5.143064
v -11.930263 22.574844 -5.959223
v -15.228541 22.574844 -5.959223
v -11.930263 19.921444 -7.751360
v -15.228541 19.921444 -7.751360
v -23.171253 19.921444 -7.751360
v -23.171253 22.574844 -5.959223
v -18.526829 22.574844 -5.959223
v -18.526829 19.921444 -7.751360
v -3.987552 22.574844 -5.959223
v -7.285830 22.574844 -5.959223
v -3.987552 19.921444 -7.751360
v -7.285830 19.921444 -7.751360
v -26.469532 22.574844 -5.959223
v -26.469532 19.921444 -7.751360
v -26.983608 19.779007 -7.578203
v -30.330669 19.779007 -7.578203
v -0.126422 19.779007 -7.578211
v -0.466220 18.661655 -7.436338
v -29.990871 18.661655 -7.436335
v -26.738773 18.661655 -7.436335
v -11.146953 19.779007 -7.578207
v -15.228541 19.683899 -7.642443
v -11.391803 18.661655 -7.436335
v -15.228541 18.661655 -7.436335
v -19.310131 19.779007 -7.578207
v -22.657177 19.779007 -7.578203
v -19.065289 18.661655 -7.436335
v -22.902027 18.661655 -7.436335
v -3.473475 19.779007 -7.578211
v -7.799899 19.779007 -7.578207
v -3.718322 18.661655 -7.436338
v -7.555057 18.661655 -7.436335
v -15.228541 19.033501 -7.322695
v -15.228541 19.538540 -7.322695
v -22.902027 19.033501 -7.322695
v -22.902027 19.538540 -7.322695
v -19.065289 19.033501 -7.322695
v -19.065289 19.538540 -7.322695
v -7.555057 19.033501 -7.322695
v -7.555057 19.538540 -7.322695
v -11.391803 19.033501 -7.322695
v -11.391803 19.538540 -7.322695
v -26.738773 19.033501 -7.322695
v -26.738773 19.538540 -7.322695
v -3.718322 19.033501 -7.322699
v -3.718322 19.538540 -7.322699
v -30.202549 19.538540 -7.322695
v -0.254531 19.538540 -7.322699
v -0.254531 19.033501 -7.322699
v -30.202549 19.033501 -7.322695
v -26.738773 16.597321 -5.557734
v -30.575512 16.597321 -5.557734
v 0.118424 18.888142 -7.642443
v 0.118424 16.597321 -5.557737
v -30.575512 18.888142 -7.642443
v -26.738773 18.888142 -7.642443
v -11.391803 16.597321 -5.557734
v -15.228541 16.597321 -5.557734
v -11.391803 18.888142 -7.642443
v -15.228541 18.888142 -7.642443
v -19.065289 16.597321 -5.557734
v -22.902027 16.597321 -5.557734
v -19.065289 18.888142 -7.642443
v -22.902027 18.888142 -7.642443
v -3.718322 16.597321 -5.557737
v -7.555057 16.597321 -5.557734
v -3.718322 18.888142 -7.642443
v -7.555057 18.888142 -7.642443
v -15.228541 16.865486 -5.387125
v -15.228541 18.703335 -7.059618
v -22.902027 16.865486 -5.387125
v -22.902027 18.703335 -7.059618
v -19.065289 16.865486 -5.387125
v -19.065289 18.703335 -7.059618
v -7.555057 16.865486 -5.387125
v -7.555057 18.703335 -7.059618
v -11.391803 16.865486 -5.387125
v -11.391803 18.703335 -7.059618
v -26.738773 16.865486 -5.387125
v -26.738773 18.703335 -7.059618
v -3.718322 16.865486 -5.387125
v -3.718322 18.703335 -7.059618
v -29.990871 16.865486 -5.387125
v -0.466220 18.703335 -7.059618
v -0.466220 16.865486 -5.387125
v -29.990871 18.703335 -7.059618
v -26.738773 22.770477 -5.557734
v -30.575512 22.770481 -5.557734
v 0.118424 22.770477 -5.557737
v 0.118424 19.683899 -7.642443
v -30.575512 19.683899 -7.642443
v -26.738773 19.683899 -7.642443
v -19.065289 22.770477 -5.557734
v -22.902027 22.770477 -5.557734
v -19.065289 19.683899 -7.642443
v -22.902027 19.683899 -7.642443
v -7.555057 19.683899 -7.642443
v -7.555057 22.770477 -5.557737
v -11.391803 22.770477 -5.557737
v -11.391803 19.683899 -7.642443
v -3.718322 22.770477 -5.557737
v -3.718322 19.683899 -7.642443
v -26.983608 22.661552 -5.453707
v -30.330669 22.661552 -5.453707
v -0.126422 22.661552 -5.453711
v -0.126422 19.765190 -7.409945
v -30.330669 19.765190 -7.409945
v -26.983608 19.765190 -7.409945
v -19.310131 22.661552 -5.453711
v -22.657177 22.661552 -5.453707
v -19.310131 19.765190 -7.409945
v -22.657177 19.765190 -7.409945
v -7.799899 19.765190 -7.409945
v -7.799899 22.661552 -5.453711
v -11.146953 22.661552 -5.453711
v -11.146953 19.765190 -7.409945
v -3.473475 22.661552 -5.453711
v -3.473475 19.765190 -7.409945
v 30.812351 15.824017 -3.653425
v 30.751221 16.597321 -3.714556
v 30.812351 16.095741 -5.062174
v 30.519073 16.814228 -5.259562
v 30.812351 15.629929 -3.653425
v 30.812351 15.629929 -4.234758
v 30.812351 16.095741 -5.557734
v 30.227711 16.823807 -5.763842
v 0.703065 16.823807 -5.763845
v 30.519073 22.527443 -5.226320
v 0.363267 22.675369 -5.621973
v 30.567513 22.675369 -5.621973
v 30.519073 19.926937 -6.982729
v 0.491376 19.538540 -7.642443
v 30.439400 19.538540 -7.642443
v 0.491376 19.033501 -7.642443
v 30.439400 19.033501 -7.642443
v 30.519073 18.671234 -6.949488
v 30.812351 23.402370 -5.062174
v 30.812351 23.402370 -5.557734
v 15.465390 15.824017 -3.653425
v 15.465390 16.597321 -3.714556
v 15.465390 16.095741 -5.062174
v 15.465390 16.814228 -5.259562
v 15.465390 15.629929 -3.653425
v 15.465390 15.629929 -4.234758
v 15.465390 16.095741 -5.557734
v 15.465390 16.823807 -5.763842
v 15.465390 22.527443 -5.226320
v 15.465390 22.770481 -5.557734
v 15.465390 19.538540 -7.642443
v 15.465390 19.926937 -6.982733
v 15.465390 18.671234 -6.949488
v 15.465390 19.033501 -7.642443
v 15.465390 23.402370 -5.062174
v 15.465390 23.402370 -5.557737
v 23.138866 16.597321 -3.714556
v 23.138866 16.814228 -5.259562
v 23.138866 16.823807 -5.763842
v 23.138866 22.527443 -5.226320
v 22.894024 22.675369 -5.621973
v 23.138866 19.538540 -7.642443
v 23.138866 19.033501 -7.642443
v 23.138866 23.402370 -5.062174
v 23.138866 23.402370 -5.557734
v 23.138866 15.824017 -3.653425
v 23.138866 16.095741 -5.062174
v 23.138866 15.629929 -3.653425
v 23.138866 15.629929 -4.234758
v 23.138866 16.095741 -5.557734
v 23.138866 19.926937 -6.982733
v 23.138866 18.671234 -6.949488
v 19.302132 15.824017 -3.653425
v 19.302132 16.095741 -5.062174
v 19.302132 15.629929 -3.653425
v 19.302132 15.629929 -4.234758
v 19.302132 16.095741 -5.557734
v 19.302132 19.926937 -6.982733
v 19.302132 18.671234 -6.949488
v 19.302132 16.597321 -3.714556
v 19.302132 16.814228 -5.259562
v 19.302132 16.823807 -5.763842
v 19.302132 22.527443 -5.226320
v 19.546970 22.675369 -5.621973
v 19.302132 19.538540 -7.642443
v 19.302132 19.033501 -7.642443
v 19.302132 23.402370 -5.062174
v 19.302132 23.402370 -5.557734
v 7.791902 15.824017 -3.653425
v 7.791902 16.095741 -5.062174
v 7.791902 15.629929 -3.653425
v 7.791902 15.629929 -4.234758
v 7.791902 16.095741 -5.557734
v 7.791902 19.926937 -6.982733
v 7.791902 18.671234 -6.949488
v 7.791902 16.597321 -3.714556
v 7.791902 16.814228 -5.259562
v 7.791902 16.823807 -5.763845
v 7.791902 22.527443 -5.226320
v 8.036748 22.675369 -5.621973
v 7.791902 19.538540 -7.642443
v 7.791902 19.033501 -7.642443
v 7.791902 23.402370 -5.062174
v 7.791902 23.402370 -5.557737
v 11.628644 16.597321 -3.714556
v 11.628644 16.814228 -5.259562
v 11.628644 16.823807 -5.763845
v 11.628644 22.527443 -5.226320
v 11.383801 22.675369 -5.621973
v 11.628644 19.538540 -7.642443
v 11.628644 19.033501 -7.642443
v 11.628644 23.402370 -5.062174
v 11.628644 23.402370 -5.557737
v 11.628644 15.824017 -3.653425
v 11.628644 16.095741 -5.062174
v 11.628644 15.629929 -3.653425
v 11.628644 15.629929 -4.234758
v 11.628644 16.095741 -5.557734
v 11.628644 19.926937 -6.982733
v 11.628644 18.671234 -6.949488
v 26.975613 16.597321 -3.714556
v 26.975613 16.814228 -5.259562
v 26.975613 16.823807 -5.763842
v 26.975613 22.527443 -5.226320
v 27.220455 22.675369 -5.621973
v 26.975613 19.538540 -7.642443
v 26.975613 19.033501 -7.642443
v 26.975613 23.402370 -5.062174
v 26.975613 23.402370 -5.557734
v 26.975613 15.824017 -3.653425
v 26.975613 16.095741 -5.062174
v 26.975613 15.629929 -3.653425
v 26.975613 15.629929 -4.234758
v 26.975613 16.095741 -5.557734
v 26.975613 19.926937 -6.982729
v 26.975613 18.671234 -6.949488
v 3.955167 15.824017 -3.653425
v 3.955167 16.095741 -5.062174
v 3.955167 15.629929 -3.653425
v 3.955167 15.629929 -4.234758
v 3.955167 16.095741 -5.557737
v 3.955167 19.926937 -6.982733
v 3.955167 18.671234 -6.949488
v 3.955167 16.597321 -3.714556
v 3.955167 16.814228 -5.259562
v 3.955167 16.823807 -5.763845
v 3.955167 22.527443 -5.226320
v 3.710320 22.675369 -5.621973
v 3.955167 19.538540 -7.642443
v 3.955167 19.033501 -7.642443
v 3.955167 23.402370 -5.062174
v 3.955167 23.402370 -5.557737
v 23.138866 23.853043 -5.062174
v 23.138866 23.853043 -5.557734
v 3.955167 23.853043 -5.062174
v 7.791902 23.853043 -5.062174
v 3.955167 23.853043 -5.557737
v 7.791902 23.853043 -5.557737
v 26.975613 23.853043 -5.062174
v 26.975613 23.853043 -5.557734
v 23.505505 24.593109 -4.399046
v 23.138866 24.323494 -5.143064
v 4.321797 24.593109 -4.399046
v 7.425271 24.593109 -4.399046
v 3.955167 24.323494 -5.143068
v 7.791902 24.323494 -5.143068
v 26.608974 24.593109 -4.399046
v 26.975613 24.323494 -5.143064
v 12.167104 22.574848 -5.959223
v 15.465390 22.574848 -5.959223
v 12.167104 19.921444 -7.751360
v 15.465390 19.921444 -7.751360
v 23.408100 19.921444 -7.751360
v 23.408100 22.574848 -5.959223
v 18.763672 22.574848 -5.959223
v 18.763672 19.921444 -7.751360
v 4.224393 22.574848 -5.959223
v 7.522679 22.574848 -5.959223
v 4.224393 19.921444 -7.751360
v 7.522679 19.921444 -7.751360
v 26.706383 22.574848 -5.959223
v 26.706383 19.921444 -7.751360
v 27.220455 19.779007 -7.578203
v 30.567513 19.779007 -7.578203
v 0.363267 19.779007 -7.578211
v 0.703065 18.661655 -7.436338
v 30.227711 18.661655 -7.436335
v 26.975613 18.661655 -7.436335
v 11.383801 19.779007 -7.578207
v 15.465390 19.683899 -7.642443
v 11.628644 18.661655 -7.436335
v 15.465390 18.661655 -7.436335
v 19.546970 19.779007 -7.578207
v 22.894024 19.779007 -7.578203
v 19.302132 18.661655 -7.436335
v 23.138866 18.661655 -7.436335
v 3.710320 19.779007 -7.578211
v 8.036748 19.779007 -7.578207
v 3.955167 18.661655 -7.436338
v 7.791902 18.661655 -7.436335
v 15.465390 19.033501 -7.322695
v 15.465390 19.538540 -7.322695
v 23.138866 19.033501 -7.322695
v 23.138866 19.538540 -7.322695
v 19.302132 19.033501 -7.322695
v 19.302132 19.538540 -7.322695
v 7.791902 19.033501 -7.322695
v 7.791902 19.538540 -7.322695
v 11.628644 19.033501 -7.322695
v 11.628644 19.538540 -7.322695
v 26.975613 19.033501 -7.322695
v 26.975613 19.538540 -7.322695
v 3.955167 19.033501 -7.322699
v 3.955167 19.538540 -7.322699
v 30.439400 19.538540 -7.322695
v 0.491376 19.538540 -7.322699
v 0.491376 19.033501 -7.322699
v 30.439400 19.033501 -7.322695
v 26.975613 16.597321 -5.557734
v 30.812351 16.597321 -5.557734
v 30.812351 18.888142 -7.642443
v 26.975613 18.888142 -7.642443
v 11.628644 16.597321 -5.557734
v 15.465390 16.597321 -5.557734
v 11.628644 18.888142 -7.642443
v 15.465390 18.888142 -7.642443
v 19.302132 16.597321 -5.557734
v 23.138866 16.597321 -5.557734
v 19.302132 18.888142 -7.642443
v 23.138866 18.888142 -7.642443
v 3.955167 16.597321 -5.557737
v 7.791902 16.597321 -5.557734
v 3.955167 18.888142 -7.642443
v 7.791902 18.888142 -7.642443
v 15.465390 16.865486 -5.387125
v 15.465390 18.703335 -7.059618
v 23.138866 16.865486 -5.387125
v 23.138866 18.703335 -7.059618
v 19.302132 16.865486 -5.387125
v 19.302132 18.703335 -7.059618
v 7.791902 16.865486 -5.387125
v 7.791902 18.703339 -7.059618
v 11.628644 16.865486 -5.387125
v 11.628644 18.703339 -7.059618
v 26.975613 16.865486 -5.387125
v 26.975613 18.703335 -7.059618
v 3.955167 16.865486 -5.387125
v 3.955167 18.703339 -7.059618
v 30.227711 16.865486 -5.387125
v 0.703065 18.703339 -7.059618
v 0.703065 16.865486 -5.387125
v 30.227711 18.703335 -7.059618
v 26.975613 22.770481 -5.557734
v 30.812351 22.770481 -5.557734
v 30.812351 19.683899 -7.642443
v 26.975613 19.683899 -7.642443
v 19.302132 22.770481 -5.557734
v 23.138866 22.770481 -5.557734
v 19.302132 19.683899 -7.642443
v 23.138866 19.683899 -7.642443
v 7.791902 19.683899 -7.642443
v 7.791902 22.770481 -5.557737
v 11.628644 22.770481 -5.557737
v 11.628644 19.683899 -7.642443
v 3.955167 22.770481 -5.557737
v 3.955167 19.683899 -7.642443
v 27.220455 22.661552 -5.453707
v 30.567513 22.661556 -5.453707
v 0.363267 22.661552 -5.453711
v 0.363267 19.765190 -7.409945
v 30.567513 19.765190 -7.409945
v 27.220455 19.765190 -7.409945
v 19.546970 22.661552 -5.453711
v 22.894024 22.661552 -5.453707
v 19.546970 19.765190 -7.409945
v 22.894024 19.765190 -7.409945
v 8.036748 19.765190 -7.409945
v 8.036748 22.661552 -5.453711
v 11.383801 22.661552 -5.453711
v 11.383801 19.765190 -7.409945
v 3.710320 22.661552 -5.453711
v 3.710320 19.765190 -7.409945
v -22.902027 25.863060 -3.724314
v -22.902027 26.632847 -1.347849
v -22.902027 26.632847 1.347849
v -22.902027 25.863060 3.724310
v -26.738773 25.863060 3.724310
v -26.738773 26.632847 1.347849
v -26.738773 26.632847 -1.347849
v -26.738773 25.863060 -3.724314
v -26.372135 25.445103 3.613909
v -26.372135 26.410328 0.851339
v -26.372135 26.410328 -0.851343
v -26.372135 25.445103 -3.613909
v -23.268665 25.445103 3.613909
v -23.268665 26.410328 0.851339
v -23.268665 26.410328 -0.851343
v -23.268665 25.445103 -3.613909
v -7.188426 25.445103 3.613909
v -7.188426 26.410328 0.851339
v -7.188426 26.410328 -0.851343
v -7.188426 25.445103 -3.613913
v -7.555057 25.863064 3.724314
v -7.555057 26.632847 1.347849
v -7.555057 26.632847 -1.347849
v -7.555057 25.863064 -3.724314
v -3.718322 25.863064 3.724314
v -3.718322 26.632847 1.347849
v -3.718322 26.632847 -1.347853
v -3.718322 25.863064 -3.724314
v -4.084956 25.445103 -3.613909
v -4.084956 26.410328 -0.851343
v -4.084956 26.410328 0.851339
v -4.084956 25.445103 3.613913
v 7.425271 25.445103 -3.613909
v 7.425271 26.410328 -0.851339
v 7.425271 26.410328 0.851343
v 7.425271 25.445103 3.613913
v 7.791902 25.863064 3.724314
v 7.791902 26.632847 1.347853
v 7.791902 26.632847 -1.347849
v 7.791902 25.863064 -3.724314
v 3.955167 25.863064 3.724314
v 3.955167 26.632847 1.347853
v 3.955167 26.632847 -1.347849
v 3.955167 25.863064 -3.724314
v 4.321797 25.445103 3.613913
v 4.321797 26.410328 0.851343
v 4.321797 26.410328 -0.851343
v 4.321797 25.445103 -3.613909
v 23.138866 25.863064 3.724314
v 23.138866 26.632847 1.347853
v 23.138866 26.632847 -1.347849
v 23.138866 25.863064 -3.724314
v 26.975613 25.863064 3.724314
v 26.975613 26.632847 1.347853
v 26.975613 26.632847 -1.347849
v 26.975613 25.863064 -3.724314
v 26.608974 25.445103 3.613913
v 26.608974 26.410328 0.851339
v 26.608974 26.410328 -0.851343
v 26.608974 25.445103 -3.613909
v 23.505505 25.445103 -3.613909
v 23.505505 26.410328 -0.851343
v 23.505505 26.410328 0.851339
v 23.505505 25.445103 3.613913
v 30.813190 24.323494 4.647501
v 30.813190 24.323494 5.143064
v 30.813190 24.323494 -4.647501
v 30.813190 24.323494 -5.143064
v 30.813190 25.714718 -3.365454
v 30.813190 25.863064 -3.724314
v 30.813190 25.863064 3.724314
v 30.813190 26.632847 1.347853
v 30.813190 26.632847 -1.347849
v 30.813190 25.714718 3.365454
v 30.813190 26.410328 1.217978
v 30.813190 26.410328 -1.217974
v -30.580090 24.323494 4.647501
v -30.580090 24.323494 5.143064
v -30.580090 24.323494 -4.647501
v -30.580090 24.323494 -5.143064
v -30.580090 25.863060 -3.724314
v -30.580090 25.714718 -3.365454
v -30.580090 25.863060 3.724310
v -30.580090 26.632847 1.347849
v -30.580090 26.632847 -1.347849
v -30.580090 25.714718 3.365454
v -30.580090 26.410328 1.217978
v -30.580090 26.410328 -1.217978
v -30.575512 16.804668 3.653425
v 0.118424 16.804668 3.653425
v -26.738773 16.804668 3.653425
v -11.391803 16.804668 3.653425
v -15.228541 16.804668 3.653425
v -19.065289 16.804668 3.653425
v -22.902027 16.804668 3.653425
v -3.718322 16.804668 3.653425
v -7.555057 16.804668 3.653425
v 30.812351 16.804668 3.653425
v 26.975613 16.804668 3.653425
v 11.628644 16.804668 3.653425
v 15.465390 16.804668 3.653425
v 19.302132 16.804668 3.653425
v 23.138866 16.804668 3.653425
v 3.955167 16.804668 3.653425
v 7.791902 16.804668 3.653425
v -30.575512 16.804668 -3.653425
v 0.118424 16.804668 -3.653425
v -26.738773 16.804668 -3.653425
v -11.391803 16.804668 -3.653425
v -15.228541 16.804668 -3.653425
v -19.065289 16.804668 -3.653425
v -22.902027 16.804668 -3.653425
v -3.718322 16.804668 -3.653425
v -7.555057 16.804668 -3.653425
v 30.812351 16.804668 -3.653425
v 26.975613 16.804668 -3.653425
v 11.628644 16.804668 -3.653425
v 15.465390 16.804668 -3.653425
v 19.302132 16.804668 -3.653425
v 23.138866 16.804668 -3.653425
v 3.955167 16.804668 -3.653425
v 7.791902 16.804668 -3.653425
v -26.738773 16.597321 5.001043
v -30.514385 16.597321 5.001043
v -26.738773 22.770477 5.062174
v -30.575512 22.770477 5.062170
v -30.575512 19.683899 7.146879
v -3.718322 19.683899 7.146883
v -30.575512 18.888142 7.146879
v -3.718322 18.888142 7.146883
v -11.391803 16.597321 5.001043
v -15.228541 16.597321 5.001043
v -11.391803 22.770477 5.062174
v -15.228541 22.770477 5.062174
v -19.065289 19.683899 7.146883
v -15.228541 19.683899 7.146883
v -19.065289 18.888142 7.146883
v -15.228541 18.888142 7.146883
v -19.065289 16.597321 5.001043
v -22.902027 16.597321 5.001043
v -19.065289 22.770477 5.062174
v -22.902027 22.770477 5.062174
v -26.738773 19.683899 7.146879
v -22.902027 19.683899 7.146879
v -26.738773 18.888142 7.146879
v -22.902027 18.888142 7.146879
v -11.391803 19.683899 7.146883
v -7.555057 19.683899 7.146883
v -11.391803 18.888142 7.146883
v -7.555057 18.888142 7.146883
v -3.718322 16.597321 5.001043
v -7.555057 16.597321 5.001043
v -3.718322 22.770477 5.062174
v -7.555057 22.770477 5.062174
v 26.975613 16.597321 5.001043
v 30.751221 16.597321 5.001043
v 26.975613 22.770477 5.062174
v 30.812351 22.770481 5.062170
v 30.812351 19.683899 7.146879
v 3.955167 19.683899 7.146883
v 30.812351 18.888142 7.146879
v 3.955167 18.888142 7.146883
v 11.628644 16.597321 5.001043
v 15.465390 16.597321 5.001043
v 11.628644 22.770477 5.062174
v 15.465390 22.770477 5.062174
v 19.302132 19.683899 7.146883
v 15.465390 19.683899 7.146883
v 19.302132 18.888142 7.146883
v 15.465390 18.888142 7.146883
v 19.302132 16.597321 5.001043
v 23.138866 16.597321 5.001043
v 19.302132 22.770477 5.062174
v 23.138866 22.770477 5.062174
v 26.975613 19.683899 7.146879
v 23.138866 19.683899 7.146879
v 26.975613 18.888142 7.146879
v 23.138866 18.888142 7.146879
v 11.628644 19.683899 7.146883
v 7.791902 19.683899 7.146883
v 11.628644 18.888142 7.146883
v 7.791902 18.888142 7.146883
v 3.955167 16.597321 5.001043
v 7.791902 16.597321 5.001043
v 3.955167 22.770477 5.062174
v 7.791902 22.770477 5.062174
v -26.738773 16.597321 -5.001040
v -30.514385 16.597321 -5.001040
v -26.738773 22.770477 -5.062174
v -30.575512 22.770481 -5.062174
v -30.575512 19.683899 -7.146879
v -3.718322 19.683899 -7.146883
v -30.575512 18.888142 -7.146879
v -3.718322 18.888142 -7.146883
v -11.391803 16.597321 -5.001043
v -15.228541 16.597321 -5.001043
v -11.391803 22.770477 -5.062174
v -15.228541 22.770477 -5.062174
v -19.065289 19.683899 -7.146883
v -15.228541 19.683899 -7.146883
v -19.065289 18.888142 -7.146883
v -15.228541 18.888142 -7.146883
v -19.065289 16.597321 -5.001043
v -22.902027 16.597321 -5.001040
v -19.065289 22.770477 -5.062174
v -22.902027 22.770477 -5.062174
v -26.738773 19.683899 -7.146879
v -22.902027 19.683899 -7.146883
v -26.738773 18.888142 -7.146879
v -22.902027 18.888142 -7.146883
v -11.391803 19.683899 -7.146883
v -7.555057 19.683899 -7.146883
v -11.391803 18.888142 -7.146883
v -7.555057 18.888142 -7.146883
v -3.718322 16.597321 -5.001043
v -7.555057 16.597321 -5.001043
v -3.718322 22.770477 -5.062174
v -7.555057 22.770477 -5.062174
v 26.975613 16.597321 -5.001040
v 30.751221 16.597321 -5.001040
v 26.975613 22.770481 -5.062174
v 30.812351 22.770481 -5.062174
v 30.812351 19.683899 -7.146879
v 3.955167 19.683899 -7.146883
v 30.812351 18.888142 -7.146879
v 3.955167 18.888142 -7.146883
v 11.628644 16.597321 -5.001043
v 15.465390 16.597321 -5.001043
v 11.628644 22.770481 -5.062174
v 15.465390 22.770481 -5.062174
v 19.302132 19.683899 -7.146883
v 15.465390 19.683899 -7.146883
v 19.302132 18.888142 -7.146883
v 15.465390 18.888142 -7.146883
v 19.302132 16.597321 -5.001043
v 23.138866 16.597321 -5.001040
v 19.302132 22.770481 -5.062174
v 23.138866 22.770481 -5.062174
v 26.975613 19.683899 -7.146879
v 23.138866 19.683899 -7.146883
v 26.975613 18.888142 -7.146879
v 23.138866 18.888142 -7.146883
v 11.628644 19.683899 -7.146883
v 7.791902 19.683899 -7.146883
v 11.628644 18.888142 -7.146883
v 7.791902 18.888142 -7.146883
v 3.955167 16.597321 -5.001043
v 7.791902 16.597321 -5.001043
v 3.955167 22.770481 -5.062174
v 7.791902 22.770481 -5.062174
v 0.116399 18.756214 6.889376
v 0.118424 16.928394 5.178122
v 0.118276 21.274166 5.908815
v 0.115357 19.845070 6.879507
v -15.228541 16.906487 5.158186
v -15.228541 18.763493 6.848112
v -15.228541 21.673859 5.637430
v -15.228541 22.450722 5.112730
v -22.902027 16.906487 5.158186
v -22.902027 18.763493 6.848108
v -22.902027 19.850216 6.869139
v -22.902027 21.901001 5.484015
v -19.065289 19.850216 6.869139
v -19.065289 22.450722 5.112730
v -19.065289 16.906487 5.158186
v -19.065289 18.763493 6.848112
v -7.555057 21.038883 6.066301
v -7.555057 21.262051 5.915571
v -7.555057 16.906487 5.158186
v -7.555057 18.763493 6.848112
v -11.391803 21.038883 6.066301
v -11.391803 21.262051 5.915571
v -11.391803 16.906487 5.158186
v -11.391803 18.763493 6.848112
v -26.738773 16.906487 5.158186
v -26.738773 18.763493 6.848108
v -26.738773 21.677837 5.634745
v -26.738773 21.901001 5.484015
v -3.718322 16.906487 5.158186
v -3.718322 18.763493 6.848112
v -3.716437 21.038521 6.065760
v -3.718322 22.450722 5.112730
v 15.465390 16.906487 5.158186
v 15.465390 18.763493 6.848112
v 15.465390 19.850216 6.869139
v 15.465390 22.450722 5.112730
v 23.138866 16.906487 5.158186
v 23.138866 18.763493 6.848108
v 23.138866 19.850216 6.869139
v 23.138866 22.450722 5.112730
v 19.302132 19.850216 6.869139
v 19.302132 22.450722 5.112730
v 19.302132 16.906487 5.158186
v 19.302132 18.763493 6.848112
v 7.791902 19.850216 6.869139
v 7.791902 22.450722 5.112730
v 7.791902 16.906487 5.158186
v 7.791902 18.763493 6.848112
v 11.628644 19.850216 6.869139
v 11.628644 22.450722 5.112730
v 11.628644 16.906487 5.158186
v 11.628644 18.763493 6.848112
v 26.975613 16.906487 5.158186
v 26.975613 18.763493 6.848108
v 26.975613 19.850216 6.869139
v 26.975613 22.450722 5.112730
v 3.955167 16.906487 5.158186
v 3.955167 18.763493 6.848112
v 3.955167 19.850216 6.869139
v 3.955167 22.450722 5.112730
v -0.124381 18.771385 -6.855295
v 0.118424 16.922260 -5.172541
v 0.051423 21.246170 -5.929857
v 0.123216 19.854347 -6.881956
v -15.228541 16.906487 -5.158182
v -15.228541 18.763493 -6.848112
v -15.228541 21.601944 -5.686003
v -15.228541 21.825108 -5.535273
v -22.902027 16.906487 -5.158182
v -22.902027 18.763493 -6.848112
v -22.902027 21.615269 -5.677004
v -22.902027 21.838432 -5.526274
v -19.065289 21.615269 -5.677004
v -19.065289 21.838432 -5.526278
v -19.065289 16.906487 -5.158182
v -19.065289 18.763493 -6.848112
v -7.555057 19.850216 -6.869143
v -7.555057 22.450722 -5.112730
v -7.555057 16.906487 -5.158182
v -7.555057 18.763493 -6.848112
v -11.391803 19.850216 -6.869143
v -11.391803 21.825108 -5.535273
v -11.391803 16.906487 -5.158182
v -11.391803 18.763493 -6.848112
v -26.738773 16.906487 -5.158182
v -26.738773 18.763493 -6.848108
v -26.738773 21.028248 -6.073481
v -26.738773 22.450722 -5.112730
v -3.718322 16.906487 -5.158182
v -3.718322 18.763493 -6.848112
v -3.718322 19.850216 -6.869143
v -3.718322 22.450722 -5.112730
v 15.465390 16.906487 -5.158182
v 15.465390 18.763493 -6.848112
v 15.465390 21.025570 -6.075296
v 15.465390 22.450722 -5.112730
v 23.138866 16.906487 -5.158182
v 23.138866 18.763493 -6.848112
v 23.138866 19.850216 -6.869143
v 23.138866 21.262051 -5.915571
v 19.302132 19.850216 -6.869143
v 19.302132 22.450722 -5.112730
v 19.302132 16.906487 -5.158182
v 19.302132 18.763493 -6.848112
v 7.791902 21.038887 -6.066301
v 7.791902 22.450722 -5.112730
v 7.791902 16.906487 -5.158182
v 7.791902 18.763493 -6.848112
v 11.628644 21.025570 -6.075296
v 11.628644 22.450722 -5.112730
v 11.628644 16.906487 -5.158182
v 11.628644 18.763493 -6.848112
v 26.975613 16.906487 -5.158182
v 26.975613 18.763493 -6.848108
v 26.975613 21.038887 -6.066298
v 26.975613 21.262051 -5.915571
v 3.955167 16.906487 -5.158182
v 3.955167 18.763493 -6.848112
v 3.954457 21.038048 -6.065062
v 3.959050 21.262886 -5.916803
v -30.282230 16.906487 5.158186
v -28.847836 21.262051 5.915571
v -28.847836 21.038887 6.066298
v -30.282230 18.763493 6.848108
v 30.519073 16.906487 5.158186
v 29.084679 21.262051 5.915571
v 29.084679 21.038887 6.066298
v 30.519073 18.763493 6.848108
v -30.282230 16.906487 -5.158182
v -28.847836 21.251415 -5.922754
v -28.847836 21.028248 -6.073481
v -30.282230 18.763493 -6.848108
v 30.519073 16.906487 -5.158182
v 29.084679 21.262051 -5.915567
v 29.084679 21.038887 -6.066298
v 30.519073 18.763493 -6.848108
v -30.489063 19.172318 6.411940
v -30.489063 19.399723 6.411940
v -3.718322 19.399723 6.411940
v 0.118424 19.399723 6.411940
v 0.118424 19.085880 6.411940
v -3.718322 19.172318 6.411940
v -19.065289 19.399723 6.411940
v -15.228541 19.399723 6.411940
v -19.065289 19.172318 6.411940
v -15.228541 19.172318 6.411940
v -26.738773 19.399723 6.411940
v -22.902027 19.399723 6.411940
v -26.738773 19.172318 6.411940
v -22.902027 19.172318 6.411940
v -11.391803 19.399723 6.411940
v -7.555057 19.399723 6.411940
v -11.391803 19.172318 6.411940
v -7.555057 19.172318 6.411940
v 30.725914 19.172318 6.411940
v 30.725914 19.399723 6.411940
v 3.955167 19.399723 6.411940
v 3.955167 19.172318 6.411940
v 19.302132 19.399723 6.411940
v 15.465390 19.399723 6.411940
v 19.302132 19.172318 6.411940
v 15.465390 19.172318 6.411940
v 26.975613 19.399723 6.411940
v 23.138866 19.399723 6.411940
v 26.975613 19.172318 6.411940
v 23.138866 19.172318 6.411940
v 11.628644 19.399723 6.411940
v 7.791909 19.399723 6.411940
v 11.628644 19.172318 6.411940
v 7.791909 19.172318 6.411940
v -30.489063 19.172318 -6.411940
v -30.489063 19.399723 -6.411940
v -3.718322 19.399723 -6.411940
v 0.118424 19.399723 -6.411940
v 0.118424 19.172318 -6.411940
v -3.718322 19.172318 -6.411940
v -19.065289 19.399723 -6.411940
v -15.228541 19.399723 -6.411940
v -19.065289 19.172318 -6.411940
v -15.228541 19.172318 -6.411940
v -26.738773 19.399723 -6.411940
v -22.902027 19.399723 -6.411940
v -26.738773 19.172318 -6.411940
v -22.902027 19.172318 -6.411940
v -11.391803 19.399723 -6.411940
v -7.555057 19.399723 -6.411940
v -11.391803 19.172318 -6.411940
v -7.555057 19.172318 -6.411940
v 30.725914 19.172318 -6.411940
v 30.725914 19.399723 -6.411940
v 3.955167 19.399723 -6.411940
v 3.955167 19.172318 -6.411940
v 19.302132 19.399723 -6.411940
v 15.465390 19.399723 -6.411940
v 19.302132 19.172318 -6.411940
v 15.465390 19.172318 -6.411940
v 26.975613 19.399723 -6.411940
v 23.138866 19.399723 -6.411940
v 26.975613 19.172318 -6.411940
v 23.138866 19.172318 -6.411940
v 11.628644 19.399723 -6.411940
v 7.791902 19.399723 -6.411940
v 11.628644 19.172318 -6.411940
v 7.791902 19.172318 -6.411940
v -30.575512 19.085880 6.411940
v -30.575512 19.486160 6.411940
v -3.718322 19.486160 6.411940
v 0.118424 19.486160 6.411940
v -3.718322 19.085880 6.411940
v 0.118424 19.172318 6.411940
v -19.065289 19.486160 6.411940
v -15.228541 19.486160 6.411940
v -19.065289 19.085880 6.411940
v -15.228541 19.085880 6.411940
v -26.738773 19.486160 6.411940
v -22.902027 19.486160 6.411940
v -26.738773 19.085880 6.411940
v -22.902027 19.085880 6.411940
v -11.391803 19.486160 6.411940
v -7.555057 19.486160 6.411940
v -11.391803 19.085880 6.411940
v -7.555057 19.085880 6.411940
v 30.812351 19.085880 6.411940
v 30.812351 19.486160 6.411940
v 3.955167 19.486160 6.411940
v 3.955167 19.085880 6.411940
v 19.302132 19.486160 6.411940
v 15.465390 19.486160 6.411940
v 19.302132 19.085880 6.411940
v 15.465390 19.085880 6.411940
v 26.975613 19.486160 6.411940
v 23.138866 19.486160 6.411940
v 26.975613 19.085880 6.411940
v 23.138866 19.085880 6.411940
v 11.628644 19.486160 6.411940
v 7.791909 19.486160 6.411940
v 11.628644 19.085880 6.411940
v 7.791909 19.085880 6.411940
v -30.575512 19.085880 -6.411940
v -30.575512 19.486160 -6.411940
v -3.718322 19.486160 -6.411940
v 0.118424 19.486160 -6.411940
v -3.718322 19.085880 -6.411940
v 0.118424 19.085880 -6.411940
v -19.065289 19.486160 -6.411940
v -15.228541 19.486160 -6.411940
v -19.065289 19.085880 -6.411940
v -15.228541 19.085880 -6.411940
v -26.738773 19.486160 -6.411940
v -22.902027 19.486160 -6.411940
v -26.738773 19.085880 -6.411940
v -22.902027 19.085880 -6.411940
v -11.391803 19.486160 -6.411940
v -7.555057 19.486160 -6.411940
v -11.391803 19.085880 -6.411940
v -7.555057 19.085880 -6.411940
v 30.812351 19.085880 -6.411940
v 30.812351 19.486160 -6.411940
v 3.955167 19.486160 -6.411940
v 3.955167 19.085880 -6.411940
v 19.302132 19.486160 -6.411940
v 15.465390 19.486160 -6.411940
v 19.302132 19.085880 -6.411940
v 15.465390 19.085880 -6.411940
v 26.975613 19.486160 -6.411940
v 23.138866 19.486160 -6.411940
v 26.975613 19.085880 -6.411940
v 23.138866 19.085880 -6.411940
v 11.628644 19.486160 -6.411940
v 7.791902 19.486160 -6.411940
v 11.628644 19.085880 -6.411940
v 7.791902 19.085880 -6.411940
v 0.118424 19.399723 6.596262
v 0.118424 19.172318 6.596262
v -15.228541 19.172318 6.596262
v -15.228541 19.399723 6.596262
v -22.902027 19.172318 6.596258
v -22.902027 19.399723 6.596258
v -19.065289 19.172318 6.596262
v -19.065289 19.399723 6.596262
v -7.555057 19.172318 6.596262
v -7.555057 19.399723 6.596262
v -11.391803 19.172318 6.596262
v -11.391803 19.399723 6.596262
v -26.738773 19.172318 6.596258
v -26.738773 19.399723 6.596258
v -3.718322 19.172318 6.596262
v -3.718322 19.399723 6.596262
v 15.465390 19.172318 6.596262
v 15.465390 19.399723 6.596262
v 23.138866 19.172318 6.596258
v 23.138866 19.399723 6.596258
v 19.302132 19.172318 6.596262
v 19.302132 19.399723 6.596262
v 7.791909 19.172318 6.596262
v 7.791909 19.399723 6.596262
v 11.628644 19.172318 6.596262
v 11.628644 19.399723 6.596262
v 26.975613 19.172318 6.596258
v 26.975613 19.399723 6.596258
v 3.955167 19.172318 6.596262
v 3.955167 19.399723 6.596262
v 0.118424 19.399723 -6.596262
v 0.118424 19.172318 -6.596262
v -15.228541 19.172318 -6.596262
v -15.228541 19.399723 -6.596262
v -22.902027 19.172318 -6.596262
v -22.902027 19.399723 -6.596262
v -19.065289 19.172318 -6.596262
v -19.065289 19.399723 -6.596262
v -7.555057 19.172318 -6.596262
v -7.555057 19.399723 -6.596262
v -11.391803 19.172318 -6.596262
v -11.391803 19.399723 -6.596262
v -26.738773 19.172318 -6.596258
v -26.738773 19.399723 -6.596258
v -3.718322 19.172318 -6.596262
v -3.718322 19.399723 -6.596262
v 15.465390 19.172318 -6.596262
v 15.465390 19.399723 -6.596262
v 23.138866 19.172318 -6.596262
v 23.138866 19.399723 -6.596262
v 19.302132 19.172318 -6.596262
v 19.302132 19.399723 -6.596262
v 7.791902 19.172318 -6.596262
v 7.791902 19.399723 -6.596262
v 11.628644 19.172318 -6.596262
v 11.628644 19.399723 -6.596262
v 26.975613 19.172318 -6.596258
v 26.975613 19.399723 -6.596258
v 3.955167 19.172318 -6.596262
v 3.955167 19.399723 -6.596262
v -30.489063 19.172318 6.596258
v -30.489063 19.399723 6.596258
v 30.725914 19.172318 6.596258
v 30.725914 19.399723 6.596258
v -30.489063 19.172318 -6.596258
v -30.489063 19.399723 -6.596258
v 30.725914 19.172318 -6.596258
v 30.725914 19.399723 -6.596258
v -3.718322 24.323494 4.647505
v -7.555057 24.323494 4.647505
v -22.902027 24.323494 4.647501
v -26.738773 24.323494 4.647501
v 3.955167 24.323494 4.647505
v 7.791902 24.323494 4.647505
v 23.138866 24.323494 4.647501
v 26.975613 24.323494 4.647501
v -3.718322 24.323494 -4.647501
v -7.555057 24.323494 -4.647501
v -22.902027 24.323494 -4.647501
v -26.738773 24.323494 -4.647501
v 3.955167 24.323494 -4.647501
v 7.791902 24.323494 -4.647501
v 23.138866 24.323494 -4.647501
v 26.975613 24.323494 -4.647501
v -26.738773 25.714718 -3.365454
v -22.902027 25.714718 -3.365454
v -26.738773 25.714718 3.365454
v -26.738773 26.410328 1.217978
v -26.738773 26.410328 -1.217978
v -22.902027 25.714718 3.365454
v -22.902027 26.410328 1.217978
v -22.902027 26.410328 -1.217978
v -3.718322 25.714718 3.365454
v -7.555057 25.714718 -3.365458
v -7.555057 25.714718 3.365454
v -7.555057 26.410328 1.217978
v -7.555057 26.410328 -1.217978
v -3.718322 25.714718 -3.365454
v -3.718322 26.410328 -1.217978
v -3.718322 26.410328 1.217978
v 7.791902 25.714718 3.365454
v 3.955167 25.714718 -3.365454
v 7.791902 25.714718 -3.365450
v 7.791902 26.410328 -1.217974
v 7.791902 26.410328 1.217978
v 3.955167 25.714718 3.365454
v 3.955167 26.410328 1.217978
v 3.955167 26.410328 -1.217974
v 23.138866 25.714718 3.365454
v 26.975613 25.714718 -3.365454
v 26.975613 25.714718 3.365454
v 26.975613 26.410328 1.217978
v 26.975613 26.410328 -1.217974
v 23.138866 25.714718 -3.365454
v 23.138866 26.410328 -1.217974
v 23.138866 26.410328 1.217978
v -4.261081 24.812634 4.377367
v -7.012294 24.812634 4.377367
v -23.444790 24.812634 4.377363
v -26.196011 24.812634 4.377363
v 4.497926 24.812634 4.377367
v 7.249143 24.812634 4.377367
v 23.681629 24.812634 4.377363
v 26.432850 24.812634 4.377363
v -4.261081 24.812637 -4.377367
v -7.012294 24.812634 -4.377367
v -23.444790 24.812634 -4.377367
v -26.196011 24.812634 -4.377367
v 4.497926 24.812634 -4.377367
v 7.249143 24.812634 -4.377367
v 23.681629 24.812634 -4.377363
v 26.432850 24.812634 -4.377363
v -26.196011 25.405598 -3.830935
v -23.444790 25.405598 -3.830935
v -26.196011 25.405594 3.830938
v -26.196011 26.543148 0.675215
v -26.196011 26.543148 -0.675219
v -23.444790 25.405594 3.830938
v -23.444790 26.543148 0.675215
v -23.444790 26.543148 -0.675219
v -4.261081 25.405594 3.830938
v -7.012294 25.405598 -3.830938
v -7.012294 25.405594 3.830938
v -7.012294 26.543148 0.675215
v -7.012294 26.543148 -0.675219
v -4.261081 25.405594 -3.830935
v -4.261081 26.543148 -0.675219
v -4.261081 26.543148 0.675215
v 7.249143 25.405594 3.830938
v 4.497926 25.405598 -3.830935
v 7.249143 25.405598 -3.830935
v 7.249143 26.543148 -0.675215
v 7.249143 26.543148 0.675219
v 4.497926 25.405594 3.830938
v 4.497926 26.543148 0.675215
v 4.497926 26.543148 -0.675215
v 23.681629 25.405594 3.830938
v 26.432850 25.405594 -3.830935
v 26.432850 25.405594 3.830938
v 26.432850 26.543148 0.675215
v 26.432850 26.543148 -0.675219
v 23.681629 25.405594 -3.830935
v 23.681629 26.543148 -0.675219
v 23.681629 26.543148 0.675215
v -4.084956 24.683117 4.496721
v -7.188426 24.683117 4.496717
v -23.268665 24.683117 4.496717
v -26.372135 24.683117 4.496717
v 4.321797 24.683117 4.496721
v 7.425271 24.683117 4.496717
v 23.505505 24.683117 4.496717
v 26.608974 24.683117 4.496717
v -4.084956 24.683117 -4.496721
v -7.188426 24.683117 -4.496721
v -23.268665 24.683117 -4.496721
v -26.372135 24.683117 -4.496721
v 4.321797 24.683117 -4.496721
v 7.425271 24.683117 -4.496721
v 23.505505 24.683117 -4.496717
v 26.608974 24.683117 -4.496717
v -26.372135 25.535114 -3.711580
v -23.268665 25.535114 -3.711580
v -26.372135 25.535110 3.711584
v -26.372135 26.543148 0.851339
v -26.372135 26.543148 -0.851343
v -23.268665 25.535110 3.711584
v -23.268665 26.543148 0.851339
v -23.268665 26.543148 -0.851343
v -4.084956 25.535110 3.711584
v -7.188426 25.535114 -3.711584
v -7.188426 25.535110 3.711584
v -7.188426 26.543148 0.851339
v -7.188426 26.543148 -0.851343
v -4.084956 25.535114 -3.711584
v -4.084956 26.543148 -0.851343
v -4.084956 26.543148 0.851339
v 7.425271 25.535110 3.711584
v 4.321797 25.535114 -3.711580
v 7.425271 25.535114 -3.711580
v 7.425271 26.543148 -0.851339
v 7.425271 26.543148 0.851343
v 4.321797 25.535110 3.711584
v 4.321797 26.543148 0.851343
v 4.321797 26.543148 -0.851343
v 23.505505 25.535110 3.711584
v 26.608974 25.535110 -3.711580
v 26.608974 25.535110 3.711584
v 26.608974 26.543148 0.851339
v 26.608974 26.543148 -0.851343
v 23.505505 25.535110 -3.711580
v 23.505505 26.543148 -0.851343
v 23.505505 26.543148 0.851339
v -26.738773 16.597321 3.653425
v -30.641346 16.597321 3.719267
v -26.738773 16.597321 5.062174
v -30.641346 16.597321 4.996336
v -11.391803 16.597321 3.653425
v -15.228541 16.597321 3.653425
v -11.391803 16.597321 5.062174
v -15.228541 16.597321 5.062174
v -19.065289 16.597321 3.653425
v -22.902027 16.597321 3.653425
v -19.065289 16.597321 5.062174
v -22.902027 16.597321 5.062174
v -3.718322 16.597321 3.653425
v -7.555057 16.597321 3.653425
v -3.718322 16.597321 5.062174
v -7.555057 16.597321 5.062174
v 0.118424 16.597321 3.714560
v 0.118424 16.597321 5.001043
v 26.975613 16.597321 3.653425
v 30.878189 16.597321 3.719267
v 26.975613 16.597321 5.062174
v 30.878189 16.597321 4.996336
v 11.628644 16.597321 3.653425
v 15.465390 16.597321 3.653425
v 11.628644 16.597321 5.062174
v 15.465390 16.597321 5.062174
v 19.302132 16.597321 3.653425
v 23.138866 16.597321 3.653425
v 19.302132 16.597321 5.062174
v 23.138866 16.597321 5.062174
v 3.955167 16.597321 3.653425
v 7.791902 16.597321 3.653425
v 3.955167 16.597321 5.062174
v 7.791902 16.597321 5.062174
v -26.738773 16.597321 -3.653425
v -30.641346 16.597321 -3.719263
v -26.738773 16.597321 -5.062174
v -30.641346 16.597321 -4.996332
v -11.391803 16.597321 -3.653425
v -15.228541 16.597321 -3.653425
v -11.391803 16.597321 -5.062174
v -15.228541 16.597321 -5.062174
v -19.065289 16.597321 -3.653425
v -22.902027 16.597321 -3.653425
v -19.065289 16.597321 -5.062174
v -22.902027 16.597321 -5.062174
v -3.718322 16.597321 -3.653425
v -7.555057 16.597321 -3.653425
v -3.718322 16.597321 -5.062174
v -7.555057 16.597321 -5.062174
v 0.118424 16.597321 -3.653425
v 0.118424 16.830002 -5.273920
v 26.975613 16.597321 -3.653425
v 30.878189 16.597321 -3.719263
v 26.975613 16.597321 -5.062174
v 30.878189 16.597321 -4.996332
v 11.628644 16.597321 -3.653425
v 15.465390 16.597321 -3.653425
v 11.628644 16.597321 -5.062174
v 15.465390 16.597321 -5.062174
v 19.302132 16.597321 -3.653425
v 23.138866 16.597321 -3.653425
v 19.302132 16.597321 -5.062174
v 23.138866 16.597321 -5.062174
v 3.955167 16.597321 -3.653425
v 7.791902 16.597321 -3.653425
v 3.955167 16.597321 -5.062174
v 7.791902 16.597321 -5.062174
v 0.118424 16.921547 5.001043
v 0.118424 16.921547 3.714560
v -15.228541 16.921547 3.714556
v -15.228541 16.921547 5.001043
v -22.902027 16.921547 3.714556
v -22.902027 16.921547 5.001043
v -19.065289 16.921547 3.714556
v -19.065289 16.921547 5.001043
v -7.555057 16.921547 3.714560
v -7.555057 16.921547 5.001043
v -11.391803 16.921547 3.714556
v -11.391803 16.921547 5.001043
v -26.738773 16.921547 3.714556
v -26.738773 16.921547 5.001043
v -3.718322 16.921547 3.714560
v -3.718322 16.921547 5.001043
v 15.465390 16.921547 3.714556
v 15.465390 16.921547 5.001043
v 23.138866 16.921547 3.714556
v 23.138866 16.921547 5.001043
v 19.302132 16.921547 3.714556
v 19.302132 16.921547 5.001043
v 7.791902 16.921547 3.714560
v 7.791902 16.921547 5.001043
v 11.628644 16.921547 3.714556
v 11.628644 16.921547 5.001043
v 26.975613 16.921547 3.714556
v 26.975613 16.921547 5.001043
v 3.955167 16.921547 3.714560
v 3.955167 16.921547 5.001043
v 0.118424 16.921547 -5.001043
v 0.118424 16.921547 -3.714556
v -15.228541 16.921547 -3.714556
v -15.228541 16.921547 -5.001043
v -22.902027 16.921547 -3.714556
v -22.902027 16.921547 -5.001040
v -19.065289 16.921547 -3.714556
v -19.065289 16.921547 -5.001043
v -7.555057 16.921547 -3.714556
v -7.555057 16.921547 -5.001043
v -11.391803 16.921547 -3.714556
v -11.391803 16.921547 -5.001043
v -26.738773 16.921547 -3.714556
v -26.738773 16.921547 -5.001040
v -3.718322 16.921547 -3.714556
v -3.718322 16.921547 -5.001043
v 15.465390 16.921547 -3.714556
v 15.465390 16.921547 -5.001043
v 23.138866 16.921547 -3.714556
v 23.138866 16.921547 -5.001040
v 19.302132 16.921547 -3.714556
v 19.302132 16.921547 -5.001043
v 7.791902 16.921547 -3.714556
v 7.791902 16.921547 -5.001043
v 11.628644 16.921547 -3.714556
v 11.628644 16.921547 -5.001043
v 26.975613 16.921547 -3.714556
v 26.975613 16.921547 -5.001040
v 3.955167 16.921547 -3.714556
v 3.955167 16.921547 -5.001043
v -30.514385 16.921547 3.714556
v -30.514385 16.921547 5.001043
v 30.751221 16.921547 3.714556
v 30.751221 16.921547 5.001043
v -30.514385 16.921547 -3.714556
v -30.514385 16.921547 -5.001040
v 30.751221 16.921547 -3.714556
v 30.751221 16.921547 -5.001040
v -4.261081 24.812634 4.377367
v -7.012294 24.812634 4.377367
v -23.444790 24.812634 4.377363
v -26.196011 24.812634 4.377363
v 4.497926 24.812634 4.377367
v 7.249143 24.812634 4.377367
v 23.681629 24.812634 4.377363
v 26.432850 24.812634 4.377363
v -4.261081 24.812637 -4.377367
v -7.012294 24.812634 -4.377367
v -23.444790 24.812634 -4.377367
v -26.196011 24.812634 -4.377367
v 4.497926 24.812634 -4.377367
v 7.249143 24.812634 -4.377367
v 23.681629 24.812634 -4.377363
v 26.432850 24.812634 -4.377363
v -26.196011 25.405598 -3.830935
v -23.444790 25.405598 -3.830935
v -26.196011 25.405594 3.830938
v -23.444790 25.405594 3.830938
v -4.261081 25.405594 3.830938
v -7.012294 25.405598 -3.830938
v -7.012294 25.405594 3.830938
v -4.261081 25.405594 -3.830935
v 7.249143 25.405594 3.830938
v 4.497926 25.405598 -3.830935
v 7.249143 25.405598 -3.830935
v 4.497926 25.405594 3.830938
v 23.681629 25.405594 3.830938
v 26.432850 25.405594 -3.830935
v 26.432850 25.405594 3.830938
v 23.681629 25.405594 -3.830935
v -4.261081 24.752407 4.312010
v -7.012294 24.752407 4.312010
v -23.444790 24.752407 4.312010
v -26.196011 24.752407 4.312010
v 4.497926 24.752407 4.312010
v 7.249143 24.752407 4.312010
v 23.681629 24.752407 4.312010
v 26.432850 24.752407 4.312010
v -4.261081 24.752411 -4.312010
v -7.012294 24.752407 -4.312010
v -23.444790 24.752407 -4.312010
v -26.196011 24.752407 -4.312010
v 4.497926 24.752407 -4.312010
v 7.249143 24.752407 -4.312010
v 23.681629 24.752407 -4.312006
v 26.432850 24.752407 -4.312006
v -26.196011 25.345367 -3.765581
v -23.444790 25.345367 -3.765581
v -26.196011 25.345367 3.765577
v -23.444790 25.345367 3.765577
v -4.261081 25.345367 3.765581
v -7.012294 25.345367 -3.765581
v -7.012294 25.345367 3.765581
v -4.261081 25.345367 -3.765581
v 7.249143 25.345367 3.765581
v 4.497926 25.345367 -3.765581
v 7.249143 25.345367 -3.765581
v 4.497926 25.345367 3.765581
v 23.681629 25.345367 3.765581
v 26.432850 25.345367 -3.765581
v 26.432850 25.345367 3.765581
v 23.681629 25.345367 -3.765581
v 0.118424 23.402367 5.062174
v -30.575512 23.402367 5.062170
v -26.738773 23.402367 5.062174
v -3.718322 23.402367 5.062174
v -22.902027 23.853039 5.062174
v -3.718322 23.853039 5.062174
v -7.555057 23.853039 5.062174
v -26.738773 23.853039 5.062174
v 30.812351 23.402370 5.062170
v 26.975613 23.402370 5.062174
v 3.955167 23.402370 5.062174
v 23.138866 23.853039 5.062174
v 3.955167 23.853039 5.062174
v 7.791902 23.853039 5.062174
v 26.975613 23.853039 5.062174
v 0.118424 23.402370 -5.062174
v -30.575512 23.402370 -5.062174
v -26.738773 23.402370 -5.062174
v -3.718322 23.402370 -5.062174
v -22.902027 23.853039 -5.062174
v -3.718322 23.853039 -5.062174
v -7.555057 23.853039 -5.062174
v -26.738773 23.853039 -5.062174
v 30.812351 23.402370 -5.062174
v 26.975613 23.402370 -5.062174
v 3.955167 23.402370 -5.062174
v 23.138866 23.853043 -5.062174
v 3.955167 23.853043 -5.062174
v 7.791902 23.853043 -5.062174
v 26.975613 23.853043 -5.062174
v 30.813190 24.323494 4.647501
v 30.813190 24.323494 -4.647501
v 30.813190 25.714718 -3.365454
v 30.813190 25.714718 3.365454
v 30.813190 26.410328 1.217978
v 30.813190 26.410328 -1.217974
v -30.580090 24.323494 4.647501
v -30.580090 24.323494 -4.647501
v -30.580090 25.714718 -3.365454
v -30.580090 25.714718 3.365454
v -30.580090 26.410328 1.217978
v -30.580090 26.410328 -1.217978
v -3.718322 24.323494 4.647505
v -7.555057 24.323494 4.647505
v -22.902027 24.323494 4.647501
v -26.738773 24.323494 4.647501
v 3.955167 24.323494 4.647505
v 7.791902 24.323494 4.647505
v 23.138866 24.323494 4.647501
v 26.975613 24.323494 4.647501
v -3.718322 24.323494 -4.647501
v -7.555057 24.323494 -4.647501
v -22.902027 24.323494 -4.647501
v -26.738773 24.323494 -4.647501
v 3.955167 24.323494 -4.647501
v 7.791902 24.323494 -4.647501
v 23.138866 24.323494 -4.647501
v 26.975613 24.323494 -4.647501
v -26.738773 25.714718 -3.365454
v -22.902027 25.714718 -3.365454
v -26.738773 25.714718 3.365454
v -26.738773 26.410328 1.217978
v -26.738773 26.410328 -1.217978
v -22.902027 25.714718 3.365454
v -22.902027 26.410328 1.217978
v -22.902027 26.410328 -1.217978
v -3.718322 25.714718 3.365454
v -7.555057 25.714718 -3.365458
v -7.555057 25.714718 3.365454
v -7.555057 26.410328 1.217978
v -7.555057 26.410328 -1.217978
v -3.718322 25.714718 -3.365454
v -3.718322 26.410328 -1.217978
v -3.718322 26.410328 1.217978
v 7.791902 25.714718 3.365454
v 3.955167 25.714718 -3.365454
v 7.791902 25.714718 -3.365450
v 7.791902 26.410328 -1.217974
v 7.791902 26.410328 1.217978
v 3.955167 25.714718 3.365454
v 3.955167 26.410328 1.217978
v 3.955167 26.410328 -1.217974
v 23.138866 25.714718 3.365454
v 26.975613 25.714718 -3.365454
v 26.975613 25.714718 3.365454
v 26.975613 26.410328 1.217978
v 26.975613 26.410328 -1.217974
v 23.138866 25.714718 -3.365454
v 23.138866 26.410328 -1.217974
v 23.138866 26.410328 1.217978
v -30.574718 23.853039 5.062174
v -30.571621 23.853039 -5.062174
v 30.843807 23.853039 5.062174
v 30.822205 23.816833 -5.062174
v -31.834949 15.824017 -0.000002
v -31.834949 15.824017 3.653425
v -31.769115 16.597321 3.719267
v -31.834949 16.597321 -0.000002
v -31.834949 16.095741 5.062170
v -31.769115 16.597321 4.996336
v -31.834949 16.095741 5.557737
v -31.834949 16.597321 5.557737
v -31.834949 22.770477 5.062170
v -31.834949 22.770477 5.557737
v -31.834949 19.683899 7.146879
v -31.834949 18.888142 7.642443
v -31.834949 18.888142 7.146879
v -31.834949 19.683899 7.642443
v -31.834949 23.402367 5.062170
v -31.834949 23.402367 5.557737
v -31.834949 15.824017 -3.653425
v -31.769115 16.597321 -3.719263
v -31.834949 16.095741 -5.062174
v -31.769115 16.597321 -4.996332
v -31.834949 16.095741 -5.557734
v -31.834949 16.597321 -5.557734
v -31.834949 22.770481 -5.062174
v -31.834949 22.770481 -5.557734
v -31.834949 19.683899 -7.146879
v -31.834949 18.888142 -7.642443
v -31.834949 18.888142 -7.146879
v -31.834949 19.683899 -7.642443
v -31.834949 23.402370 -5.062174
v -31.834949 23.402370 -5.557734
v -31.839527 24.323494 4.647501
v -31.839527 24.323494 5.143064
v -31.839527 24.323494 -4.647501
v -31.839527 24.323494 -5.143064
v -31.839527 25.863060 -3.724314
v -31.839527 25.714718 -3.365454
v -31.839527 25.863060 3.724310
v -31.839527 26.632847 1.347849
v -31.839527 26.632847 -1.347849
v -31.839527 25.714718 3.365454
v -31.839527 26.410328 1.217978
v -31.839527 26.410328 -1.217978
v -31.837238 23.868057 -4.882051
v -31.837238 23.868057 -5.377611
v -30.566250 23.886532 -5.410833
v -30.566250 23.886532 -4.915270
v -31.837238 23.868053 5.377611
v -31.837238 23.868053 4.882048
v -30.566250 23.886528 4.915270
v -30.566250 23.886528 5.410833
v 31.838688 16.804668 -0.000002
v 31.838688 16.597321 -0.000002
v 31.772850 16.597321 -3.719263
v 31.838688 16.804668 -3.653425
v 31.838688 15.824017 -0.000002
v 31.838688 15.824017 3.653425
v 31.772850 16.597321 3.719267
v 31.838688 16.095741 5.062170
v 31.772850 16.597321 4.996336
v 31.838688 16.095741 5.557737
v 31.838688 16.597321 5.557737
v 31.838688 22.770481 5.062170
v 31.838688 22.770481 5.557737
v 31.838688 19.683899 7.146879
v 31.838688 18.888142 7.642443
v 31.838688 18.888142 7.146879
v 31.838688 19.683899 7.642443
v 31.838688 23.402370 5.062170
v 31.838688 23.402370 5.557737
v 31.838688 15.824017 -3.653425
v 31.838688 16.095741 -5.062174
v 31.772850 16.597321 -4.996332
v 31.838688 16.095741 -5.557734
v 31.838688 16.597321 -5.557734
v 31.838688 22.770481 -5.062174
v 31.838688 22.770481 -5.557734
v 31.838688 19.683899 -7.146879
v 31.838688 18.888142 -7.642443
v 31.838688 18.888142 -7.146879
v 31.838688 19.683899 -7.642443
v 31.838688 23.402370 -5.062174
v 31.838688 23.402370 -5.557734
v 31.838688 16.804668 3.653425
v 31.839527 24.323494 4.647501
v 31.839527 24.323494 5.143064
v 31.839527 24.323494 -4.647501
v 31.839527 24.323494 -5.143064
v 31.839527 25.714718 -3.365454
v 31.839527 25.863064 -3.724314
v 31.839527 25.863064 3.724314
v 31.839527 26.632847 1.347853
v 31.839527 26.632847 -1.347849
v 31.839527 25.714718 3.365454
v 31.839527 26.410328 1.217978
v 31.839527 26.410328 -1.217974
v 30.815304 23.886532 5.410837
v 31.839108 23.868057 5.377611
v 31.839108 23.868057 4.882048
v 30.815304 23.886532 4.915274
v 30.815304 23.886532 -5.410837
v 30.815304 23.886532 -4.915274
v 31.839108 23.868057 -4.882051
v 31.839108 23.868057 -5.377611
v -31.834949 16.804668 3.653425
v -31.834949 16.804668 -0.000002
v -31.834949 16.804668 -3.653425
v -31.834949 16.597321 -5.062174
v -30.575512 16.597321 -5.062174
v -30.575512 16.597321 5.062170
v -30.575512 16.597321 3.653425
v 30.812351 16.597321 5.062170
v 30.812351 16.597321 3.653425
v -30.575512 16.597321 -3.653425
v 31.838688 16.597321 5.062170
v 30.812351 16.597321 -5.062174
v 30.812351 16.597321 -3.653425
v 31.838688 16.597321 -5.062174
v 31.838688 16.597321 -3.653425
v -31.834949 16.597321 5.062170
v -31.834949 16.597321 3.653425
v -31.834949 16.597321 -3.653425
v 31.838688 16.597321 3.653425
v -31.655270 16.802071 -4.867418
v -30.755192 16.802071 -4.867418
v -30.755192 16.802071 4.867422
v -30.755192 16.802071 3.848181
v 30.968502 16.802071 4.867422
v 30.968502 16.802071 3.848181
v -30.755192 16.802071 -3.848177
v 31.682537 16.802071 4.867422
v 30.968502 16.802071 -4.867418
v 30.968502 16.802071 -3.848177
v 31.682537 16.802071 -4.867418
v 31.682537 16.802071 -3.848177
v -31.655270 16.802071 4.867422
v -31.655270 16.802071 3.848181
v -31.655270 16.802071 -3.848177
v 31.682537 16.802071 3.848181
v -3.718322 25.084137 4.957441
v -7.555057 25.084137 4.957441
v -22.902027 25.084137 4.957441
v -26.738773 25.084137 4.957441
v 3.955167 25.084137 4.957441
v 7.791902 25.084137 4.957441
v 23.138866 25.084137 4.957441
v 26.975613 25.084137 4.957441
v -3.718322 25.084137 -4.957441
v -7.555057 25.084137 -4.957441
v -22.902027 25.084137 -4.957438
v -26.738773 25.084137 -4.957438
v 3.955167 25.084137 -4.957441
v 7.791902 25.084137 -4.957441
v 23.138866 25.084137 -4.957438
v 26.975613 25.084137 -4.957438
v -22.902027 25.616032 4.467283
v -26.738773 25.764587 -4.330385
v -22.902027 25.616032 -4.467287
v -22.902027 27.011803 -0.523760
v -22.902027 27.011803 0.725775
v -26.738773 25.764587 4.330385
v -26.738773 27.011803 0.725775
v -26.738773 27.011803 -0.725775
v -3.718322 25.764591 -4.330389
v -7.555057 25.764591 -4.330385
v -7.555057 25.616032 4.467283
v -7.555057 27.011803 0.725775
v -7.555057 27.011803 -0.523760
v -3.718322 25.764587 4.330389
v -3.718322 27.011803 0.523756
v -3.718322 27.011803 -0.725775
v 7.791902 25.616032 -4.467287
v 3.955167 25.616032 -4.467287
v 7.791902 25.764587 4.330389
v 7.791902 27.011803 0.523756
v 7.791902 27.011803 -0.523760
v 3.955167 25.764587 4.330389
v 3.955167 27.011803 0.523756
v 3.955167 27.011803 -0.523760
v 26.975613 25.616032 -4.467287
v 23.138866 25.764587 -4.330385
v 23.138866 25.764587 4.330389
v 23.138866 27.011803 0.725775
v 23.138866 27.011803 -0.725771
v 26.975613 25.764587 4.330389
v 26.975613 27.011803 0.523756
v 26.975613 27.011803 -0.725771
v 30.611176 25.084137 -4.957438
v 30.611176 25.616032 -4.467287
v 30.611176 25.084137 4.957441
v 30.611176 25.616032 4.467287
v 30.611176 27.011803 0.523756
v 30.611176 27.011803 -0.523756
v -30.378071 25.084137 -4.957438
v -30.378071 25.616032 -4.467283
v -30.378071 25.084137 4.957441
v -30.378071 25.616032 4.467283
v -30.378071 27.011803 0.523756
v -30.378071 27.011803 -0.523760
v -3.718322 24.935581 5.094339
v -7.555057 24.935581 5.094339
v -22.902027 24.935581 5.094336
v -26.738773 24.935581 5.094336
v 3.955167 24.935581 5.094343
v 7.791902 24.935581 5.094343
v 23.138866 24.935581 5.094339
v 26.975613 24.935581 5.094339
v -3.718322 24.935581 -5.094339
v -7.555057 24.935581 -5.094339
v -22.902027 24.935581 -5.094339
v -26.738773 24.935581 -5.094339
v 3.955167 24.935581 -5.094339
v 7.791902 24.935581 -5.094339
v 23.138866 24.935581 -5.094339
v 26.975613 24.935581 -5.094339
v -22.902027 25.764587 -4.330385
v -26.738773 25.616032 -4.467283
v -22.902027 27.011803 -0.725775
v -26.738773 27.011803 -0.523760
v -22.902027 27.011803 0.523756
v -26.738773 27.011803 0.523756
v -22.902027 25.764587 4.330385
v -26.738773 25.616032 4.467283
v -3.718322 25.616032 -4.467287
v -7.555057 25.616032 -4.467287
v -3.718322 27.011803 -0.523760
v -7.555057 27.011803 -0.725775
v -3.718322 27.011803 0.725775
v -7.555057 27.011803 0.523756
v -3.718322 25.616032 4.467287
v -7.555057 25.764587 4.330389
v 7.791902 25.764587 -4.330385
v 3.955167 25.764587 -4.330385
v 7.791902 27.011803 -0.725771
v 3.955167 27.011803 -0.725771
v 7.791902 27.011803 0.725775
v 3.955167 27.011803 0.725775
v 7.791902 25.616032 4.467287
v 3.955167 25.616032 4.467287
v 26.975613 25.764587 -4.330385
v 23.138866 25.616032 -4.467287
v 26.975613 27.011803 -0.523756
v 23.138866 27.011803 -0.523756
v 26.975613 27.011803 0.725775
v 23.138866 27.011803 0.523756
v 26.975613 25.616032 4.467287
v 23.138866 25.616032 4.467287
v 30.813190 24.935581 -5.094339
v 30.813190 25.764587 -4.330385
v 30.813190 24.935581 5.094339
v 30.813190 25.764587 4.330389
v 30.813190 27.011803 0.725775
v 30.813190 27.011803 -0.725771
v -30.580090 24.935581 -5.094339
v -30.580090 25.764587 -4.330385
v -30.580090 24.935581 5.094336
v -30.580090 25.764587 4.330385
v -30.580090 27.011803 0.725775
v -30.580090 27.011803 -0.725775
v -22.902027 25.014450 4.881819
v -22.902027 25.546345 4.391665
v -26.738773 25.014450 -4.881819
v -26.738773 25.546345 -4.391665
v -22.902027 25.014450 -4.881819
v -22.902027 25.546345 -4.391665
v -22.902027 26.908970 -0.523760
v -22.902027 26.908970 0.523756
v -26.738773 25.014450 4.881819
v -26.738773 25.546345 4.391665
v -26.738773 26.908970 0.523756
v -26.738773 26.908970 -0.523760
v -3.718322 25.014454 -4.881823
v -3.718322 25.546349 -4.391668
v -7.555057 25.014454 -4.881823
v -7.555057 25.546345 -4.391665
v -7.555057 25.014450 4.881819
v -7.555057 25.546345 4.391665
v -7.555057 26.908970 0.523756
v -7.555057 26.908970 -0.523760
v -3.718322 25.014450 4.881819
v -3.718322 25.546345 4.391668
v -3.718322 26.908970 0.523756
v -3.718322 26.908970 -0.523760
v 7.791902 25.014450 -4.881823
v 7.791902 25.546345 -4.391665
v 3.955167 25.014450 -4.881823
v 3.955167 25.546345 -4.391665
v 7.791902 25.014450 4.881823
v 7.791902 25.546345 4.391668
v 7.791902 26.908970 0.523756
v 7.791902 26.908970 -0.523760
v 3.955167 25.014450 4.881823
v 3.955167 25.546345 4.391668
v 3.955167 26.908970 0.523756
v 3.955167 26.908970 -0.523760
v 26.975613 25.014450 -4.881819
v 26.975613 25.546345 -4.391665
v 23.138866 25.014450 -4.881819
v 23.138866 25.546345 -4.391665
v 23.138866 25.014450 4.881819
v 23.138866 25.546345 4.391668
v 23.138866 26.908970 0.523756
v 23.138866 26.908970 -0.523756
v 26.975613 25.014450 4.881819
v 26.975613 25.546345 4.391668
v 26.975613 26.908970 0.523756
v 26.975613 26.908970 -0.523756
v 30.611176 25.014450 -4.881819
v 30.611176 25.546345 -4.391665
v 30.611176 25.014450 4.881819
v 30.611176 25.546345 4.391668
v 30.611176 26.908970 0.523756
v 30.611176 26.908970 -0.523756
v -30.378071 25.014454 -4.881819
v -30.378071 25.546345 -4.391665
v -30.378071 25.014450 4.881819
v -30.378071 25.546345 4.391665
v -30.378071 26.908970 0.523756
v -30.378071 26.908970 -0.523760
v -30.575512 15.376572 -0.000002
v -30.575512 15.376572 3.993048
v -31.839527 27.190193 1.473143
v -30.580090 27.190193 1.473143
v -30.580090 27.190193 -1.473146
v -31.839527 27.190193 -1.473146
v -30.575512 15.673557 5.532755
v -30.575512 15.673557 6.074385
v -30.575512 16.221760 6.074385
v -30.575512 18.725536 8.352884
v -30.575512 22.968777 6.074385
v -30.575512 19.595268 8.352884
v -31.834949 22.968777 6.074385
v -30.575512 23.659405 6.074385
v -31.834949 23.659405 6.074385
v 31.838688 16.221764 -6.074381
v 30.812351 16.221764 -6.074381
v 30.812351 15.376572 -0.000002
v 30.812351 15.376572 3.993048
v 30.812351 18.725536 -8.352884
v 31.838688 18.725536 -8.352884
v 31.838688 23.659409 -6.074381
v 30.812351 23.659409 -6.074381
v 31.839527 26.348850 -4.070524
v 30.813190 26.348850 -4.070524
v 30.812351 15.673553 5.532755
v 30.812351 15.673553 6.074385
v 30.812351 16.221764 6.074385
v 30.812351 18.725536 8.352884
v 30.812351 22.968781 6.074385
v 30.812351 19.595268 8.352884
v 30.812351 23.659409 6.074385
v -30.575512 15.376572 -3.993052
v -31.839527 24.666161 5.621164
v -30.580090 24.666161 5.621164
v -30.580090 26.348846 4.070524
v -31.839527 26.348846 4.070524
v -31.834949 19.595268 -8.352884
v -30.575512 19.595268 -8.352884
v -30.575512 15.673557 -5.532755
v -30.575512 15.673557 -6.074381
v -30.575512 16.221760 -6.074381
v -30.575512 18.725536 -8.352884
v -31.834949 18.725536 -8.352884
v -30.575512 22.968781 -6.074381
v -30.575512 23.659409 -6.074381
v 30.812351 15.376572 -3.993052
v 30.812351 15.673553 -5.532755
v 30.812351 15.673553 -6.074381
v 30.812351 22.968781 -6.074381
v 30.812351 19.595268 -8.352884
v 30.813190 24.666164 -5.621164
v 30.813190 24.666164 5.621164
v 30.813190 26.348850 4.070524
v 30.813190 27.190193 1.473146
v 30.813190 27.190193 -1.473146
v -30.580090 24.666164 -5.621164
v -30.580090 26.348846 -4.070524
v -31.834949 15.376572 -0.000002
v -31.834949 15.376572 3.993048
v -31.834949 15.673557 5.532755
v -31.834949 15.673557 6.074385
v -31.834949 16.221760 6.074385
v -31.834949 18.725536 8.352884
v -31.834949 19.595268 8.352884
v -31.834949 15.376572 -3.993052
v -31.834949 15.673557 -5.532755
v -31.834949 15.673557 -6.074381
v -31.834949 16.221760 -6.074381
v -31.834949 22.968781 -6.074381
v -31.834949 23.659409 -6.074381
v -31.839527 24.666164 -5.621164
v -31.839527 26.348846 -4.070524
v -31.837238 24.168388 -5.877516
v -30.566250 24.188580 -5.913828
v -31.837238 24.168385 5.877516
v -30.566250 24.188580 5.913828
v 31.838688 15.376572 -0.000002
v 31.838688 15.376572 3.993048
v 31.838688 15.673553 5.532755
v 31.838688 15.673553 6.074385
v 31.838688 16.221764 6.074385
v 31.838688 18.725536 8.352884
v 31.838688 22.968781 6.074385
v 31.838688 19.595268 8.352884
v 31.838688 23.659409 6.074385
v 31.838688 15.376572 -3.993052
v 31.838688 15.673553 -5.532755
v 31.838688 15.673553 -6.074381
v 31.838688 22.968781 -6.074381
v 31.838688 19.595268 -8.352884
v 31.839527 24.666164 -5.621164
v 31.839527 24.666164 5.621164
v 31.839527 26.348850 4.070524
v 31.839527 27.190193 1.473146
v 31.839527 27.190193 -1.473146
v 31.839108 24.168388 5.877516
v 30.815304 24.188580 5.913828
v 31.839108 24.168388 -5.877516
v 30.815304 24.188580 -5.913828
v -30.575512 14.824432 -0.000002
v -30.575512 14.824432 2.054670
v 30.812351 14.824432 -0.000002
v 30.812351 14.824432 2.054670
v -30.575512 14.824432 -2.054667
v 30.812351 14.824432 -2.054667
v -31.834949 14.824432 -0.000002
v -31.834949 14.824432 2.054670
v -31.834949 14.824432 -2.054667
v 31.838688 14.824432 -0.000002
v 31.838688 14.824432 2.054670
v 31.838688 14.824432 -2.054667
v 0.118424 17.259754 4.676123
v 0.118424 17.259754 4.039480
v -15.228541 17.259754 4.039480
v -15.228541 17.259754 4.676123
v -22.902027 17.259754 4.039480
v -22.902027 17.259754 4.676123
v -19.065289 17.259754 4.039480
v -19.065289 17.259754 4.676123
v -7.555057 17.259754 4.039480
v -7.555057 17.259754 4.676123
v -11.391803 17.259754 4.039480
v -11.391803 17.259754 4.676123
v -26.738773 17.259754 4.039480
v -26.738773 17.259754 4.676123
v -3.718322 17.259754 4.039480
v -3.718322 17.259754 4.676123
v 15.465390 17.259754 4.039480
v 15.465390 17.259754 4.676123
v 23.138866 17.259754 4.039480
v 23.138866 17.259754 4.676123
v 19.302132 17.259754 4.039480
v 19.302132 17.259754 4.676123
v 7.791902 17.259754 4.039480
v 7.791902 17.259754 4.676123
v 11.628644 17.259754 4.039480
v 11.628644 17.259754 4.676123
v 26.975613 17.259754 4.039480
v 26.975613 17.259754 4.676123
v 3.955167 17.259754 4.039480
v 3.955167 17.259754 4.676123
v 0.118424 17.259754 -4.676119
v 0.118424 17.259754 -4.039480
v -15.228541 17.259754 -4.039480
v -15.228541 17.259754 -4.676119
v -22.902027 17.259754 -4.039480
v -22.902027 17.259754 -4.676119
v -19.065289 17.259754 -4.039480
v -19.065289 17.259754 -4.676119
v -7.555057 17.259754 -4.039480
v -7.555057 17.259754 -4.676119
v -11.391803 17.259754 -4.039480
v -11.391803 17.259754 -4.676119
v -26.738773 17.259754 -4.039480
v -26.738773 17.259754 -4.676119
v -3.718322 17.259754 -4.039480
v -3.718322 17.259754 -4.676119
v 15.465390 17.259754 -4.039480
v 15.465390 17.259754 -4.676119
v 23.138866 17.259754 -4.039480
v 23.138866 17.259754 -4.676119
v 19.302132 17.259754 -4.039480
v 19.302132 17.259754 -4.676119
v 7.791902 17.259754 -4.039480
v 7.791902 17.259754 -4.676119
v 11.628644 17.259754 -4.039480
v 11.628644 17.259754 -4.676119
v 26.975613 17.259754 -4.039480
v 26.975613 17.259754 -4.676119
v 3.955167 17.259754 -4.039480
v 3.955167 17.259754 -4.676119
v -30.514385 17.259754 4.039480
v -30.514385 17.259754 4.676123
v 30.751221 17.259754 4.039480
v 30.751221 17.259754 4.676123
v -30.514385 17.259754 -4.039476
v -30.514385 17.259754 -4.676119
v 30.751221 17.259754 -4.039476
v 30.751221 17.259754 -4.676119
v -26.738773 22.450722 5.112730
v -30.282230 22.450722 5.112730
v -30.282230 19.850216 6.869139
v -3.718322 19.850216 6.869139
v 0.115212 21.062447 6.055555
v -11.391803 22.450722 5.112730
v -15.228541 21.897022 5.486704
v -19.065289 21.673859 5.637430
v -15.228541 19.850216 6.869139
v -19.065289 21.897022 5.486704
v -22.902027 22.450722 5.112730
v -26.738773 19.850216 6.869139
v -22.902027 21.677837 5.634745
v -11.391803 19.850216 6.869139
v -7.555057 19.850216 6.869139
v -3.722388 21.262413 5.916113
v -7.555057 22.450722 5.112730
v 0.118424 22.432690 5.124910
v 26.975613 21.262051 5.915571
v 30.519073 22.450722 5.112730
v 30.519073 19.850216 6.869139
v 3.953137 21.067955 6.045732
v 11.628644 21.262051 5.915571
v 15.465390 21.217609 5.945589
v 19.302132 20.994442 6.096315
v 15.465390 20.994442 6.096315
v 19.302132 21.217609 5.945589
v 23.138866 21.262051 5.915571
v 26.975613 21.038887 6.066298
v 23.138866 21.038887 6.066298
v 11.628644 21.038883 6.066301
v 7.791902 21.038883 6.066301
v 3.959085 21.291851 5.896082
v 7.791902 21.262051 5.915571
v -26.738773 21.251415 -5.922754
v -30.282230 22.450722 -5.112730
v -30.282230 19.850216 -6.869139
v -3.717616 21.042385 -6.062197
v 0.123212 21.041355 -6.076662
v -11.391803 22.450722 -5.112730
v -15.228541 22.450722 -5.112730
v -19.065289 19.850216 -6.869143
v -15.228541 19.850216 -6.869143
v -19.065289 22.450722 -5.112730
v -22.902027 22.450722 -5.112730
v -26.738773 19.850216 -6.869139
v -22.902027 19.850216 -6.869143
v -11.391803 21.601944 -5.686003
v -7.555057 21.043205 -6.063414
v -3.722342 21.267189 -5.913897
v -7.555057 21.266373 -5.912683
v 0.051560 22.433205 -5.124559
v 26.975613 22.450722 -5.112730
v 30.519073 22.450722 -5.112730
v 30.519073 19.850216 -6.869139
v 3.955167 19.850216 -6.869143
v 11.628644 21.248734 -5.924566
v 15.465390 21.248734 -5.924566
v 19.302132 21.038887 -6.066301
v 15.465390 19.850216 -6.869143
v 19.302132 21.262051 -5.915571
v 23.138866 22.450722 -5.112730
v 26.975613 19.850216 -6.869139
v 23.138866 21.038887 -6.066301
v 11.628644 19.850216 -6.869143
v 7.791902 19.850216 -6.869143
v 3.955167 22.450722 -5.112730
v 7.791902 21.262051 -5.915571
v -15.228541 20.256687 7.524931
v -15.228541 21.342567 6.791517
v -15.228541 21.570374 6.637655
v -15.228541 22.108379 6.274279
v -13.461528 20.258129 7.523958
v -15.209498 21.352345 6.784914
v -13.936282 21.352345 6.784914
v -13.934649 21.720444 6.536295
v -15.187099 21.720444 6.536295
v -15.187694 21.570518 6.637556
v -15.208613 22.117542 6.268091
v -13.892940 22.116879 6.268541
v -13.578654 21.995033 6.350836
v -13.459353 21.741783 6.521883
v -13.459521 21.330795 6.799471
v -13.544963 21.114456 6.945589
v -13.915210 20.954910 7.053347
v -15.187938 20.954910 7.053347
v -15.187053 20.651489 7.258280
v -13.460444 20.651489 7.258280
v -12.617702 21.409561 6.746271
v -12.512301 21.513500 6.676069
v -12.518458 20.257526 7.524366
v -12.040843 20.257526 7.524366
v -12.032306 22.117542 6.268091
v -12.529895 22.117542 6.268091
v -13.249599 21.408520 6.746973
v -16.012775 21.561279 6.643797
v -16.501553 21.560635 6.644232
v -16.502796 21.712894 6.541395
v -17.775097 21.712894 6.541395
v -17.775158 21.388042 6.760805
v -16.474636 21.388042 6.760805
v -16.149616 21.275162 6.837046
v -16.012531 21.004505 7.019846
v -16.012379 20.638420 7.267107
v -16.122494 20.393795 7.432329
v -16.471767 20.257526 7.524366
v -17.794216 20.257526 7.524366
v -18.146435 20.393795 7.432329
v -18.256824 20.638416 7.267107
v -18.256863 20.812077 7.149817
v -17.774059 20.812077 7.149817
v -17.772831 20.659206 7.253069
v -16.501957 20.659206 7.253065
v -16.500347 20.984955 7.033052
v -17.796520 20.984955 7.033052
v -18.161488 21.133789 6.932531
v -18.257328 21.367554 6.774641
v -18.258709 21.733242 6.527655
v -18.162243 21.967285 6.369577
v -17.818432 22.116879 6.268538
v -16.473240 22.117542 6.268091
v -16.123264 21.980019 6.360975
v -16.012844 21.733238 6.527655
v -15.665050 20.257526 7.524366
v -15.666011 20.976192 7.038969
v -15.581492 21.192547 6.892843
v -15.666522 21.570518 6.637556
v -15.665278 21.741783 6.521883
v -15.555964 21.982960 6.358988
v 15.465390 20.391853 -7.433641
v 15.465390 20.785995 -7.167433
v 15.465390 21.086868 -6.964220
v 15.465390 21.482723 -6.696856
v 15.465390 21.850124 -6.448709
v 15.465390 22.242996 -6.183359
v 13.843396 20.388733 -7.435747
v 14.319585 21.482372 -6.697092
v 14.320115 21.848801 -6.449602
v 14.277944 22.242485 -6.183706
v 13.969049 22.119934 -6.266478
v 13.844579 21.869892 -6.435358
v 13.846204 21.461399 -6.711260
v 13.930974 21.246399 -6.856470
v 14.297452 21.086479 -6.964483
v 13.845838 20.784611 -7.168367
v 13.008763 21.538086 -6.659464
v 12.908437 21.643375 -6.588350
v 12.905313 20.390308 -7.434687
v 12.431546 20.391090 -7.434156
v 12.434743 22.239761 -6.185549
v 12.927262 22.241604 -6.184301
v 13.638471 21.538387 -6.659258
v 16.378597 21.687733 -6.558390
v 16.865635 21.690449 -6.556559
v 16.867451 21.841518 -6.454523
v 18.131245 21.842247 -6.454031
v 18.130924 21.517124 -6.673620
v 16.837231 21.517426 -6.673418
v 16.517178 21.406128 -6.748590
v 16.379971 21.136295 -6.930838
v 16.380894 20.771690 -7.177095
v 16.490528 20.527184 -7.342237
v 16.839710 20.391541 -7.433851
v 18.154453 20.390831 -7.434332
v 18.505283 20.526627 -7.342615
v 18.610973 20.771271 -7.177378
v 18.610172 20.945503 -7.059702
v 18.129921 20.943741 -7.060888
v 18.131138 20.791344 -7.163820
v 16.865597 20.791912 -7.163439
v 16.866440 21.114811 -6.945345
v 18.151535 21.115250 -6.945051
v 18.515583 21.262917 -6.845316
v 18.612225 21.496429 -6.687597
v 18.609245 21.861362 -6.441118
v 18.514004 22.093086 -6.284609
v 18.172493 22.241440 -6.184412
v 16.838467 22.241482 -6.184381
v 16.490887 22.105808 -6.276018
v 16.378166 21.861172 -6.441248
v 16.036018 20.391464 -7.433901
v 16.036118 21.109501 -6.948935
v 15.953126 21.324444 -6.803759
v 15.583699 21.481159 -6.697908
v 15.561162 21.847710 -6.450338
v 15.562001 21.699066 -6.550737
v 16.036198 21.700874 -6.549517
v 16.036221 21.868633 -6.436209
v 15.929959 22.110489 -6.272856
v 15.583650 22.240601 -6.184977
v 15.562470 21.084465 -6.965845
v 15.561421 20.784042 -7.168753
v -22.902027 17.812077 -5.982298
v -22.902027 18.427567 -6.542410
v -19.065289 17.492287 -5.691278
v -19.065289 17.899292 -6.061666
v -19.065289 18.175510 -6.313032
v -19.065289 18.425953 -6.540941
v -15.228541 17.639297 -5.825064
v -15.228541 17.891216 -6.054316
v -15.228541 18.175510 -6.313032
v -15.228541 18.427010 -6.541903
v -26.738773 17.264767 -5.484232
v -26.738773 17.511749 -5.708990
v -26.738773 17.700657 -5.880903
v -26.738773 17.949364 -6.107229
v -26.738773 18.180359 -6.317446
v -26.738773 18.427456 -6.542307
v -23.444790 25.014946 4.070074
v -23.444790 25.034260 4.052275
v -23.444790 25.050117 4.037661
v -23.444790 25.070080 4.019266
v -23.444790 25.062675 4.146944
v -23.444790 25.084633 4.126711
v -23.444790 25.102631 4.110125
v -23.444790 25.125244 4.089285
v -24.202579 18.427311 -6.542177
v -23.843105 18.427525 -6.542372
v -23.498547 17.734402 -5.911608
v -23.156437 18.427593 -6.542433
v -23.000866 18.012245 -6.164454
v -23.369457 17.264618 -5.484095
v -23.630161 17.264648 -5.484121
v -25.977459 17.264767 -5.484232
v -26.311527 17.949234 -6.107111
v -26.312420 18.180286 -6.317377
v -26.283939 18.427376 -6.542234
v -26.064823 18.351685 -6.473352
v -25.980145 18.193260 -6.329184
v -25.978985 17.936283 -6.095327
v -26.037754 17.801140 -5.972342
v -26.296337 17.700577 -5.880831
v -25.978153 17.511597 -5.708849
v -25.389736 17.984909 -6.139582
v -25.317890 18.050961 -6.199686
v -25.315884 17.264763 -5.484224
v -24.983219 17.264656 -5.484125
v -24.983807 18.427441 -6.542295
v -25.330608 18.427372 -6.542231
v -25.831989 17.984756 -6.139441
v -14.917628 17.891216 -6.054316
v -14.916163 18.175480 -6.313005
v -14.866893 18.426373 -6.541323
v -14.668246 18.357395 -6.478552
v -14.574054 18.188442 -6.324800
v -14.577029 17.264656 -5.484129
v -14.919375 17.264679 -5.484148
v -14.917483 17.639126 -5.824907
v -14.008502 18.427502 -6.542353
v -13.669040 17.734470 -5.911676
v -13.323085 18.427402 -6.542261
v -13.011317 18.427639 -6.542475
v -12.670268 17.734661 -5.911844
v -12.323077 18.427608 -6.542448
v -11.965526 18.427509 -6.542356
v -12.543696 17.264687 -5.484159
v -12.802325 17.264843 -5.484297
v -13.169932 18.012161 -6.164377
v -13.542544 17.264713 -5.484182
v -13.803439 17.264656 -5.484133
v -14.369632 18.423126 -6.538370
v -18.529285 18.175159 -6.312712
v -18.528034 17.899185 -6.061567
v -18.511097 18.425812 -6.540812
v -18.313900 18.375912 -6.495401
v -18.187801 18.218376 -6.352041
v -18.186443 17.886150 -6.049707
v -18.292568 17.710320 -5.889696
v -18.506466 17.651516 -5.836180
v -18.190395 17.350166 -5.561945
v -18.189137 17.264660 -5.484133
v -18.540211 17.264469 -5.483961
v -17.964199 17.611740 -5.799982
v -17.962185 17.492920 -5.691858
v -17.877506 17.342319 -5.554804
v -17.640667 17.264648 -5.484125
v -16.658405 17.268333 -5.487474
v -16.461468 17.357971 -5.569048
v -16.392002 17.503571 -5.701548
v -16.391621 17.732738 -5.910097
v -16.497875 17.908752 -6.070276
v -16.714390 17.971817 -6.127665
v -17.623623 17.971886 -6.127726
v -17.622929 18.175358 -6.312891
v -16.731686 18.175243 -6.312792
v -16.732746 18.080139 -6.226240
v -16.391033 18.080101 -6.226206
v -16.389996 18.188236 -6.324610
v -16.485821 18.357204 -6.478380
v -16.711750 18.427425 -6.542284
v -17.666767 18.426563 -6.541498
v -17.893566 18.334522 -6.457735
v -17.959782 18.210072 -6.344484
v -17.961300 17.948006 -6.105997
v -17.894123 17.813099 -5.983229
v -17.638966 17.720009 -5.898512
v -16.732761 17.719814 -5.898336
v -16.734463 17.516521 -5.713335
v -17.625217 17.516457 -5.713274
v -17.623638 17.611797 -5.800039
v -15.806911 18.175282 -6.312822
v -15.807666 17.891277 -6.054373
v -16.143223 18.188492 -6.324846
v -16.059681 18.349854 -6.471689
v -15.820750 18.427452 -6.542307
v -15.807498 17.639015 -5.824808
v -15.810725 17.264584 -5.484064
v -16.148411 17.264481 -5.483973
v -22.845570 18.427593 -6.542433
v -22.500591 17.734509 -5.911707
v -22.157360 18.427418 -6.542276
v -21.797993 18.427315 -6.542181
v -22.370708 17.264717 -5.484186
v -22.629383 17.264660 -5.484133
v -21.240154 17.891346 -6.054438
v -21.239552 18.175419 -6.312948
v -20.348690 18.175308 -6.312845
v -20.349705 17.891129 -6.054235
v -21.241886 17.638882 -5.824686
v -21.240749 17.264698 -5.484167
v -21.579441 17.264507 -5.483995
v -21.579357 18.188396 -6.324755
v -21.482754 18.357384 -6.478540
v -21.284031 18.426529 -6.541468
v -20.332073 18.427467 -6.542322
v -20.103779 18.357212 -6.478388
v -20.008602 18.210201 -6.344599
v -20.006847 17.264599 -5.484076
v -20.350513 17.264496 -5.483980
v -20.350010 17.639133 -5.824915
v -19.419498 17.899105 -6.061495
v -19.419582 18.175270 -6.312815
v -19.419979 17.645782 -5.830965
v -19.421146 17.264549 -5.484034
v -19.758434 17.264568 -5.484053
v -19.757465 18.425713 -6.540720
v -27.763996 18.079990 -6.226107
v -28.106754 18.080181 -6.226278
v -28.106762 18.175533 -6.313051
v -28.999172 18.175407 -6.312937
v -28.997181 17.971977 -6.127810
v -28.087574 17.971756 -6.127611
v -27.860004 17.901810 -6.063955
v -27.763302 17.732712 -5.910074
v -27.764034 17.503506 -5.701487
v -27.840145 17.349922 -5.561724
v -28.085217 17.264736 -5.484201
v -29.011395 17.264641 -5.484114
v -29.258152 17.349930 -5.561731
v -29.334095 17.503391 -5.701384
v -29.334148 17.611752 -5.799994
v -28.997097 17.611729 -5.799974
v -28.995853 17.516331 -5.713160
v -28.105198 17.516479 -5.713297
v -28.106548 17.719933 -5.898443
v -29.011555 17.719982 -5.898489
v -29.267910 17.813004 -5.983141
v -29.335918 17.958725 -6.115751
v -29.335384 18.188251 -6.324625
v -29.269169 18.334412 -6.457636
v -29.028118 18.427197 -6.542070
v -28.089046 18.427540 -6.542383
v -27.842266 18.342152 -6.464678
v -27.764423 18.188293 -6.324663
v -27.520153 17.264725 -5.484190
v -27.521191 17.714958 -5.893915
v -27.462193 17.850159 -6.016954
v -27.203808 17.949200 -6.107080
v -27.187847 18.180317 -6.317404
v -27.189022 18.086521 -6.232046
v -27.522366 18.086399 -6.231939
v -27.522625 18.193378 -6.329290
v -27.447407 18.344265 -6.466600
v -27.204334 18.427494 -6.542341
v -27.186993 17.700466 -5.880728
v -27.186222 17.511593 -5.708849
v 26.432850 26.454273 0.675215
v 26.432850 26.454273 -0.675219
v 23.681629 26.454273 -0.675219
v 23.681629 26.454273 0.675215
v -4.261081 24.752407 4.312010
v -7.012294 24.752407 4.312010
v -23.444790 24.752407 4.312010
v -26.196011 24.752407 4.312010
v 4.497926 24.752407 4.312010
v 7.249143 24.752407 4.312010
v 23.681629 24.752407 4.312010
v 26.432850 24.752407 4.312010
v -4.261081 24.752411 -4.312010
v -7.012294 24.752407 -4.312010
v -23.444790 24.752407 -4.312010
v -26.196011 24.752407 -4.312010
v 4.497926 24.752407 -4.312010
v 7.249143 24.752407 -4.312010
v 23.681629 24.752407 -4.312006
v 26.432850 24.752407 -4.312006
v -26.196011 25.345367 -3.765581
v -23.444790 25.345367 -3.765581
v -26.196011 25.345367 3.765577
v -26.196011 26.454273 0.675215
v -26.196011 26.454273 -0.675219
v -23.444790 25.345367 3.765577
v -23.444790 26.454273 0.675215
v -23.444790 26.454273 -0.675219
v -4.261081 25.345367 3.765581
v -7.012294 25.345367 -3.765581
v -7.012294 25.345367 3.765581
v -7.012294 26.454273 0.675215
v -7.012294 26.454273 -0.675219
v -4.261081 25.345367 -3.765581
v -4.261081 26.454273 -0.675219
v -4.261081 26.454273 0.675215
v 7.249143 25.345367 3.765581
v 4.497926 25.345367 -3.765581
v 7.249143 25.345367 -3.765581
v 7.249143 26.454273 -0.675215
v 7.249143 26.454273 0.675219
v 4.497926 25.345367 3.765581
v 4.497926 26.454273 0.675215
v 4.497926 26.454273 -0.675215
v 23.681629 25.345367 3.765581
v 26.432850 25.345367 -3.765581
v 26.432850 25.345367 3.765581
v 23.681629 25.345367 -3.765581
v 0.118424 19.399723 6.596262
v 0.118424 19.172318 6.596262
v -15.228541 19.172318 6.596262
v -15.228541 19.399723 6.596262
v -22.902027 19.172318 6.596258
v -22.902027 19.399723 6.596258
v -19.065289 19.172318 6.596262
v -19.065289 19.399723 6.596262
v -7.555057 19.172318 6.596262
v -7.555057 19.399723 6.596262
v -11.391803 19.172318 6.596262
v -11.391803 19.399723 6.596262
v -26.738773 19.172318 6.596258
v -26.738773 19.399723 6.596258
v -3.718322 19.172318 6.596262
v -3.718322 19.399723 6.596262
v 15.465390 19.172318 6.596262
v 15.465390 19.399723 6.596262
v 23.138866 19.172318 6.596258
v 23.138866 19.399723 6.596258
v 19.302132 19.172318 6.596262
v 19.302132 19.399723 6.596262
v 7.791909 19.172318 6.596262
v 7.791909 19.399723 6.596262
v 11.628644 19.172318 6.596262
v 11.628644 19.399723 6.596262
v 26.975613 19.172318 6.596258
v 26.975613 19.399723 6.596258
v 3.955167 19.172318 6.596262
v 3.955167 19.399723 6.596262
v 0.118424 19.399723 -6.596262
v 0.118424 19.172318 -6.596262
v -15.228541 19.172318 -6.596262
v -15.228541 19.399723 -6.596262
v -22.902027 19.172318 -6.596262
v -22.902027 19.399723 -6.596262
v -19.065289 19.172318 -6.596262
v -19.065289 19.399723 -6.596262
v -7.555057 19.172318 -6.596262
v -7.555057 19.399723 -6.596262
v -11.391803 19.172318 -6.596262
v -11.391803 19.399723 -6.596262
v -26.738773 19.172318 -6.596258
v -26.738773 19.399723 -6.596258
v -3.718322 19.172318 -6.596262
v -3.718322 19.399723 -6.596262
v 15.465390 19.172318 -6.596262
v 15.465390 19.399723 -6.596262
v 23.138866 19.172318 -6.596262
v 23.138866 19.399723 -6.596262
v 19.302132 19.172318 -6.596262
v 19.302132 19.399723 -6.596262
v 7.791902 19.172318 -6.596262
v 7.791902 19.399723 -6.596262
v 11.628644 19.172318 -6.596262
v 11.628644 19.399723 -6.596262
v 26.975613 19.172318 -6.596258
v 26.975613 19.399723 -6.596258
v 3.955167 19.172318 -6.596262
v 3.955167 19.399723 -6.596262
v -30.489063 19.172318 6.596258
v -30.489063 19.399723 6.596258
v 30.725914 19.172318 6.596258
v 30.725914 19.399723 6.596258
v -30.489063 19.172318 -6.596258
v -30.489063 19.399723 -6.596258
v 30.725914 19.172318 -6.596258
v 30.725914 19.399723 -6.596258
v -26.528812 16.804668 3.653425
v -21.222675 16.804668 3.653425
v -15.916537 16.804668 3.653425
v -10.610400 16.804668 3.653425
v -5.304263 16.804668 3.653425
v 0.001870 16.804668 3.653425
v 5.308007 16.804668 3.653425
v 10.614144 16.804668 3.653425
v 15.920278 16.804668 3.653425
v 21.226414 16.804668 3.653425
v 26.532551 16.804668 3.653425
v 26.532551 16.804668 0.027349
v 21.226414 16.804668 0.027349
v 15.920278 16.804668 0.027349
v 10.614141 16.804668 0.027349
v 5.308003 16.804668 0.027349
v 0.001866 16.804668 0.027349
v -5.304271 16.804668 0.027349
v -10.610408 16.804668 0.027349
v -15.916545 16.804668 0.027349
v -21.222683 16.804668 0.027349
v -26.528812 16.804668 0.027349
v -26.528812 16.804668 0.155066
v -21.222675 16.804668 0.155066
v -15.916537 16.804668 0.155066
v -10.610400 16.804668 0.155066
v -5.304263 16.804668 0.155066
v 0.001870 16.804668 0.155066
v 5.308007 16.804668 0.155066
v 10.614144 16.804668 0.155066
v 15.920278 16.804668 0.155066
v 21.226414 16.804668 0.155066
v 26.532551 16.804668 0.155066
v 26.532551 16.804668 3.368578
v 21.226414 16.804668 3.368578
v 15.920278 16.804668 3.368578
v 10.614141 16.804668 3.368578
v 5.308003 16.804668 3.368578
v 0.001866 16.804668 3.368578
v -5.304271 16.804668 3.368578
v -10.610408 16.804668 3.368578
v -15.916545 16.804668 3.368578
v -21.222683 16.804668 3.368578
v -26.528812 16.804668 3.368578
v -26.528812 16.804668 3.496298
v -21.222675 16.804668 3.496298
v -15.916537 16.804668 3.496298
v -10.610400 16.804668 3.496298
v -5.304263 16.804668 3.496298
v 0.001870 16.804668 3.496298
v 5.308007 16.804668 3.496298
v 10.614144 16.804668 3.496298
v 15.920278 16.804668 3.496298
v 21.226414 16.804668 3.496298
v 26.532551 16.804668 3.496298
v 26.532551 16.804668 0.000086
v 21.226414 16.804668 0.000086
v 15.920278 16.804668 0.000086
v 10.614141 16.804668 0.000086
v 5.308003 16.804668 0.000086
v 0.001866 16.804668 0.000086
v -5.304271 16.804668 0.000086
v -10.610408 16.804668 0.000086
v -15.916545 16.804668 0.000086
v -21.222683 16.804668 0.000086
v -26.528812 16.804668 0.000086
v -26.528812 16.804668 -3.653254
v -21.222675 16.804668 -3.653254
v -15.916537 16.804668 -3.653254
v -10.610400 16.804668 -3.653254
v -5.304263 16.804668 -3.653254
v 0.001870 16.804668 -3.653254
v 5.308007 16.804668 -3.653254
v 10.614144 16.804668 -3.653254
v 15.920278 16.804668 -3.653254
v 21.226414 16.804668 -3.653254
v 26.532551 16.804668 -3.653254
v 26.532551 16.804668 -0.027178
v 21.226414 16.804668 -0.027178
v 15.920278 16.804668 -0.027178
v 10.614141 16.804668 -0.027178
v 5.308003 16.804668 -0.027178
v 0.001866 16.804668 -0.027178
v -5.304271 16.804668 -0.027178
v -10.610408 16.804668 -0.027178
v -15.916545 16.804668 -0.027178
v -21.222683 16.804668 -0.027178
v -26.528812 16.804668 -0.027178
v -26.528812 16.804668 -0.154894
v -21.222675 16.804668 -0.154894
v -15.916537 16.804668 -0.154894
v -10.610400 16.804668 -0.154894
v -5.304263 16.804668 -0.154894
v 0.001870 16.804668 -0.154894
v 5.308007 16.804668 -0.154894
v 10.614144 16.804668 -0.154894
v 15.920278 16.804668 -0.154894
v 21.226414 16.804668 -0.154894
v 26.532551 16.804668 -0.154894
v 26.532551 16.804668 -3.368410
v 21.226414 16.804668 -3.368410
v 15.920278 16.804668 -3.368410
v 10.614141 16.804668 -3.368410
v 5.308003 16.804668 -3.368410
v 0.001866 16.804668 -3.368410
v -5.304271 16.804668 -3.368410
v -10.610408 16.804668 -3.368410
v -15.916545 16.804668 -3.368410
v -21.222683 16.804668 -3.368410
v -26.528812 16.804668 -3.368410
v -26.528812 16.804668 -3.496126
v -21.222675 16.804668 -3.496126
v -15.916537 16.804668 -3.496126
v -10.610400 16.804668 -3.496126
v -5.304263 16.804668 -3.496126
v 0.001870 16.804668 -3.496126
v 5.308007 16.804668 -3.496126
v 10.614144 16.804668 -3.496126
v 15.920278 16.804668 -3.496126
v 21.226414 16.804668 -3.496126
v 26.532551 16.804668 -3.496126
v 26.458847 15.301174 0.618898
v 21.674675 15.301174 0.618898
v 16.890503 15.301174 0.618898
v 12.106332 15.301174 0.618898
v 7.322160 15.301174 0.618898
v 2.537988 15.301174 0.618898
v -2.246188 15.301174 0.618898
v -7.030360 15.301174 0.618898
v -11.814532 15.301174 0.618898
v -16.598705 15.301174 0.618898
v -21.382877 15.301174 0.618898
v -26.167049 15.301174 0.618898
v -26.167049 16.308598 0.618898
v -21.382877 16.308598 0.618898
v -16.598705 16.308598 0.618898
v -11.814532 16.308598 0.618898
v -7.030360 16.308598 0.618898
v -2.246188 16.308598 0.618898
v 2.537984 16.308598 0.618898
v 7.322160 16.308598 0.618898
v 12.106332 16.308598 0.618898
v 16.890503 16.308598 0.618898
v 21.674675 16.308598 0.618898
v 26.458847 16.308598 0.618898
v -26.167049 15.301174 2.781092
v -21.382877 15.301174 2.781092
v -16.598705 15.301174 2.781092
v -11.814532 15.301174 2.781092
v -7.030360 15.301174 2.781092
v -2.246188 15.301174 2.781092
v 2.537984 15.301174 2.781092
v 7.322160 15.301174 2.781092
v 12.106332 15.301174 2.781092
v 16.890503 15.301174 2.781092
v 21.674675 15.301174 2.781092
v 26.458847 15.301174 2.781092
v 26.458847 16.308598 2.781092
v 21.674675 16.308598 2.781092
v 16.890503 16.308598 2.781092
v 12.106332 16.308598 2.781092
v 7.322160 16.308598 2.781092
v 2.537988 16.308598 2.781092
v -2.246188 16.308598 2.781092
v -7.030360 16.308598 2.781092
v -11.814532 16.308598 2.781092
v -16.598705 16.308598 2.781092
v -21.382877 16.308598 2.781092
v -26.167049 16.308598 2.781092
v 26.458847 15.301174 -0.618898
v 21.674675 15.301174 -0.618898
v 16.890503 15.301174 -0.618898
v 12.106332 15.301174 -0.618898
v 7.322160 15.301174 -0.618898
v 2.537988 15.301174 -0.618898
v -2.246188 15.301174 -0.618898
v -7.030360 15.301174 -0.618898
v -11.814532 15.301174 -0.618898
v -16.598705 15.301174 -0.618898
v -21.382877 15.301174 -0.618898
v -26.167049 15.301174 -0.618898
v -26.167049 16.308598 -0.618898
v -21.382877 16.308598 -0.618898
v -16.598705 16.308598 -0.618898
v -11.814532 16.308598 -0.618898
v -7.030360 16.308598 -0.618898
v -2.246188 16.308598 -0.618898
v 2.537984 16.308598 -0.618898
v 7.322160 16.308598 -0.618898
v 12.106332 16.308598 -0.618898
v 16.890503 16.308598 -0.618898
v 21.674675 16.308598 -0.618898
v 26.458847 16.308598 -0.618898
v -26.167049 15.301174 -2.781092
v -21.382877 15.301174 -2.781092
v -16.598705 15.301174 -2.781092
v -11.814532 15.301174 -2.781092
v -7.030360 15.301174 -2.781092
v -2.246188 15.301174 -2.781092
v 2.537984 15.301174 -2.781092
v 7.322160 15.301174 -2.781092
v 12.106332 15.301174 -2.781092
v 16.890503 15.301174 -2.781092
v 21.674675 15.301174 -2.781092
v 26.458847 15.301174 -2.781092
v 26.458847 16.308598 -2.781092
v 21.674675 16.308598 -2.781092
v 16.890503 16.308598 -2.781092
v 12.106332 16.308598 -2.781092
v 7.322160 16.308598 -2.781092
v 2.537988 16.308598 -2.781092
v -2.246188 16.308598 -2.781092
v -7.030360 16.308598 -2.781092
v -11.814532 16.308598 -2.781092
v -16.598705 16.308598 -2.781092
v -21.382877 16.308598 -2.781092
v -26.167049 16.308598 -2.781092
v -15.228541 24.323494 5.143064
v -15.228541 25.863060 3.724310
v -15.228541 25.714718 3.365454
v -15.228541 24.323494 4.647501
v -15.228541 24.935581 5.094339
v -15.228541 25.764587 4.330385
v -15.228541 25.084137 4.957441
v -15.228541 25.616032 4.467283
v -15.228541 25.014450 4.881819
v -15.228541 25.546345 4.391665
v -15.274396 26.632847 -1.347849
v -15.274396 26.410328 -1.217978
v -15.274396 26.410328 1.217978
v -15.274396 26.632847 1.347849
v -15.274396 27.011803 -0.725775
v -15.274396 27.011803 0.725775
v -15.274396 27.011803 -0.523760
v -15.274396 27.011803 0.523756
v -15.274396 26.908970 -0.523760
v -15.274396 26.908970 0.523756
v -15.228541 24.323494 -4.647501
v -15.228541 25.714718 -3.365458
v -15.228541 25.863064 -3.724314
v -15.228541 24.323494 -5.143064
v -15.228541 25.764587 -4.330385
v -15.228541 24.935581 -5.094339
v -15.228541 25.616032 -4.467287
v -15.228541 25.084137 -4.957438
v -15.228541 25.546345 -4.391665
v -15.228541 25.014454 -4.881819
v -19.065285 25.863060 3.724310
v -19.065285 25.714718 3.365454
v -19.065285 24.323494 4.647501
v -19.065285 25.764587 4.330385
v -19.065285 25.616032 4.467283
v -19.065285 25.546345 4.391665
v -19.065285 24.323494 5.143064
v -19.065285 24.935581 5.094339
v -19.065285 25.084137 4.957441
v -19.065285 25.014450 4.881819
v -19.089642 26.410328 -1.217978
v -19.089642 26.410328 1.217978
v -19.089642 26.632847 1.347849
v -19.089642 27.011803 0.725775
v -19.089642 27.011803 0.523756
v -19.089642 26.908970 0.523756
v -19.089642 26.632847 -1.347849
v -19.089642 27.011803 -0.725775
v -19.089642 27.011803 -0.523760
v -19.089642 26.908970 -0.523760
v -19.065285 25.714718 -3.365454
v -19.065285 25.863060 -3.724314
v -19.065285 24.323494 -5.143064
v -19.065285 25.764587 -4.330385
v -19.065285 24.935581 -5.094339
v -19.065285 25.616032 -4.467287
v -19.065285 25.084137 -4.957438
v -19.065285 25.546345 -4.391665
v -19.065285 25.014454 -4.881819
v -19.065285 24.323494 -4.647501
v -11.391799 24.323494 -4.647501
v -11.391799 25.714718 -3.365458
v -11.391799 25.863064 -3.724314
v -11.391799 24.323494 -5.143064
v -11.391799 25.764591 -4.330385
v -11.391799 24.935581 -5.094339
v -11.391799 25.616032 -4.467287
v -11.391799 25.084137 -4.957438
v -11.391799 25.546345 -4.391665
v -11.391799 25.014454 -4.881819
v -11.414726 26.632847 -1.347849
v -11.414726 27.011803 -0.725775
v -11.414726 27.011803 -0.523760
v -11.414726 26.908970 -0.523760
v -11.414726 26.410328 -1.217978
v -11.414726 26.410328 1.217978
v -11.414726 26.632847 1.347849
v -11.414726 27.011803 0.725775
v -11.414726 27.011803 0.523756
v -11.414726 26.908970 0.523756
v -11.391799 24.323494 5.143064
v -11.391799 24.935581 5.094339
v -11.391799 25.084137 4.957441
v -11.391799 25.014450 4.881819
v -11.391799 25.863064 3.724314
v -11.391799 25.714718 3.365454
v -11.391799 24.323494 4.647501
v -11.391799 25.764587 4.330385
v -11.391799 25.616032 4.467283
v -11.391799 25.546345 4.391665
v 0.106617 24.323494 5.143068
v 0.106617 25.863064 3.724314
v 0.106617 25.714718 3.365454
v 0.106617 24.323494 4.647505
v 0.106617 24.935581 5.094339
v 0.106617 25.764587 4.330389
v 0.106617 25.084137 4.957441
v 0.106617 25.616032 4.467287
v 0.106617 25.014450 4.881823
v 0.106617 25.546345 4.391668
v 0.114226 26.632847 -1.347849
v 0.114226 26.410328 -1.217978
v 0.114226 26.410328 1.217978
v 0.114226 26.632847 1.347853
v 0.114226 27.011803 -0.725775
v 0.114226 27.011803 0.725775
v 0.114226 27.011803 -0.523760
v 0.114226 27.011803 0.523756
v 0.114226 26.908970 -0.523760
v 0.114226 26.908970 0.523756
v 0.118423 24.323494 -4.647501
v 0.118423 25.714718 -3.365454
v 0.118423 25.863064 -3.724314
v 0.118423 24.323494 -5.143068
v 0.118423 25.764587 -4.330389
v 0.118423 24.935581 -5.094339
v 0.118423 25.616032 -4.467287
v 0.118423 25.084137 -4.957441
v 0.118423 25.546345 -4.391665
v 0.118423 25.014454 -4.881823
v 15.465384 24.323494 -5.143064
v 15.465384 25.863064 -3.724314
v 15.465384 25.714718 -3.365454
v 15.465384 24.323494 -4.647501
v 15.465384 24.935581 -5.094339
v 15.465384 25.764587 -4.330385
v 15.465384 25.084137 -4.957441
v 15.465384 25.616032 -4.467287
v 15.465384 25.014450 -4.881819
v 15.465384 25.546345 -4.391665
v 15.413244 26.410328 1.217978
v 15.413244 26.632847 1.347853
v 15.413244 26.632847 -1.347849
v 15.413244 26.410328 -1.217974
v 15.413244 27.011803 0.725775
v 15.413244 27.011803 -0.725771
v 15.413244 27.011803 0.523756
v 15.413244 27.011803 -0.523760
v 15.413244 26.908970 0.523756
v 15.413244 26.908970 -0.523760
v 15.412587 24.323494 4.647501
v 15.412587 25.714718 3.365454
v 15.412587 25.863064 3.724314
v 15.412587 24.323494 5.143064
v 15.412587 25.764587 4.330389
v 15.412587 24.935581 5.094339
v 15.412587 25.616032 4.467287
v 15.412587 25.084137 4.957441
v 15.412587 25.546345 4.391668
v 15.412587 25.014450 4.881819
v 11.602572 26.632847 1.347853
v 11.602572 26.632847 -1.347849
v 11.602572 26.410328 -1.217974
v 11.602572 27.011803 0.725775
v 11.602572 27.011803 -0.725771
v 11.602572 27.011803 0.523756
v 11.602572 27.011803 -0.523760
v 11.602572 26.908970 0.523756
v 11.602572 26.908970 -0.523760
v 11.602572 26.410328 1.217978
v 11.628643 24.323494 -5.143064
v 11.628643 24.935581 -5.094339
v 11.628643 25.084137 -4.957441
v 11.628643 25.014450 -4.881819
v 11.628643 25.863064 -3.724314
v 11.628643 25.714718 -3.365454
v 11.628643 24.323494 -4.647501
v 11.628643 25.764587 -4.330385
v 11.628643 25.616032 -4.467287
v 11.628643 25.546345 -4.391665
v 11.602244 24.323494 4.647501
v 11.602244 25.714718 3.365454
v 11.602244 25.863064 3.724314
v 11.602244 24.323494 5.143064
v 11.602244 25.764587 4.330389
v 11.602244 24.935581 5.094339
v 11.602244 25.616032 4.467287
v 11.602244 25.084137 4.957441
v 11.602244 25.546345 4.391668
v 11.602244 25.014450 4.881823
v 19.275726 25.714718 3.365454
v 19.275726 25.863064 3.724314
v 19.275726 24.323494 5.143064
v 19.275726 25.764587 4.330389
v 19.275726 24.935581 5.094339
v 19.275726 25.616032 4.467287
v 19.275726 25.084137 4.957441
v 19.275726 25.546345 4.391668
v 19.275726 25.014450 4.881819
v 19.275726 24.323494 4.647501
v 19.276054 26.410328 1.217978
v 19.276054 26.632847 1.347853
v 19.276054 26.632847 -1.347849
v 19.276054 26.410328 -1.217974
v 19.276054 27.011803 0.725775
v 19.276054 27.011803 -0.725771
v 19.276054 27.011803 0.523756
v 19.276054 27.011803 -0.523760
v 19.276054 26.908970 0.523756
v 19.276054 26.908970 -0.523760
v 19.302124 25.863064 -3.724314
v 19.302124 25.714718 -3.365454
v 19.302124 24.323494 -4.647501
v 19.302124 25.764587 -4.330385
v 19.302124 25.616032 -4.467287
v 19.302124 25.546345 -4.391665
v 19.302124 24.323494 -5.143064
v 19.302124 24.935581 -5.094339
v 19.302124 25.084137 -4.957441
v 19.302124 25.014450 -4.881819
v 0.118423 25.714718 3.365454
v 0.118423 26.410328 1.217978
v 0.118423 25.714718 -3.365454
v 0.118423 26.410328 -1.217978
v -15.228541 25.714718 -3.365458
v -15.228541 26.410328 -1.217978
v -19.065285 25.714718 -3.365454
v -19.065285 26.410328 -1.217978
v -11.391799 25.714718 -3.365458
v -11.391799 26.410328 -1.217978
v -15.228541 25.714718 3.365454
v -15.228541 26.410328 1.217978
v -11.391799 25.714718 3.365454
v -11.391799 26.410328 1.217978
v -19.065285 25.714718 3.365454
v -19.065285 26.410328 1.217978
v 15.465384 25.714718 3.365454
v 15.465384 26.410328 1.217978
v 11.628643 25.714718 3.365454
v 11.628643 26.410328 1.217978
v 19.302124 25.714718 3.365454
v 19.302124 26.410328 1.217978
v 15.465384 25.714718 -3.365454
v 15.465384 26.410328 -1.217974
v 11.628643 26.410328 -1.217974
v 11.628643 25.714718 -3.365454
v 19.302124 25.714718 -3.365454
v 19.302124 26.410328 -1.217974
v 15.465384 24.323494 -4.647501
v 15.465384 23.853043 -5.062174
v 19.302124 24.323494 -4.647501
v 19.302124 23.853043 -5.062174
v 11.628643 23.853043 -5.062174
v 11.628643 24.323494 -4.647501
v 0.118423 24.323494 -4.647501
v 0.118423 23.853039 -5.062174
v -15.228541 24.323494 -4.647501
v -15.228541 23.853039 -5.062174
v -11.391799 24.323494 -4.647501
v -11.391799 23.853039 -5.062174
v -19.065285 24.323494 -4.647501
v -19.065285 23.853039 -5.062174
v 15.465384 24.323494 4.647501
v 15.465384 23.853039 5.062174
v 19.302124 24.323494 4.647501
v 19.302124 23.853039 5.062174
v 11.628643 24.323494 4.647501
v 11.628643 23.853039 5.062174
v 0.118423 24.323494 4.647505
v 0.118423 23.853039 5.062174
v -15.228541 24.323494 4.647501
v -15.228541 23.853039 5.062174
v -11.391799 23.853039 5.062174
v -11.391799 24.323494 4.647501
v -19.065285 24.323494 4.647501
v -19.065285 23.853039 5.062174
vn -0.0000 -0.0000 1.0000
vn -0.0000 -0.0000 -1.0000
vn -0.0000 1.0000 -0.0000
vn -1.0000 -0.0000 -0.0000
vn 1.0000 -0.0000 -0.0000
vn -0.0000 -1.0000 -0.0000
vn -0.0000 -0.9513 0.3082
vn 0.0056 0.8287 0.5597
vn -0.0000 -0.8714 0.4906
vn -0.0000 0.9657 -0.2598
vn -0.0000 0.6731 -0.7396
vn -0.0000 0.6254 -0.7803
vn -0.0000 -0.9657 0.2598
vn -0.0000 0.7396 0.6731
vn -0.0000 -0.9939 -0.1100
vn -0.0000 -0.5597 -0.8287
vn -0.0000 0.9939 0.1100
vn 0.0056 -0.7396 0.6730
vn -0.0000 -0.4168 0.9090
vn -0.0000 -0.8287 0.5597
vn -0.3829 0.5170 0.7655
vn -0.0000 0.7396 -0.6731
vn -0.0000 0.9657 0.2598
vn -0.0000 -0.8287 -0.5597
vn -0.0000 0.8287 -0.5597
vn -0.0000 0.8990 0.4380
vn -0.0000 -0.6777 -0.7354
vn -0.0000 -0.9657 -0.2598
vn -0.0000 -0.7396 -0.6731
vn -0.0000 -0.9966 0.0818
vn -0.0000 0.8287 0.5597
vn -0.0000 -0.7396 0.6731
vn 0.6383 0.4309 0.6379
vn -0.0000 0.6612 0.7502
vn -0.0000 0.9242 0.3820
vn -0.0000 -0.6612 -0.7502
vn -0.0000 0.5597 0.8287
vn -0.6382 0.4309 0.6380
vn 0.6382 0.4309 0.6380
vn 0.3829 0.5170 0.7655
vn -0.6383 0.4309 0.6379
vn -0.0000 -0.6730 0.7396
vn -0.0000 -0.6731 0.7396
vn -0.0000 0.9966 -0.0818
vn 0.9998 -0.0157 0.0086
vn 0.0058 0.7396 0.6730
vn 0.0026 -0.8287 0.5597
vn -0.0000 0.8540 0.5202
vn -0.0000 -0.6777 0.7354
vn -0.0000 -0.8714 -0.4906
vn -0.0000 -0.5597 0.8287
vn -0.0000 0.6731 0.7396
vn 0.0057 0.8287 -0.5597
vn -0.0000 -0.9939 0.1100
vn -1.0000 -0.0036 0.0024
vn -0.0000 0.9939 -0.1100
vn -0.0000 -0.4168 -0.9090
vn -0.0054 0.8287 0.5597
vn -0.3829 0.5170 -0.7655
vn 0.0077 -0.7396 -0.6730
vn -0.0056 -0.7396 0.6730
vn -0.0000 0.8990 -0.4380
vn -0.0000 -0.9966 -0.0818
vn 0.6383 0.4309 -0.6379
vn -0.0000 0.6612 -0.7502
vn -0.0000 -0.6612 0.7502
vn -0.0000 0.5597 -0.8287
vn -0.6382 0.4309 -0.6380
vn 0.6382 0.4309 -0.6380
vn 0.3829 0.5170 -0.7655
vn -0.6383 0.4309 -0.6379
vn -0.0000 -0.6731 -0.7396
vn -0.0000 -0.6730 -0.7396
vn -0.0000 0.9966 0.0818
vn 0.9997 0.0216 -0.0142
vn -0.0185 -0.4905 0.8713
vn -0.0000 -0.7354 -0.6777
vn -0.0000 -0.7354 0.6777
vn -0.0000 0.9513 -0.3082
vn -0.0000 0.8540 -0.5202
vn -0.0000 0.9513 0.3082
vn -0.0000 0.9871 -0.1604
vn -0.0000 0.9871 0.1604
vn -0.0000 0.9242 -0.3820
vn -0.0000 -0.9513 -0.3082
vn -0.0000 0.7354 -0.6777
vn -0.0000 -0.5041 -0.8637
vn -0.0000 0.0794 -0.9968
vn -0.0000 0.0794 0.9968
vn -0.0000 -0.5041 0.8637
vn -0.8740 0.4860 -0.0000
vn -0.0000 0.6730 -0.7396
vn -0.0000 0.6730 0.7396
vn -0.0000 -0.5412 0.8409
vn -0.0000 -0.5577 -0.8300
vn 0.0046 0.6783 -0.7348
vn 0.0007 -0.5625 -0.8268
vn 0.0001 -0.5577 -0.8300
vn -0.0046 0.6783 -0.7348
vn -0.0007 -0.5625 -0.8268
vn -0.0000 -0.5552 0.8317
vn 0.0017 -0.5660 0.8244
vn -0.0000 -0.5551 0.8318
vn -0.0016 -0.5663 0.8242
vn 0.0010 -0.8287 -0.5597
vn -0.0026 -0.8287 0.5597
vn 0.0026 0.7396 -0.6731
vn -0.0058 0.7396 0.6730
vn -0.0077 -0.7396 -0.6730
vn -0.0057 0.8287 -0.5597
vn -0.0010 -0.8287 -0.5597
vn -0.0030 0.7396 -0.6730
vn -0.0000 -0.5515 -0.8342
vn -0.0000 0.7354 0.6777
vn -0.0000 0.6928 -0.7211
vn -0.0000 0.6928 0.7211
vn -0.0000 0.7353 0.6777
vn -0.0000 0.7354 -0.6776
vn -0.0030 -0.6471 0.7624
vn 1.0000 -0.0007 0.0004
vn -1.0000 0.0050 -0.0027
vn 0.8740 0.4860 -0.0000
vn -1.0000 -0.0033 0.0022
vn -1.0000 -0.0039 0.0021
vn 0.0150 -0.4903 -0.8715
vn -1.0000 -0.0050 -0.0000
vn 0.9995 0.0317 -0.0000
vn 0.0150 -0.4903 0.8714
vn -1.0000 -0.0049 -0.0000
vn 0.9998 -0.0191 -0.0000
vn 0.0148 -0.3256 0.9454
vn 0.0148 -0.3256 -0.9454
vn -0.0000 0.5328 -0.8462
vn 1.0000 -0.0009 -0.0000
vn -0.0185 -0.4905 -0.8713
vn 0.9998 -0.0157 -0.0086
vn -1.0000 -0.0039 -0.0021
vn 0.9997 0.0216 0.0142
vn -1.0000 -0.0036 -0.0024
vn -1.0000 -0.0048 -0.0000
vn -0.0183 -0.3254 -0.9454
vn -1.0000 0.0061 -0.0000
vn -0.0183 -0.3254 0.9454
vn -0.9149 0.4036 -0.0000
vn -0.0000 0.5328 0.8462
vn 0.9149 0.4036 -0.0000
vn -0.0000 0.6777 0.7354
vn -0.0000 0.6777 -0.7354
vn -0.0000 -0.9819 0.1894
vn -0.0000 -0.9819 -0.1894
vn -0.0164 0.4902 -0.8714
vn -0.0162 0.3256 -0.9454
vn -0.0164 0.4902 0.8714
vn -0.0162 0.3256 0.9454
vn -0.0000 -0.9617 -0.2739
vn 0.0203 0.4904 0.8712
vn 0.0199 0.3254 0.9454
vn 0.0203 0.4904 -0.8712
vn 0.0199 0.3254 -0.9454
vn 1.0000 -0.0007 -0.0004
vn -1.0000 -0.0033 -0.0022
vn -1.0000 0.0050 0.0027
vn -0.0000 -0.9617 0.2739
vn 0.0014 -0.5603 -0.8283
vn 0.0001 -0.5599 -0.8286
vn -0.0001 -0.5599 -0.8286
vn 0.0001 -0.5602 -0.8283
vn -0.0014 -0.5603 -0.8283
vn 0.0001 -0.5599 -0.8285
vn -0.0001 -0.5602 -0.8283
vn 0.0032 -0.5610 0.8278
vn 0.0002 -0.5601 0.8284
vn -0.0002 -0.5601 0.8284
vn 0.0002 -0.5610 0.8278
vn -0.0032 -0.5610 0.8278
vn -0.0002 -0.5610 0.8278
vn -0.0000 0.9241 0.3820
vt 0.829070 0.824095
vt 0.829070 0.827677
vt 0.883506 0.824095
vt 0.883506 0.827677
vt 0.856288 0.824095
vt 0.856288 0.827677
vt 0.774633 0.824095
vt 0.774633 0.827677
vt 0.801851 0.824095
vt 0.801851 0.827677
vt 0.910725 0.824095
vt 0.910725 0.827677
vt 0.747415 0.824095
vt 0.747415 0.827677
vt 0.935297 0.827677
vt 0.722842 0.827677
vt 0.722842 0.824095
vt 0.935297 0.824095
vt 0.708323 0.802247
vt 0.708323 0.798665
vt 0.653887 0.802247
vt 0.653887 0.798665
vt 0.681105 0.802247
vt 0.681105 0.798665
vt 0.762759 0.802247
vt 0.762759 0.798665
vt 0.735541 0.802247
vt 0.735541 0.798665
vt 0.626669 0.802247
vt 0.626669 0.798665
vt 0.789977 0.802247
vt 0.789977 0.798665
vt 0.602097 0.798665
vt 0.814549 0.798665
vt 0.814549 0.802247
vt 0.602097 0.802247
vt 0.829068 0.814962
vt 0.829068 0.811380
vt 0.883504 0.814962
vt 0.883504 0.811380
vt 0.856286 0.814962
vt 0.856286 0.811380
vt 0.774632 0.814962
vt 0.774632 0.811380
vt 0.801850 0.814962
vt 0.801850 0.811380
vt 0.910722 0.814962
vt 0.910722 0.811380
vt 0.747414 0.814962
vt 0.747414 0.811380
vt 0.935295 0.811380
vt 0.722842 0.811380
vt 0.722842 0.814962
vt 0.935295 0.814962
vt 0.450799 0.540057
vt -0.000868 0.540057
vt 0.450799 0.565779
vt 0.450799 0.564873
vt -0.000868 0.564873
vt -0.000868 0.565779
vt -0.000868 0.541172
vt -0.000868 0.542078
vt 0.450799 0.542078
vt 0.450799 0.541172
vt 0.450799 0.565972
vt -0.000868 0.565972
vt 0.450799 0.591887
vt -0.000868 0.591887
vt 0.450799 0.566166
vt 0.450799 0.567071
vt -0.000868 0.567071
vt -0.000868 0.566166
vt -0.000868 0.590772
vt -0.000868 0.589866
vt 0.450799 0.589866
vt 0.450799 0.590772
vt 0.479461 0.444625
vt 0.440347 0.122590
vt 0.440304 0.240578
vt 0.479461 0.451771
vt 0.440347 0.115445
vt -0.000868 0.289518
vt 0.464123 0.444625
vt 0.440304 0.255915
vt 0.449439 0.288577
vt 0.464123 0.451771
vt -0.000868 0.304856
vt 0.449439 0.281432
vt 0.947753 0.382119
vt -0.000868 0.240578
vt -0.000868 0.122590
vt 0.947753 0.389265
vt 0.440306 0.289518
vt -0.000868 0.115445
vt 0.890646 0.288577
vt 0.963091 0.382119
vt -0.000868 0.255915
vt 0.890646 0.281432
vt 0.963091 0.389265
vt 0.440306 0.304856
vt 0.939611 0.297518
vt 0.890648 0.297710
vt 0.440305 0.280385
vt 0.939611 0.304664
vt 0.890648 0.304856
vt -0.000868 0.231445
vt 0.954949 0.297518
vt 0.440305 0.265048
vt 0.890652 0.231445
vt 0.954949 0.304664
vt -0.000868 0.216108
vt 0.890652 0.224300
vt 0.960338 0.945974
vt -0.000868 0.280385
vt 0.449439 0.297710
vt 0.960338 0.953120
vt 0.440304 0.231445
vt 0.449439 0.304856
vt 0.449436 0.231445
vt 0.945000 0.945974
vt -0.000868 0.265048
vt 0.449436 0.224300
vt 0.945000 0.953120
vt 0.440304 0.216108
vt 0.982965 0.386238
vt 0.508207 0.836810
vt -0.000868 0.530925
vt 0.530659 0.538437
vt 0.449438 0.272299
vt 0.008499 0.141282
vt 0.529460 0.496000
vt -0.000868 0.505009
vt 0.504742 0.538437
vt 0.216858 0.530925
vt 0.725951 0.836810
vt 0.733230 0.891393
vt 0.225788 0.141715
vt 0.216858 0.505009
vt 0.972787 0.386238
vt -0.000868 0.203349
vt 0.540652 0.536510
vt 0.011368 0.989643
vt -0.000868 0.040514
vt 0.986180 0.312850
vt 0.249882 0.040679
vt 0.250226 0.989474
vt 0.223729 0.203349
vt 0.983225 0.387590
vt 0.508207 0.838186
vt -0.000868 0.193041
vt 0.223729 0.193041
vt 0.725951 0.838186
vt 0.979176 0.388371
vt -0.000868 0.197295
vt 0.223729 0.197295
vt -0.000833 0.756139
vt -0.000868 0.206975
vt 0.544167 0.536510
vt 0.962021 0.166567
vt 0.003606 0.761698
vt 0.582540 0.667582
vt 0.792610 0.667582
vt 0.952395 0.028097
vt 0.227807 0.761698
vt 0.223729 0.206975
vt 0.232247 0.756139
vt 0.250226 0.944900
vt 0.723088 0.069306
vt 0.011368 0.944757
vt 0.959969 0.069211
vt 0.979764 0.332087
vt 0.717792 0.316404
vt 0.230388 0.806102
vt 0.883219 0.048753
vt 0.512756 0.038576
vt 0.001026 0.806103
vt 0.521321 0.101597
vt 0.482058 0.010756
vt 0.011368 0.965432
vt 0.957505 0.332087
vt 0.718928 0.010837
vt 0.250202 0.965474
vt 0.229415 0.782592
vt 0.577978 0.419538
vt 0.775315 0.597364
vt 0.592594 0.816369
vt 0.001999 0.782592
vt 0.562878 0.597364
vt 0.250210 0.975355
vt 0.249888 0.050824
vt 0.573128 0.513588
vt 0.229415 0.778758
vt 0.574396 0.419538
vt 0.785563 0.513588
vt 0.589012 0.816369
vt 0.001999 0.778758
vt 0.500610 0.050483
vt 0.011368 0.975292
vt 0.968370 0.312850
vt 0.319189 0.424502
vt 0.806229 0.376136
vt 0.009064 0.937861
vt 0.540652 0.484681
vt 0.232247 0.811612
vt 0.319189 0.428017
vt 0.806229 0.379651
vt -0.000833 0.811612
vt 0.544167 0.484681
vt 0.107995 0.505009
vt 0.107995 0.530925
vt 0.617079 0.836810
vt 0.116927 0.141282
vt 0.568622 0.272299
vt 0.111431 0.203349
vt 0.129645 0.989643
vt 0.123297 0.040514
vt 0.111431 0.193041
vt 0.617079 0.838186
vt 0.111431 0.197295
vt 0.115707 0.756139
vt 0.111431 0.206975
vt 0.115707 0.761698
vt 0.687575 0.667582
vt 0.129645 0.944757
vt 0.842671 0.069211
vt 0.115707 0.806815
vt 0.101756 0.469961
vt 0.115707 0.782592
vt 0.669097 0.597364
vt 0.129645 0.965432
vt 0.599363 0.010756
vt 0.129645 0.975292
vt 0.376450 0.050484
vt 0.115707 0.778758
vt 0.679345 0.513588
vt 0.844396 0.618660
vt 0.129645 0.937861
vt 0.844396 0.622175
vt 0.115707 0.811612
vt 0.053564 0.505009
vt 0.062496 0.141282
vt 0.508792 0.272299
vt 0.069354 0.989643
vt 0.060005 0.040514
vt 0.057437 0.761698
vt 0.632978 0.667582
vt 0.069354 0.944757
vt 0.902462 0.069211
vt 0.059296 0.806103
vt 0.743158 0.028097
vt 0.668929 0.101597
vt 0.057437 0.782592
vt 0.614665 0.597364
vt 0.057437 0.778758
vt 0.733777 0.513588
vt 0.898827 0.618660
vt 0.964898 0.728826
vt 0.069354 0.937861
vt 0.898827 0.622175
vt 0.057437 0.811612
vt 0.963454 0.732031
vt 0.053564 0.530925
vt 0.562643 0.836810
vt 0.055281 0.203349
vt 0.055281 0.193041
vt 0.562643 0.838186
vt 0.055281 0.197295
vt 0.055281 0.206975
vt 0.057437 0.756139
vt 0.069354 0.965432
vt 0.539568 0.010756
vt 0.069354 0.975292
vt 0.439739 0.050483
vt 0.080779 0.530925
vt 0.589861 0.836810
vt 0.083356 0.203349
vt 0.083356 0.193041
vt 0.589861 0.838186
vt 0.083356 0.197295
vt 0.086572 0.756139
vt 0.083356 0.206975
vt 0.099499 0.965432
vt 0.569465 0.010756
vt 0.099499 0.975292
vt 0.408094 0.050484
vt 0.080779 0.505009
vt 0.089712 0.141282
vt 0.538707 0.272299
vt 0.099499 0.989643
vt 0.091651 0.040514
vt 0.086572 0.761698
vt 0.660276 0.667582
vt 0.099499 0.944757
vt 0.872567 0.069211
vt 0.084713 0.806103
vt 0.766939 0.028097
vt 0.927816 0.240622
vt 0.086572 0.782592
vt 0.641881 0.597364
vt 0.086572 0.778758
vt 0.706561 0.513588
vt 0.871612 0.618660
vt 0.099499 0.937861
vt 0.871612 0.622175
vt 0.086572 0.811612
vt 0.671515 0.836810
vt 0.162427 0.530925
vt 0.167580 0.203349
vt 0.671515 0.838186
vt 0.167580 0.193041
vt 0.167580 0.197295
vt 0.173977 0.756139
vt 0.167580 0.206975
vt 0.189935 0.965432
vt 0.659157 0.010756
vt 0.189935 0.975292
vt 0.313160 0.050484
vt 0.162427 0.505009
vt 0.171358 0.141282
vt 0.628452 0.272299
vt 0.189935 0.989643
vt 0.186590 0.040514
vt 0.173977 0.761698
vt 0.742172 0.667582
vt 0.189935 0.944757
vt 0.782879 0.069211
vt 0.688450 0.751829
vt 0.172118 0.806102
vt 0.963512 0.193804
vt 0.723529 0.597364
vt 0.173977 0.782592
vt 0.173977 0.778758
vt 0.624914 0.513588
vt 0.789964 0.618660
vt 0.978252 0.545888
vt 0.189935 0.937861
vt 0.789964 0.622175
vt 0.173977 0.811612
vt 0.979695 0.549093
vt 0.135211 0.505009
vt 0.144142 0.141282
vt 0.598537 0.272299
vt 0.159790 0.989643
vt 0.154943 0.040514
vt 0.144842 0.761698
vt 0.714873 0.667582
vt 0.159790 0.944757
vt 0.812775 0.069211
vt 0.146701 0.806103
vt 0.939730 0.193804
vt 0.907467 0.162769
vt 0.696313 0.597364
vt 0.144842 0.782592
vt 0.144842 0.778758
vt 0.652130 0.513588
vt 0.817180 0.618660
vt 0.159790 0.937861
vt 0.144842 0.811612
vt 0.817180 0.622175
vt 0.135211 0.530925
vt 0.644297 0.836810
vt 0.139505 0.203349
vt 0.139505 0.193041
vt 0.644297 0.838186
vt 0.139505 0.197295
vt 0.139505 0.206975
vt 0.144842 0.756139
vt 0.159790 0.965432
vt 0.629260 0.010756
vt 0.159790 0.975292
vt 0.344805 0.050484
vt 0.026348 0.505009
vt 0.035281 0.141282
vt 0.478876 0.272299
vt 0.039209 0.989643
vt 0.028359 0.040514
vt 0.028302 0.761698
vt 0.605679 0.667582
vt 0.039209 0.944757
vt 0.932358 0.069211
vt 0.536538 0.038576
vt 0.026443 0.806103
vt 0.542177 0.317701
vt 0.028302 0.782592
vt 0.587448 0.597364
vt 0.028302 0.778758
vt 0.760993 0.513588
vt 0.779013 0.376136
vt 0.039209 0.937861
vt 0.978114 0.602908
vt 0.779013 0.379651
vt 0.028302 0.811612
vt 0.979557 0.606113
vt 0.535425 0.836810
vt 0.026348 0.530925
vt 0.027207 0.203349
vt 0.535425 0.838186
vt 0.027207 0.193041
vt 0.027207 0.197295
vt 0.027207 0.206975
vt 0.028302 0.756139
vt 0.039209 0.965432
vt 0.509670 0.010756
vt 0.039209 0.975292
vt 0.471384 0.050483
vt 0.698733 0.836810
vt 0.189642 0.530925
vt 0.195655 0.203349
vt 0.698733 0.838186
vt 0.195655 0.193041
vt 0.195655 0.197295
vt 0.203112 0.756139
vt 0.195655 0.206975
vt 0.689055 0.010756
vt 0.220081 0.965432
vt 0.220081 0.975292
vt 0.281516 0.050484
vt 0.189642 0.505009
vt 0.198573 0.141282
vt 0.658367 0.272299
vt 0.218235 0.040514
vt 0.220081 0.989643
vt 0.769471 0.667582
vt 0.203112 0.761698
vt 0.220081 0.944757
vt 0.752983 0.069211
vt 0.907469 0.172946
vt 0.204971 0.806102
vt 0.859436 0.048753
vt 0.203112 0.782592
vt 0.750745 0.597364
vt 0.597698 0.513588
vt 0.203112 0.778758
vt 0.462203 0.606661
vt 0.346405 0.424502
vt 0.220081 0.937861
vt 0.460760 0.609866
vt 0.346405 0.428017
vt 0.203112 0.811612
vt 0.069354 0.934320
vt 0.967813 0.730138
vt 0.057437 0.815034
vt 0.966369 0.733344
vt 0.465118 0.607973
vt 0.220081 0.934320
vt 0.975337 0.547200
vt 0.189935 0.934320
vt 0.463675 0.611179
vt 0.203112 0.815034
vt 0.976780 0.550405
vt 0.173977 0.815034
vt 0.975199 0.604220
vt 0.039209 0.934320
vt 0.028302 0.815034
vt 0.976642 0.607425
vt 0.679389 0.467737
vt 0.066473 0.928414
vt 0.017281 0.469961
vt 0.970620 0.732031
vt 0.805026 0.634823
vt 0.057437 0.818543
vt 0.217200 0.928414
vt 0.025499 0.427075
vt 0.944784 0.102641
vt 0.192816 0.928414
vt 0.988677 0.785179
vt 0.919113 0.102641
vt 0.467926 0.609866
vt 0.643948 0.439460
vt 0.203112 0.818543
vt 0.972529 0.549093
vt 0.173977 0.818543
vt 0.913889 0.634823
vt 0.705061 0.467737
vt 0.042089 0.928414
vt 0.988493 0.941229
vt 0.972391 0.606113
vt 0.382786 0.469961
vt 0.028302 0.818543
vt 0.126432 0.466958
vt 0.140753 0.805390
vt 0.101756 0.466958
vt 0.115707 0.805390
vt 0.140753 0.785516
vt 0.115707 0.785516
vt 0.675549 0.400386
vt 0.055392 0.785516
vt 0.767348 0.381831
vt 0.703884 0.400386
vt 0.055392 0.805390
vt 0.077080 0.466958
vt 0.090661 0.805390
vt 0.090661 0.785516
vt 0.201067 0.805390
vt 0.919339 0.398397
vt 0.895646 0.387015
vt 0.176021 0.805390
vt 0.870970 0.387015
vt 0.890059 0.421120
vt 0.947673 0.398397
vt 0.201067 0.785516
vt 0.176021 0.785516
vt 0.918395 0.421120
vt 0.742673 0.381831
vt 0.030346 0.805390
vt 0.213734 0.428017
vt 0.030346 0.785516
vt 0.242070 0.428017
vt 0.026443 0.784408
vt 0.826521 0.048753
vt 0.517385 0.317701
vt 0.001026 0.784408
vt 0.546113 0.101597
vt 0.850304 0.048753
vt 0.693000 0.316404
vt 0.230388 0.784408
vt 0.776072 0.028097
vt 0.796993 0.646636
vt 0.934769 0.028097
vt 0.227807 0.775903
vt 0.586926 0.646636
vt 0.944394 0.166567
vt 0.003606 0.775904
vt 0.028302 0.775904
vt 0.610064 0.646636
vt 0.146701 0.784408
vt 0.832768 0.028097
vt 0.932260 0.162769
vt 0.115707 0.783696
vt 0.144842 0.775904
vt 0.719257 0.646636
vt 0.115707 0.775904
vt 0.691959 0.646636
vt 0.084713 0.784408
vt 0.818964 0.038425
vt 0.903024 0.240622
vt 0.059296 0.784408
vt 0.842747 0.038425
vt 0.693721 0.101597
vt 0.086572 0.775903
vt 0.664661 0.646636
vt 0.057437 0.775904
vt 0.637363 0.646636
vt 0.932262 0.172946
vt 0.204971 0.784408
vt 0.799854 0.028097
vt 0.663657 0.751829
vt 0.172118 0.784408
vt 0.808986 0.028097
vt 0.203112 0.775903
vt 0.773854 0.646636
vt 0.173977 0.775903
vt 0.746556 0.646636
vt 0.679345 0.511319
vt 0.669097 0.595096
vt 0.733777 0.511319
vt 0.614665 0.595096
vt 0.706561 0.511319
vt 0.641881 0.595096
vt 0.624914 0.511319
vt 0.723529 0.595096
vt 0.652130 0.511319
vt 0.696313 0.595096
vt 0.760993 0.511319
vt 0.587448 0.595096
vt 0.597698 0.511320
vt 0.750745 0.595096
vt 0.592594 0.814101
vt 0.562878 0.595096
vt 0.577978 0.421807
vt 0.775315 0.595096
vt 0.573128 0.511320
vt 0.574396 0.421807
vt 0.785563 0.511319
vt 0.589012 0.814101
vt 0.028302 0.759947
vt -0.000833 0.759947
vt 0.544167 0.532952
vt 0.232247 0.777654
vt 0.232247 0.759947
vt -0.000833 0.777654
vt 0.558956 0.516702
vt 0.028302 0.777654
vt 0.144842 0.759947
vt 0.115707 0.759947
vt 0.144842 0.777654
vt 0.115707 0.777654
vt 0.086572 0.759947
vt 0.057437 0.759947
vt 0.086572 0.777654
vt 0.057437 0.777654
vt 0.203112 0.759947
vt 0.173977 0.759947
vt 0.203112 0.777654
vt 0.173977 0.777654
vt 0.629279 0.942494
vt 0.687575 0.670262
vt 0.629279 0.927199
vt 0.691959 0.643956
vt 0.692013 0.942494
vt 0.632978 0.670262
vt 0.692013 0.927199
vt 0.637363 0.643956
vt 0.660646 0.942494
vt 0.660276 0.670262
vt 0.660646 0.927199
vt 0.664661 0.643956
vt 0.566546 0.942494
vt 0.742172 0.670262
vt 0.566546 0.927199
vt 0.746556 0.643956
vt 0.597913 0.942494
vt 0.714873 0.670262
vt 0.597913 0.927199
vt 0.719257 0.643956
vt 0.723380 0.942494
vt 0.605679 0.670262
vt 0.723380 0.927199
vt 0.610064 0.643956
vt 0.769471 0.670262
vt 0.535179 0.942494
vt 0.535179 0.927199
vt 0.773854 0.643956
vt 0.963601 0.168742
vt 0.749967 0.942494
vt 0.582540 0.670262
vt 0.796993 0.643956
vt 0.936349 0.025921
vt 0.508592 0.927199
vt 0.792610 0.670262
vt 0.953975 0.025921
vt 0.508591 0.942494
vt 0.586926 0.643956
vt 0.945974 0.168742
vt 0.749967 0.927199
vt 0.740658 0.384835
vt 0.210330 0.426029
vt 0.028302 0.806815
vt -0.000833 0.806815
vt 0.544167 0.489163
vt 0.232247 0.806815
vt 0.232247 0.783696
vt -0.000833 0.783696
vt 0.558956 0.511058
vt 0.243292 0.426029
vt 0.028302 0.783696
vt 0.073051 0.469961
vt 0.086572 0.806815
vt 0.769363 0.384835
vt 0.707287 0.398397
vt 0.057437 0.806815
vt 0.086572 0.783696
vt 0.674327 0.398397
vt 0.057437 0.783696
vt 0.919617 0.419132
vt 0.173977 0.783696
vt 0.868956 0.390019
vt 0.886655 0.419132
vt 0.173977 0.806815
vt 0.130460 0.469961
vt 0.144842 0.806815
vt 0.144842 0.783696
vt 0.915935 0.400386
vt 0.897660 0.390019
vt 0.203112 0.806815
vt 0.948895 0.400386
vt 0.203112 0.783696
vt 0.536538 0.037381
vt 0.491764 0.634467
vt 0.542764 0.318745
vt 0.512756 0.037381
vt 0.518025 0.634467
vt 0.520734 0.102641
vt 0.718379 0.317448
vt 0.907960 0.599760
vt 0.883219 0.047558
vt 0.693587 0.317448
vt 0.907960 0.622175
vt 0.776072 0.026901
vt 0.518025 0.656882
vt 0.545526 0.102641
vt 0.850304 0.047557
vt 0.491764 0.656882
vt 0.826521 0.047558
vt 0.517972 0.318745
vt 0.930304 0.525375
vt 0.766939 0.026901
vt 0.928403 0.241666
vt 0.956564 0.525375
vt 0.743158 0.026901
vt 0.668342 0.102641
vt 0.930304 0.547790
vt 0.818964 0.037229
vt 0.903611 0.241666
vt 0.956564 0.547790
vt 0.842747 0.037229
vt 0.693134 0.102641
vt 0.664244 0.752873
vt 0.926589 0.698134
vt 0.808986 0.026901
vt 0.689037 0.752873
vt 0.926589 0.675720
vt 0.963512 0.192608
vt 0.952850 0.675720
vt 0.939730 0.192608
vt 0.906880 0.163813
vt 0.952850 0.698134
vt 0.832768 0.026901
vt 0.931673 0.163813
vt 0.906883 0.173990
vt 0.934220 0.599760
vt 0.859436 0.047557
vt 0.931675 0.173990
vt 0.934220 0.622175
vt 0.799854 0.026901
vt 0.973441 0.278953
vt 0.943695 0.836810
vt 0.434584 0.530925
vt 0.512605 0.443696
vt 0.973078 0.831623
vt 0.927127 0.272299
vt 0.443077 0.141282
vt 0.434584 0.505009
vt 0.538521 0.443696
vt 0.983619 0.278953
vt 0.448327 0.203349
vt 0.502612 0.441768
vt 0.968370 0.322954
vt 0.500631 0.040514
vt 0.489084 0.989643
vt 0.973181 0.280305
vt 0.943695 0.838186
vt 0.448327 0.193041
vt 0.977230 0.281086
vt 0.448327 0.197295
vt 0.465327 0.756139
vt 0.448327 0.206975
vt 0.499097 0.441768
vt 0.893214 0.028097
vt 0.460887 0.761698
vt 0.780832 0.679395
vt 0.570763 0.679395
vt 0.960704 0.154580
vt 0.236686 0.761698
vt 0.963034 0.248166
vt 0.486206 0.069211
vt 0.489084 0.944757
vt 0.903604 0.287508
vt 0.234106 0.806102
vt 0.644415 0.028484
vt 0.645257 0.038812
vt 0.463467 0.806102
vt 0.682523 0.316404
vt 0.940775 0.248166
vt 0.489084 0.965432
vt 0.955846 0.010756
vt 0.235079 0.782592
vt 0.467705 0.435493
vt 0.573128 0.536389
vt 0.447299 0.487254
vt 0.462495 0.782592
vt 0.785564 0.536389
vt 0.769401 0.547790
vt 0.235079 0.778758
vt 0.464123 0.435493
vt 0.556965 0.547790
vt 0.443717 0.487254
vt 0.462495 0.778758
vt 0.986181 0.322954
vt 0.489084 0.975292
vt -0.000868 0.050483
vt 0.628402 0.376136
vt 0.491388 0.937861
vt 0.502612 0.389941
vt 0.628402 0.379651
vt 0.465327 0.811612
vt 0.499097 0.389941
vt 0.325721 0.505009
vt 0.325721 0.530925
vt 0.834823 0.836810
vt 0.807943 0.272299
vt 0.334650 0.141282
vt 0.336028 0.203349
vt 0.370807 0.989643
vt 0.376466 0.040514
vt 0.336028 0.193041
vt 0.834823 0.838186
vt 0.336028 0.197295
vt 0.348787 0.756139
vt 0.336028 0.206975
vt 0.348787 0.761698
vt 0.675797 0.679395
vt 0.370807 0.944757
vt 0.603504 0.069211
vt 0.348787 0.806815
vt 0.736458 0.444035
vt 0.348787 0.782592
vt 0.679346 0.536389
vt 0.370807 0.965432
vt 0.838542 0.010756
vt 0.370807 0.975292
vt 0.123292 0.050484
vt 0.348787 0.778758
vt 0.663183 0.547790
vt 0.860559 0.649436
vt 0.370807 0.937861
vt 0.818250 0.917068
vt 0.860559 0.652951
vt 0.348787 0.811612
vt 0.380153 0.505009
vt 0.389080 0.141282
vt 0.867774 0.272299
vt 0.431098 0.989643
vt 0.439758 0.040514
vt 0.407057 0.761698
vt 0.730395 0.679395
vt 0.431098 0.944757
vt 0.543713 0.069211
vt 0.405198 0.806102
vt 0.875661 0.038425
vt 0.728855 0.317448
vt 0.407057 0.782592
vt 0.733778 0.536389
vt 0.407057 0.778758
vt 0.608751 0.547790
vt 0.806127 0.649436
vt 0.967490 0.651689
vt 0.431098 0.937861
vt 0.759100 0.917068
vt 0.806127 0.652951
vt 0.407057 0.811612
vt 0.968933 0.654894
vt 0.380153 0.530925
vt 0.889259 0.836810
vt 0.392177 0.203349
vt 0.392177 0.193041
vt 0.889259 0.838186
vt 0.392177 0.197295
vt 0.392177 0.206975
vt 0.407057 0.756139
vt 0.898336 0.010756
vt 0.431098 0.965432
vt 0.060003 0.050483
vt 0.431098 0.975292
vt 0.352937 0.530925
vt 0.862041 0.836810
vt 0.364103 0.203349
vt 0.364103 0.193041
vt 0.862041 0.838186
vt 0.364103 0.197295
vt 0.377922 0.756139
vt 0.364103 0.206975
vt 0.868439 0.010756
vt 0.400953 0.965432
vt 0.091647 0.050484
vt 0.400953 0.975292
vt 0.352937 0.505009
vt 0.837858 0.272299
vt 0.361865 0.141282
vt 0.400952 0.989643
vt 0.408112 0.040514
vt 0.377922 0.761698
vt 0.703096 0.679395
vt 0.400952 0.944757
vt 0.573609 0.069211
vt 0.379781 0.806102
vt 0.851879 0.038425
vt 0.705831 0.101597
vt 0.377922 0.782592
vt 0.706562 0.536389
vt 0.377922 0.778758
vt 0.635967 0.547790
vt 0.833343 0.649436
vt 0.400953 0.937861
vt 0.788675 0.917068
vt 0.833343 0.652951
vt 0.377922 0.811612
vt 0.780387 0.836810
vt 0.271290 0.530925
vt 0.279879 0.203349
vt 0.780387 0.838186
vt 0.279879 0.193041
vt 0.279879 0.197295
vt 0.290517 0.756139
vt 0.279879 0.206975
vt 0.310517 0.965432
vt 0.778747 0.010756
vt 0.310517 0.975292
vt 0.186581 0.050484
vt 0.271290 0.505009
vt 0.748113 0.272299
vt 0.280219 0.141282
vt 0.310517 0.989643
vt 0.313174 0.040514
vt 0.290517 0.761698
vt 0.621200 0.679395
vt 0.310517 0.944757
vt 0.663296 0.069211
vt 0.788274 0.595835
vt 0.292376 0.806102
vt 0.753135 0.038425
vt 0.624914 0.536389
vt 0.290517 0.782592
vt 0.290517 0.778758
vt 0.717615 0.547790
vt 0.914991 0.649436
vt 0.310517 0.937861
vt 0.462203 0.592790
vt 0.877400 0.917068
vt 0.914991 0.652951
vt 0.290517 0.811612
vt 0.460760 0.595996
vt 0.298506 0.505009
vt 0.778028 0.272299
vt 0.307434 0.141282
vt 0.340662 0.989643
vt 0.344820 0.040514
vt 0.319652 0.761698
vt 0.648499 0.679395
vt 0.340662 0.944757
vt 0.633400 0.069211
vt 0.317793 0.806102
vt 0.776917 0.038425
vt 0.826622 0.592180
vt 0.652130 0.536389
vt 0.319652 0.782592
vt 0.319652 0.778758
vt 0.690399 0.547790
vt 0.887775 0.649436
vt 0.340662 0.937861
vt 0.847825 0.917068
vt 0.319652 0.811612
vt 0.887775 0.652951
vt 0.298506 0.530925
vt 0.807605 0.836810
vt 0.307953 0.203349
vt 0.307953 0.193041
vt 0.807605 0.838186
vt 0.307953 0.197295
vt 0.307953 0.206975
vt 0.319652 0.756139
vt 0.340662 0.965432
vt 0.808644 0.010756
vt 0.340662 0.975292
vt 0.154937 0.050484
vt 0.407369 0.505009
vt 0.416296 0.141282
vt 0.897689 0.272299
vt 0.461243 0.989643
vt 0.471404 0.040514
vt 0.436192 0.761698
vt 0.757693 0.679395
vt 0.461243 0.944757
vt 0.513817 0.069211
vt 0.621475 0.038812
vt 0.438051 0.806102
vt 0.705235 0.751829
vt 0.436192 0.782592
vt 0.760994 0.536389
vt 0.436192 0.778758
vt 0.581535 0.547790
vt 0.655618 0.376136
vt 0.461243 0.937861
vt 0.971962 0.888345
vt 0.655618 0.379651
vt 0.436192 0.811612
vt 0.970519 0.891551
vt 0.916477 0.836810
vt 0.407369 0.530925
vt 0.420252 0.203349
vt 0.916477 0.838186
vt 0.420252 0.193041
vt 0.420252 0.197295
vt 0.420252 0.206975
vt 0.436192 0.756139
vt 0.461243 0.965432
vt 0.928234 0.010756
vt 0.461243 0.975292
vt 0.028358 0.050483
vt 0.753169 0.836810
vt 0.244074 0.530925
vt 0.251804 0.203349
vt 0.753169 0.838186
vt 0.251804 0.193041
vt 0.251804 0.197295
vt 0.261382 0.756139
vt 0.251804 0.206975
vt 0.748849 0.010756
vt 0.280371 0.965432
vt 0.280371 0.975292
vt 0.218226 0.050484
vt 0.244074 0.505009
vt 0.253004 0.141282
vt 0.718198 0.272299
vt 0.281528 0.040514
vt 0.280371 0.989643
vt 0.593902 0.679395
vt 0.261382 0.761698
vt 0.280371 0.944757
vt 0.693192 0.069211
vt 0.927248 0.223289
vt 0.259523 0.806102
vt 0.668196 0.028484
vt 0.261382 0.782592
vt 0.597698 0.536389
vt 0.744831 0.547790
vt 0.261382 0.778758
vt 0.560198 0.773334
vt 0.291974 0.424502
vt 0.280371 0.937861
vt 0.561641 0.776539
vt 0.291974 0.428017
vt 0.261382 0.811612
vt 0.431098 0.934320
vt 0.964575 0.653001
vt 0.407057 0.815034
vt 0.966018 0.656206
vt 0.557283 0.774646
vt 0.280371 0.934320
vt 0.465118 0.594103
vt 0.310517 0.934320
vt 0.558726 0.777851
vt 0.261382 0.815034
vt 0.463675 0.597308
vt 0.290517 0.815034
vt 0.974877 0.889658
vt 0.461243 0.934320
vt 0.436192 0.815034
vt 0.973434 0.892863
vt 0.962423 0.233702
vt 0.433978 0.928414
vt 0.989068 0.748212
vt 0.961768 0.654894
vt 0.898827 0.609527
vt 0.407057 0.818543
vt 0.614231 0.047945
vt 0.283252 0.928414
vt 0.487198 0.379911
vt 0.588560 0.047945
vt 0.979404 0.377106
vt 0.307636 0.928414
vt 0.554476 0.776539
vt 0.261382 0.818543
vt 0.698380 0.439460
vt 0.467926 0.595996
vt 0.789964 0.609527
vt 0.290517 0.818543
vt 0.936751 0.233702
vt 0.458362 0.928414
vt 0.429304 0.428017
vt 0.977684 0.891551
vt 0.907311 0.384835
vt 0.436192 0.818543
vt 0.761135 0.447039
vt 0.323741 0.805390
vt 0.348787 0.805390
vt 0.736458 0.447039
vt 0.323741 0.785516
vt 0.348787 0.785516
vt 0.784565 0.413290
vt 0.409101 0.785516
vt 0.637274 0.392199
vt 0.756229 0.413290
vt 0.409101 0.805390
vt 0.373833 0.805390
vt 0.711782 0.447039
vt 0.373833 0.785516
vt 0.263426 0.805390
vt 0.825501 0.408765
vt 0.705694 0.386261
vt 0.288472 0.805390
vt 0.730370 0.386261
vt 0.543107 0.393517
vt 0.797165 0.408765
vt 0.263426 0.785516
vt 0.288472 0.785516
vt 0.514772 0.393517
vt 0.661950 0.392199
vt 0.434147 0.805390
vt 0.858916 0.400386
vt 0.434147 0.785516
vt 0.830581 0.400386
vt 0.438051 0.784408
vt 0.612342 0.038812
vt 0.730028 0.751829
vt 0.463467 0.784408
vt 0.657731 0.316404
vt 0.588560 0.038812
vt 0.928397 0.287508
vt 0.234106 0.784408
vt 0.960292 0.258494
vt 0.812167 0.786852
vt 0.943077 0.154580
vt 0.236686 0.775903
vt 0.602097 0.786852
vt 0.875587 0.028097
vt 0.460887 0.775903
vt 0.436192 0.775903
vt 0.625236 0.786852
vt 0.317792 0.784408
vt 0.786050 0.038425
vt 0.851414 0.592180
vt 0.348787 0.783696
vt 0.319652 0.775903
vt 0.734430 0.786852
vt 0.348787 0.775903
vt 0.707132 0.786852
vt 0.379781 0.784408
vt 0.916134 0.048753
vt 0.730623 0.101597
vt 0.405197 0.784408
vt 0.892351 0.048753
vt 0.753647 0.317448
vt 0.377922 0.775903
vt 0.679833 0.786852
vt 0.407057 0.775903
vt 0.652534 0.786852
vt 0.902456 0.223289
vt 0.259522 0.784408
vt 0.936510 0.258494
vt 0.813066 0.595835
vt 0.292376 0.784408
vt 0.809832 0.038425
vt 0.261382 0.775903
vt 0.789028 0.786852
vt 0.290517 0.775903
vt 0.761729 0.786852
vt 0.663183 0.545522
vt 0.679346 0.534121
vt 0.608751 0.545522
vt 0.733778 0.534121
vt 0.635967 0.545522
vt 0.706562 0.534121
vt 0.717615 0.545522
vt 0.624914 0.534121
vt 0.690399 0.545522
vt 0.652130 0.534121
vt 0.581535 0.545522
vt 0.760994 0.534121
vt 0.744831 0.545522
vt 0.597698 0.534121
vt 0.447299 0.489522
vt 0.785564 0.534121
vt 0.467705 0.433225
vt 0.573128 0.534121
vt 0.769401 0.545522
vt 0.464123 0.433225
vt 0.556965 0.545522
vt 0.443717 0.489522
vt 0.436192 0.759947
vt 0.465327 0.759947
vt 0.499097 0.438211
vt 0.465327 0.777654
vt 0.484309 0.421961
vt 0.436192 0.777654
vt 0.319652 0.759947
vt 0.348787 0.759947
vt 0.319652 0.777654
vt 0.348787 0.777654
vt 0.377922 0.759947
vt 0.407057 0.759947
vt 0.377922 0.777654
vt 0.407057 0.777654
vt 0.261382 0.759947
vt 0.290517 0.759947
vt 0.261382 0.777654
vt 0.290517 0.777654
vt 0.629279 0.900526
vt 0.675797 0.682075
vt 0.629279 0.915820
vt 0.707132 0.789533
vt 0.692013 0.900526
vt 0.730395 0.682075
vt 0.692013 0.915820
vt 0.652534 0.789533
vt 0.660646 0.900526
vt 0.703096 0.682075
vt 0.660646 0.915820
vt 0.679833 0.789533
vt 0.566546 0.900526
vt 0.621200 0.682075
vt 0.566546 0.915820
vt 0.761729 0.789533
vt 0.597913 0.900526
vt 0.648499 0.682075
vt 0.597912 0.915820
vt 0.734430 0.789533
vt 0.723380 0.900526
vt 0.757693 0.682075
vt 0.723380 0.915820
vt 0.625236 0.789533
vt 0.593902 0.682075
vt 0.535179 0.900526
vt 0.535179 0.915820
vt 0.789028 0.789533
vt 0.894794 0.025921
vt 0.749967 0.900526
vt 0.780832 0.682075
vt 0.812167 0.789533
vt 0.944657 0.156755
vt 0.508591 0.915820
vt 0.570763 0.682075
vt 0.962284 0.156755
vt 0.508591 0.900526
vt 0.602097 0.789533
vt 0.877167 0.025921
vt 0.749967 0.915820
vt 0.663964 0.395202
vt 0.862319 0.398397
vt 0.436192 0.806815
vt 0.465327 0.806815
vt 0.499097 0.394423
vt 0.465327 0.783696
vt 0.484309 0.416317
vt 0.829359 0.398397
vt 0.436192 0.783696
vt 0.707754 0.444035
vt 0.377922 0.806815
vt 0.635260 0.395202
vt 0.752825 0.411302
vt 0.407057 0.806815
vt 0.377922 0.783696
vt 0.785787 0.411302
vt 0.407057 0.783696
vt 0.513550 0.391528
vt 0.290517 0.783696
vt 0.732385 0.389265
vt 0.546510 0.391528
vt 0.290517 0.806815
vt 0.765163 0.444035
vt 0.319652 0.806815
vt 0.319652 0.783696
vt 0.828905 0.410753
vt 0.703680 0.389265
vt 0.261382 0.806815
vt 0.795944 0.410753
vt 0.261382 0.783696
vt 0.621475 0.037617
vt 0.943614 0.763661
vt 0.704648 0.752873
vt 0.645257 0.037617
vt 0.917354 0.763661
vt 0.683110 0.317448
vt 0.903018 0.288552
vt 0.950384 0.641702
vt 0.644415 0.027289
vt 0.927810 0.288552
vt 0.950384 0.664117
vt 0.960292 0.257299
vt 0.917354 0.786076
vt 0.658318 0.317448
vt 0.588560 0.037617
vt 0.943614 0.786076
vt 0.612342 0.037617
vt 0.729441 0.752873
vt 0.543092 0.755964
vt 0.851879 0.037229
vt 0.705244 0.102641
vt 0.516832 0.755964
vt 0.875661 0.037229
vt 0.728269 0.316404
vt 0.543092 0.778379
vt 0.916134 0.047558
vt 0.730036 0.102641
vt 0.516832 0.778379
vt 0.892351 0.047557
vt 0.753060 0.316404
vt 0.812479 0.596879
vt 0.952850 0.729682
vt 0.809832 0.037229
vt 0.787687 0.596879
vt 0.952850 0.707267
vt 0.753135 0.037229
vt 0.926589 0.707267
vt 0.776917 0.037229
vt 0.826035 0.591136
vt 0.926589 0.729682
vt 0.786050 0.037229
vt 0.850827 0.591136
vt 0.927835 0.224333
vt 0.924124 0.641702
vt 0.668196 0.027289
vt 0.903043 0.224333
vt 0.924124 0.664117
vt 0.936510 0.257299
vt 0.970931 0.290363
vt 0.943707 0.847319
vt -0.000868 0.479094
vt 0.478826 0.538437
vt 0.008499 0.151282
vt -0.000868 0.074208
vt 0.973559 0.567253
vt 0.216858 0.479094
vt 0.725957 0.847319
vt 0.225789 0.151282
vt 0.238103 0.074208
vt 0.981108 0.290363
vt -0.000868 0.173600
vt 0.468833 0.536510
vt 0.486848 0.908653
vt 0.449480 0.121754
vt 0.478980 0.366730
vt 0.237976 0.065076
vt 0.225789 0.160407
vt 0.223730 0.173600
vt 0.970670 0.291714
vt 0.943707 0.848696
vt -0.000868 0.183908
vt 0.223730 0.183908
vt 0.725957 0.848696
vt 0.974719 0.292495
vt -0.000868 0.179654
vt 0.223730 0.179654
vt 0.465196 0.673778
vt -0.000868 0.169973
vt 0.465318 0.536510
vt 0.906758 0.025921
vt 0.460757 0.679333
vt 0.780831 0.612176
vt 0.570763 0.612176
vt 0.476818 0.829361
vt 0.236606 0.679333
vt 0.223730 0.169973
vt 0.232167 0.673778
vt 0.248698 0.863942
vt 0.235508 0.010766
vt 0.486848 0.863803
vt -0.000868 0.010674
vt 0.978081 0.442692
vt 0.589760 0.754991
vt 0.234026 0.723732
vt 0.744002 0.037229
vt 0.884794 0.037229
vt 0.463337 0.723732
vt 0.653179 0.751829
vt 0.959994 0.079312
vt 0.486848 0.884489
vt 0.955822 0.442692
vt 0.248136 0.884459
vt 0.723063 0.079412
vt 0.234999 0.700194
vt 0.594326 0.454347
vt 0.583456 0.633649
vt 0.478048 0.815785
vt 0.462364 0.700194
vt 0.795893 0.633649
vt 0.247889 0.030552
vt 0.250080 0.894280
vt 0.576332 0.499919
vt 0.234999 0.696361
vt 0.590743 0.454347
vt 0.788767 0.499919
vt 0.474466 0.815785
vt 0.462364 0.696361
vt -0.000868 0.030493
vt 0.486848 0.894341
vt 0.496791 0.366730
vt 0.099461 0.428017
vt 0.609820 0.369284
vt 0.468833 0.484681
vt 0.489150 0.856909
vt 0.232167 0.729241
vt 0.099461 0.424502
vt 0.609820 0.365769
vt 0.465196 0.729241
vt 0.465318 0.484681
vt 0.107995 0.479094
vt 0.834832 0.847319
vt 0.116927 0.151282
vt 0.118379 0.074208
vt 0.111431 0.173600
vt 0.368662 0.908653
vt 0.573645 0.121754
vt 0.111431 0.183908
vt 0.834832 0.848696
vt 0.111431 0.179654
vt 0.348681 0.673778
vt 0.111431 0.169973
vt 0.348681 0.679333
vt 0.675797 0.612176
vt 0.116438 0.010674
vt 0.368662 0.863803
vt 0.348681 0.724445
vt 0.887363 0.449572
vt 0.348681 0.700194
vt 0.689675 0.633649
vt 0.842690 0.079312
vt 0.368662 0.884489
vt 0.123302 0.030493
vt 0.368662 0.894341
vt 0.348681 0.696361
vt 0.682549 0.499919
vt 0.866739 0.522494
vt 0.368662 0.856909
vt 0.882803 0.802247
vt 0.866739 0.518979
vt 0.348681 0.729241
vt 0.062497 0.151282
vt 0.058517 0.074208
vt 0.510353 0.121754
vt 0.428906 0.908653
vt 0.406939 0.679333
vt 0.730394 0.612176
vt 0.056642 0.010674
vt 0.428906 0.863803
vt 0.405080 0.723732
vt 0.949049 0.048753
vt 0.537794 0.047709
vt 0.406939 0.700194
vt 0.744107 0.633649
vt 0.406939 0.696361
vt 0.736981 0.499919
vt 0.921171 0.522494
vt 0.977731 0.577858
vt 0.428906 0.856909
vt 0.823682 0.802247
vt 0.921171 0.518979
vt 0.406939 0.729241
vt 0.979174 0.581063
vt 0.053564 0.479094
vt 0.889269 0.847319
vt 0.055282 0.173600
vt 0.055282 0.183908
vt 0.889269 0.848696
vt 0.055282 0.179654
vt 0.055282 0.169973
vt 0.406939 0.673778
vt 0.902485 0.079312
vt 0.428906 0.884489
vt 0.060008 0.030493
vt 0.428906 0.894341
vt 0.080779 0.479094
vt 0.862051 0.847319
vt 0.083356 0.173600
vt 0.083356 0.183908
vt 0.862051 0.848696
vt 0.083356 0.179654
vt 0.377810 0.673778
vt 0.083356 0.169973
vt 0.872587 0.079312
vt 0.398784 0.884489
vt 0.091655 0.030493
vt 0.398784 0.894341
vt 0.089712 0.151282
vt 0.088448 0.074208
vt 0.541999 0.121754
vt 0.398784 0.908653
vt 0.377810 0.679333
vt 0.703095 0.612176
vt 0.086540 0.010674
vt 0.398784 0.863803
vt 0.379669 0.723732
vt 0.925267 0.048753
vt 0.595125 0.101597
vt 0.377810 0.700194
vt 0.716891 0.633649
vt 0.377810 0.696361
vt 0.709765 0.499919
vt 0.893955 0.522494
vt 0.398784 0.856909
vt 0.853243 0.802247
vt 0.893955 0.518979
vt 0.377810 0.729241
vt 0.780394 0.847319
vt 0.162427 0.479094
vt 0.167581 0.173600
vt 0.780394 0.848696
vt 0.167581 0.183908
vt 0.167581 0.179654
vt 0.290424 0.673778
vt 0.167581 0.169973
vt 0.782895 0.079312
vt 0.308417 0.884489
vt 0.186597 0.030493
vt 0.308417 0.894341
vt 0.178241 0.074208
vt 0.171358 0.151282
vt 0.636938 0.121754
vt 0.308417 0.908653
vt 0.290424 0.679333
vt 0.621200 0.612176
vt 0.176233 0.010674
vt 0.308417 0.863803
vt 0.907469 0.183122
vt 0.292283 0.723732
vt 0.751557 0.047558
vt 0.635243 0.633649
vt 0.290424 0.700194
vt 0.290424 0.696361
vt 0.628118 0.499919
vt 0.812308 0.522494
vt 0.308417 0.856909
vt 0.964898 0.714955
vt 0.941925 0.802247
vt 0.812308 0.518979
vt 0.290424 0.729241
vt 0.963454 0.718161
vt 0.144143 0.151282
vt 0.148310 0.074208
vt 0.338540 0.908653
vt 0.605292 0.121754
vt 0.319553 0.679333
vt 0.648498 0.612176
vt 0.146336 0.010674
vt 0.338540 0.863803
vt 0.317694 0.723732
vt 0.727774 0.047558
vt 0.647254 0.316404
vt 0.662459 0.633649
vt 0.319553 0.700194
vt 0.319553 0.696361
vt 0.655334 0.499919
vt 0.839523 0.522494
vt 0.338540 0.856909
vt 0.912364 0.802247
vt 0.319553 0.729241
vt 0.839523 0.518979
vt 0.135211 0.479094
vt 0.807613 0.847319
vt 0.139506 0.173600
vt 0.139506 0.183908
vt 0.807613 0.848696
vt 0.139506 0.179654
vt 0.139506 0.169973
vt 0.319553 0.673778
vt 0.812792 0.079312
vt 0.338540 0.884489
vt 0.154950 0.030493
vt 0.338540 0.894341
vt 0.035281 0.151282
vt 0.028586 0.074208
vt 0.459028 0.908653
vt 0.478707 0.121754
vt 0.436067 0.679333
vt 0.757692 0.612176
vt 0.459028 0.863803
vt 0.026744 0.010674
vt 0.908576 0.037229
vt 0.437926 0.723732
vt 0.867612 0.595835
vt 0.436067 0.700194
vt 0.771323 0.633649
vt 0.436067 0.696361
vt 0.764197 0.499919
vt 0.582605 0.369284
vt 0.459028 0.856909
vt 0.964050 0.742315
vt 0.582605 0.365769
vt 0.436067 0.729241
vt 0.962607 0.745520
vt 0.916488 0.847319
vt 0.026348 0.479094
vt 0.027207 0.173600
vt 0.916488 0.848696
vt 0.027207 0.183908
vt 0.027207 0.179654
vt 0.027207 0.169973
vt 0.436067 0.673778
vt 0.932382 0.079312
vt 0.459028 0.884489
vt 0.028360 0.030493
vt 0.459028 0.894341
vt 0.753176 0.847319
vt 0.189642 0.479094
vt 0.195655 0.173600
vt 0.753176 0.848696
vt 0.195655 0.183908
vt 0.195655 0.179654
vt 0.261296 0.673778
vt 0.195655 0.169973
vt 0.278295 0.884489
vt 0.752998 0.079312
vt 0.218244 0.030493
vt 0.278295 0.894341
vt 0.208172 0.074208
vt 0.198574 0.151282
vt 0.668584 0.121754
vt 0.278295 0.908653
vt 0.593901 0.612176
vt 0.261296 0.679333
vt 0.206131 0.010674
vt 0.278295 0.863803
vt 0.576717 0.316404
vt 0.259437 0.723732
vt 0.720220 0.037229
vt 0.261296 0.700194
vt 0.608027 0.633649
vt 0.600902 0.499919
vt 0.261296 0.696361
vt 0.974943 0.532548
vt 0.126677 0.428017
vt 0.278295 0.856909
vt 0.976386 0.535754
vt 0.126677 0.424502
vt 0.261296 0.729241
vt 0.428906 0.853372
vt 0.974816 0.579170
vt 0.406939 0.732662
vt 0.976259 0.582376
vt 0.972028 0.533860
vt 0.278295 0.853372
vt 0.967813 0.716267
vt 0.308417 0.853372
vt 0.973472 0.537066
vt 0.261296 0.732662
vt 0.966369 0.719473
vt 0.290424 0.732662
vt 0.966965 0.743627
vt 0.459028 0.853372
vt 0.436067 0.732662
vt 0.965522 0.746832
vt 0.431785 0.847459
vt 0.658168 0.048753
vt 0.783391 0.755668
vt 0.972009 0.581063
vt 0.914991 0.665599
vt 0.406939 0.736177
vt 0.281174 0.847459
vt 0.814700 0.102641
vt 0.804062 0.367003
vt 0.305539 0.847459
vt 0.840371 0.102641
vt 0.437522 0.469019
vt 0.969221 0.535754
vt 0.291974 0.466446
vt 0.261296 0.736177
vt 0.970620 0.718161
vt 0.806127 0.665599
vt 0.290424 0.736177
vt 0.456150 0.847459
vt 0.683838 0.048753
vt 0.880856 0.317638
vt 0.969772 0.745520
vt 0.163058 0.424502
vt 0.436067 0.736177
vt 0.912039 0.452575
vt 0.323641 0.723014
vt 0.348681 0.723014
vt 0.887363 0.452575
vt 0.323641 0.703116
vt 0.348681 0.703116
vt 0.904699 0.402301
vt 0.408983 0.703116
vt 0.692684 0.384835
vt 0.876365 0.402301
vt 0.408983 0.723014
vt 0.373722 0.723014
vt 0.862687 0.452575
vt 0.373722 0.703116
vt 0.263340 0.723014
vt 0.639558 0.409551
vt 0.618138 0.390019
vt 0.288380 0.723014
vt 0.593462 0.390019
vt 0.740937 0.424061
vt 0.667893 0.409551
vt 0.263340 0.703116
vt 0.288380 0.703116
vt 0.712601 0.424061
vt 0.668008 0.384835
vt 0.434023 0.723014
vt 0.848193 0.422213
vt 0.434023 0.703116
vt 0.876529 0.422213
vt 0.437926 0.702011
vt 0.512756 0.027053
vt 0.892405 0.595835
vt 0.463337 0.702011
vt 0.628387 0.751829
vt 0.536538 0.027053
vt 0.614553 0.754991
vt 0.234026 0.702011
vt 0.578586 0.027289
vt 0.804373 0.765743
vt 0.494445 0.829361
vt 0.236606 0.693510
vt 0.594302 0.765743
vt 0.924385 0.025921
vt 0.460757 0.693510
vt 0.436067 0.693510
vt 0.617441 0.765743
vt 0.317694 0.702011
vt 0.941491 0.037229
vt 0.622462 0.316404
vt 0.348681 0.701298
vt 0.319553 0.693510
vt 0.726636 0.765743
vt 0.348681 0.693510
vt 0.699337 0.765743
vt 0.379669 0.702011
vt 0.677329 0.027289
vt 0.619917 0.101597
vt 0.405080 0.702011
vt 0.701111 0.027289
vt 0.513003 0.047709
vt 0.377810 0.693510
vt 0.672038 0.765743
vt 0.406939 0.693510
vt 0.644740 0.765743
vt 0.551925 0.316404
vt 0.259437 0.702011
vt 0.602368 0.027289
vt 0.932262 0.183122
vt 0.292283 0.702011
vt 0.917709 0.037229
vt 0.261296 0.693510
vt 0.781234 0.765743
vt 0.290424 0.693510
vt 0.753935 0.765743
vt 0.682549 0.502187
vt 0.689675 0.631381
vt 0.736981 0.502187
vt 0.744107 0.631381
vt 0.709765 0.502187
vt 0.716891 0.631381
vt 0.628118 0.502187
vt 0.635243 0.631381
vt 0.655334 0.502187
vt 0.662459 0.631381
vt 0.764197 0.502187
vt 0.771323 0.631381
vt 0.600902 0.502187
vt 0.608027 0.631381
vt 0.478048 0.818053
vt 0.795893 0.631381
vt 0.594326 0.452079
vt 0.583456 0.631381
vt 0.576332 0.502187
vt 0.590743 0.452079
vt 0.788767 0.502187
vt 0.474466 0.818053
vt 0.436067 0.677586
vt 0.465196 0.677586
vt 0.465318 0.532952
vt 0.232167 0.695257
vt 0.232167 0.677586
vt 0.465196 0.695257
vt 0.450529 0.516702
vt 0.436067 0.695257
vt 0.319553 0.677586
vt 0.348681 0.677586
vt 0.319553 0.695257
vt 0.348681 0.695257
vt 0.377810 0.677586
vt 0.406939 0.677586
vt 0.377810 0.695257
vt 0.406939 0.695257
vt 0.261296 0.677586
vt 0.290424 0.677586
vt 0.261296 0.695257
vt 0.290424 0.695257
vt 0.629384 0.976039
vt 0.675797 0.614856
vt 0.629384 0.991320
vt 0.699337 0.768424
vt 0.692174 0.976039
vt 0.730394 0.614856
vt 0.692174 0.991320
vt 0.644740 0.768424
vt 0.660779 0.976039
vt 0.703095 0.614856
vt 0.660779 0.991320
vt 0.672038 0.768424
vt 0.566593 0.976039
vt 0.621200 0.614856
vt 0.566594 0.991320
vt 0.753935 0.768424
vt 0.597989 0.976039
vt 0.648498 0.614856
vt 0.597989 0.991320
vt 0.726636 0.768424
vt 0.723569 0.976039
vt 0.757692 0.614856
vt 0.723569 0.991320
vt 0.617441 0.768424
vt 0.593901 0.614856
vt 0.535198 0.976039
vt 0.535198 0.991320
vt 0.781234 0.768424
vt 0.905178 0.028097
vt 0.750180 0.976039
vt 0.780831 0.614856
vt 0.804373 0.768424
vt 0.492865 0.827186
vt 0.508587 0.991320
vt 0.570763 0.614856
vt 0.475238 0.827186
vt 0.508587 0.976039
vt 0.594302 0.768424
vt 0.922805 0.028097
vt 0.750180 0.991320
vt 0.665994 0.381831
vt 0.844788 0.424202
vt 0.436067 0.724445
vt 0.465196 0.724445
vt 0.465318 0.489163
vt 0.232167 0.724445
vt 0.232167 0.701298
vt 0.465196 0.701298
vt 0.450529 0.511058
vt 0.877750 0.424202
vt 0.436067 0.701298
vt 0.858658 0.449572
vt 0.377810 0.724445
vt 0.694698 0.381831
vt 0.872961 0.400312
vt 0.406939 0.724445
vt 0.377810 0.701298
vt 0.905921 0.400312
vt 0.406939 0.701298
vt 0.711379 0.422073
vt 0.290424 0.701298
vt 0.591448 0.387015
vt 0.744341 0.422073
vt 0.290424 0.724445
vt 0.916068 0.449572
vt 0.319553 0.724445
vt 0.319553 0.701298
vt 0.636155 0.407563
vt 0.620152 0.387015
vt 0.261296 0.724445
vt 0.669115 0.407563
vt 0.261296 0.701298
vt 0.908576 0.038425
vt 0.499307 0.502665
vt 0.867025 0.596879
vt 0.884794 0.038425
vt 0.473065 0.502666
vt 0.653766 0.752873
vt 0.589173 0.756035
vt 0.534116 0.409057
vt 0.744002 0.038425
vt 0.613966 0.756035
vt 0.534116 0.431488
vt 0.578586 0.028484
vt 0.473065 0.525096
vt 0.628974 0.752873
vt 0.536538 0.028248
vt 0.499307 0.525096
vt 0.512756 0.028248
vt 0.891818 0.596879
vt 0.848720 0.454895
vt 0.925267 0.047558
vt 0.594538 0.102641
vt 0.822478 0.454895
vt 0.949049 0.047558
vt 0.538381 0.048753
vt 0.848720 0.477326
vt 0.677329 0.028484
vt 0.619330 0.102641
vt 0.822478 0.477326
vt 0.701111 0.028484
vt 0.513589 0.048753
vt 0.931675 0.184166
vt 0.534681 0.527564
vt 0.917709 0.038425
vt 0.906883 0.184166
vt 0.534681 0.505133
vt 0.751557 0.048753
vt 0.508439 0.505133
vt 0.727774 0.048753
vt 0.647841 0.317448
vt 0.508439 0.527564
vt 0.941491 0.038425
vt 0.623049 0.317448
vt 0.577304 0.317448
vt 0.507875 0.409057
vt 0.720220 0.038425
vt 0.552512 0.317448
vt 0.507875 0.431488
vt 0.602368 0.028484
vt 0.982608 0.397648
vt 0.508207 0.847319
vt 0.434584 0.479094
vt 0.564437 0.443696
vt 0.982485 0.496757
vt 0.477074 0.074208
vt 0.443079 0.151282
vt 0.972430 0.397648
vt 0.448328 0.173600
vt 0.574430 0.441768
vt 0.009499 0.908653
vt 0.950979 0.121754
vt 0.981892 0.302745
vt 0.982869 0.399000
vt 0.508207 0.848696
vt 0.448328 0.183908
vt 0.978819 0.399781
vt 0.448328 0.179654
vt -0.000861 0.673778
vt 0.448328 0.169973
vt 0.577946 0.441768
vt 0.945783 0.183475
vt 0.003577 0.679333
vt 0.586926 0.655769
vt 0.796995 0.655769
vt 0.573703 0.825502
vt 0.227728 0.679333
vt 0.009499 0.863803
vt 0.472926 0.010674
vt 0.978081 0.430614
vt 0.937751 0.213113
vt 0.230308 0.723732
vt 0.654390 0.037617
vt 0.817388 0.047558
vt 0.000997 0.723732
vt 0.766938 0.102641
vt 0.486206 0.079312
vt 0.009499 0.884489
vt 0.955822 0.430614
vt 0.229336 0.700194
vt 0.801482 0.508601
vt 0.573128 0.522720
vt 0.555807 0.763534
vt 0.001970 0.700194
vt 0.785563 0.522720
vt 0.590743 0.490786
vt 0.229336 0.696361
vt 0.797899 0.508601
vt 0.803175 0.490786
vt 0.552225 0.763534
vt 0.001970 0.696361
vt 0.500651 0.030493
vt 0.009499 0.894341
vt 0.964082 0.302745
vt 0.899780 0.318745
vt 0.574430 0.389941
vt 0.007196 0.856909
vt 0.899780 0.315230
vt -0.000861 0.729241
vt 0.577946 0.389941
vt 0.325721 0.479094
vt 0.617082 0.847319
vt 0.334651 0.151282
vt 0.357827 0.074208
vt 0.336029 0.173600
vt 0.127685 0.908653
vt 0.826814 0.121754
vt 0.336029 0.183908
vt 0.617082 0.848696
vt 0.336029 0.179654
vt 0.115653 0.673778
vt 0.336029 0.169973
vt 0.115653 0.679333
vt 0.691960 0.655769
vt 0.127685 0.863803
vt 0.355620 0.010674
vt 0.115653 0.724445
vt 0.673458 0.452586
vt 0.115653 0.700194
vt 0.679345 0.522720
vt 0.127685 0.884489
vt 0.603511 0.079312
vt 0.127685 0.894341
vt 0.376481 0.030493
vt 0.115653 0.696361
vt 0.696959 0.490786
vt 0.866739 0.535142
vt 0.127685 0.856909
vt 0.866739 0.531627
vt 0.115653 0.729241
vt 0.389081 0.151282
vt 0.417689 0.074208
vt 0.067441 0.908653
vt 0.890106 0.121754
vt 0.057396 0.679333
vt 0.637363 0.655769
vt 0.067441 0.863803
vt 0.415415 0.010674
vt 0.059255 0.723732
vt 0.865682 0.026901
vt 0.558223 0.101597
vt 0.057396 0.700194
vt 0.733777 0.522720
vt 0.057396 0.696361
vt 0.751390 0.490786
vt 0.812308 0.535142
vt 0.965591 0.701396
vt 0.067441 0.856909
vt 0.812308 0.531627
vt 0.057396 0.729241
vt 0.964148 0.704602
vt 0.380153 0.479094
vt 0.562644 0.847319
vt 0.392179 0.173600
vt 0.392179 0.183908
vt 0.562644 0.848696
vt 0.392179 0.179654
vt 0.392179 0.169973
vt 0.057396 0.673778
vt 0.067441 0.884489
vt 0.543716 0.079312
vt 0.067441 0.894341
vt 0.439775 0.030493
vt 0.352937 0.479094
vt 0.589863 0.847319
vt 0.364104 0.173600
vt 0.364104 0.183908
vt 0.589863 0.848696
vt 0.364104 0.179654
vt 0.086524 0.673778
vt 0.364104 0.169973
vt 0.097563 0.884489
vt 0.573613 0.079312
vt 0.097563 0.894341
vt 0.408128 0.030493
vt 0.361866 0.151282
vt 0.387758 0.074208
vt 0.097563 0.908653
vt 0.858460 0.121754
vt 0.086524 0.679333
vt 0.664662 0.655769
vt 0.097563 0.863803
vt 0.385518 0.010674
vt 0.084665 0.723732
vt 0.841900 0.026901
vt 0.937751 0.202936
vt 0.086524 0.700194
vt 0.706561 0.522720
vt 0.086524 0.696361
vt 0.724174 0.490786
vt 0.839523 0.535142
vt 0.097563 0.856909
vt 0.839523 0.531627
vt 0.086524 0.729241
vt 0.671519 0.847319
vt 0.271290 0.479094
vt 0.279880 0.173600
vt 0.671519 0.848696
vt 0.279880 0.183908
vt 0.279880 0.179654
vt 0.173910 0.673778
vt 0.279880 0.169973
vt 0.187929 0.884489
vt 0.663306 0.079312
vt 0.187929 0.894341
vt 0.313186 0.030493
vt 0.280220 0.151282
vt 0.297965 0.074208
vt 0.187929 0.908653
vt 0.763522 0.121754
vt 0.173910 0.679333
vt 0.746557 0.655769
vt 0.187929 0.863803
vt 0.295824 0.010674
vt 0.770431 0.751829
vt 0.172051 0.723732
vt 0.687305 0.037617
vt 0.624914 0.522720
vt 0.173910 0.700194
vt 0.173910 0.696361
vt 0.642528 0.490786
vt 0.921171 0.535142
vt 0.969956 0.687661
vt 0.187929 0.856909
vt 0.921171 0.531627
vt 0.173910 0.729241
vt 0.971399 0.690867
vt 0.307435 0.151282
vt 0.327896 0.074208
vt 0.157807 0.908653
vt 0.795168 0.121754
vt 0.144781 0.679333
vt 0.719259 0.655769
vt 0.157807 0.863803
vt 0.325722 0.010674
vt 0.146640 0.723732
vt 0.711087 0.037617
vt 0.938474 0.372187
vt 0.652130 0.522720
vt 0.144781 0.700194
vt 0.144781 0.696361
vt 0.669744 0.490786
vt 0.893955 0.535142
vt 0.157807 0.856909
vt 0.144781 0.729241
vt 0.893955 0.531627
vt 0.298506 0.479094
vt 0.644300 0.847319
vt 0.307954 0.173600
vt 0.307954 0.183908
vt 0.644300 0.848696
vt 0.307954 0.179654
vt 0.307954 0.169973
vt 0.144781 0.673778
vt 0.157807 0.884489
vt 0.633408 0.079312
vt 0.157807 0.894341
vt 0.344833 0.030493
vt 0.416297 0.151282
vt 0.447620 0.074208
vt 0.037319 0.908653
vt 0.921752 0.121754
vt 0.028267 0.679333
vt 0.610064 0.655769
vt 0.037319 0.863803
vt 0.445313 0.010674
vt 0.793606 0.047558
vt 0.026408 0.723732
vt 0.611986 0.316404
vt 0.028267 0.700194
vt 0.760993 0.522720
vt 0.028267 0.696361
vt 0.778605 0.490786
vt 0.926996 0.318745
vt 0.037319 0.856909
vt 0.977444 0.951834
vt 0.926996 0.315230
vt 0.028267 0.729241
vt 0.978887 0.955039
vt 0.535425 0.847319
vt 0.407369 0.479094
vt 0.420253 0.173600
vt 0.535425 0.848696
vt 0.420253 0.183908
vt 0.420253 0.179654
vt 0.420253 0.169973
vt 0.028267 0.673778
vt 0.037319 0.884489
vt 0.513819 0.079312
vt 0.037319 0.894341
vt 0.471423 0.030493
vt 0.698738 0.847319
vt 0.244074 0.479094
vt 0.251805 0.173600
vt 0.698738 0.848696
vt 0.251805 0.183908
vt 0.251805 0.179654
vt 0.203039 0.673778
vt 0.251805 0.169973
vt 0.218051 0.884489
vt 0.693203 0.079312
vt 0.281539 0.030493
vt 0.218051 0.894341
vt 0.253004 0.151282
vt 0.268034 0.074208
vt 0.731876 0.121754
vt 0.218051 0.908653
vt 0.773856 0.655769
vt 0.203039 0.679333
vt 0.218051 0.863803
vt 0.265927 0.010674
vt 0.656232 0.102641
vt 0.204897 0.723732
vt 0.678172 0.037617
vt 0.203039 0.700194
vt 0.597698 0.522720
vt 0.615313 0.490786
vt 0.203039 0.696361
vt 0.973005 0.518064
vt 0.072245 0.428017
vt 0.218051 0.856909
vt 0.971561 0.521269
vt 0.072245 0.424502
vt 0.203039 0.729241
vt 0.067441 0.853372
vt 0.968506 0.702709
vt 0.057396 0.732662
vt 0.967062 0.705914
vt 0.975920 0.519376
vt 0.218051 0.853372
vt 0.967041 0.688974
vt 0.187929 0.853372
vt 0.974476 0.522582
vt 0.203039 0.732662
vt 0.968484 0.692179
vt 0.173910 0.732662
vt 0.974529 0.953146
vt 0.037319 0.853372
vt 0.028267 0.732662
vt 0.975972 0.956351
vt 0.979456 0.099831
vt 0.064562 0.847459
vt 0.909980 0.102641
vt 0.971313 0.704602
vt 0.903559 0.544275
vt 0.057396 0.736177
vt 0.920911 0.546848
vt 0.215173 0.847459
vt 0.961932 0.278375
vt 0.802914 0.520944
vt 0.190808 0.847459
vt 0.936260 0.278375
vt 0.978727 0.521269
vt 0.203039 0.736177
vt 0.346405 0.466446
vt 0.964233 0.690867
vt 0.173910 0.736177
vt 0.794697 0.544275
vt 0.040197 0.847459
vt 0.884308 0.102641
vt 0.988404 0.861729
vt 0.971722 0.955039
vt 0.028267 0.736177
vt 0.355538 0.424502
vt 0.648782 0.455590
vt 0.140693 0.723014
vt 0.673458 0.455590
vt 0.115653 0.723014
vt 0.140693 0.703116
vt 0.115653 0.703116
vt 0.710444 0.410753
vt 0.055352 0.703116
vt 0.786857 0.395202
vt 0.738780 0.410753
vt 0.055352 0.723014
vt 0.698134 0.455590
vt 0.090612 0.723014
vt 0.090612 0.703116
vt 0.200995 0.723014
vt 0.933553 0.419132
vt 0.819909 0.384835
vt 0.175954 0.723014
vt 0.844585 0.384835
vt 0.748205 0.400386
vt 0.961889 0.419132
vt 0.200995 0.703116
vt 0.175954 0.703116
vt 0.776539 0.400386
vt 0.811533 0.395202
vt 0.030311 0.723014
vt 0.842309 0.413080
vt 0.030311 0.703116
vt 0.870644 0.413080
vt 0.026408 0.702011
vt 0.569453 0.027053
vt 0.587194 0.316404
vt 0.000997 0.702011
vt 0.742146 0.102641
vt 0.545671 0.027053
vt 0.912959 0.213113
vt 0.230308 0.702011
vt 0.635282 0.027289
vt 0.581701 0.739825
vt 0.591330 0.825502
vt 0.227728 0.693510
vt 0.791771 0.739825
vt 0.963410 0.183475
vt 0.003577 0.693510
vt 0.028267 0.693510
vt 0.768632 0.739825
vt 0.146640 0.702011
vt 0.760690 0.047558
vt 0.913682 0.372187
vt 0.115653 0.701298
vt 0.144781 0.693510
vt 0.659437 0.739825
vt 0.115653 0.693510
vt 0.686736 0.739825
vt 0.084665 0.702011
vt 0.734025 0.026901
vt 0.912959 0.202936
vt 0.059255 0.702011
vt 0.710244 0.026901
vt 0.583015 0.101597
vt 0.086524 0.693510
vt 0.714035 0.739825
vt 0.057396 0.693510
vt 0.741333 0.739825
vt 0.631440 0.102641
vt 0.204897 0.702011
vt 0.611500 0.027289
vt 0.745639 0.751829
vt 0.172051 0.702011
vt 0.784473 0.047558
vt 0.203039 0.693510
vt 0.604840 0.739825
vt 0.173910 0.693510
vt 0.632139 0.739825
vt 0.696959 0.488518
vt 0.679345 0.524988
vt 0.751390 0.488518
vt 0.733777 0.524988
vt 0.724174 0.488518
vt 0.706561 0.524988
vt 0.642528 0.488518
vt 0.624914 0.524988
vt 0.669744 0.488518
vt 0.652130 0.524988
vt 0.778605 0.488518
vt 0.760993 0.524988
vt 0.615313 0.488518
vt 0.597698 0.524988
vt 0.555807 0.761266
vt 0.785563 0.524988
vt 0.801482 0.510870
vt 0.573128 0.524988
vt 0.590743 0.488518
vt 0.797899 0.510870
vt 0.803175 0.488518
vt 0.552225 0.761266
vt 0.028267 0.677586
vt -0.000861 0.677586
vt 0.577946 0.438211
vt -0.000861 0.695257
vt 0.592734 0.421961
vt 0.028267 0.695257
vt 0.144781 0.677586
vt 0.115653 0.677586
vt 0.144781 0.695257
vt 0.115653 0.695257
vt 0.086524 0.677586
vt 0.057396 0.677586
vt 0.086524 0.695257
vt 0.057396 0.695257
vt 0.203039 0.677586
vt 0.173910 0.677586
vt 0.203039 0.695257
vt 0.173910 0.695257
vt 0.629387 0.966907
vt 0.691960 0.658449
vt 0.629387 0.951626
vt 0.686736 0.742505
vt 0.692177 0.966907
vt 0.637363 0.658449
vt 0.692177 0.951626
vt 0.741333 0.742505
vt 0.660782 0.966907
vt 0.664662 0.658449
vt 0.660782 0.951626
vt 0.714035 0.742505
vt 0.566597 0.966907
vt 0.746557 0.658449
vt 0.566597 0.951626
vt 0.632139 0.742505
vt 0.597992 0.966907
vt 0.719259 0.658449
vt 0.597992 0.951626
vt 0.659437 0.742505
vt 0.723572 0.966907
vt 0.610064 0.658449
vt 0.723572 0.951626
vt 0.768632 0.742505
vt 0.773856 0.658449
vt 0.535202 0.966907
vt 0.535202 0.951626
vt 0.604840 0.742505
vt 0.944203 0.181300
vt 0.750183 0.966907
vt 0.586926 0.658449
vt 0.581701 0.742505
vt 0.589749 0.827677
vt 0.508591 0.951626
vt 0.796995 0.658449
vt 0.572123 0.827677
vt 0.508591 0.966907
vt 0.791771 0.742505
vt 0.961830 0.181300
vt 0.750183 0.951626
vt 0.813548 0.392199
vt 0.838905 0.411092
vt 0.028267 0.724445
vt -0.000861 0.724445
vt 0.577946 0.394423
vt -0.000861 0.701298
vt 0.592734 0.416317
vt 0.871866 0.411092
vt 0.028267 0.701298
vt 0.702163 0.452586
vt 0.086524 0.724445
vt 0.784843 0.392199
vt 0.742184 0.408765
vt 0.057396 0.724445
vt 0.086524 0.701298
vt 0.709222 0.408765
vt 0.057396 0.701298
vt 0.777761 0.398397
vt 0.173910 0.701298
vt 0.846600 0.381831
vt 0.744801 0.398397
vt 0.173910 0.724445
vt 0.644753 0.452586
vt 0.144781 0.724445
vt 0.144781 0.701298
vt 0.930149 0.421120
vt 0.817895 0.381831
vt 0.203039 0.724445
vt 0.963111 0.421120
vt 0.203039 0.701298
vt 0.793606 0.048753
vt 0.964226 0.499006
vt 0.612573 0.317448
vt 0.817388 0.048753
vt 0.937984 0.499006
vt 0.767525 0.101597
vt 0.938338 0.214157
vt 0.751730 0.456954
vt 0.654390 0.038812
vt 0.913546 0.214157
vt 0.751730 0.479385
vt 0.635282 0.028484
vt 0.937984 0.476575
vt 0.742733 0.101597
vt 0.545671 0.028248
vt 0.964226 0.476575
vt 0.569453 0.028248
vt 0.587781 0.317448
vt 0.787104 0.454895
vt 0.841900 0.028097
vt 0.938338 0.203980
vt 0.813346 0.454895
vt 0.865682 0.028097
vt 0.557636 0.102641
vt 0.787104 0.477326
vt 0.734025 0.028097
vt 0.913546 0.203980
vt 0.813346 0.477326
vt 0.710244 0.028097
vt 0.582428 0.102641
vt 0.746226 0.752873
vt 0.716355 0.479385
vt 0.784473 0.048753
vt 0.771018 0.752873
vt 0.716355 0.456954
vt 0.687305 0.038812
vt 0.742597 0.456954
vt 0.711087 0.038812
vt 0.939061 0.371143
vt 0.742597 0.479385
vt 0.760690 0.048753
vt 0.914269 0.371143
vt 0.656819 0.101597
vt 0.777971 0.456954
vt 0.678172 0.038812
vt 0.632027 0.101597
vt 0.777971 0.479385
vt 0.611500 0.028484
vt 0.953646 0.840755
vt 0.055539 0.660193
vt 0.971366 0.840755
vt 0.812308 0.497299
vt 0.055539 0.642735
vt 0.972476 0.904087
vt 0.812308 0.488167
vt 0.055539 0.622931
vt 0.954756 0.904087
vt 0.055539 0.605472
vt 0.951108 0.092766
vt 0.027352 0.605472
vt 0.968828 0.092766
vt 0.579427 0.047899
vt 0.027352 0.622931
vt 0.953260 0.913220
vt 0.766018 0.318745
vt 0.027352 0.642735
vt 0.970980 0.913220
vt 0.027352 0.660193
vt 0.692971 0.047945
vt 0.042089 0.921611
vt 0.980274 0.941229
vt 0.980198 0.048176
vt 0.038271 0.451963
vt 0.964978 0.018755
vt 0.957785 0.357424
vt 0.038271 0.439774
vt 0.977056 0.018755
vt 0.456150 0.840649
vt 0.889074 0.317638
vt 0.517002 0.092464
vt 0.718642 0.047945
vt 0.066473 0.921611
vt 0.025500 0.469961
vt 0.958182 0.048176
vt 0.060488 0.451963
vt 0.981205 0.082691
vt 0.979802 0.357424
vt 0.060488 0.439774
vt 0.969127 0.082692
vt 0.431785 0.840649
vt 0.791609 0.755668
vt 0.542673 0.092464
vt 0.192816 0.921611
vt 0.980459 0.785179
vt 0.623364 0.047945
vt 0.175602 0.451963
vt 0.973315 0.186657
vt 0.980198 0.058251
vt 0.175602 0.439774
vt 0.985394 0.186657
vt 0.981533 0.666587
vt 0.305539 0.840649
vt 0.429304 0.469019
vt 0.618953 0.367003
vt 0.952291 0.924138
vt 0.168285 0.605472
vt 0.970010 0.924138
vt 0.168285 0.622931
vt 0.928788 0.488167
vt 0.964542 0.224569
vt 0.928852 0.497299
vt 0.168285 0.642735
vt 0.946822 0.224569
vt 0.168285 0.660193
vt 0.971472 0.851673
vt 0.196471 0.605472
vt 0.953753 0.851673
vt 0.765752 0.433194
vt 0.196471 0.622931
vt 0.969628 0.756271
vt 0.886532 0.901913
vt 0.196471 0.642735
vt 0.951908 0.756271
vt 0.196471 0.660193
vt 0.281174 0.840649
vt 0.795844 0.367003
vt 0.644625 0.367003
vt 0.197818 0.439774
vt 0.964978 0.008680
vt 0.959517 0.666587
vt 0.197818 0.451963
vt 0.977056 0.008680
vt 0.958182 0.058251
vt 0.217200 0.921611
vt 0.017281 0.427075
vt 0.649035 0.047945
vt 0.794696 0.520944
vt 0.190808 0.840649
vt 0.786711 0.367003
vt 0.280216 0.439774
vt 0.973315 0.196731
vt 0.957772 0.343500
vt 0.280216 0.451963
vt 0.985394 0.196731
vt 0.959293 0.111679
vt 0.987623 0.377106
vt 0.307636 0.921611
vt 0.962181 0.267627
vt 0.953566 0.778157
vt 0.281031 0.605472
vt 0.971286 0.778157
vt 0.590743 0.479385
vt 0.281031 0.622931
vt 0.970136 0.862592
vt 0.928853 0.509846
vt 0.281031 0.642735
vt 0.952416 0.862592
vt 0.281031 0.660193
vt 0.951926 0.935056
vt 0.252844 0.605472
vt 0.969646 0.935056
vt 0.252844 0.622931
vt 0.707512 0.433194
vt 0.952553 0.796262
vt 0.252844 0.642735
vt 0.944805 0.901913
vt 0.970273 0.796262
vt 0.252844 0.660193
vt 0.283252 0.921611
vt 0.478980 0.379911
vt 0.936510 0.267627
vt 0.258000 0.451963
vt 0.474375 0.956300
vt 0.981309 0.111679
vt 0.258000 0.439774
vt 0.462296 0.956300
vt 0.979789 0.343500
vt 0.912692 0.546848
vt 0.215173 0.840649
vt 0.761040 0.367003
vt 0.969852 0.369284
vt 0.393776 0.605472
vt 0.952132 0.369284
vt 0.393776 0.622931
vt 0.707223 0.479385
vt 0.968746 0.208592
vt 0.812308 0.509846
vt 0.393776 0.642735
vt 0.951026 0.208592
vt 0.393776 0.660193
vt 0.493579 0.736245
vt 0.421963 0.605472
vt 0.421963 0.622931
vt 0.475859 0.736245
vt 0.842597 0.318745
vt 0.952553 0.808965
vt 0.833464 0.318745
vt 0.421963 0.642735
vt 0.970273 0.808965
vt 0.421963 0.660193
vt 0.458362 0.921611
vt 0.805567 0.101833
vt 0.437523 0.428017
vt 0.417547 0.451963
vt 0.958754 0.409057
vt 0.985638 0.150306
vt 0.417547 0.439774
vt 0.981533 0.634982
vt 0.973559 0.150306
vt 0.875176 0.102641
vt 0.040197 0.840649
vt 0.980186 0.861729
vt 0.849504 0.102641
vt 0.987674 0.099831
vt 0.064562 0.840649
vt 0.985585 0.176582
vt 0.395330 0.439774
vt 0.959517 0.634982
vt 0.973507 0.176582
vt 0.395330 0.451963
vt 0.980770 0.409057
vt 0.433978 0.921611
vt 0.779896 0.101833
vt 0.980850 0.748212
vt 0.934532 0.381320
vt 0.491395 0.930567
vt 0.505554 0.383407
vt 0.934532 0.384835
vt 0.502038 0.383407
vt 0.913460 0.682075
vt 0.465333 0.818543
vt 0.382760 0.428017
vt 0.007190 0.849614
vt 0.571489 0.383407
vt -0.000868 0.736177
vt 0.382760 0.424502
vt 0.984696 0.467031
vt 0.575004 0.383407
vt 0.447643 0.421777
vt 0.450156 0.657557
vt 0.007190 0.838494
vt 0.562394 0.373538
vt 0.450156 0.660193
vt 0.969845 0.467031
vt 0.564940 0.372486
vt 0.512102 0.372486
vt 0.898609 0.682075
vt 0.450156 0.605472
vt 0.450156 0.622931
vt 0.871723 0.318745
vt 0.528960 0.367026
vt 0.579518 0.488508
vt 0.804322 0.318745
vt 0.560395 0.488508
vt 0.450156 0.642735
vt 0.548082 0.367026
vt 0.514648 0.373538
vt 0.450156 0.608108
vt 0.491395 0.919458
vt 0.447643 0.469961
vt 0.529881 0.368604
vt 0.871723 0.317037
vt 0.447643 0.454588
vt 0.804322 0.317038
vt 0.447643 0.437150
vt 0.547161 0.368604
vt 0.355538 0.466446
vt 0.009028 0.930567
vt 0.537710 0.478147
vt 0.984698 0.875858
vt 0.355538 0.469961
vt -0.000868 0.818543
vt 0.541226 0.478147
vt 0.135810 0.428017
vt 0.471774 0.478147
vt 0.489186 0.849614
vt 0.969845 0.455210
vt 0.135810 0.424502
vt 0.465230 0.736177
vt 0.468259 0.478147
vt 0.984695 0.455210
vt -0.000868 0.660193
vt 0.478323 0.467226
vt 0.008148 0.421777
vt -0.000868 0.657557
vt 0.489186 0.838494
vt 0.480869 0.468279
vt 0.969847 0.875858
vt -0.000868 0.605472
vt 0.531162 0.467226
vt 0.140435 0.467773
vt 0.550273 0.047899
vt -0.000868 0.622931
vt 0.514304 0.461766
vt 0.159558 0.467773
vt 0.795189 0.318745
vt -0.000868 0.642735
vt 0.495181 0.461766
vt -0.000868 0.608108
vt 0.009028 0.919458
vt 0.008148 0.469961
vt 0.528616 0.468279
vt 0.550273 0.046191
vt 0.008148 0.454588
vt 0.513382 0.463344
vt 0.008148 0.437150
vt 0.795189 0.317038
vt 0.496103 0.463344
vt 0.950980 0.889923
vt 0.733230 0.889923
vt 0.923761 0.889923
vt 0.814886 0.889923
vt 0.842105 0.889923
vt 0.869324 0.889923
vt 0.896542 0.889923
vt 0.760449 0.889923
vt 0.787668 0.889923
vt 0.515481 0.889923
vt 0.542700 0.889923
vt 0.651575 0.889923
vt 0.624356 0.889923
vt 0.597137 0.889923
vt 0.569919 0.889923
vt 0.706012 0.889923
vt 0.678793 0.889923
vt 0.517135 0.879319
vt 0.734878 0.879319
vt 0.544353 0.879319
vt 0.653224 0.879319
vt 0.626007 0.879319
vt 0.598789 0.879319
vt 0.571571 0.879319
vt 0.707660 0.879319
vt 0.680442 0.879319
vt 0.952622 0.879319
vt 0.925404 0.879319
vt 0.816532 0.879319
vt 0.843750 0.879319
vt 0.870968 0.879319
vt 0.898186 0.879319
vt 0.762096 0.879319
vt 0.789314 0.879319
vt 0.897923 0.255915
vt 0.035281 0.132156
vt 0.927377 0.255915
vt 0.008499 0.132156
vt 0.520334 0.496000
vt 0.039209 0.942825
vt 0.009064 0.942825
vt 0.459931 0.576439
vt 0.985127 0.794312
vt 0.009064 0.967364
vt 0.653799 0.576439
vt 0.220081 0.967364
vt 0.900587 0.193299
vt 0.979482 0.794312
vt 0.009064 0.973616
vt 0.220081 0.973616
vt 0.706720 0.193299
vt 0.144142 0.132156
vt 0.778200 0.255915
vt 0.116927 0.132156
vt 0.808130 0.255915
vt 0.159790 0.942825
vt 0.129645 0.942825
vt 0.099499 0.967364
vt 0.543018 0.576439
vt 0.129645 0.967364
vt 0.570713 0.576439
vt 0.099499 0.973616
vt 0.817501 0.193299
vt 0.129645 0.973616
vt 0.789806 0.193299
vt 0.089712 0.132156
vt 0.838061 0.255915
vt 0.062496 0.132156
vt 0.867992 0.255915
vt 0.099499 0.942825
vt 0.069354 0.942825
vt 0.039209 0.967364
vt 0.487627 0.576439
vt 0.069354 0.967364
vt 0.515322 0.576439
vt 0.039209 0.973616
vt 0.872892 0.193299
vt 0.069354 0.973616
vt 0.845196 0.193299
vt 0.159790 0.967364
vt 0.598408 0.576439
vt 0.626104 0.576439
vt 0.189935 0.967364
vt 0.159790 0.973616
vt 0.762110 0.193299
vt 0.734415 0.193299
vt 0.189935 0.973616
vt 0.198573 0.132156
vt 0.718338 0.255915
vt 0.171358 0.132156
vt 0.748269 0.255915
vt 0.220081 0.942825
vt 0.189935 0.942825
vt 0.416296 0.132156
vt 0.478891 0.255915
vt 0.982204 0.831623
vt 0.449437 0.255915
vt 0.443077 0.132156
vt 0.461243 0.942825
vt 0.491388 0.942825
vt 0.979496 0.757344
vt 0.903058 0.576439
vt 0.491388 0.967364
vt 0.709190 0.576439
vt 0.280371 0.967364
vt 0.985141 0.757344
vt 0.457461 0.193299
vt 0.491388 0.973616
vt 0.280371 0.973616
vt 0.651329 0.193299
vt 0.307434 0.132156
vt 0.598614 0.255915
vt 0.568683 0.255915
vt 0.334650 0.132156
vt 0.340662 0.942825
vt 0.370807 0.942825
vt 0.400953 0.967364
vt 0.819972 0.576439
vt 0.370807 0.967364
vt 0.792277 0.576439
vt 0.400953 0.973616
vt 0.540547 0.193299
vt 0.370807 0.973616
vt 0.568242 0.193299
vt 0.538752 0.255915
vt 0.361865 0.132156
vt 0.389080 0.132156
vt 0.508822 0.255915
vt 0.400952 0.942825
vt 0.431098 0.942825
vt 0.461243 0.967364
vt 0.875363 0.576439
vt 0.847667 0.576439
vt 0.431098 0.967364
vt 0.461243 0.973616
vt 0.485156 0.193299
vt 0.512852 0.193299
vt 0.431098 0.973616
vt 0.340662 0.967364
vt 0.764581 0.576439
vt 0.310517 0.967364
vt 0.736886 0.576439
vt 0.340662 0.973616
vt 0.595938 0.193299
vt 0.310517 0.973616
vt 0.623633 0.193299
vt 0.253004 0.132156
vt 0.658476 0.255915
vt 0.280219 0.132156
vt 0.628545 0.255915
vt 0.280371 0.942825
vt 0.310517 0.942825
vt 0.035281 0.160407
vt 0.028571 0.065076
vt 0.008499 0.160407
vt -0.000868 0.065076
vt 0.982685 0.567253
vt 0.459028 0.861869
vt 0.489150 0.861869
vt 0.489150 0.886423
vt 0.917456 0.717618
vt 0.979581 0.923903
vt 0.278295 0.886423
vt 0.723588 0.717617
vt 0.489150 0.892669
vt 0.474328 0.703180
vt 0.985225 0.923903
vt 0.668197 0.703180
vt 0.278295 0.892669
vt 0.144143 0.160407
vt 0.148231 0.065076
vt 0.116927 0.160407
vt 0.118316 0.065076
vt 0.338540 0.861869
vt 0.368662 0.861869
vt 0.834370 0.717617
vt 0.398784 0.886423
vt 0.806674 0.717617
vt 0.368662 0.886423
vt 0.557415 0.703180
vt 0.398784 0.892669
vt 0.585110 0.703180
vt 0.368662 0.892669
vt 0.089712 0.160407
vt 0.088401 0.065076
vt 0.062497 0.160407
vt 0.058486 0.065076
vt 0.398784 0.861869
vt 0.428906 0.861869
vt 0.459028 0.886423
vt 0.889761 0.717618
vt 0.862065 0.717618
vt 0.428906 0.886423
vt 0.459028 0.892669
vt 0.502024 0.703180
vt 0.529719 0.703180
vt 0.428906 0.892669
vt 0.338540 0.886423
vt 0.778979 0.717617
vt 0.308417 0.886423
vt 0.751283 0.717617
vt 0.338540 0.892669
vt 0.612806 0.703180
vt 0.308417 0.892669
vt 0.640501 0.703180
vt 0.208061 0.065076
vt 0.198574 0.160407
vt 0.178146 0.065076
vt 0.171358 0.160407
vt 0.278295 0.861869
vt 0.308417 0.861869
vt 0.416297 0.160407
vt 0.447382 0.065076
vt 0.973359 0.496757
vt 0.476821 0.065076
vt 0.443079 0.160407
vt 0.037319 0.861869
vt 0.007196 0.861869
vt 0.481398 0.754611
vt 0.007196 0.886423
vt 0.474328 0.717618
vt 0.218051 0.886423
vt 0.668197 0.717617
vt 0.475754 0.754611
vt 0.917457 0.703180
vt 0.007196 0.892669
vt 0.723588 0.703180
vt 0.218051 0.892669
vt 0.307435 0.160407
vt 0.327722 0.065076
vt 0.334651 0.160407
vt 0.357637 0.065076
vt 0.157807 0.861869
vt 0.127685 0.861869
vt 0.097563 0.886423
vt 0.557415 0.717618
vt 0.585110 0.717618
vt 0.127685 0.886423
vt 0.097563 0.892669
vt 0.834370 0.703180
vt 0.806674 0.703180
vt 0.127685 0.892669
vt 0.361866 0.160407
vt 0.387552 0.065076
vt 0.389081 0.160407
vt 0.417467 0.065076
vt 0.097563 0.861869
vt 0.067441 0.861869
vt 0.037319 0.886423
vt 0.502024 0.717618
vt 0.067441 0.886423
vt 0.529719 0.717618
vt 0.037319 0.892669
vt 0.889761 0.703180
vt 0.067441 0.892669
vt 0.862066 0.703180
vt 0.157807 0.886423
vt 0.612806 0.717618
vt 0.187929 0.886423
vt 0.640501 0.717618
vt 0.157807 0.892669
vt 0.778979 0.703180
vt 0.187929 0.892669
vt 0.751283 0.703180
vt 0.253004 0.160407
vt 0.267892 0.065076
vt 0.280220 0.160407
vt 0.297807 0.065076
vt 0.218051 0.861869
vt 0.187929 0.861869
vt 0.252056 0.314055
vt 0.249888 0.049988
vt 0.252073 0.329006
vt 0.249882 0.039843
vt 0.234633 0.401446
vt 0.718928 0.009951
vt 0.234610 0.412649
vt 0.124382 0.329185
vt 0.123297 0.039678
vt 0.124383 0.313988
vt 0.376450 0.049647
vt 0.115747 0.398313
vt 0.842671 0.068326
vt 0.115747 0.392223
vt 0.060537 0.329185
vt 0.060005 0.039678
vt 0.060537 0.313988
vt 0.439739 0.049647
vt 0.539568 0.009871
vt 0.056304 0.412608
vt 0.056304 0.396532
vt 0.569465 0.009871
vt 0.086025 0.412608
vt 0.872567 0.068326
vt 0.086025 0.392223
vt 0.092460 0.329185
vt 0.091651 0.039678
vt 0.092460 0.313988
vt 0.408094 0.049647
vt 0.175191 0.403290
vt 0.175191 0.401541
vt 0.188228 0.329185
vt 0.186590 0.039678
vt 0.188228 0.313988
vt 0.313160 0.049647
vt 0.145469 0.403290
vt 0.145469 0.401541
vt 0.156305 0.329185
vt 0.154943 0.039678
vt 0.156305 0.313988
vt 0.344805 0.049647
vt 0.028615 0.329185
vt 0.028359 0.039678
vt 0.028615 0.313988
vt 0.471384 0.049647
vt 0.026582 0.398282
vt 0.026582 0.396532
vt 0.220150 0.329185
vt 0.218235 0.039678
vt 0.220150 0.313988
vt 0.281516 0.049647
vt 0.204927 0.403293
vt 0.752983 0.068326
vt 0.204912 0.392223
vt 0.379764 0.329185
vt 0.376466 0.039678
vt 0.379764 0.313988
vt 0.123292 0.049647
vt 0.838542 0.009871
vt 0.353521 0.412608
vt 0.603504 0.068326
vt 0.353521 0.392223
vt 0.443609 0.329185
vt 0.439758 0.039678
vt 0.060003 0.049647
vt 0.443609 0.313988
vt 0.898336 0.009871
vt 0.412965 0.412608
vt 0.543713 0.068326
vt 0.412965 0.392223
vt 0.868439 0.009871
vt 0.383243 0.412608
vt 0.573609 0.068326
vt 0.383243 0.392223
vt 0.411686 0.329185
vt 0.408112 0.039678
vt 0.091647 0.049647
vt 0.411686 0.313988
vt 0.778747 0.009871
vt 0.294078 0.412608
vt 0.663296 0.068326
vt 0.294078 0.392223
vt 0.315918 0.329185
vt 0.313174 0.039678
vt 0.315918 0.313988
vt 0.186581 0.049647
vt 0.808644 0.009871
vt 0.323799 0.412608
vt 0.633400 0.068326
vt 0.323799 0.392223
vt 0.347841 0.329185
vt 0.344820 0.039678
vt 0.347841 0.313988
vt 0.154937 0.049647
vt 0.475531 0.329185
vt 0.471404 0.039678
vt 0.475531 0.313988
vt 0.028358 0.049647
vt 0.928234 0.009871
vt 0.442686 0.412608
vt 0.513817 0.068326
vt 0.442686 0.392223
vt 0.283996 0.329185
vt 0.281528 0.039678
vt 0.283996 0.313988
vt 0.218226 0.049647
vt 0.748849 0.009871
vt 0.264356 0.412608
vt 0.693192 0.068326
vt 0.264356 0.392223
vt 0.250187 0.353559
vt 0.247889 0.029716
vt 0.700230 0.122472
vt 0.252209 0.338447
vt 0.233971 0.373641
vt 0.723063 0.078527
vt 0.234527 0.362722
vt 0.124450 0.338318
vt 0.573645 0.122590
vt 0.123302 0.029657
vt 0.124450 0.353494
vt 0.115676 0.376433
vt 0.115676 0.378183
vt 0.510353 0.122590
vt 0.060570 0.338318
vt 0.060008 0.029657
vt 0.060570 0.353494
vt 0.056269 0.376537
vt 0.056269 0.378288
vt 0.085972 0.376537
vt 0.085972 0.378288
vt 0.541999 0.122590
vt 0.092510 0.338318
vt 0.091655 0.029657
vt 0.092510 0.353494
vt 0.782895 0.078427
vt 0.175083 0.362692
vt 0.176233 0.009789
vt 0.175083 0.383091
vt 0.636938 0.122590
vt 0.188329 0.338318
vt 0.186597 0.029657
vt 0.188329 0.353494
vt 0.812792 0.078427
vt 0.145379 0.362692
vt 0.145379 0.378183
vt 0.156389 0.338318
vt 0.605292 0.122590
vt 0.154950 0.029657
vt 0.156389 0.353494
vt 0.028630 0.338318
vt 0.478707 0.122590
vt 0.028360 0.029657
vt 0.028630 0.353494
vt 0.026565 0.371932
vt 0.026744 0.009789
vt 0.026565 0.383091
vt 0.668584 0.122590
vt 0.220269 0.338318
vt 0.220269 0.353494
vt 0.218244 0.029657
vt 0.752998 0.078427
vt 0.204786 0.362692
vt 0.206131 0.009789
vt 0.204786 0.383091
vt 0.379968 0.338318
vt 0.826814 0.122590
vt 0.379968 0.353494
vt 0.376481 0.029657
vt 0.353304 0.371911
vt 0.355620 0.009789
vt 0.353304 0.383091
vt 0.443847 0.338318
vt 0.890106 0.122590
vt 0.443847 0.353494
vt 0.439775 0.029657
vt 0.543716 0.078427
vt 0.412711 0.362692
vt 0.412711 0.373766
vt 0.573613 0.078427
vt 0.383007 0.362692
vt 0.385518 0.009789
vt 0.383007 0.383091
vt 0.411907 0.338318
vt 0.858460 0.122590
vt 0.411907 0.353494
vt 0.408128 0.029657
vt 0.293897 0.372016
vt 0.295824 0.009789
vt 0.293897 0.383091
vt 0.316088 0.338318
vt 0.763522 0.122590
vt 0.316088 0.353494
vt 0.313186 0.029657
vt 0.323600 0.371911
vt 0.325722 0.009789
vt 0.323600 0.383091
vt 0.348028 0.338318
vt 0.795168 0.122590
vt 0.348028 0.353494
vt 0.344833 0.029657
vt 0.475787 0.338318
vt 0.921752 0.122590
vt 0.475787 0.353494
vt 0.471423 0.029657
vt 0.442414 0.372016
vt 0.442414 0.373766
vt 0.284148 0.338318
vt 0.731876 0.122590
vt 0.284148 0.353494
vt 0.281539 0.029657
vt 0.264188 0.372010
vt 0.264223 0.373773
vt -0.000868 0.329185
vt -0.000868 0.039678
vt 0.986180 0.311877
vt 0.010244 0.401541
vt 0.010244 0.403290
vt 0.500610 0.049647
vt -0.000868 0.313988
vt 0.968370 0.311877
vt 0.968370 0.321982
vt 0.500631 0.039678
vt 0.505014 0.329185
vt 0.459025 0.401541
vt 0.459025 0.403290
vt 0.986180 0.321982
vt 0.505014 0.313988
vt -0.000868 0.049647
vt -0.000868 0.338318
vt 0.449480 0.122590
vt 0.478980 0.365758
vt 0.010237 0.373683
vt 0.010237 0.371932
vt -0.000868 0.029657
vt 0.496791 0.365758
vt -0.000868 0.353494
vt 0.505285 0.338318
vt 0.950979 0.122590
vt 0.981892 0.301772
vt 0.458742 0.373766
vt 0.458742 0.372016
vt 0.500651 0.029657
vt 0.505285 0.353494
vt 0.964082 0.301772
vt 0.988860 0.990012
vt 0.509742 0.059193
vt 0.909217 0.691821
vt 0.990473 0.990012
vt 0.909217 0.693434
vt 0.948652 0.353940
vt 0.758751 0.353940
vt 0.719298 0.693434
vt 0.731535 0.353940
vt 0.692079 0.693434
vt 0.679024 0.198604
vt 0.692079 0.691208
vt 0.719298 0.691821
vt 0.699639 0.059193
vt 0.828174 0.693434
vt 0.867617 0.353940
vt 0.800955 0.693434
vt 0.840400 0.353940
vt 0.828174 0.691821
vt 0.590776 0.059193
vt 0.800955 0.691821
vt 0.617992 0.059193
vt 0.882611 0.693434
vt 0.922049 0.353940
vt 0.855392 0.693434
vt 0.894833 0.353940
vt 0.882611 0.691821
vt 0.536345 0.059193
vt 0.855392 0.691821
vt 0.563560 0.059193
vt 0.773736 0.693434
vt 0.813184 0.353940
vt 0.746517 0.693434
vt 0.785968 0.353940
vt 0.773736 0.691821
vt 0.645207 0.059193
vt 0.746517 0.691821
vt 0.672423 0.059193
vt 0.988862 0.970439
vt 0.474942 0.691821
vt 0.943966 0.059193
vt 0.990475 0.970439
vt 0.474942 0.693434
vt 0.514418 0.353940
vt 0.664860 0.693434
vt 0.704319 0.353940
vt 0.664860 0.691821
vt 0.754070 0.059193
vt 0.595454 0.353940
vt 0.555985 0.693434
vt 0.583204 0.693434
vt 0.622670 0.353940
vt 0.862932 0.059193
vt 0.555985 0.691821
vt 0.583204 0.691821
vt 0.835717 0.059193
vt 0.501547 0.693434
vt 0.541021 0.353940
vt 0.568237 0.353940
vt 0.528766 0.693434
vt 0.501547 0.691821
vt 0.917364 0.059193
vt 0.890148 0.059193
vt 0.528766 0.691821
vt 0.610423 0.693434
vt 0.649886 0.353940
vt 0.637642 0.693434
vt 0.677102 0.353940
vt 0.610423 0.691821
vt 0.808501 0.059193
vt 0.637642 0.691821
vt 0.781285 0.059193
vt 0.948372 0.329185
vt 0.460538 0.154643
vt 0.988862 0.980879
vt 0.514418 0.343500
vt 0.460538 0.156256
vt 0.990475 0.980879
vt 0.650461 0.156256
vt 0.704313 0.343500
vt 0.677681 0.156256
vt 0.731528 0.343500
vt 0.677681 0.154643
vt 0.731259 0.329185
vt 0.650461 0.154643
vt 0.758475 0.329185
vt 0.541584 0.156256
vt 0.595451 0.343500
vt 0.568803 0.156256
vt 0.622667 0.343500
vt 0.541584 0.154643
vt 0.867338 0.329185
vt 0.568803 0.154643
vt 0.840123 0.329185
vt 0.487145 0.156256
vt 0.541020 0.343500
vt 0.514364 0.156256
vt 0.568236 0.343500
vt 0.921770 0.329185
vt 0.487145 0.154643
vt 0.894554 0.329185
vt 0.514364 0.154643
vt 0.649882 0.343500
vt 0.596023 0.156256
vt 0.677097 0.343500
vt 0.623242 0.156256
vt 0.812907 0.329185
vt 0.596023 0.154643
vt 0.785691 0.329185
vt 0.623242 0.154643
vt 0.989492 0.958692
vt 0.894823 0.154643
vt 0.514147 0.329185
vt 0.991105 0.958692
vt 0.894823 0.156256
vt 0.948639 0.343500
vt 0.758744 0.343500
vt 0.704900 0.156256
vt 0.704044 0.329185
vt 0.704900 0.154643
vt 0.813778 0.156256
vt 0.867606 0.343500
vt 0.786559 0.156256
vt 0.840390 0.343500
vt 0.813778 0.154643
vt 0.595181 0.329185
vt 0.786559 0.154643
vt 0.622396 0.329185
vt 0.868217 0.156256
vt 0.922037 0.343500
vt 0.840998 0.156256
vt 0.894821 0.343500
vt 0.868217 0.154643
vt 0.540749 0.329185
vt 0.840998 0.154643
vt 0.567965 0.329185
vt 0.759339 0.156256
vt 0.813175 0.343500
vt 0.732120 0.156256
vt 0.785959 0.343500
vt 0.759339 0.154643
vt 0.649612 0.329185
vt 0.732120 0.154643
vt 0.676828 0.329185
vt 0.900587 0.198604
vt 0.980885 0.799525
vt 0.909830 0.691208
vt 0.459931 0.581744
vt 0.983724 0.799525
vt 0.909830 0.694047
vt 0.653799 0.581744
vt 0.719298 0.694047
vt 0.681495 0.581744
vt 0.692079 0.694047
vt 0.706720 0.198604
vt 0.719298 0.691208
vt 0.692079 0.691821
vt 0.726854 0.059193
vt 0.543018 0.581744
vt 0.828174 0.694047
vt 0.570713 0.581744
vt 0.800955 0.694047
vt 0.817501 0.198604
vt 0.828174 0.691208
vt 0.789806 0.198604
vt 0.800955 0.691208
vt 0.487627 0.581744
vt 0.882611 0.694047
vt 0.515322 0.581744
vt 0.855392 0.694047
vt 0.872892 0.198604
vt 0.882611 0.691208
vt 0.845196 0.198604
vt 0.855392 0.691208
vt 0.598408 0.581744
vt 0.773736 0.694047
vt 0.626104 0.581744
vt 0.746517 0.694047
vt 0.762110 0.198604
vt 0.773736 0.691208
vt 0.734415 0.198604
vt 0.746517 0.691208
vt 0.983738 0.762558
vt 0.457461 0.198604
vt 0.474328 0.691208
vt 0.980899 0.762558
vt 0.903058 0.581744
vt 0.474328 0.694047
vt 0.709190 0.581744
vt 0.664860 0.694047
vt 0.651329 0.198604
vt 0.664860 0.691208
vt 0.819972 0.581744
vt 0.555985 0.694047
vt 0.792277 0.581744
vt 0.583204 0.694047
vt 0.540547 0.198604
vt 0.555985 0.691208
vt 0.568242 0.198604
vt 0.583204 0.691208
vt 0.875363 0.581744
vt 0.501547 0.694047
vt 0.847667 0.581744
vt 0.528766 0.694047
vt 0.485156 0.198604
vt 0.501547 0.691208
vt 0.512852 0.198604
vt 0.528766 0.691208
vt 0.764581 0.581744
vt 0.610423 0.694047
vt 0.736886 0.581744
vt 0.637642 0.694047
vt 0.595938 0.198604
vt 0.610423 0.691208
vt 0.623633 0.198604
vt 0.637642 0.691208
vt 0.474328 0.708485
vt 0.983823 0.929116
vt 0.459925 0.154030
vt 0.917456 0.722923
vt 0.980983 0.929116
vt 0.459925 0.156869
vt 0.723588 0.722923
vt 0.650461 0.156869
vt 0.695892 0.722923
vt 0.677681 0.156869
vt 0.668197 0.708485
vt 0.650461 0.154030
vt 0.695893 0.708485
vt 0.677681 0.154030
vt 0.834370 0.722923
vt 0.541584 0.156869
vt 0.806674 0.722923
vt 0.568803 0.156869
vt 0.557415 0.708485
vt 0.541584 0.154030
vt 0.585110 0.708485
vt 0.568803 0.154030
vt 0.889761 0.722923
vt 0.487145 0.156869
vt 0.862065 0.722923
vt 0.514364 0.156869
vt 0.502024 0.708485
vt 0.487145 0.154030
vt 0.529719 0.708485
vt 0.514364 0.154030
vt 0.778979 0.722923
vt 0.596023 0.156869
vt 0.751283 0.722923
vt 0.623242 0.156869
vt 0.612806 0.708485
vt 0.596023 0.154030
vt 0.640501 0.708485
vt 0.623242 0.154030
vt 0.477157 0.759825
vt 0.917457 0.708485
vt 0.895437 0.154030
vt 0.479996 0.759825
vt 0.474328 0.722923
vt 0.895437 0.156869
vt 0.668197 0.722923
vt 0.704900 0.156869
vt 0.723588 0.708485
vt 0.704900 0.154030
vt 0.557415 0.722923
vt 0.813778 0.156869
vt 0.585110 0.722923
vt 0.786559 0.156869
vt 0.834370 0.708485
vt 0.813778 0.154030
vt 0.806674 0.708485
vt 0.786559 0.154030
vt 0.502024 0.722923
vt 0.868217 0.156869
vt 0.529719 0.722923
vt 0.840998 0.156869
vt 0.889761 0.708485
vt 0.868217 0.154030
vt 0.862066 0.708485
vt 0.840998 0.154030
vt 0.612806 0.722923
vt 0.759339 0.156869
vt 0.640501 0.722923
vt 0.732120 0.156869
vt 0.778979 0.708485
vt 0.759339 0.154030
vt 0.751283 0.708485
vt 0.732120 0.154030
vt 0.731535 0.352632
vt 0.726854 0.057886
vt 0.617992 0.057886
vt 0.840400 0.352632
vt 0.563560 0.057886
vt 0.894833 0.352632
vt 0.590776 0.057886
vt 0.867617 0.352632
vt 0.672423 0.057886
vt 0.785968 0.352632
vt 0.645207 0.057886
vt 0.813184 0.352632
vt 0.536345 0.057886
vt 0.922049 0.352632
vt 0.699639 0.057886
vt 0.758751 0.352632
vt 0.835717 0.057886
vt 0.622670 0.352632
vt 0.890148 0.057886
vt 0.568237 0.352632
vt 0.862932 0.057886
vt 0.595454 0.352632
vt 0.781285 0.057886
vt 0.677102 0.352632
vt 0.808501 0.057886
vt 0.649886 0.352632
vt 0.917364 0.057886
vt 0.541021 0.352632
vt 0.754070 0.057886
vt 0.704319 0.352632
vt 0.731528 0.342192
vt 0.731259 0.327878
vt 0.840123 0.327878
vt 0.622667 0.342192
vt 0.894554 0.327878
vt 0.568236 0.342192
vt 0.867338 0.327878
vt 0.595451 0.342192
vt 0.785691 0.327878
vt 0.677097 0.342192
vt 0.812907 0.327878
vt 0.649882 0.342192
vt 0.921770 0.327878
vt 0.541020 0.342192
vt 0.758475 0.327878
vt 0.704313 0.342192
vt 0.622396 0.327878
vt 0.840390 0.342192
vt 0.567965 0.327878
vt 0.894821 0.342192
vt 0.595181 0.327878
vt 0.867606 0.342192
vt 0.676828 0.327878
vt 0.785959 0.342192
vt 0.649612 0.327878
vt 0.813175 0.342192
vt 0.540749 0.327878
vt 0.922037 0.342192
vt 0.704044 0.327878
vt 0.758744 0.342192
vt 0.988860 0.991320
vt 0.509742 0.057886
vt 0.990473 0.991320
vt 0.948652 0.352632
vt 0.988862 0.969132
vt 0.943966 0.057886
vt 0.990475 0.969132
vt 0.514418 0.352632
vt 0.948372 0.327878
vt 0.988862 0.979572
vt 0.514418 0.342192
vt 0.990475 0.979572
vt 0.989492 0.959999
vt 0.514147 0.327878
vt 0.991105 0.959999
vt 0.948639 0.342192
vt 0.469369 0.606661
vt 0.643948 0.435944
vt 0.220081 0.930567
vt 0.971086 0.545888
vt 0.189935 0.930567
vt 0.913889 0.631308
vt 0.972063 0.728826
vt 0.805026 0.631308
vt 0.069354 0.930567
vt 0.970948 0.602908
vt 0.382786 0.466446
vt 0.039209 0.930567
vt 0.553033 0.773334
vt 0.698380 0.435944
vt 0.280371 0.930567
vt 0.469369 0.592790
vt 0.310517 0.930567
vt 0.789964 0.606012
vt 0.960325 0.651689
vt 0.898827 0.606012
vt 0.431098 0.930567
vt 0.979128 0.888345
vt 0.907311 0.381320
vt 0.461243 0.930567
vt 0.967778 0.532548
vt 0.291974 0.469961
vt 0.278295 0.849614
vt 0.972063 0.714955
vt 0.308417 0.849614
vt 0.806127 0.662084
vt 0.970565 0.577858
vt 0.914991 0.662084
vt 0.428906 0.849614
vt 0.971215 0.742315
vt 0.163058 0.428017
vt 0.459028 0.849614
vt 0.980170 0.518064
vt 0.346405 0.469961
vt 0.218051 0.849614
vt 0.962790 0.687661
vt 0.187929 0.849614
vt 0.794697 0.547790
vt 0.972756 0.701396
vt 0.903559 0.547790
vt 0.067441 0.849614
vt 0.970278 0.951834
vt 0.355538 0.428017
vt 0.037319 0.849614
vt 0.027352 0.657557
vt 0.968882 0.915005
vt 0.035647 0.421777
vt 0.459028 0.838494
vt 0.055539 0.657557
vt 0.063113 0.421777
vt 0.955744 0.842541
vt 0.428906 0.838494
vt 0.953205 0.094552
vt 0.027352 0.608108
vt 0.035647 0.469961
vt 0.039209 0.919458
vt 0.969218 0.094552
vt 0.579427 0.046191
vt 0.035647 0.454588
vt 0.952870 0.915005
vt 0.766018 0.317038
vt 0.035647 0.437150
vt 0.063113 0.469961
vt 0.956854 0.902301
vt 0.055539 0.608108
vt 0.069354 0.919458
vt 0.972866 0.902301
vt 0.812308 0.486458
vt 0.063113 0.454588
vt 0.971756 0.842541
vt 0.812308 0.499006
vt 0.063113 0.437150
vt 0.969375 0.853459
vt 0.196471 0.608108
vt 0.200443 0.469961
vt 0.220081 0.919458
vt 0.948919 0.222784
vt 0.172977 0.421777
vt 0.168285 0.657557
vt 0.308418 0.838494
vt 0.954388 0.925923
vt 0.172977 0.469961
vt 0.168285 0.608108
vt 0.189935 0.919458
vt 0.970401 0.925923
vt 0.172977 0.454588
vt 0.928788 0.486458
vt 0.964932 0.222784
vt 0.172977 0.437150
vt 0.928852 0.499006
vt 0.196471 0.657557
vt 0.954005 0.758056
vt 0.200443 0.421777
vt 0.278296 0.838494
vt 0.970018 0.758056
vt 0.886532 0.903620
vt 0.200443 0.437150
vt 0.953362 0.853459
vt 0.765752 0.434902
vt 0.200443 0.454588
vt 0.955664 0.776372
vt 0.282841 0.469961
vt 0.281031 0.608108
vt 0.310516 0.919458
vt 0.968175 0.798047
vt 0.255375 0.421777
vt 0.218051 0.838494
vt 0.252844 0.657557
vt 0.954514 0.864377
vt 0.282841 0.421777
vt 0.281031 0.657557
vt 0.187929 0.838494
vt 0.970526 0.864377
vt 0.928853 0.508139
vt 0.282841 0.437150
vt 0.971676 0.776372
vt 0.590743 0.477677
vt 0.282841 0.454588
vt 0.954024 0.936841
vt 0.255375 0.469961
vt 0.280371 0.919458
vt 0.252844 0.608108
vt 0.970036 0.936841
vt 0.707512 0.434902
vt 0.255375 0.454588
vt 0.952163 0.798047
vt 0.944805 0.903620
vt 0.255375 0.437150
vt 0.393776 0.608108
vt 0.392705 0.469961
vt 0.967755 0.367499
vt 0.431098 0.919458
vt 0.968175 0.807180
vt 0.420171 0.421777
vt 0.421963 0.657557
vt 0.037319 0.838494
vt 0.491481 0.738030
vt 0.420171 0.469961
vt 0.421963 0.608108
vt 0.461243 0.919458
vt 0.475469 0.738030
vt 0.842597 0.317037
vt 0.420171 0.454588
vt 0.952163 0.807180
vt 0.833464 0.317038
vt 0.420171 0.437150
vt 0.393776 0.657557
vt 0.392705 0.421777
vt 0.953123 0.206806
vt 0.067441 0.838494
vt 0.969136 0.206806
vt 0.812308 0.508139
vt 0.392705 0.437150
vt 0.951742 0.367499
vt 0.707223 0.477677
vt 0.392705 0.454588
vt 0.876048 0.439359
vt 0.853473 0.439359
vt 0.945244 0.439359
vt 0.922669 0.439359
vt 0.910646 0.434414
vt 0.888071 0.434414
vt 0.608351 0.429759
vt 0.630926 0.429759
vt 0.677522 0.422980
vt 0.700076 0.422980
vt 0.776329 0.428453
vt 0.798883 0.428453
vt 0.665502 0.425731
vt 0.642947 0.425731
vt 0.833458 0.428453
vt 0.810903 0.428453
vt 0.798883 0.423504
vt 0.776329 0.423504
vt 0.922669 0.434414
vt 0.556801 0.471707
vt 0.556801 0.462128
vt 0.945244 0.434414
vt 0.576317 0.471707
vt 0.576317 0.462128
vt 0.876048 0.434414
vt 0.700076 0.418031
vt 0.853473 0.434414
vt 0.490436 0.492284
vt 0.490436 0.482704
vt 0.677522 0.418031
vt 0.509952 0.482704
vt 0.509952 0.492284
vt 0.888071 0.439359
vt 0.665502 0.420781
vt 0.642947 0.420781
vt 0.544498 0.432190
vt 0.544498 0.422610
vt 0.910646 0.439359
vt 0.564014 0.422610
vt 0.564014 0.432190
vt 0.608351 0.424815
vt 0.810903 0.423504
vt 0.630926 0.424815
vt 0.547922 0.654197
vt 0.547922 0.644618
vt 0.833458 0.423504
vt 0.528407 0.644618
vt 0.528407 0.654197
vt 0.025499 0.428017
vt 0.944784 0.101833
vt 0.877493 0.440439
vt 0.988677 0.784237
vt 0.919113 0.101833
vt 0.852028 0.440439
vt 0.679389 0.468545
vt 0.017281 0.469019
vt 0.946689 0.440439
vt 0.705061 0.468545
vt 0.988493 0.940287
vt 0.921224 0.440439
vt 0.614231 0.048753
vt 0.487198 0.378969
vt 0.912091 0.433334
vt 0.588560 0.048753
vt 0.979404 0.376164
vt 0.886626 0.433334
vt 0.962423 0.234510
vt 0.989068 0.747269
vt 0.606906 0.430839
vt 0.936751 0.234510
vt 0.429304 0.427075
vt 0.632371 0.430839
vt 0.814700 0.101833
vt 0.804062 0.366061
vt 0.676079 0.424061
vt 0.840371 0.101833
vt 0.437522 0.469961
vt 0.701520 0.424061
vt 0.658168 0.047945
vt 0.783391 0.756611
vt 0.774885 0.429534
vt 0.683838 0.047945
vt 0.880856 0.316696
vt 0.800327 0.429534
vt 0.920911 0.547790
vt 0.961932 0.277567
vt 0.666946 0.426812
vt 0.802915 0.520002
vt 0.936260 0.277567
vt 0.641503 0.426812
vt 0.979456 0.098889
vt 0.909980 0.101833
vt 0.834901 0.429534
vt 0.884308 0.101833
vt 0.988404 0.860787
vt 0.809460 0.429534
vt 0.889074 0.316696
vt 0.517002 0.091656
vt 0.800327 0.422423
vt 0.791609 0.756611
vt 0.542673 0.091656
vt 0.774885 0.422423
vt 0.692971 0.048753
vt 0.980274 0.940287
vt 0.921224 0.433334
vt 0.980198 0.049119
vt 0.964978 0.019697
vt 0.555552 0.472957
vt 0.957785 0.358366
vt 0.977056 0.019697
vt 0.555552 0.460879
vt 0.718642 0.048753
vt 0.025499 0.469019
vt 0.946689 0.433334
vt 0.958182 0.049119
vt 0.981205 0.083634
vt 0.577566 0.472957
vt 0.979802 0.358366
vt 0.969127 0.083634
vt 0.577566 0.460879
vt 0.017281 0.428017
vt 0.649035 0.048753
vt 0.877493 0.433334
vt 0.429304 0.469961
vt 0.618953 0.366195
vt 0.701520 0.416950
vt 0.980459 0.784237
vt 0.623364 0.048753
vt 0.852028 0.433334
vt 0.973315 0.187599
vt 0.980198 0.059193
vt 0.489187 0.493533
vt 0.985394 0.187599
vt 0.981533 0.665645
vt 0.489187 0.481455
vt 0.795844 0.366061
vt 0.644625 0.366195
vt 0.676079 0.416950
vt 0.964978 0.009623
vt 0.959517 0.665645
vt 0.511201 0.481455
vt 0.977056 0.009623
vt 0.958182 0.059193
vt 0.511201 0.493533
vt 0.987623 0.376164
vt 0.962181 0.268435
vt 0.886626 0.440439
vt 0.912692 0.547790
vt 0.761040 0.366195
vt 0.666946 0.419700
vt 0.794696 0.520002
vt 0.786711 0.366195
vt 0.641503 0.419700
vt 0.973315 0.197673
vt 0.957772 0.342558
vt 0.543249 0.433439
vt 0.985394 0.197673
vt 0.959293 0.112621
vt 0.543249 0.421361
vt 0.478980 0.378969
vt 0.936510 0.268435
vt 0.912091 0.440439
vt 0.474375 0.955357
vt 0.981309 0.112621
vt 0.565263 0.421361
vt 0.462296 0.955357
vt 0.979789 0.342558
vt 0.565263 0.433439
vt 0.779896 0.102641
vt 0.980850 0.747269
vt 0.606906 0.423734
vt 0.875176 0.101833
vt 0.980186 0.860787
vt 0.809460 0.422423
vt 0.805567 0.102641
vt 0.437522 0.427075
vt 0.632371 0.423734
vt 0.958754 0.409999
vt 0.985638 0.151248
vt 0.549172 0.655446
vt 0.981533 0.635924
vt 0.973559 0.151248
vt 0.549172 0.643368
vt 0.849504 0.101833
vt 0.987674 0.098889
vt 0.834901 0.422423
vt 0.985585 0.177524
vt 0.959517 0.635924
vt 0.527157 0.643368
vt 0.973507 0.177524
vt 0.980770 0.409999
vt 0.527157 0.655446
vt 0.923761 0.891393
vt 0.035281 0.141715
vt 0.974639 0.227035
vt 0.007599 0.141248
vt 0.982504 0.507459
vt 0.039209 0.991320
vt 0.035281 0.131723
vt 0.984302 0.227035
vt 0.007599 0.132190
vt 0.538074 0.634236
vt 0.814886 0.891393
vt 0.144142 0.141715
vt 0.842105 0.891393
vt 0.116927 0.141715
vt 0.159790 0.991320
vt 0.144142 0.131723
vt 0.129645 0.991320
vt 0.116927 0.131723
vt 0.869324 0.891393
vt 0.089712 0.141715
vt 0.896542 0.891393
vt 0.062496 0.141715
vt 0.099499 0.991320
vt 0.089712 0.131723
vt 0.069354 0.991320
vt 0.062496 0.131723
vt 0.760449 0.891393
vt 0.198573 0.141715
vt 0.787668 0.891393
vt 0.171358 0.141715
vt 0.220081 0.991320
vt 0.198573 0.131723
vt 0.189935 0.991320
vt 0.171358 0.131723
vt 0.225788 0.141282
vt 0.688283 0.272299
vt 0.225788 0.132156
vt 0.688407 0.255915
vt 0.542700 0.891393
vt 0.416296 0.141715
vt 0.975348 0.269821
vt 0.443978 0.141248
vt 0.987329 0.817791
vt 0.461243 0.991320
vt 0.416296 0.131723
vt 0.443978 0.132190
vt 0.977879 0.817791
vt 0.538738 0.382395
vt 0.651575 0.891393
vt 0.307434 0.141715
vt 0.624356 0.891393
vt 0.334650 0.141715
vt 0.340662 0.991320
vt 0.307434 0.131723
vt 0.370807 0.991320
vt 0.334650 0.131723
vt 0.597137 0.891393
vt 0.361865 0.141715
vt 0.569919 0.891393
vt 0.389080 0.141715
vt 0.400952 0.991320
vt 0.361865 0.131723
vt 0.431098 0.991320
vt 0.389080 0.131723
vt 0.706012 0.891393
vt 0.253004 0.141715
vt 0.678793 0.891393
vt 0.280219 0.141715
vt 0.280371 0.991320
vt 0.253004 0.131723
vt 0.310517 0.991320
vt 0.280219 0.131723
vt 0.544353 0.880790
vt 0.035281 0.150848
vt 0.007599 0.151315
vt 0.979975 0.161939
vt 0.510489 0.609163
vt 0.459028 0.910325
vt 0.035281 0.160841
vt 0.007599 0.160374
vt 0.970312 0.161939
vt 0.982353 0.625849
vt 0.653224 0.880790
vt 0.144143 0.150848
vt 0.626007 0.880790
vt 0.116927 0.150848
vt 0.338540 0.910325
vt 0.144143 0.160841
vt 0.368662 0.910325
vt 0.116927 0.160841
vt 0.598789 0.880790
vt 0.089712 0.150848
vt 0.571571 0.880790
vt 0.062497 0.150848
vt 0.398784 0.910325
vt 0.089712 0.160841
vt 0.428906 0.910325
vt 0.062497 0.160841
vt 0.707660 0.880790
vt 0.198574 0.150848
vt 0.680442 0.880790
vt 0.171358 0.150848
vt 0.278295 0.910325
vt 0.198574 0.160841
vt 0.308417 0.910325
vt 0.171358 0.160841
vt 0.734878 0.880790
vt 0.225789 0.150848
vt 0.700230 0.121635
vt 0.248173 0.908532
vt 0.925404 0.880790
vt 0.416297 0.150848
vt 0.443979 0.151315
vt 0.976611 0.649200
vt 0.980299 0.421481
vt 0.037319 0.910325
vt 0.416297 0.160841
vt 0.443979 0.160374
vt 0.986062 0.649200
vt 0.975348 0.259118
vt 0.816532 0.880790
vt 0.307435 0.150848
vt 0.843750 0.880790
vt 0.334651 0.150848
vt 0.157807 0.910325
vt 0.307435 0.160841
vt 0.127685 0.910325
vt 0.334651 0.160841
vt 0.870968 0.880790
vt 0.361866 0.150848
vt 0.898186 0.880790
vt 0.389081 0.150848
vt 0.097563 0.910325
vt 0.361866 0.160841
vt 0.067441 0.910325
vt 0.389081 0.160841
vt 0.762096 0.880790
vt 0.253004 0.150848
vt 0.789314 0.880790
vt 0.280220 0.150848
vt 0.218051 0.910325
vt 0.253004 0.160841
vt 0.187929 0.910325
vt 0.280220 0.160841
vt 0.688407 0.253387
vt 0.688283 0.269772
vt 0.568622 0.269772
vt 0.808130 0.253387
vt 0.508792 0.269772
vt 0.867992 0.253387
vt 0.538707 0.269772
vt 0.838061 0.253387
vt 0.628452 0.269772
vt 0.748269 0.253387
vt 0.598537 0.269772
vt 0.778200 0.253387
vt 0.478876 0.269772
vt 0.897923 0.253387
vt 0.658367 0.269772
vt 0.718338 0.253387
vt 0.807943 0.269772
vt 0.568683 0.253387
vt 0.867774 0.269772
vt 0.508822 0.253387
vt 0.837858 0.269772
vt 0.538752 0.253387
vt 0.748113 0.269772
vt 0.628545 0.253387
vt 0.778028 0.269772
vt 0.598614 0.253387
vt 0.897689 0.269772
vt 0.478891 0.253387
vt 0.718198 0.269772
vt 0.658476 0.253387
vt 0.237976 0.062548
vt 0.238103 0.076737
vt 0.118379 0.076737
vt 0.118316 0.062548
vt 0.058517 0.076737
vt 0.058486 0.062548
vt 0.088448 0.076737
vt 0.088401 0.062548
vt 0.178241 0.076737
vt 0.178146 0.062548
vt 0.148310 0.076737
vt 0.148231 0.062548
vt 0.028586 0.076737
vt 0.028571 0.062548
vt 0.208172 0.076737
vt 0.208061 0.062548
vt 0.357827 0.076737
vt 0.357637 0.062548
vt 0.417689 0.076737
vt 0.417467 0.062548
vt 0.387758 0.076737
vt 0.387552 0.062548
vt 0.297965 0.076737
vt 0.297807 0.062548
vt 0.327896 0.076737
vt 0.327722 0.062548
vt 0.447620 0.076737
vt 0.447382 0.062548
vt 0.268034 0.076737
vt 0.267892 0.062548
vt 0.449438 0.269772
vt 0.529460 0.493700
vt 0.927377 0.253387
vt 0.520334 0.493700
vt 0.973078 0.829323
vt 0.927127 0.269772
vt 0.982204 0.829323
vt 0.449437 0.253387
vt -0.000868 0.076737
vt 0.973559 0.564953
vt -0.000868 0.062548
vt 0.982685 0.564953
vt 0.982485 0.494457
vt 0.477074 0.076737
vt 0.973359 0.494457
vt 0.476821 0.062548
vt 0.670238 0.092464
vt 0.219824 0.796339
vt 0.647480 0.092464
vt 0.447184 0.796339
vt 0.986637 0.029371
vt 0.243239 0.796970
vt 0.988766 0.904908
vt 0.963881 0.029371
vt 0.838823 0.092700
vt 0.981914 0.773041
vt 0.987723 0.727644
vt 0.861580 0.092700
vt 0.981714 0.591672
vt 0.679371 0.092464
vt 0.307229 0.796339
vt 0.702129 0.092464
vt 0.982869 0.131417
vt 0.068429 0.796339
vt 0.960112 0.131417
vt 0.987723 0.717881
vt 0.638347 0.091924
vt 0.388914 0.796339
vt 0.615588 0.091924
vt 0.988272 0.695222
vt 0.982498 0.708749
vt 0.551806 0.091924
vt 0.010160 0.796339
vt 0.574565 0.091924
vt 0.981994 0.851654
vt 0.904569 0.153096
vt 0.161554 0.796543
vt 0.927328 0.153096
vt 0.606456 0.091924
vt 0.982552 0.695222
vt 0.583697 0.091924
vt 0.394634 0.796339
vt 0.983046 0.904908
vt 0.797801 0.092464
vt 0.248958 0.796970
vt 0.775043 0.092464
vt 0.870713 0.092700
vt 0.214104 0.796339
vt 0.765911 0.091923
vt 0.982003 0.717881
vt 0.893470 0.092700
vt 0.452903 0.796339
vt 0.743153 0.091924
vt 0.074149 0.796339
vt 0.959462 0.039044
vt 0.982004 0.727644
vt 0.988218 0.708749
vt 0.829690 0.092160
vt 0.015879 0.796339
vt 0.806933 0.092160
vt 0.982219 0.039044
vt 0.987634 0.773041
vt 0.987433 0.591672
vt 0.925360 0.092700
vt 0.155834 0.796543
vt 0.711262 0.091924
vt 0.301509 0.796339
vt 0.902603 0.092700
vt 0.987713 0.851654
vt 0.734020 0.091924
vt 0.670238 0.091924
vt 0.219824 0.796970
vt 0.647480 0.091924
vt 0.447184 0.796970
vt 0.986637 0.028830
vt 0.243239 0.796339
vt 0.988766 0.904277
vt 0.963881 0.028830
vt 0.838823 0.092159
vt 0.981914 0.773671
vt 0.987723 0.728275
vt 0.861580 0.092160
vt 0.981714 0.592303
vt 0.679371 0.091924
vt 0.307229 0.796970
vt 0.702129 0.091924
vt 0.982869 0.131957
vt 0.068429 0.796970
vt 0.960112 0.131957
vt 0.987723 0.718512
vt 0.638347 0.092464
vt 0.388914 0.796970
vt 0.615588 0.092464
vt 0.988272 0.695853
vt 0.982498 0.708118
vt 0.551806 0.092464
vt 0.010160 0.796970
vt 0.574565 0.092464
vt 0.981994 0.851024
vt 0.904569 0.153636
vt 0.161554 0.795913
vt 0.927328 0.153637
vt 0.606456 0.092464
vt 0.982552 0.695853
vt 0.583697 0.092464
vt 0.394634 0.796970
vt 0.983046 0.904277
vt 0.797801 0.091923
vt 0.248958 0.796339
vt 0.775043 0.091923
vt 0.870713 0.092159
vt 0.214104 0.796970
vt 0.765911 0.092464
vt 0.982003 0.718512
vt 0.893470 0.092160
vt 0.452903 0.796970
vt 0.743153 0.092464
vt 0.074149 0.796970
vt 0.959462 0.038503
vt 0.982004 0.728275
vt 0.988218 0.708118
vt 0.829690 0.092700
vt 0.015879 0.796970
vt 0.806933 0.092700
vt 0.982219 0.038503
vt 0.987634 0.773671
vt 0.987433 0.592303
vt 0.925360 0.092160
vt 0.155834 0.795913
vt 0.711262 0.092464
vt 0.301509 0.796970
vt 0.902603 0.092159
vt 0.987713 0.851024
vt 0.734020 0.092464
vt 0.250226 0.937861
vt 0.775108 0.445762
vt 0.804433 0.445762
vt 0.220081 0.937861
vt 0.069354 0.934320
vt 0.220081 0.934320
vt 0.189935 0.934320
vt 0.804433 0.442318
vt 0.900332 0.300881
vt 0.927550 0.300881
vt 0.280371 0.937861
vt 0.759100 0.913595
vt 0.280371 0.934320
vt 0.877400 0.913595
vt 0.927550 0.297685
vt 0.209576 0.469961
vt 0.248173 0.856909
vt 0.500817 0.625335
vt 0.530378 0.625335
vt 0.278295 0.856909
vt 0.823682 0.798776
vt 0.278295 0.853372
vt 0.606906 0.468545
vt 0.941925 0.798776
vt 0.530378 0.621863
vt 0.813642 0.445762
vt 0.842895 0.445762
vt 0.218051 0.856909
vt 0.067441 0.853372
vt 0.218051 0.853372
vt 0.670256 0.468545
vt 0.187929 0.853372
vt 0.842895 0.442327
vt 0.240763 0.466078
vt 0.813635 0.438678
vt 0.606906 0.439972
vt 0.931991 0.467443
vt 0.931991 0.451825
vt 0.606906 0.455590
vt 0.775074 0.438667
vt 0.500781 0.618296
vt 0.894922 0.461708
vt 0.857853 0.477326
vt 0.857853 0.461708
vt 0.894922 0.477326
vt 0.220081 0.930567
vt 0.189935 0.930567
vt 0.069354 0.930567
vt 0.804433 0.438667
vt 0.280371 0.930567
vt 0.877400 0.910033
vt 0.759100 0.910033
vt 0.209576 0.466078
vt 0.606906 0.464722
vt 0.941925 0.795209
vt 0.823682 0.795209
vt 0.530378 0.618296
vt 0.670256 0.464722
vt 0.187929 0.849614
vt 0.067441 0.849614
vt 0.842895 0.438678
vt 0.922858 0.461708
vt 0.759316 0.975702
vt 0.885789 0.477326
vt 0.885789 0.461708
vt 0.922858 0.477326
vt 0.602097 0.827677
vt 0.602097 0.812059
vt 0.759316 0.991320
vt 0.886532 0.928370
vt 0.870929 0.975702
vt 0.713709 0.827677
vt 0.713709 0.812059
vt 0.870929 0.991320
vt 0.880061 0.937503
vt 0.880061 0.953121
vt 0.886532 0.912752
vt 0.759100 0.941819
vt 0.935867 0.937503
vt 0.759316 0.950951
vt 0.759316 0.966569
vt 0.759100 0.926201
vt 0.942339 0.928370
vt 0.942339 0.912752
vt 0.935867 0.953121
vt 0.870713 0.941819
vt 0.634815 0.439972
vt 0.959900 0.467443
vt 0.959900 0.451825
vt 0.634815 0.455590
vt 0.870928 0.950951
vt 0.870928 0.966569
vt 0.870713 0.926201
vt 0.775115 0.442318
vt 0.500846 0.621863
vt 0.900109 0.297685
vt 0.241012 0.469961
vt 0.813567 0.442603
vt 0.533712 0.812679
vt 0.507796 0.812679
vt 0.981952 0.237725
vt -0.000401 0.141248
vt 0.973758 0.507459
vt 0.533712 0.807193
vt 0.497802 0.810751
vt 0.972288 0.237725
vt -0.000401 0.132190
vt 0.546826 0.634236
vt 0.494287 0.810751
vt 0.494287 0.807193
vt -0.000832 0.942825
vt 0.497802 0.763405
vt 0.494287 0.763405
vt 0.483014 0.785299
vt -0.000832 0.967364
vt 0.479499 0.790944
vt 0.483014 0.790944
vt -0.000832 0.973616
vt 0.479499 0.785299
vt 0.497802 0.758923
vt -0.000832 0.937861
vt 0.494287 0.758923
vt 0.559628 0.812679
vt 0.973486 0.248416
vt -0.000401 0.151315
vt 0.519241 0.609163
vt 0.569621 0.810751
vt 0.983150 0.248416
vt -0.000401 0.160374
vt 0.973607 0.625849
vt 0.573136 0.810751
vt 0.573136 0.807193
vt 0.499038 0.861869
vt 0.569621 0.763405
vt 0.573136 0.763405
vt 0.499038 0.886423
vt 0.584409 0.785299
vt 0.587924 0.790944
vt 0.499038 0.892669
vt 0.584409 0.790944
vt 0.587924 0.785299
vt 0.569621 0.758923
vt 0.499038 0.856909
vt 0.573136 0.758923
vt -0.000868 0.930567
vt 0.500744 0.752390
vt 0.497229 0.752390
vt 0.566679 0.752390
vt 0.499074 0.849614
vt 0.570195 0.752390
vt 0.560131 0.741469
vt -0.000868 0.421777
vt 0.499074 0.838494
vt 0.557585 0.742521
vt 0.507293 0.741469
vt 0.524150 0.736009
vt 0.543273 0.736009
vt -0.000868 0.919458
vt -0.000868 0.469961
vt 0.509838 0.742521
vt -0.000868 0.454588
vt 0.525072 0.737587
vt -0.000868 0.437150
vt 0.542352 0.737587
vt 0.568343 0.755620
vt 0.499056 0.853226
vt 0.571858 0.755620
vt 0.466360 0.481247
vt 0.469875 0.481247
vt 0.489078 0.853086
vt 0.495565 0.755620
vt 0.499080 0.755620
vt -0.000850 0.934177
vt 0.009136 0.934037
vt 0.539610 0.481247
vt 0.543125 0.481247
vt 0.938107 0.590628
vt 0.938107 0.589157
vt 0.518541 0.666015
vt 0.450325 0.151315
vt 0.986875 0.216345
vt 0.973356 0.421481
vt 0.959903 0.879319
vt 0.964023 0.590628
vt 0.518541 0.671500
vt 0.544457 0.671500
vt 0.982287 0.269821
vt 0.450324 0.141248
vt 0.976733 0.680302
vt 0.554450 0.669573
vt 0.450324 0.132190
vt 0.531795 0.382395
vt 0.986183 0.680302
vt 0.557965 0.669573
vt 0.557965 0.666015
vt 0.554450 0.622227
vt 0.499452 0.942825
vt 0.557965 0.622227
vt 0.569238 0.644121
vt 0.499452 0.967364
vt 0.572753 0.649765
vt 0.569238 0.649765
vt 0.499452 0.973616
vt 0.572753 0.644121
vt 0.554450 0.617745
vt 0.499452 0.937861
vt 0.557965 0.617745
vt 0.492624 0.671500
vt 0.482631 0.669573
vt 0.450325 0.160374
vt 0.982287 0.259118
vt 0.977425 0.216345
vt 0.479116 0.669573
vt 0.479116 0.666015
vt -0.000861 0.861869
vt 0.482631 0.622227
vt 0.479116 0.622227
vt -0.000861 0.886423
vt 0.467843 0.644121
vt 0.464328 0.649765
vt 0.467843 0.649765
vt -0.000861 0.892669
vt 0.464328 0.644121
vt -0.000861 0.856909
vt 0.482631 0.617745
vt 0.479116 0.617745
vt 0.912191 0.590628
vt 0.508200 0.889923
vt 0.551508 0.611211
vt 0.499459 0.930567
vt 0.555023 0.611211
vt 0.485573 0.611211
vt -0.000868 0.849614
vt 0.482058 0.611211
vt 0.454990 0.421777
vt 0.494667 0.601343
vt -0.000868 0.838494
vt 0.492122 0.600290
vt 0.544959 0.600290
vt 0.528102 0.594830
vt 0.508979 0.594830
vt 0.499459 0.919458
vt 0.542414 0.601343
vt 0.454990 0.469961
vt 0.527180 0.596408
vt 0.454990 0.454588
vt 0.454990 0.437150
vt 0.509901 0.596408
vt 0.500139 0.386506
vt 0.556687 0.614441
vt 0.553172 0.614441
vt 0.499456 0.934177
vt 0.491412 0.934037
vt 0.503654 0.386506
vt 0.576904 0.386506
vt 0.573388 0.386506
vt 0.007173 0.853086
vt -0.000865 0.853226
vt 0.483909 0.614441
vt 0.480394 0.614441
vt 0.507796 0.805723
vt 0.959914 0.889923
vt 0.533712 0.805723
vt 0.559628 0.805723
vt 0.508200 0.879319
vt 0.499038 0.910325
vt 0.569621 0.807193
vt -0.000868 0.160841
vt 0.489150 0.910325
vt 0.008066 0.160841
vt 0.009064 0.991320
vt 0.008066 0.131723
vt 0.950980 0.891393
vt 0.008066 0.141715
vt 0.491388 0.991320
vt 0.443511 0.131723
vt 0.515481 0.891393
vt 0.443511 0.141715
vt 0.517135 0.880790
vt 0.008066 0.150848
vt 0.499452 0.991320
vt 0.554450 0.666015
vt 0.450791 0.131723
vt 0.007196 0.910325
vt 0.443512 0.160841
vt 0.952622 0.880790
vt 0.443512 0.150848
vt 0.482631 0.666015
vt -0.000861 0.910325
vt 0.450792 0.160841
vt 0.959903 0.880790
vt 0.964023 0.589157
vt 0.492624 0.666015
vt 0.450792 0.150848
vt -0.000832 0.991320
vt 0.497802 0.807193
vt -0.000868 0.131723
vt 0.507796 0.807193
vt 0.959914 0.891393
vt -0.000868 0.141715
vt 0.559628 0.807193
vt 0.508200 0.880790
vt -0.000868 0.150848
vt 0.912191 0.589157
vt 0.544457 0.666015
vt 0.508200 0.891393
vt 0.450791 0.141715
vt 0.982175 0.246858
vt 0.972497 0.984935
vt 0.974489 0.624280
vt 0.972497 0.991320
vt 0.971287 0.160381
vt 0.981470 0.624280
vt 0.983327 0.225477
vt 0.979729 0.975802
vt 0.538957 0.632667
vt 0.975614 0.225477
vt 0.972499 0.975802
vt 0.981622 0.505889
vt 0.801926 0.530077
vt 0.978833 0.816270
vt 0.538037 0.380827
vt 0.976049 0.268251
vt 0.794697 0.530077
vt 0.986376 0.816270
vt 0.979727 0.991320
vt 0.979000 0.160381
vt 0.511373 0.607594
vt 0.801926 0.535142
vt 0.532496 0.380827
vt 0.985229 0.678780
vt 0.586698 0.463479
vt 0.985108 0.647678
vt 0.976049 0.257548
vt 0.593928 0.463479
vt 0.977565 0.647678
vt 0.979598 0.419913
vt 0.586698 0.468544
vt 0.981586 0.257548
vt 0.978378 0.214823
vt 0.593928 0.468544
vt 0.985921 0.214823
vt 0.974057 0.419913
vt 0.973263 0.236168
vt 0.979729 0.969418
vt 0.545943 0.632667
vt 0.980976 0.236168
vt 0.972499 0.969418
vt 0.974641 0.505889
vt 0.974462 0.246858
vt 0.979727 0.984935
vt 0.518358 0.607594
vt 0.981587 0.268251
vt 0.794697 0.535142
vt 0.977687 0.678780
vt 0.203112 0.824290
vt 0.680456 0.556922
vt 0.648719 0.556922
vt 0.173977 0.824290
vt 0.057437 0.824290
vt 0.521772 0.556922
vt 0.028302 0.824290
vt 0.490035 0.556922
vt 0.743930 0.556922
vt 0.261382 0.824290
vt 0.290517 0.824290
vt 0.775667 0.556922
vt 0.902615 0.556922
vt 0.407057 0.824290
vt 0.436192 0.824290
vt 0.934352 0.556922
vt 0.219656 0.020524
vt 0.261296 0.741926
vt 0.290424 0.741926
vt 0.187920 0.020524
vt 0.060972 0.020524
vt 0.406939 0.741926
vt 0.436067 0.741926
vt 0.029236 0.020524
vt 0.203039 0.741926
vt 0.283130 0.020524
vt 0.314867 0.020524
vt 0.173910 0.741926
vt 0.057396 0.741926
vt 0.441814 0.020524
vt 0.028267 0.741926
vt 0.473551 0.020524
vt 0.521765 0.141715
vt 0.057437 0.828254
vt 0.027352 0.664646
vt 0.436067 0.747006
vt 0.406939 0.745897
vt 0.902586 0.567306
vt 0.570531 0.112503
vt 0.055539 0.636680
vt 0.055539 0.627501
vt 0.027352 0.601020
vt 0.028302 0.829361
vt 0.027352 0.627501
vt 0.027352 0.638165
vt 0.261296 0.747006
vt 0.196471 0.664646
vt 0.168285 0.664646
vt 0.290424 0.747006
vt 0.173977 0.828254
vt 0.648716 0.141715
vt 0.168285 0.627501
vt 0.168285 0.636680
vt 0.679404 0.112503
vt 0.196471 0.601020
vt 0.203112 0.829361
vt 0.196471 0.628985
vt 0.209627 0.955570
vt 0.196471 0.638165
vt 0.173910 0.745897
vt 0.648689 0.567306
vt 0.680426 0.567306
vt 0.203038 0.745897
vt 0.281031 0.601020
vt 0.290517 0.829361
vt 0.281031 0.628985
vt 0.291282 0.955570
vt 0.788277 0.112503
vt 0.281031 0.636680
vt 0.261382 0.829361
vt 0.252844 0.601020
vt 0.264063 0.955570
vt 0.252844 0.628985
vt 0.252844 0.636680
vt 0.761059 0.112503
vt 0.490004 0.567306
vt 0.028267 0.745897
vt 0.393776 0.664646
vt 0.057396 0.747006
vt 0.407057 0.829361
vt 0.393776 0.601020
vt 0.393776 0.627501
vt 0.393776 0.638165
vt 0.421963 0.601020
vt 0.436192 0.829361
vt 0.427372 0.955570
vt 0.421963 0.628985
vt 0.421963 0.638165
vt 0.503624 0.020524
vt 0.544642 0.622805
vt 0.000666 0.741926
vt 0.459931 0.567306
vt 0.539511 0.622805
vt 0.000666 0.745897
vt 0.964424 0.556922
vt 0.991320 0.009623
vt 0.463799 0.824290
vt 0.964427 0.141715
vt 0.986189 0.009623
vt 0.463799 0.828254
vt 0.453163 0.955570
vt 0.988586 0.738137
vt 0.448672 0.628985
vt 0.950160 0.112503
vt 0.981156 0.738137
vt 0.448672 0.636680
vt 0.556397 0.389363
vt 0.463697 0.741926
vt -0.000868 0.020524
vt 0.561528 0.389363
vt 0.463697 0.745897
vt 0.964427 0.567306
vt 0.934492 0.092700
vt 0.000666 0.824290
vt 0.459931 0.556922
vt 0.939623 0.092700
vt 0.000666 0.828254
vt 0.459924 0.141715
vt 0.980931 0.914770
vt 0.000616 0.628985
vt 0.020501 0.955570
vt 0.988362 0.914770
vt 0.000616 0.636680
vt 0.517495 0.112503
vt 0.203112 0.823183
vt 0.173977 0.823183
vt 0.057437 0.823183
vt 0.028302 0.823183
vt 0.261382 0.823183
vt 0.290517 0.823183
vt 0.407057 0.823183
vt 0.436192 0.823183
vt 0.261296 0.740817
vt 0.290424 0.740817
vt 0.406939 0.740817
vt 0.436067 0.740817
vt 0.203039 0.740817
vt 0.173910 0.740817
vt 0.057396 0.740817
vt 0.028267 0.740817
vt 0.406939 0.747006
vt 0.055539 0.664646
vt 0.436067 0.745897
vt 0.934323 0.567306
vt 0.055539 0.638165
vt 0.027352 0.636680
vt 0.543313 0.112503
vt 0.055539 0.628985
vt 0.073536 0.955570
vt 0.027352 0.628985
vt 0.046318 0.955570
vt 0.055539 0.601020
vt 0.057437 0.829361
vt 0.028302 0.828254
vt 0.490028 0.141715
vt 0.261296 0.745897
vt 0.743901 0.567306
vt 0.775638 0.567306
vt 0.290424 0.745897
vt 0.706623 0.112503
vt 0.196471 0.636680
vt 0.168285 0.638165
vt 0.196471 0.627501
vt 0.182409 0.955570
vt 0.168285 0.628985
vt 0.680453 0.141715
vt 0.203112 0.828254
vt 0.173977 0.829361
vt 0.168285 0.601020
vt 0.173910 0.747006
vt 0.281031 0.664646
vt 0.252844 0.664646
vt 0.203038 0.747006
vt 0.281031 0.638165
vt 0.252844 0.638165
vt 0.281031 0.627501
vt 0.252844 0.627501
vt 0.775666 0.141715
vt 0.290517 0.828254
vt 0.261382 0.828254
vt 0.743928 0.141715
vt 0.421963 0.664646
vt 0.028267 0.747006
vt 0.521741 0.567306
vt 0.057396 0.745897
vt 0.924369 0.112503
vt 0.421963 0.636680
vt 0.393776 0.636680
vt 0.897151 0.112503
vt 0.421963 0.627501
vt 0.400154 0.955570
vt 0.393776 0.628985
vt 0.934353 0.141715
vt 0.436192 0.828254
vt 0.407057 0.828254
vt 0.902616 0.141715
vt 0.981269 0.469719
vt -0.000868 0.740817
vt 0.450156 0.664646
vt 0.973272 0.469719
vt -0.000868 0.747006
vt 0.910033 0.679387
vt 0.465333 0.823183
vt 0.902036 0.679387
vt 0.450156 0.601020
vt 0.465333 0.829361
vt 0.575105 0.485820
vt 0.450156 0.627501
vt 0.564808 0.485820
vt 0.450156 0.638165
vt 0.973272 0.457898
vt 0.465230 0.740817
vt 0.981268 0.457898
vt -0.000868 0.664646
vt 0.465230 0.747006
vt 0.981271 0.878546
vt -0.000868 0.823183
vt 0.973275 0.878546
vt -0.000868 0.601020
vt -0.000868 0.829361
vt 0.144848 0.465085
vt -0.000868 0.627501
vt 0.155145 0.465085
vt -0.000868 0.638165
vt 0.445941 0.106312
vt 0.521772 0.557548
vt 0.445941 0.101953
vt 0.521765 0.141090
vt 0.477512 0.088457
vt 0.029236 0.019899
vt 0.477512 0.092820
vt 0.934323 0.566681
vt 0.445508 0.088457
vt 0.060972 0.019899
vt 0.445508 0.092820
vt 0.902586 0.566681
vt 0.510492 0.215167
vt 0.570531 0.111773
vt 0.510492 0.207737
vt 0.073536 0.956300
vt 0.477976 0.106312
vt 0.490035 0.557548
vt 0.477976 0.101953
vt 0.490028 0.141090
vt 0.483276 0.207737
vt 0.046318 0.956300
vt 0.483276 0.215167
vt 0.543313 0.111773
vt 0.285489 0.088457
vt 0.219656 0.019899
vt 0.285489 0.092820
vt 0.743901 0.566681
vt 0.187920 0.019899
vt 0.317493 0.088457
vt 0.775638 0.566681
vt 0.317493 0.092820
vt 0.648719 0.557548
vt 0.317801 0.106312
vt 0.317801 0.101953
vt 0.648716 0.141090
vt 0.182409 0.956299
vt 0.619354 0.207737
vt 0.619354 0.215167
vt 0.679404 0.111773
vt 0.285767 0.106312
vt 0.680456 0.557548
vt 0.285767 0.101953
vt 0.680453 0.141090
vt 0.646570 0.207737
vt 0.209627 0.956299
vt 0.646570 0.215167
vt 0.706623 0.111773
vt 0.314867 0.019899
vt 0.189477 0.088457
vt 0.189477 0.092820
vt 0.648689 0.566681
vt 0.283130 0.019899
vt 0.221481 0.088457
vt 0.680426 0.566681
vt 0.221481 0.092820
vt 0.189662 0.106312
vt 0.775667 0.557548
vt 0.775666 0.141090
vt 0.189662 0.101953
vt 0.728217 0.207737
vt 0.291282 0.956300
vt 0.728217 0.215167
vt 0.788277 0.111773
vt 0.743930 0.557548
vt 0.221697 0.106312
vt 0.743928 0.141090
vt 0.221697 0.101953
vt 0.264063 0.956300
vt 0.701001 0.207737
vt 0.761059 0.111773
vt 0.701001 0.215167
vt 0.029458 0.088457
vt 0.473551 0.019899
vt 0.490004 0.566681
vt 0.029458 0.092820
vt 0.061462 0.088457
vt 0.441814 0.019899
vt 0.061462 0.092820
vt 0.521741 0.566681
vt 0.061522 0.106312
vt 0.902615 0.557548
vt 0.061522 0.101953
vt 0.902616 0.141090
vt 0.400154 0.956299
vt 0.837080 0.207737
vt 0.837080 0.215167
vt 0.897151 0.111773
vt 0.029487 0.106312
vt 0.934352 0.557548
vt 0.934353 0.141090
vt 0.029487 0.101953
vt 0.427372 0.956299
vt 0.864295 0.207737
vt 0.924369 0.111773
vt 0.864295 0.215167
vt 0.503624 0.019899
vt 0.544642 0.623534
vt -0.000868 0.088457
vt 0.459931 0.566681
vt 0.539511 0.623534
vt -0.000868 0.092820
vt 0.964424 0.557548
vt 0.991320 0.008893
vt -0.000868 0.106312
vt 0.964427 0.141090
vt 0.986189 0.008893
vt -0.000868 0.101953
vt 0.453163 0.956300
vt 0.988586 0.737407
vt 0.890084 0.207737
vt 0.950160 0.111773
vt 0.981156 0.737407
vt 0.890084 0.215167
vt 0.556397 0.390093
vt 0.507869 0.088457
vt -0.000868 0.019899
vt 0.561528 0.390093
vt 0.507869 0.092820
vt 0.964427 0.566681
vt 0.934492 0.091971
vt 0.508362 0.106312
vt 0.459931 0.557548
vt 0.939623 0.091971
vt 0.508362 0.101953
vt 0.459924 0.141090
vt 0.980931 0.914041
vt 0.457461 0.207737
vt 0.020501 0.956300
vt 0.988362 0.914041
vt 0.457461 0.215167
vt 0.517495 0.111773
vt 0.504742 0.541611
vt 0.533068 0.541611
vt 0.893330 0.777065
vt 0.543163 0.787512
vt 0.523262 0.732055
vt 0.543163 0.796590
vt 0.515193 0.457813
vt 0.521925 0.796590
vt 0.494292 0.457813
vt 0.521925 0.787512
vt 0.544162 0.732055
vt 0.904346 0.777065
vt 0.543990 0.539504
vt 0.963346 0.972118
vt 0.908221 0.777065
vt 0.547832 0.539504
vt 0.959054 0.972121
vt 0.547832 0.535616
vt 0.563995 0.517856
vt 0.939094 0.972131
vt 0.547832 0.487757
vt 0.906223 0.972148
vt 0.563995 0.511686
vt 0.932284 0.972134
vt 0.906218 0.962284
vt 0.490622 0.761999
vt 0.547832 0.482858
vt 0.900815 0.972150
vt 0.900810 0.962287
vt 0.490622 0.757100
vt 0.475451 0.668679
vt 0.892511 0.755346
vt 0.892512 0.763383
vt 0.581611 0.440874
vt 0.538521 0.446870
vt 0.510196 0.446870
vt 0.873773 0.682075
vt 0.872591 0.763385
vt 0.597773 0.423115
vt 0.459288 0.650919
vt 0.872590 0.755348
vt 0.834281 0.755352
vt 0.475451 0.615921
vt 0.834282 0.763388
vt 0.581611 0.388117
vt 0.813505 0.755347
vt 0.893319 0.746213
vt 0.489666 0.596845
vt 0.813505 0.763384
vt 0.893319 0.738815
vt 0.567396 0.369040
vt 0.884789 0.682075
vt 0.499274 0.444763
vt 0.888664 0.682075
vt 0.800904 0.746207
vt 0.495432 0.444763
vt 0.805197 0.746207
vt 0.495432 0.440874
vt 0.825157 0.746209
vt 0.479269 0.423115
vt 0.858029 0.746212
vt 0.495432 0.393016
vt 0.831968 0.746210
vt 0.479269 0.416945
vt 0.863437 0.746213
vt 0.495432 0.388117
vt 0.476417 0.541611
vt 0.836191 0.777065
vt 0.493837 0.749959
vt 0.892998 0.962255
vt 0.893003 0.972118
vt 0.544617 0.475716
vt 0.880068 0.972125
vt 0.561885 0.796590
vt 0.533617 0.463780
vt 0.880063 0.962261
vt 0.561885 0.787512
vt 0.504837 0.738023
vt 0.911089 0.981366
vt 0.592964 0.785928
vt 0.445490 0.511686
vt 0.911084 0.991228
vt 0.825174 0.777065
vt 0.465495 0.539504
vt 0.880063 0.991212
vt 0.821299 0.777065
vt 0.461653 0.539504
vt 0.884355 0.991214
vt 0.461653 0.535616
vt 0.445490 0.517856
vt 0.904275 0.991224
vt 0.904280 0.981363
vt 0.592964 0.792097
vt 0.461653 0.487757
vt 0.937177 0.991241
vt 0.461653 0.482858
vt 0.942584 0.991244
vt 0.816634 0.682075
vt 0.566846 0.446870
vt 0.805617 0.682075
vt 0.577768 0.444763
vt 0.896804 0.763382
vt 0.801742 0.682075
vt 0.581611 0.444763
vt 0.839689 0.763388
vt 0.581611 0.393016
vt 0.865782 0.763385
vt 0.597773 0.416945
vt 0.826463 0.763382
vt 0.578396 0.380976
vt 0.498647 0.380976
vt 0.871250 0.746207
vt 0.509646 0.369040
vt 0.952002 0.738815
vt 0.884185 0.746208
vt 0.528071 0.363072
vt 0.933279 0.738815
vt 0.912041 0.738815
vt 0.548971 0.363072
vt 0.950402 0.991212
vt 0.464868 0.475716
vt 0.963359 0.991219
vt 0.503202 0.796590
vt 0.475867 0.463780
vt 0.533712 0.815853
vt 0.893330 0.786076
vt 0.505386 0.815853
vt 0.494464 0.813746
vt 0.904346 0.786076
vt 0.490622 0.813746
vt 0.963341 0.962255
vt 0.908221 0.786076
vt 0.490622 0.809857
vt 0.959049 0.962257
vt 0.939089 0.962267
vt 0.474459 0.792097
vt 0.932279 0.962271
vt 0.474459 0.785928
vt 0.562037 0.815853
vt 0.836191 0.786076
vt 0.825174 0.786076
vt 0.572959 0.813746
vt 0.880068 0.981350
vt 0.821299 0.786076
vt 0.576801 0.813746
vt 0.884360 0.981353
vt 0.576801 0.809857
vt 0.937182 0.981379
vt 0.576801 0.761999
vt 0.576801 0.757100
vt 0.942589 0.981382
vt 0.573586 0.749959
vt 0.950407 0.981350
vt 0.963364 0.981357
vt 0.503202 0.787512
vt 0.562586 0.738023
vt 0.575405 0.753490
vt 0.946546 0.981366
vt 0.462792 0.479105
vt 0.946704 0.991318
vt 0.492019 0.753490
vt 0.896856 0.962271
vt 0.546693 0.479105
vt 0.896697 0.972225
vt 0.518541 0.674674
vt 0.546866 0.674674
vt 0.873773 0.674732
vt 0.884789 0.674732
vt 0.557788 0.672567
vt 0.888664 0.674732
vt 0.800905 0.738169
vt 0.561630 0.672567
vt 0.805198 0.738169
vt 0.561630 0.668679
vt 0.825158 0.738171
vt 0.577793 0.650919
vt 0.858030 0.738174
vt 0.561630 0.620820
vt 0.831969 0.738172
vt 0.577793 0.644750
vt 0.863438 0.738175
vt 0.561630 0.615921
vt 0.816634 0.674732
vt 0.490215 0.674674
vt 0.479293 0.672567
vt 0.805617 0.674732
vt 0.475451 0.672567
vt 0.896803 0.755346
vt 0.801742 0.674732
vt 0.475451 0.620820
vt 0.839688 0.755351
vt 0.459288 0.644750
vt 0.865781 0.755349
vt 0.826462 0.755346
vt 0.478666 0.608780
vt 0.871251 0.738169
vt 0.558415 0.608780
vt 0.952002 0.746213
vt 0.884186 0.738170
vt 0.547415 0.596845
vt 0.933279 0.746213
vt 0.528991 0.590877
vt 0.912042 0.746213
vt 0.508091 0.590877
vt 0.560233 0.612311
vt 0.867393 0.738172
vt 0.496571 0.384363
vt 0.867556 0.746190
vt 0.830323 0.755349
vt 0.476848 0.612311
vt 0.830161 0.763366
vt 0.580472 0.384363
vt 0.864760 0.777065
vt 0.504742 0.545528
vt 0.519318 0.545528
vt 0.879461 0.777065
vt 0.845203 0.682075
vt 0.538521 0.450786
vt 0.523946 0.450786
vt 0.859904 0.682075
vt 0.490167 0.545528
vt 0.850060 0.777065
vt 0.830503 0.682075
vt 0.553096 0.450786
vt 0.864760 0.786076
vt 0.533712 0.819769
vt 0.879461 0.786076
vt 0.519137 0.819769
vt 0.548287 0.819769
vt 0.850059 0.786076
vt 0.845203 0.674732
vt 0.518541 0.678590
vt 0.533116 0.678590
vt 0.859904 0.674732
vt 0.830502 0.674732
vt 0.503965 0.678590
vt 0.677217 0.170518
vt 0.688407 0.250799
vt 0.677217 0.166002
vt 0.688283 0.267180
vt 0.786080 0.166002
vt 0.568622 0.267180
vt 0.786080 0.170518
vt 0.808130 0.250799
vt 0.840511 0.166001
vt 0.508792 0.267180
vt 0.840511 0.170518
vt 0.867992 0.250799
vt 0.813295 0.166002
vt 0.538707 0.267180
vt 0.813295 0.170518
vt 0.838061 0.250799
vt 0.731648 0.166002
vt 0.628452 0.267180
vt 0.731648 0.170518
vt 0.748269 0.250799
vt 0.758864 0.166002
vt 0.598537 0.267180
vt 0.758864 0.170518
vt 0.778200 0.250799
vt 0.867727 0.166002
vt 0.478876 0.267180
vt 0.867727 0.170518
vt 0.897923 0.250799
vt 0.704433 0.166002
vt 0.658367 0.267180
vt 0.704433 0.170518
vt 0.718338 0.250799
vt 0.807943 0.267180
vt 0.568354 0.166002
vt 0.568683 0.250799
vt 0.568354 0.170518
vt 0.867774 0.267180
vt 0.513923 0.166002
vt 0.508822 0.250799
vt 0.513923 0.170518
vt 0.837858 0.267180
vt 0.541139 0.166002
vt 0.538752 0.250799
vt 0.541139 0.170518
vt 0.748113 0.267180
vt 0.622786 0.166002
vt 0.628545 0.250799
vt 0.622786 0.170518
vt 0.778028 0.267180
vt 0.595570 0.166002
vt 0.598614 0.250799
vt 0.595570 0.170518
vt 0.486707 0.166002
vt 0.897689 0.267180
vt 0.486707 0.170518
vt 0.478891 0.250799
vt 0.650001 0.166002
vt 0.718198 0.267180
vt 0.650001 0.170518
vt 0.658476 0.250799
vt 0.677218 0.179650
vt 0.237976 0.059957
vt 0.677218 0.184166
vt 0.238103 0.079325
vt 0.786082 0.184166
vt 0.118379 0.079325
vt 0.786082 0.179650
vt 0.118316 0.059957
vt 0.840513 0.184166
vt 0.058517 0.079325
vt 0.840513 0.179650
vt 0.058486 0.059957
vt 0.813298 0.184166
vt 0.088448 0.079325
vt 0.813298 0.179650
vt 0.088401 0.059957
vt 0.731650 0.184166
vt 0.178241 0.079325
vt 0.731650 0.179650
vt 0.178146 0.059957
vt 0.758866 0.184166
vt 0.148310 0.079325
vt 0.758866 0.179650
vt 0.148231 0.059957
vt 0.867729 0.184166
vt 0.028586 0.079325
vt 0.867729 0.179650
vt 0.028571 0.059957
vt 0.704434 0.184166
vt 0.208172 0.079325
vt 0.704434 0.179650
vt 0.208061 0.059957
vt 0.568355 0.184166
vt 0.357827 0.079325
vt 0.568355 0.179650
vt 0.357637 0.059957
vt 0.513923 0.184166
vt 0.417689 0.079325
vt 0.513923 0.179650
vt 0.417467 0.059957
vt 0.541139 0.184166
vt 0.387758 0.079325
vt 0.541139 0.179650
vt 0.387552 0.059957
vt 0.622787 0.184166
vt 0.297965 0.079325
vt 0.622787 0.179650
vt 0.297807 0.059957
vt 0.595571 0.184166
vt 0.327896 0.079325
vt 0.595571 0.179650
vt 0.327722 0.059957
vt 0.486707 0.184166
vt 0.447620 0.079325
vt 0.486707 0.179650
vt 0.447382 0.059957
vt 0.650002 0.184166
vt 0.268034 0.079325
vt 0.650002 0.179650
vt 0.267892 0.059957
vt 0.527155 0.491301
vt 0.449438 0.267180
vt 0.894509 0.166001
vt 0.522639 0.491301
vt 0.927377 0.250799
vt 0.894509 0.170518
vt 0.975383 0.826924
vt 0.459925 0.166002
vt 0.927127 0.267180
vt 0.979899 0.826924
vt 0.459925 0.170518
vt 0.449437 0.250799
vt 0.894511 0.184166
vt -0.000868 0.079325
vt 0.975864 0.562554
vt 0.894511 0.179650
vt -0.000868 0.059957
vt 0.980380 0.562554
vt 0.980180 0.492058
vt 0.477074 0.079325
vt 0.459925 0.184166
vt 0.975664 0.492058
vt 0.476821 0.059957
vt 0.459925 0.179650
vt 0.932358 0.068326
vt 0.026582 0.392223
vt 0.959969 0.068326
vt 0.979764 0.333059
vt -0.000868 0.392223
vt 0.482058 0.009871
vt 0.957505 0.333059
vt -0.000868 0.412608
vt 0.689055 0.009871
vt 0.204912 0.412608
vt 0.234609 0.403106
vt 0.812775 0.068326
vt 0.145469 0.392223
vt 0.115747 0.396564
vt 0.086025 0.398313
vt 0.599363 0.009871
vt 0.115747 0.412608
vt 0.086025 0.396564
vt 0.902462 0.068326
vt 0.056304 0.392223
vt 0.509670 0.009871
vt 0.026582 0.412608
vt 0.056304 0.398282
vt 0.629260 0.009871
vt 0.145469 0.412608
vt 0.659157 0.009871
vt 0.175191 0.412608
vt 0.204881 0.401538
vt 0.782879 0.068326
vt 0.175191 0.392223
vt 0.723088 0.068421
vt 0.234634 0.392365
vt 0.442686 0.401541
vt 0.963035 0.247194
vt 0.486206 0.068326
vt 0.470136 0.392223
vt 0.940775 0.247194
vt 0.955846 0.009871
vt 0.470136 0.412608
vt 0.264340 0.403062
vt 0.323799 0.401541
vt 0.353521 0.401889
vt 0.383243 0.403639
vt 0.353521 0.403639
vt 0.383243 0.401889
vt 0.412965 0.401541
vt 0.442686 0.403290
vt 0.412965 0.403290
vt 0.323799 0.403290
vt 0.294078 0.403290
vt 0.264386 0.401307
vt 0.294078 0.401541
vt 0.026565 0.373683
vt -0.000868 0.009789
vt 0.978081 0.441720
vt -0.000868 0.383091
vt 0.959994 0.078427
vt 0.955822 0.441720
vt -0.000868 0.362692
vt 0.204792 0.372044
vt 0.234527 0.372033
vt 0.146336 0.009789
vt 0.145379 0.383091
vt 0.116438 0.009789
vt 0.115676 0.383091
vt 0.872587 0.078427
vt 0.085972 0.362692
vt 0.842690 0.078427
vt 0.115676 0.362692
vt 0.086540 0.009789
vt 0.085972 0.383091
vt 0.056642 0.009789
vt 0.056269 0.383091
vt 0.932382 0.078427
vt 0.026565 0.362692
vt 0.902485 0.078427
vt 0.056269 0.362692
vt 0.145379 0.376433
vt 0.175083 0.372050
vt 0.204755 0.373806
vt 0.175083 0.373800
vt 0.235508 0.009881
vt 0.233972 0.382953
vt 0.445313 0.009789
vt 0.442414 0.383091
vt 0.472926 0.009789
vt 0.978081 0.431586
vt 0.469847 0.383091
vt 0.486206 0.078427
vt 0.955822 0.431586
vt 0.469847 0.362692
vt 0.693203 0.078427
vt 0.264193 0.362692
vt 0.323600 0.373662
vt 0.353304 0.373662
vt 0.383007 0.372016
vt 0.603511 0.078427
vt 0.353304 0.362692
vt 0.383007 0.373766
vt 0.415415 0.009789
vt 0.412711 0.383091
vt 0.513819 0.078427
vt 0.442414 0.362692
vt 0.412711 0.372016
vt 0.633408 0.078427
vt 0.323600 0.362692
vt 0.663306 0.078427
vt 0.293897 0.362692
vt 0.265927 0.009789
vt 0.264193 0.383091
vt 0.293897 0.373766
vt 0.115707 0.788027
vt 0.115707 0.796160
vt 0.115707 0.797866
vt 0.115707 0.801896
vt 0.129125 0.788037
vt 0.115851 0.796233
vt 0.125520 0.796233
vt 0.125532 0.798990
vt 0.116022 0.798990
vt 0.116017 0.797868
vt 0.115858 0.801965
vt 0.125849 0.801960
vt 0.128236 0.801047
vt 0.129141 0.799150
vt 0.129140 0.796072
vt 0.128491 0.794452
vt 0.125680 0.793257
vt 0.116015 0.793257
vt 0.116022 0.790984
vt 0.129133 0.790984
vt 0.135533 0.796662
vt 0.136333 0.797441
vt 0.136286 0.788033
vt 0.139913 0.788033
vt 0.139978 0.801965
vt 0.136200 0.801965
vt 0.130734 0.796654
vt 0.109752 0.797798
vt 0.106040 0.797794
vt 0.106031 0.798934
vt 0.096369 0.798934
vt 0.096369 0.796501
vt 0.106244 0.796501
vt 0.108712 0.795655
vt 0.109753 0.793628
vt 0.109755 0.790886
vt 0.108918 0.789054
vt 0.106266 0.788033
vt 0.096224 0.788033
vt 0.093549 0.789054
vt 0.092711 0.790886
vt 0.092711 0.792187
vt 0.096377 0.792187
vt 0.096386 0.791042
vt 0.106037 0.791042
vt 0.106049 0.793482
vt 0.096206 0.793482
vt 0.093435 0.794596
vt 0.092707 0.796347
vt 0.092697 0.799086
vt 0.093429 0.800839
vt 0.096040 0.801960
vt 0.106255 0.801965
vt 0.108913 0.800935
vt 0.109751 0.799086
vt 0.112392 0.788033
vt 0.112385 0.793416
vt 0.113027 0.795036
vt 0.112381 0.797868
vt 0.112390 0.799150
vt 0.113220 0.800957
vt 0.115653 0.706643
vt 0.115653 0.709599
vt 0.115653 0.711855
vt 0.115653 0.714824
vt 0.115653 0.717579
vt 0.115653 0.720526
vt 0.127967 0.706620
vt 0.124352 0.714822
vt 0.124348 0.717569
vt 0.124668 0.720522
vt 0.127013 0.719603
vt 0.127958 0.717728
vt 0.127946 0.714664
vt 0.127302 0.713052
vt 0.124520 0.711853
vt 0.127948 0.709589
vt 0.134304 0.715239
vt 0.135065 0.716029
vt 0.135089 0.706632
vt 0.138686 0.706638
vt 0.138662 0.720501
vt 0.134922 0.720515
vt 0.129523 0.715242
vt 0.108720 0.716362
vt 0.105022 0.716382
vt 0.105008 0.717515
vt 0.095414 0.717520
vt 0.095416 0.715082
vt 0.105238 0.715084
vt 0.107668 0.714250
vt 0.108709 0.712226
vt 0.108702 0.709492
vt 0.107870 0.707658
vt 0.105219 0.706641
vt 0.095237 0.706636
vt 0.092574 0.707654
vt 0.091771 0.709489
vt 0.091778 0.710795
vt 0.095424 0.710782
vt 0.095414 0.709639
vt 0.105022 0.709644
vt 0.105016 0.712065
vt 0.095260 0.712068
vt 0.092496 0.713176
vt 0.091762 0.714927
vt 0.091785 0.717664
vt 0.092508 0.719401
vt 0.095100 0.720514
vt 0.105228 0.720514
vt 0.107867 0.719497
vt 0.108723 0.717662
vt 0.111321 0.706640
vt 0.111320 0.712025
vt 0.111950 0.713637
vt 0.114755 0.714812
vt 0.114926 0.717561
vt 0.114919 0.716447
vt 0.111319 0.716460
vt 0.111319 0.717718
vt 0.112126 0.719532
vt 0.114755 0.720508
vt 0.114916 0.711837
vt 0.114924 0.709585
vt 0.060570 0.345719
vt 0.060570 0.350749
vt 0.092510 0.343106
vt 0.092510 0.346432
vt 0.092510 0.348689
vt 0.092510 0.350736
vt 0.124450 0.344307
vt 0.124450 0.346366
vt 0.124450 0.348689
vt 0.124450 0.350745
vt 0.028630 0.341246
vt 0.028630 0.343265
vt 0.028630 0.344809
vt 0.028630 0.346841
vt 0.028630 0.348729
vt 0.028630 0.350748
vt 0.245771 0.796339
vt 0.245957 0.796339
vt 0.246110 0.796339
vt 0.246303 0.796339
vt 0.245651 0.796970
vt 0.245862 0.796970
vt 0.246036 0.796970
vt 0.246254 0.796970
vt 0.049743 0.350747
vt 0.052736 0.350749
vt 0.055604 0.345084
vt 0.058452 0.350749
vt 0.059747 0.347355
vt 0.056679 0.341245
vt 0.054509 0.341245
vt 0.034968 0.341246
vt 0.032187 0.346840
vt 0.032180 0.348728
vt 0.032417 0.350748
vt 0.034241 0.350129
vt 0.034946 0.348834
vt 0.034955 0.346734
vt 0.034466 0.345630
vt 0.032314 0.344808
vt 0.034962 0.343263
vt 0.039861 0.347131
vt 0.040459 0.347671
vt 0.040475 0.341246
vt 0.043245 0.341245
vt 0.043240 0.350748
vt 0.040353 0.350748
vt 0.036179 0.347130
vt 0.127038 0.346366
vt 0.127050 0.348689
vt 0.127460 0.350739
vt 0.129114 0.350176
vt 0.129898 0.348795
vt 0.129873 0.341245
vt 0.127023 0.341245
vt 0.127039 0.344306
vt 0.134606 0.350749
vt 0.137432 0.345085
vt 0.140312 0.350748
vt 0.142907 0.350750
vt 0.145747 0.345086
vt 0.148637 0.350749
vt 0.151613 0.350749
vt 0.146800 0.341246
vt 0.144647 0.341247
vt 0.141587 0.347354
vt 0.138485 0.341246
vt 0.136313 0.341245
vt 0.131600 0.350713
vt 0.096972 0.348686
vt 0.096982 0.346431
vt 0.097123 0.350735
vt 0.098765 0.350327
vt 0.099815 0.349039
vt 0.099826 0.346324
vt 0.098943 0.344887
vt 0.097162 0.344407
vt 0.099793 0.341944
vt 0.099804 0.341245
vt 0.096881 0.341244
vt 0.101676 0.344082
vt 0.101693 0.343111
vt 0.102398 0.341880
vt 0.104369 0.341245
vt 0.112546 0.341275
vt 0.114186 0.342008
vt 0.114764 0.343198
vt 0.114767 0.345071
vt 0.113883 0.346509
vt 0.112080 0.347025
vt 0.104511 0.347025
vt 0.104517 0.348688
vt 0.111936 0.348687
vt 0.111928 0.347910
vt 0.114772 0.347910
vt 0.114781 0.348793
vt 0.113983 0.350174
vt 0.112102 0.350748
vt 0.104152 0.350741
vt 0.102264 0.349989
vt 0.101713 0.348972
vt 0.101700 0.346830
vt 0.102260 0.345727
vt 0.104384 0.344967
vt 0.111928 0.344965
vt 0.111913 0.343304
vt 0.104498 0.343303
vt 0.104511 0.344082
vt 0.119635 0.348687
vt 0.119629 0.346366
vt 0.116835 0.348795
vt 0.117531 0.350114
vt 0.119520 0.350748
vt 0.119630 0.344305
vt 0.119603 0.341245
vt 0.116792 0.341244
vt 0.061040 0.350749
vt 0.063912 0.345085
vt 0.066769 0.350748
vt 0.069761 0.350747
vt 0.064993 0.341246
vt 0.062840 0.341245
vt 0.074405 0.346367
vt 0.074410 0.348688
vt 0.081826 0.348688
vt 0.081817 0.346365
vt 0.074390 0.344304
vt 0.074400 0.341246
vt 0.071580 0.341244
vt 0.071581 0.348794
vt 0.072385 0.350175
vt 0.074040 0.350741
vt 0.081964 0.350748
vt 0.083865 0.350174
vt 0.084657 0.348973
vt 0.084672 0.341245
vt 0.081811 0.341244
vt 0.081815 0.344306
vt 0.089561 0.346430
vt 0.089561 0.348687
vt 0.089557 0.344360
vt 0.089547 0.341244
vt 0.086740 0.341245
vt 0.086748 0.350734
vt 0.020096 0.347909
vt 0.017242 0.347910
vt 0.017242 0.348689
vt 0.009813 0.348688
vt 0.009830 0.347026
vt 0.017402 0.347024
vt 0.019296 0.346452
vt 0.020101 0.345070
vt 0.020095 0.343197
vt 0.019462 0.341942
vt 0.017422 0.341246
vt 0.009711 0.341245
vt 0.007657 0.341942
vt 0.007025 0.343196
vt 0.007025 0.344082
vt 0.009830 0.344082
vt 0.009841 0.343302
vt 0.017255 0.343303
vt 0.017244 0.344966
vt 0.009710 0.344966
vt 0.007576 0.345727
vt 0.007010 0.346918
vt 0.007014 0.348793
vt 0.007566 0.349988
vt 0.009572 0.350746
vt 0.017390 0.350749
vt 0.019444 0.350051
vt 0.020092 0.348794
vt 0.022126 0.341246
vt 0.022117 0.344925
vt 0.022608 0.346030
vt 0.024759 0.346840
vt 0.024892 0.348728
vt 0.024882 0.347962
vt 0.022107 0.347961
vt 0.022105 0.348835
vt 0.022731 0.350068
vt 0.024755 0.350749
vt 0.024899 0.344807
vt 0.024905 0.343263
vt 0.962869 0.620373
vt 0.962869 0.610794
vt 0.943353 0.610794
vt 0.943353 0.620373
vt 0.719825 0.367839
vt 0.696854 0.367839
vt 0.687721 0.367839
vt 0.664750 0.367839
vt 0.815361 0.372699
vt 0.837936 0.372699
vt 0.937985 0.511383
vt 0.960957 0.511383
vt 0.959237 0.313796
vt 0.936683 0.313796
vt 0.728958 0.367835
vt 0.751907 0.367835
vt 0.901310 0.372187
vt 0.878756 0.372187
vt 0.847069 0.367750
vt 0.869623 0.367750
vt 0.751907 0.372699
vt 0.728958 0.372699
vt 0.664750 0.372699
vt 0.944430 0.827677
vt 0.944430 0.818098
vt 0.687721 0.372699
vt 0.963946 0.827677
vt 0.963946 0.818098
vt 0.719825 0.372699
vt 0.936683 0.318745
vt 0.696854 0.372699
vt 0.543249 0.412228
vt 0.543249 0.402649
vt 0.959237 0.318745
vt 0.562765 0.402649
vt 0.562765 0.412228
vt 0.837936 0.367754
vt 0.901310 0.367238
vt 0.878756 0.367238
vt 0.626267 0.410753
vt 0.626267 0.401174
vt 0.815361 0.367754
vt 0.606752 0.401174
vt 0.606752 0.410753
vt 0.937985 0.516242
vt 0.869623 0.372699
vt 0.960957 0.516242
vt 0.847069 0.372699
vt 0.725335 0.857828
vt 0.725335 0.859441
vt 0.616464 0.859441
vt 0.616464 0.857828
vt 0.562029 0.859441
vt 0.562029 0.857828
vt 0.589246 0.859441
vt 0.589246 0.857828
vt 0.670900 0.859441
vt 0.670900 0.857828
vt 0.643682 0.859441
vt 0.643682 0.857828
vt 0.534811 0.859441
vt 0.534811 0.857828
vt 0.698117 0.859441
vt 0.698117 0.857828
vt 0.834207 0.859441
vt 0.834207 0.857828
vt 0.888642 0.859441
vt 0.888642 0.857828
vt 0.861424 0.859441
vt 0.861424 0.857828
vt 0.779771 0.859441
vt 0.779771 0.857828
vt 0.806989 0.859441
vt 0.806989 0.857828
vt 0.915860 0.859441
vt 0.915860 0.857828
vt 0.752553 0.859441
vt 0.752553 0.857828
vt 0.725334 0.868574
vt 0.725334 0.870187
vt 0.834208 0.870187
vt 0.834208 0.868574
vt 0.888645 0.870187
vt 0.888645 0.868574
vt 0.861427 0.870187
vt 0.861427 0.868574
vt 0.779771 0.870187
vt 0.779771 0.868574
vt 0.806990 0.870187
vt 0.806990 0.868574
vt 0.915863 0.870187
vt 0.915863 0.868574
vt 0.752553 0.870187
vt 0.752553 0.868574
vt 0.616461 0.870187
vt 0.616461 0.868574
vt 0.562024 0.870187
vt 0.562024 0.868574
vt 0.589242 0.870187
vt 0.589242 0.868574
vt 0.670898 0.870187
vt 0.670898 0.868574
vt 0.643679 0.870187
vt 0.643679 0.868574
vt 0.534806 0.870187
vt 0.534806 0.868574
vt 0.698116 0.870187
vt 0.698116 0.868574
vt 0.508206 0.859441
vt 0.508206 0.857828
vt 0.942464 0.859441
vt 0.942464 0.857828
vt 0.942468 0.870187
vt 0.942468 0.868574
vt 0.508201 0.870187
vt 0.508201 0.868574
vt 0.036771 0.540057
vt 0.074410 0.540057
vt 0.112049 0.540057
vt 0.149688 0.540057
vt 0.187326 0.540057
vt 0.224965 0.540057
vt 0.262604 0.540057
vt 0.300243 0.540057
vt 0.337882 0.540057
vt 0.375521 0.540057
vt 0.413160 0.540057
vt 0.413160 0.565779
vt 0.375521 0.565779
vt 0.337882 0.565779
vt 0.300243 0.565779
vt 0.262604 0.565779
vt 0.224965 0.565779
vt 0.187326 0.565779
vt 0.149688 0.565779
vt 0.112049 0.565779
vt 0.074410 0.565779
vt 0.036771 0.565779
vt 0.036771 0.564873
vt 0.074410 0.564873
vt 0.112049 0.564873
vt 0.149688 0.564873
vt 0.187326 0.564873
vt 0.224965 0.564873
vt 0.262604 0.564873
vt 0.300243 0.564873
vt 0.337882 0.564873
vt 0.375521 0.564873
vt 0.413160 0.564873
vt 0.413160 0.542078
vt 0.375521 0.542078
vt 0.337882 0.542078
vt 0.300243 0.542078
vt 0.262604 0.542078
vt 0.224965 0.542078
vt 0.187326 0.542078
vt 0.149688 0.542078
vt 0.112049 0.542078
vt 0.074410 0.542078
vt 0.036771 0.542078
vt 0.036771 0.541172
vt 0.074410 0.541172
vt 0.112049 0.541172
vt 0.149688 0.541172
vt 0.187326 0.541172
vt 0.224965 0.541172
vt 0.262604 0.541172
vt 0.300243 0.541172
vt 0.337882 0.541172
vt 0.375521 0.541172
vt 0.413160 0.541172
vt 0.413160 0.565972
vt 0.375521 0.565972
vt 0.337882 0.565972
vt 0.300243 0.565972
vt 0.262604 0.565972
vt 0.224965 0.565972
vt 0.187326 0.565972
vt 0.149688 0.565972
vt 0.112049 0.565972
vt 0.074410 0.565972
vt 0.036771 0.565972
vt 0.036771 0.591887
vt 0.074410 0.591887
vt 0.112049 0.591887
vt 0.149688 0.591887
vt 0.187326 0.591887
vt 0.224965 0.591887
vt 0.262604 0.591887
vt 0.300243 0.591887
vt 0.337882 0.591887
vt 0.375521 0.591887
vt 0.413160 0.591887
vt 0.413160 0.566166
vt 0.375521 0.566166
vt 0.337882 0.566166
vt 0.300243 0.566166
vt 0.262604 0.566166
vt 0.224965 0.566166
vt 0.187326 0.566166
vt 0.149688 0.566166
vt 0.112049 0.566166
vt 0.074410 0.566166
vt 0.036771 0.566166
vt 0.036771 0.567071
vt 0.074410 0.567071
vt 0.112049 0.567071
vt 0.149688 0.567071
vt 0.187326 0.567071
vt 0.224965 0.567071
vt 0.262604 0.567071
vt 0.300243 0.567071
vt 0.337882 0.567071
vt 0.375521 0.567071
vt 0.413160 0.567071
vt 0.413160 0.589866
vt 0.375521 0.589866
vt 0.337882 0.589866
vt 0.300243 0.589866
vt 0.262604 0.589866
vt 0.224965 0.589866
vt 0.187326 0.589866
vt 0.149688 0.589866
vt 0.112049 0.589866
vt 0.074410 0.589866
vt 0.036771 0.589867
vt 0.036771 0.590772
vt 0.074410 0.590772
vt 0.112049 0.590772
vt 0.149688 0.590772
vt 0.187326 0.590772
vt 0.224965 0.590772
vt 0.262604 0.590772
vt 0.300243 0.590772
vt 0.337882 0.590772
vt 0.375521 0.590772
vt 0.413160 0.590772
vt 0.033068 0.255915
vt 0.856707 0.288577
vt 0.067005 0.255915
vt 0.822768 0.288577
vt 0.100941 0.255915
vt 0.788829 0.288577
vt 0.134877 0.255915
vt 0.754890 0.288577
vt 0.168814 0.255915
vt 0.720951 0.288577
vt 0.202750 0.255915
vt 0.687012 0.288577
vt 0.236686 0.255915
vt 0.653073 0.288577
vt 0.270623 0.255915
vt 0.619134 0.288577
vt 0.304559 0.255915
vt 0.585195 0.288577
vt 0.338495 0.255915
vt 0.551256 0.288577
vt 0.372432 0.255915
vt 0.517317 0.288577
vt 0.406368 0.255915
vt 0.483378 0.288577
vt 0.033069 0.304856
vt 0.483378 0.281432
vt 0.067005 0.304856
vt 0.517317 0.281432
vt 0.100941 0.304856
vt 0.551256 0.281432
vt 0.134878 0.304856
vt 0.585195 0.281432
vt 0.168814 0.304856
vt 0.619134 0.281432
vt 0.202751 0.304856
vt 0.653073 0.281432
vt 0.236687 0.304856
vt 0.687012 0.281432
vt 0.270624 0.304856
vt 0.720951 0.281432
vt 0.304560 0.304856
vt 0.754890 0.281432
vt 0.338497 0.304856
vt 0.788829 0.281432
vt 0.372433 0.304856
vt 0.822768 0.281432
vt 0.406370 0.304856
vt 0.856707 0.281432
vt 0.406368 0.240578
vt 0.406408 0.122590
vt 0.372432 0.240578
vt 0.372468 0.122590
vt 0.338495 0.240578
vt 0.338529 0.122590
vt 0.304559 0.240578
vt 0.304589 0.122590
vt 0.270623 0.240578
vt 0.270649 0.122590
vt 0.236686 0.240578
vt 0.236710 0.122590
vt 0.202750 0.240578
vt 0.202770 0.122590
vt 0.168814 0.240578
vt 0.168830 0.122590
vt 0.134877 0.240578
vt 0.134891 0.122590
vt 0.100941 0.240578
vt 0.100951 0.122590
vt 0.067005 0.240578
vt 0.067011 0.122590
vt 0.033068 0.240578
vt 0.033072 0.122590
vt 0.406370 0.289518
vt 0.033072 0.115445
vt 0.372433 0.289518
vt 0.067011 0.115445
vt 0.338497 0.289518
vt 0.100951 0.115445
vt 0.304560 0.289518
vt 0.134891 0.115445
vt 0.270624 0.289518
vt 0.168830 0.115445
vt 0.236687 0.289518
vt 0.202770 0.115445
vt 0.202751 0.289518
vt 0.236710 0.115445
vt 0.168814 0.289518
vt 0.270649 0.115445
vt 0.134878 0.289518
vt 0.304589 0.115445
vt 0.100941 0.289518
vt 0.338529 0.115445
vt 0.067005 0.289518
vt 0.372468 0.115445
vt 0.033069 0.289518
vt 0.406408 0.115445
vt 0.033068 0.265048
vt 0.483376 0.231445
vt 0.067005 0.265048
vt 0.517316 0.231445
vt 0.100941 0.265048
vt 0.551255 0.231445
vt 0.134878 0.265048
vt 0.585195 0.231445
vt 0.168814 0.265048
vt 0.619135 0.231445
vt 0.202750 0.265048
vt 0.653074 0.231445
vt 0.236687 0.265048
vt 0.687014 0.231445
vt 0.270623 0.265048
vt 0.720954 0.231445
vt 0.304560 0.265048
vt 0.754893 0.231445
vt 0.338496 0.265048
vt 0.788833 0.231445
vt 0.372432 0.265048
vt 0.822773 0.231445
vt 0.406369 0.265048
vt 0.856712 0.231445
vt 0.033068 0.216108
vt 0.856712 0.224300
vt 0.067005 0.216108
vt 0.822773 0.224300
vt 0.100941 0.216108
vt 0.788833 0.224300
vt 0.134877 0.216108
vt 0.754893 0.224300
vt 0.168813 0.216108
vt 0.720954 0.224300
vt 0.202750 0.216108
vt 0.687014 0.224300
vt 0.236686 0.216108
vt 0.653074 0.224300
vt 0.270622 0.216108
vt 0.619135 0.224300
vt 0.304559 0.216108
vt 0.585195 0.224300
vt 0.338495 0.216108
vt 0.551255 0.224300
vt 0.372431 0.216108
vt 0.517316 0.224300
vt 0.406367 0.216108
vt 0.483376 0.224300
vt 0.406369 0.280385
vt 0.856709 0.297710
vt 0.372432 0.280385
vt 0.822769 0.297710
vt 0.338496 0.280385
vt 0.788830 0.297710
vt 0.304560 0.280385
vt 0.754891 0.297710
vt 0.270623 0.280385
vt 0.720952 0.297710
vt 0.236687 0.280385
vt 0.687013 0.297710
vt 0.202750 0.280385
vt 0.653074 0.297710
vt 0.168814 0.280385
vt 0.619134 0.297710
vt 0.134878 0.280385
vt 0.585195 0.297710
vt 0.100941 0.280385
vt 0.551256 0.297710
vt 0.067005 0.280385
vt 0.517317 0.297710
vt 0.033068 0.280385
vt 0.483378 0.297710
vt 0.406367 0.231445
vt 0.483378 0.304856
vt 0.372431 0.231445
vt 0.517317 0.304856
vt 0.338495 0.231445
vt 0.551256 0.304856
vt 0.304559 0.231445
vt 0.585195 0.304856
vt 0.270622 0.231445
vt 0.619134 0.304856
vt 0.236686 0.231445
vt 0.653074 0.304856
vt 0.202750 0.231445
vt 0.687013 0.304856
vt 0.168813 0.231445
vt 0.720952 0.304856
vt 0.134877 0.231445
vt 0.754891 0.304856
vt 0.100941 0.231445
vt 0.788830 0.304856
vt 0.067005 0.231445
vt 0.822769 0.304856
vt 0.033068 0.231445
vt 0.856709 0.304856
vt 0.859458 0.634823
vt 0.115707 0.818543
vt 0.111912 0.605472
vt 0.129645 0.919458
vt 0.111912 0.608108
vt 0.859458 0.631308
vt 0.129645 0.930567
vt 0.115707 0.823183
vt 0.111912 0.601020
vt 0.115707 0.829361
vt 0.115707 0.824290
vt 0.585246 0.556922
vt 0.585241 0.141715
vt 0.115707 0.828254
vt 0.381871 0.106312
vt 0.585246 0.557548
vt 0.585241 0.141090
vt 0.381871 0.101953
vt 0.111575 0.642735
vt 0.870232 0.497299
vt 0.870232 0.499006
vt 0.117717 0.437150
vt 0.870200 0.486458
vt 0.117717 0.454588
vt 0.870200 0.488167
vt 0.111575 0.622931
vt 0.111575 0.638165
vt 0.111575 0.627501
vt 0.624642 0.112503
vt 0.111575 0.636680
vt 0.111575 0.628985
vt 0.127647 0.955570
vt 0.624642 0.111773
vt 0.564598 0.215167
vt 0.564598 0.207737
vt 0.127647 0.956300
vt 0.860559 0.662084
vt 0.368662 0.849614
vt 0.368662 0.838494
vt 0.111912 0.657557
vt 0.111912 0.660193
vt 0.348681 0.736177
vt 0.860559 0.665599
vt 0.348681 0.747006
vt 0.111912 0.664646
vt 0.348681 0.740817
vt 0.348681 0.745897
vt 0.839112 0.567306
vt 0.124446 0.020524
vt 0.348681 0.741926
vt 0.381500 0.092820
vt 0.839112 0.566681
vt 0.381500 0.088457
vt 0.124446 0.019899
vt 0.083725 0.605472
vt 0.099499 0.919458
vt 0.083725 0.608108
vt 0.832242 0.631308
vt 0.099499 0.930567
vt 0.086572 0.829361
vt 0.083725 0.601020
vt 0.086572 0.828254
vt 0.553503 0.141715
vt 0.553503 0.141090
vt 0.413906 0.101953
vt 0.086572 0.818543
vt 0.832242 0.634823
vt 0.086572 0.823183
vt 0.553509 0.556922
vt 0.086572 0.824290
vt 0.553509 0.557548
vt 0.413906 0.106312
vt 0.841259 0.499006
vt 0.090405 0.437150
vt 0.841243 0.486458
vt 0.090405 0.454588
vt 0.083546 0.622931
vt 0.841243 0.488167
vt 0.083546 0.627501
vt 0.100582 0.955570
vt 0.083546 0.628985
vt 0.100582 0.956300
vt 0.537535 0.207737
vt 0.083546 0.642735
vt 0.841259 0.497299
vt 0.083546 0.638165
vt 0.083546 0.636680
vt 0.597576 0.112503
vt 0.597576 0.111773
vt 0.537535 0.215167
vt 0.398784 0.838494
vt 0.083725 0.657557
vt 0.083725 0.660193
vt 0.377810 0.736177
vt 0.887775 0.665599
vt 0.083725 0.664646
vt 0.377810 0.747006
vt 0.377810 0.740817
vt 0.870849 0.567306
vt 0.377810 0.745897
vt 0.377810 0.741926
vt 0.092709 0.020524
vt 0.870849 0.566681
vt 0.413504 0.092820
vt 0.413504 0.088457
vt 0.092709 0.019899
vt 0.887775 0.662084
vt 0.398784 0.849614
vt 0.338540 0.849614
vt 0.833343 0.662084
vt 0.140098 0.657557
vt 0.338540 0.838494
vt 0.140098 0.660193
vt 0.833343 0.665599
vt 0.319553 0.736177
vt 0.319553 0.747006
vt 0.140098 0.664646
vt 0.319553 0.740817
vt 0.319553 0.745897
vt 0.807375 0.567306
vt 0.156183 0.020524
vt 0.319553 0.741926
vt 0.349496 0.092820
vt 0.807375 0.566681
vt 0.156183 0.019899
vt 0.349496 0.088457
vt 0.899542 0.497299
vt 0.139930 0.642735
vt 0.139930 0.638165
vt 0.652023 0.112503
vt 0.139930 0.636680
vt 0.591976 0.215167
vt 0.652023 0.111773
vt 0.145347 0.437150
vt 0.899542 0.499006
vt 0.145347 0.454588
vt 0.899494 0.486458
vt 0.899494 0.488167
vt 0.139930 0.622931
vt 0.139930 0.627501
vt 0.139930 0.628985
vt 0.155028 0.955570
vt 0.591976 0.207737
vt 0.155028 0.956299
vt 0.886674 0.634823
vt 0.144842 0.818543
vt 0.144842 0.823183
vt 0.144842 0.824290
vt 0.616983 0.556922
vt 0.349836 0.106312
vt 0.616983 0.557548
vt 0.140098 0.605472
vt 0.140098 0.608108
vt 0.159790 0.919458
vt 0.159790 0.930567
vt 0.886674 0.631308
vt 0.140098 0.601020
vt 0.144842 0.829361
vt 0.616978 0.141715
vt 0.144842 0.828254
vt 0.349836 0.101953
vt 0.616978 0.141090
vt 0.671080 0.439460
vt 0.232157 0.818543
vt 0.224571 0.605472
vt 0.250133 0.919458
vt 0.224571 0.608108
vt 0.671080 0.435944
vt 0.250133 0.930567
vt 0.232157 0.823183
vt 0.232157 0.829361
vt 0.224571 0.601020
vt 0.712096 0.556922
vt 0.232157 0.824290
vt 0.712093 0.141715
vt 0.232157 0.828254
vt 0.712096 0.557548
vt 0.253830 0.106312
vt 0.712093 0.141090
vt 0.253830 0.101953
vt 0.224627 0.642735
vt 0.915637 0.901913
vt 0.915637 0.903620
vt 0.227879 0.437150
vt 0.736664 0.434902
vt 0.227879 0.454588
vt 0.224627 0.622931
vt 0.736664 0.433194
vt 0.224627 0.638165
vt 0.224627 0.627501
vt 0.733811 0.112503
vt 0.224627 0.636680
vt 0.236815 0.955570
vt 0.224627 0.628985
vt 0.733811 0.111773
vt 0.673756 0.215167
vt 0.236815 0.956299
vt 0.673756 0.207737
vt 0.319189 0.469961
vt 0.248173 0.849614
vt 0.248173 0.838494
vt 0.224658 0.657557
vt 0.224658 0.660193
vt 0.232167 0.736177
vt 0.319189 0.466446
vt 0.232167 0.747006
vt 0.224658 0.664646
vt 0.232167 0.740817
vt 0.712163 0.567306
vt 0.232167 0.745897
vt 0.251393 0.020524
vt 0.232167 0.741926
vt 0.712163 0.566681
vt 0.253485 0.092820
vt 0.251393 0.019899
vt 0.253485 0.088457
vt 0.115653 0.736177
vt 0.849128 0.544275
vt 0.337404 0.660193
vt 0.127685 0.838494
vt 0.337404 0.657557
vt 0.849128 0.547790
vt 0.127685 0.849614
vt 0.115653 0.740817
vt 0.115653 0.747006
vt 0.337404 0.664646
vt 0.378340 0.020524
vt 0.115653 0.741926
vt 0.115653 0.745897
vt 0.585215 0.567306
vt 0.378340 0.019899
vt 0.125469 0.088457
vt 0.585215 0.566681
vt 0.125469 0.092820
vt 0.337400 0.454588
vt 0.648587 0.477677
vt 0.648587 0.479385
vt 0.337020 0.622931
vt 0.337020 0.642735
vt 0.870976 0.509846
vt 0.337400 0.437150
vt 0.870976 0.508139
vt 0.337020 0.627501
vt 0.337020 0.638165
vt 0.337020 0.628985
vt 0.345348 0.955570
vt 0.842344 0.112503
vt 0.337020 0.636680
vt 0.782279 0.207737
vt 0.345348 0.956299
vt 0.842344 0.111773
vt 0.782279 0.215167
vt 0.844021 0.606012
vt 0.370392 0.930567
vt 0.370392 0.919458
vt 0.337016 0.608108
vt 0.337016 0.605472
vt 0.348386 0.818543
vt 0.844021 0.609527
vt 0.337016 0.601020
vt 0.348386 0.829361
vt 0.348386 0.823183
vt 0.838704 0.141715
vt 0.348386 0.828254
vt 0.348386 0.824290
vt 0.838704 0.556922
vt 0.838704 0.141090
vt 0.126033 0.101953
vt 0.838704 0.557548
vt 0.126033 0.106312
vt 0.309025 0.622931
vt 0.619665 0.479385
vt 0.309025 0.642735
vt 0.899914 0.509846
vt 0.310120 0.437150
vt 0.899914 0.508139
vt 0.309025 0.627501
vt 0.309025 0.638165
vt 0.318315 0.955570
vt 0.309025 0.628985
vt 0.309025 0.636680
vt 0.815311 0.112503
vt 0.318315 0.956299
vt 0.755248 0.207737
vt 0.815311 0.111773
vt 0.755248 0.215167
vt 0.310120 0.454588
vt 0.619665 0.477677
vt 0.821912 0.544275
vt 0.144781 0.736177
vt 0.144781 0.740817
vt 0.144781 0.741926
vt 0.346604 0.020524
vt 0.157473 0.088457
vt 0.346604 0.019899
vt 0.309217 0.660193
vt 0.309217 0.657557
vt 0.157807 0.838494
vt 0.157807 0.849614
vt 0.821912 0.547790
vt 0.309217 0.664646
vt 0.144781 0.747006
vt 0.616952 0.567306
vt 0.144781 0.745897
vt 0.157473 0.092820
vt 0.616952 0.566681
vt 0.340454 0.930567
vt 0.816992 0.606012
vt 0.309023 0.608108
vt 0.340454 0.919458
vt 0.309023 0.605472
vt 0.816992 0.609527
vt 0.319451 0.818543
vt 0.319451 0.829361
vt 0.309023 0.601020
vt 0.319451 0.823183
vt 0.319451 0.828254
vt 0.807185 0.141715
vt 0.807186 0.556922
vt 0.319451 0.824290
vt 0.157847 0.101953
vt 0.807185 0.141090
vt 0.157847 0.106312
vt 0.807186 0.557548
vt 0.400745 0.919458
vt 0.365396 0.608108
vt 0.365396 0.605472
vt 0.377721 0.818543
vt 0.871424 0.609527
vt 0.365396 0.601020
vt 0.377721 0.829361
vt 0.377721 0.823183
vt 0.870660 0.141715
vt 0.377721 0.828254
vt 0.377721 0.824290
vt 0.870659 0.556922
vt 0.870660 0.141090
vt 0.093778 0.101953
vt 0.870659 0.557548
vt 0.093777 0.106312
vt 0.871424 0.606012
vt 0.400745 0.930567
vt 0.677905 0.477677
vt 0.365052 0.454588
vt 0.677905 0.479385
vt 0.365398 0.622931
vt 0.841642 0.509846
vt 0.365398 0.642735
vt 0.841642 0.508139
vt 0.365052 0.437150
vt 0.365398 0.627501
vt 0.365398 0.638165
vt 0.365398 0.628985
vt 0.372751 0.955570
vt 0.869747 0.112503
vt 0.365398 0.636680
vt 0.809679 0.207737
vt 0.372751 0.956300
vt 0.809679 0.215167
vt 0.869747 0.111773
vt 0.365590 0.660193
vt 0.097563 0.838494
vt 0.365590 0.657557
vt 0.876344 0.547790
vt 0.097563 0.849614
vt 0.086524 0.747006
vt 0.365590 0.664646
vt 0.086524 0.745897
vt 0.553478 0.567306
vt 0.553478 0.566681
vt 0.093466 0.092820
vt 0.086524 0.736177
vt 0.876344 0.544275
vt 0.086524 0.740817
vt 0.410077 0.020524
vt 0.086524 0.741926
vt 0.410077 0.019899
vt 0.093466 0.088457
vt 0.914436 0.928370
vt 0.914436 0.912752
vt 0.907964 0.937503
vt 0.907964 0.953121
vt 0.815122 0.975702
vt 0.815122 0.991320
vt 0.787219 0.975702
vt 0.787219 0.991320
vt 0.843025 0.975702
vt 0.843025 0.991320
vt 0.657903 0.827677
vt 0.657903 0.812059
vt 0.685806 0.827677
vt 0.685806 0.812059
vt 0.630000 0.827677
vt 0.630000 0.812059
vt 0.814906 0.941819
vt 0.814906 0.926201
vt 0.787003 0.941819
vt 0.787003 0.926201
vt 0.842810 0.941819
vt 0.842810 0.926201
vt 0.815122 0.950951
vt 0.815122 0.966569
vt 0.787219 0.966569
vt 0.787219 0.950951
vt 0.843025 0.950951
vt 0.843025 0.966569
vt 0.127685 0.849614
vt 0.127685 0.853372
vt 0.097563 0.849614
vt 0.097563 0.853372
vt 0.157807 0.853372
vt 0.157807 0.849614
vt 0.638581 0.464722
vt 0.248173 0.853372
vt 0.638581 0.468545
vt 0.882803 0.795209
vt 0.882803 0.798776
vt 0.912364 0.795209
vt 0.912364 0.798776
vt 0.853243 0.795209
vt 0.853243 0.798776
vt 0.818250 0.910033
vt 0.818250 0.913595
vt 0.788675 0.910033
vt 0.788675 0.913595
vt 0.847825 0.910033
vt 0.847825 0.913595
vt 0.250226 0.930567
vt 0.250226 0.934320
vt 0.129645 0.930567
vt 0.129645 0.934320
vt 0.159790 0.934320
vt 0.159790 0.930567
vt 0.099499 0.930567
vt 0.099499 0.934320
s 0
usemtl Platform_4k
f 13/13/1 14/14/1 16/16/1 17/17/1
f 5/5/1 6/6/1 2/2/1 1/1/1
f 11/11/1 12/12/1 4/4/1 3/3/1
f 3/3/1 4/4/1 6/6/1 5/5/1
f 9/9/1 10/10/1 8/8/1 7/7/1
f 1/1/1 2/2/1 10/10/1 9/9/1
f 18/18/1 15/15/1 12/12/1 11/11/1
f 7/7/1 8/8/1 14/14/1 13/13/1
f 31/31/2 32/32/2 34/34/2 35/35/2
f 23/23/2 24/24/2 20/20/2 19/19/2
f 29/29/2 30/30/2 22/22/2 21/21/2
f 21/21/2 22/22/2 24/24/2 23/23/2
f 27/27/2 28/28/2 26/26/2 25/25/2
f 19/19/2 20/20/2 28/28/2 27/27/2
f 36/36/2 33/33/2 30/30/2 29/29/2
f 25/25/2 26/26/2 32/32/2 31/31/2
f 49/49/2 53/53/2 52/52/2 50/50/2
f 41/41/2 37/37/2 38/38/2 42/42/2
f 47/47/2 39/39/2 40/40/2 48/48/2
f 39/39/2 41/41/2 42/42/2 40/40/2
f 45/45/2 43/43/2 44/44/2 46/46/2
f 37/37/2 45/45/2 46/46/2 38/38/2
f 54/54/2 47/47/2 48/48/2 51/51/2
f 43/43/2 49/49/2 50/50/2 44/44/2
f 3251/5936/3 3230/5915/3 59/59/3 62/62/3
f 3208/5893/3 3252/5937/3 61/61/3 56/56/3
f 3229/5914/3 60/60/3 59/59/3 3230/5915/3
f 3251/5936/3 62/62/3 61/61/3 3252/5937/3
f 3229/5914/3 3273/5958/3 66/66/3 60/60/3
f 3317/6002/3 74/74/3 71/71/3 3296/5981/3
f 3274/5959/3 68/68/3 73/73/3 3318/6003/3
f 3295/5980/3 3296/5981/3 71/71/3 72/72/3
f 3317/6002/3 3318/6003/3 73/73/3 74/74/3
f 3295/5980/3 72/72/3 66/66/3 3273/5958/3
f 77/77/4 78/80/4 80/86/4 79/83/4
f 3329/6015/2 3352/6061/2 84/98/2 83/95/2
f 83/96/5 84/99/5 82/92/5 81/89/5
f 3353/6063/1 3376/6109/1 78/81/1 77/78/1
f 3329/6014/6 83/97/6 81/90/6 3364/6084/6
f 3341/6038/3 80/87/3 78/82/3 3376/6108/3
f 85/101/4 87/107/4 88/110/4 86/104/4
f 3377/6111/1 91/119/1 92/122/1 3400/6157/1
f 91/120/5 89/113/5 90/116/5 92/123/5
f 3401/6159/2 85/102/2 86/105/2 3424/6205/2
f 3377/6110/6 3412/6180/6 89/114/6 91/121/6
f 3389/6134/3 3424/6204/3 86/106/3 88/111/3
f 1261/2630/4 1260/2625/4 2589/5090/4 2590/5093/4
f 2253/4418/7 1271/2663/7 1277/2685/7 2259/4429/7
f 236/418/6 98/138/6 96/134/6 229/407/6
f 1382/2852/1 1380/2847/1 2242/4402/1 2244/4405/1
f 666/1326/8 788/1581/8 1531/3121/8 2767/5439/8
f 470/914/2 460/891/2 2014/4085/2 2016/4087/2
f 231/410/6 104/151/6 106/155/6 232/411/6
f 99/139/4 93/125/4 103/148/4 105/153/4
f 223/396/9 99/140/9 105/154/9 225/399/9
f 229/406/2 96/135/2 104/152/2 231/409/2
f 226/401/1 312/576/1 313/577/1 107/156/1
f 230/408/6 102/147/6 110/165/6 233/413/6
f 1277/2685/6 1276/2683/6 2258/4427/6 2259/4429/6
f 1317/2732/10 1349/2791/10 1664/3391/10 1647/3355/10 1646/3353/10
f 278/515/4 113/172/4 366/674/4 367/677/4
f 2227/4379/4 2231/4385/4 2600/5115/4 2548/5003/4
f 1318/2736/11 2326/4537/11 2336/4561/11 2230/4384/11
f 141/235/3 202/355/3 302/562/3 294/554/3
f 1319/2737/12 1351/2796/12 509/990/12 119/189/12 235/416/12
f 1398/2882/13 1399/2883/13 1691/3447/13 1690/3445/13
f 441/855/14 434/843/14 1477/3022/14 1483/3034/14
f 281/525/15 280/521/15 347/633/15 341/619/15
f 2306/4504/5 2304/4500/5 2627/5172/5 2559/5025/5
f 220/388/3 124/201/3 126/206/3 221/391/3
f 362/665/1 350/641/1 125/204/1 245/439/1
f 1315/2728/16 1316/2731/16 2228/4381/16 2226/4377/16
f 1314/2727/2 1315/2728/2 124/202/2 220/389/2
f 1322/2743/2 1323/2744/2 142/237/2 203/357/2
f 354/648/1 137/226/1 143/239/1 177/305/1
f 203/356/3 142/236/3 143/238/3 204/359/3
f 188/324/17 239/423/17 342/620/17 336/609/17
f 786/1577/18 1975/4027/18 1501/3070/18 1528/3115/18
f 1368/2827/10 1357/2807/10 1667/3397/10 1674/3411/10
f 191/330/6 201/352/6 303/563/6 301/561/6
f 353/646/19 357/654/19 266/487/19 275/507/19
f 162/276/6 130/214/6 134/221/6 165/281/6
f 209/367/1 318/584/1 319/585/1 134/220/1
f 161/275/2 128/211/2 132/218/2 163/278/2
f 206/362/9 130/214/9 133/219/9 208/365/9
f 163/277/6 132/217/6 133/219/6 164/279/6
f 1012/2060/1 949/1935/1 2038/4109/1 2046/4117/1
f 433/841/20 440/853/20 1480/3028/20 1478/3024/20
f 1947/3969/1 1950/3975/1 1291/2701/1 1290/2700/1
f 168/286/6 127/209/6 128/210/6 161/274/6
f 212/372/6 144/240/6 154/262/6 222/395/6
f 224/398/6 156/265/6 157/267/6 225/399/6
f 222/394/2 154/263/2 156/266/2 224/397/2
f 223/396/6 155/264/6 158/268/6 226/400/6
f 354/648/21 356/652/21 269/493/21 268/492/21
f 201/352/6 138/229/6 295/555/6 303/563/6
f 279/518/15 292/551/15 343/623/15 345/627/15
f 348/638/1 355/651/1 153/260/1 221/392/1
f 1330/2757/2 1331/2758/2 152/258/2 176/303/2
f 176/302/3 152/256/3 153/259/3 177/304/3
f 784/1573/22 736/1474/22 1519/3099/22 1529/3118/22
f 1397/2879/23 1396/2878/23 1688/3441/23 1689/3443/23
f 165/280/1 322/588/1 323/589/1 158/269/1
f 162/276/9 155/264/9 157/267/9 164/279/9
f 1313/2724/1 1312/2722/1 2005/4076/1 2053/4125/1
f 434/843/14 502/979/14 1493/3055/14 1477/3022/14
f 1966/4009/2 1967/4011/2 1301/2711/2 1300/2710/2
f 1963/4003/2 1966/4009/2 1300/2710/2 1299/2709/2
f 735/1472/24 783/1572/24 1530/3119/24 1516/3093/24
f 1372/2835/1 1373/2837/1 2015/4086/1 2021/4092/1
f 130/214/9 162/276/9 164/279/9 133/219/9
f 134/220/1 319/585/1 322/588/1 165/280/1
f 1403/2892/13 1383/2855/13 1682/3429/13 1695/3455/13
f 501/977/20 433/841/20 1478/3024/20 1494/3056/20
f 142/236/3 176/302/3 177/304/3 143/238/3
f 1323/2744/2 1330/2757/2 176/303/2 142/237/2
f 144/240/6 168/286/6 161/274/6 154/262/6
f 156/265/6 163/277/6 164/279/6 157/267/6
f 154/263/2 161/275/2 163/278/2 156/266/2
f 155/264/6 162/276/6 165/281/6 158/268/6
f 291/547/4 190/327/4 375/701/4 374/698/4
f 192/333/3 243/432/3 306/566/3 300/560/3
f 280/522/5 108/159/5 344/624/5 347/634/5
f 355/651/1 354/648/1 177/305/1 153/260/1
f 1932/3937/1 1929/3931/1 1282/2692/1 1283/2693/1
f 777/1561/22 677/1355/22 1571/3192/22 1525/3110/22
f 929/1876/5 1409/2901/5 2059/4137/5 2058/4135/5
f 230/408/9 179/308/9 181/311/9 232/411/9
f 233/412/1 326/592/1 327/593/1 182/312/1
f 446/865/25 422/818/25 1479/3026/25 1481/3030/25
f 194/338/1 245/439/1 250/449/1 251/451/1
f 1342/2779/2 1343/2780/2 193/336/2 244/436/2
f 360/661/1 359/659/1 194/338/1 204/358/1
f 285/533/15 288/541/15 335/607/15 331/599/15
f 121/194/3 219/387/3 304/564/3 311/574/3
f 241/427/5 290/544/5 379/713/5 378/710/5
f 206/362/6 179/308/6 182/313/6 209/366/6
f 205/361/2 178/306/2 180/309/2 207/364/2
f 207/363/6 180/310/6 181/311/6 208/365/6
f 195/340/6 185/318/6 178/307/6 205/360/6
f 127/209/6 195/340/6 205/360/6 128/210/6
f 132/217/6 207/363/6 208/365/6 133/219/6
f 128/211/2 205/361/2 207/364/2 132/218/2
f 130/214/6 206/362/6 209/366/6 134/221/6
f 355/649/26 348/636/26 274/504/26 267/488/26
f 242/431/6 191/330/6 301/561/6 307/567/6
f 239/423/17 109/162/17 346/630/17 342/620/17
f 137/226/1 360/661/1 204/358/1 143/239/1
f 1275/2679/27 1266/2647/27 2248/4411/27 2257/4424/27
f 670/1336/24 776/1559/24 2761/5431/24 2752/5414/24
f 213/374/2 94/129/2 2052/4123/2 2004/4075/2
f 179/308/9 206/362/9 208/365/9 181/311/9
f 182/312/1 327/593/1 318/584/1 209/367/1
f 1327/2752/28 1326/2750/28 1652/3365/28 1653/3367/28
f 420/814/29 444/861/29 1482/3033/29 1476/3021/29
f 193/334/3 203/356/3 204/359/3 194/337/3
f 1343/2780/2 1322/2743/2 203/357/2 193/336/2
f 349/639/1 348/638/1 221/392/1 126/207/1
f 109/163/4 279/519/4 345/628/4 346/631/4
f 243/432/3 120/191/3 310/572/3 306/566/3
f 217/381/30 114/175/30 365/671/30 364/668/30
f 99/140/6 223/396/6 226/400/6 107/157/6
f 93/126/2 222/394/2 224/397/2 103/149/2
f 103/150/6 224/398/6 225/399/6 105/154/6
f 95/132/6 212/372/6 222/395/6 93/127/6
f 1331/2758/2 1314/2727/2 220/389/2 152/258/2
f 245/437/5 244/434/5 248/444/5 250/448/5
f 701/1404/31 765/1537/31 1527/3113/31 2760/5429/31
f 1434/2949/13 1423/2928/13 1703/3473/13 1710/3487/13
f 158/269/1 323/589/1 312/576/1 226/401/1
f 155/264/9 223/396/9 225/399/9 157/267/9
f 460/891/2 511/994/2 2020/4091/2 2014/4085/2
f 414/802/14 441/855/14 1483/3034/14 1473/3015/14
f 2333/4552/2 1976/4029/2 1305/2715/2 1304/2714/2
f 123/200/3 244/435/3 245/438/3 125/205/3
f 763/1533/32 699/1400/32 1508/3081/32 1524/3109/32
f 1381/2851/23 1401/2888/23 1693/3451/23 1680/3425/23
f 110/166/1 315/580/1 326/592/1 233/412/1
f 102/147/9 230/408/9 232/411/9 106/155/9
f 1409/2902/2 1408/2900/2 2049/4120/2 2059/4138/2
f 440/853/20 413/800/20 1474/3016/20 1480/3028/20
f 1976/4029/2 1985/4049/2 1309/2719/2 1305/2715/2
f 359/659/1 362/665/1 245/439/1 194/338/1
f 171/292/17 135/223/17 330/597/17 334/605/17
f 118/186/5 121/195/5 311/575/5 308/568/5
f 357/653/33 355/650/33 267/489/33 266/486/33
f 179/308/6 230/408/6 233/413/6 182/313/6
f 178/306/2 229/406/2 231/409/2 180/309/2
f 180/310/6 231/410/6 232/411/6 181/311/6
f 185/318/6 236/418/6 229/407/6 178/307/6
f 253/454/34 247/442/34 255/461/34 261/479/34
f 250/448/5 248/444/5 1780/3567/5 258/468/5
f 221/392/1 153/260/1 247/442/1 253/454/1
f 153/261/5 152/257/5 246/441/5 247/443/5
f 244/436/2 193/336/2 249/447/2 248/445/2
f 152/258/2 220/389/2 252/453/2 246/440/2
f 193/335/4 194/339/4 251/450/4 249/446/4
f 220/390/4 221/393/4 253/455/4 252/452/4
f 1274/2674/4 1273/2670/4 2474/4842/4 2475/4844/4
f 1796/3615/35 1197/2447/35 1270/2661/35 1271/2664/35
f 249/446/4 251/450/4 259/471/4 1781/3570/4
f 248/445/36 249/447/36 1781/3571/36 1780/3569/36
f 252/452/4 253/455/4 261/477/4 1783/3576/4
f 246/440/36 252/453/36 1783/3578/36 1782/3575/36
f 251/451/34 250/449/34 258/470/34 259/472/34
f 247/443/5 246/441/5 1782/3573/5 255/459/5
f 269/493/37 265/485/37 2784/5469/37 2839/5524/37 2840/5525/37 2819/5504/37 2820/5505/37 2821/5506/37 2822/5507/37 2823/5508/37 2824/5509/37 2825/5510/37 2826/5511/37 2827/5512/37 2828/5513/37 2829/5514/37 2830/5515/37 2831/5516/37 2832/5517/37 2833/5518/37 268/492/37
f 275/507/37 266/487/37 267/490/37 274/505/37
f 265/485/37 264/484/37 262/481/37 2808/5493/37 2807/5492/37 2806/5491/37 2805/5490/37 2804/5489/37 2810/5495/37 2798/5483/37 2799/5484/37 2800/5485/37 2801/5486/37 2802/5487/37 2803/5488/37 2788/5473/37 2784/5469/37
f 273/502/37 272/501/37 270/494/37 271/497/37
f 348/637/38 353/645/38 275/508/38 274/506/38
f 363/666/39 362/663/39 270/495/39 272/500/39
f 362/664/26 359/657/26 271/498/26 270/496/26
f 360/660/26 137/227/26 263/482/26 262/480/26
f 137/227/26 354/647/26 268/491/26 263/482/26
f 358/656/19 363/667/19 272/501/19 273/502/19
f 361/662/40 360/661/40 262/481/40 264/484/40
f 356/652/19 283/529/19 265/485/19 269/493/19
f 283/529/19 361/662/19 264/484/19 265/485/19
f 359/658/41 358/655/41 273/503/41 271/499/41
f 118/187/1 218/384/1 353/646/1 352/643/1
f 117/183/1 120/192/1 314/579/1 351/642/1
f 121/196/1 118/187/1 352/643/1 316/581/1
f 219/386/1 121/196/1 316/581/1 317/583/1
f 138/228/1 201/353/1 361/662/1 283/529/1
f 202/354/1 141/234/1 321/587/1 320/586/1
f 150/252/1 174/298/1 356/652/1 357/654/1
f 175/300/1 151/254/1 325/591/1 324/590/1
f 174/298/1 138/228/1 283/529/1 356/652/1
f 141/234/1 175/300/1 324/590/1 321/587/1
f 191/331/1 242/430/1 363/667/1 358/656/1
f 243/433/1 192/332/1 329/595/1 328/594/1
f 201/353/1 191/331/1 358/656/1 361/662/1
f 192/332/1 202/354/1 320/586/1 329/595/1
f 218/384/1 150/252/1 357/654/1 353/646/1
f 151/254/1 219/386/1 317/583/1 325/591/1
f 242/430/1 117/183/1 351/642/1 363/667/1
f 120/192/1 243/433/1 328/594/1 314/579/1
f 202/355/3 192/333/3 300/560/3 302/562/3
f 174/299/6 150/253/6 297/557/6 299/559/6
f 150/253/6 218/385/6 305/565/6 297/557/6
f 151/255/3 175/301/3 298/558/3 296/556/3
f 218/385/6 118/188/6 308/569/6 305/565/6
f 219/387/3 151/255/3 296/556/3 304/564/3
f 138/229/6 174/299/6 299/559/6 295/555/6
f 120/193/4 117/184/4 309/570/4 310/573/4
f 117/185/6 242/431/6 307/567/6 309/571/6
f 175/301/3 141/235/3 294/554/3 298/558/3
f 215/377/42 108/160/42 313/577/42 312/576/42
f 279/520/43 109/164/43 315/580/43 314/579/43
f 108/160/43 280/523/43 316/581/43 313/577/43
f 280/523/43 281/524/43 317/583/43 316/581/43
f 198/345/42 135/222/42 319/585/42 318/584/42
f 285/532/42 284/530/42 320/586/42 321/587/42
f 171/291/42 147/245/42 323/589/42 322/588/42
f 289/542/42 288/540/42 324/590/42 325/591/42
f 135/222/42 171/291/42 322/588/42 319/585/42
f 288/540/42 285/532/42 321/587/42 324/590/42
f 239/424/43 188/323/43 327/593/43 326/592/43
f 293/552/42 292/550/42 328/594/42 329/595/42
f 188/323/43 198/345/43 318/584/43 327/593/43
f 284/530/42 293/552/42 329/595/42 320/586/42
f 147/245/42 215/377/42 312/576/42 323/589/42
f 281/524/42 289/542/42 325/591/42 317/583/42
f 109/164/43 239/424/43 326/592/43 315/580/43
f 292/550/42 279/520/42 314/579/42 328/594/42
f 342/621/43 346/632/43 345/629/43 343/622/43
f 334/604/43 330/596/43 331/598/43 335/606/43
f 340/616/43 332/600/43 333/602/43 341/618/43
f 332/600/43 334/604/43 335/606/43 333/602/43
f 338/612/43 336/608/43 337/610/43 339/614/43
f 330/596/43 338/612/43 339/614/43 331/598/43
f 344/625/43 340/616/43 341/618/43 347/635/43
f 336/608/43 342/621/43 343/622/43 337/610/43
f 292/551/15 293/553/15 337/611/15 343/623/15
f 135/223/17 198/346/17 338/613/17 330/597/17
f 198/346/17 188/324/17 336/609/17 338/613/17
f 284/531/15 285/533/15 331/599/15 339/615/15
f 293/553/15 284/531/15 339/615/15 337/611/15
f 147/246/17 171/292/17 334/605/17 332/601/17
f 215/378/17 147/246/17 332/601/17 340/617/17
f 288/541/15 289/543/15 333/603/15 335/607/15
f 108/161/17 215/378/17 340/617/17 344/626/17
f 289/543/15 281/525/15 341/619/15 333/603/15
f 114/176/37 217/382/37 348/638/37 349/639/37
f 113/173/37 278/516/37 351/642/37 350/641/37
f 277/512/37 114/176/37 349/639/37 352/643/37
f 276/509/37 277/512/37 352/643/37 353/646/37
f 149/249/37 173/295/37 354/648/37 355/651/37
f 286/534/37 287/537/37 357/654/37 356/652/37
f 287/537/37 149/249/37 355/651/37 357/654/37
f 173/295/37 286/534/37 356/652/37 354/648/37
f 190/328/37 291/548/37 358/656/37 359/659/37
f 200/349/37 190/328/37 359/659/37 360/661/37
f 291/548/37 282/526/37 361/662/37 358/656/37
f 282/526/37 200/349/37 360/661/37 361/662/37
f 217/382/37 276/509/37 353/646/37 348/638/37
f 241/428/37 113/173/37 350/641/37 362/665/37
f 278/516/37 290/545/37 363/667/37 351/642/37
f 290/545/37 241/428/37 362/665/37 363/667/37
f 379/714/37 367/678/37 366/675/37 378/711/37
f 373/695/37 372/692/37 370/686/37 371/689/37
f 377/707/37 374/699/37 375/702/37 376/704/37
f 368/680/37 369/683/37 364/669/37 365/672/37
f 190/329/30 200/350/30 376/705/30 375/703/30
f 114/177/5 277/513/5 368/681/5 365/673/5
f 282/527/44 291/549/44 374/700/44 377/708/44
f 277/514/44 276/510/44 369/684/44 368/682/44
f 200/351/5 282/528/5 377/709/5 376/706/5
f 173/296/30 149/250/30 371/690/30 370/687/30
f 276/511/4 217/383/4 364/670/4 369/685/4
f 287/538/44 286/535/44 372/693/44 373/696/44
f 113/174/30 241/429/30 378/712/30 366/676/30
f 149/251/5 287/539/5 373/697/5 371/691/5
f 290/546/44 278/517/44 367/679/44 379/715/44
f 286/536/4 173/297/4 370/688/4 372/694/4
f 681/1366/5 897/1796/5 2580/5071/5 2581/5073/5
f 510/992/6 503/981/6 96/134/6 98/138/6
f 2229/4382/4 2225/4376/4 2598/5110/4 2599/5113/4
f 761/1528/22 694/1389/22 1505/3077/22 1523/3106/22
f 1353/2800/1 1360/2812/1 2013/4084/1 2009/4080/1
f 505/984/6 506/985/6 106/155/6 104/151/6
f 383/725/5 386/734/5 385/731/5 380/716/5
f 497/970/9 499/973/9 386/735/9 383/726/9
f 503/980/2 505/983/2 104/152/2 96/135/2
f 500/975/1 387/736/1 587/1151/1 586/1150/1
f 504/982/6 507/987/6 110/165/6 102/147/6
f 126/208/45 2267/4442/45 2612/5140/45 2549/5004/45
f 552/1089/5 637/1247/5 636/1244/5 391/748/5
f 587/1152/4 387/738/4 2562/5033/4 2563/5035/4
f 946/1928/1 1411/2905/1 2292/4481/1 2298/4490/1
f 415/804/3 568/1128/3 576/1136/3 476/928/3
f 1399/2883/13 1390/2867/13 1686/3437/13 1691/3447/13
f 473/921/25 410/794/25 1475/3018/25 1489/3046/25
f 555/1099/15 613/1191/15 619/1205/15 554/1095/15
f 2333/4552/2 1304/2714/2 2271/4449/2 2335/4557/2
f 494/962/3 495/965/3 400/775/3 399/772/3
f 632/1235/1 519/1013/1 125/204/1 350/641/1
f 1263/2636/4 1260/2625/4 1261/2630/4 1264/2640/4
f 1346/2786/2 494/963/2 399/773/2 1347/2787/2
f 1354/2802/2 477/930/2 416/806/2 1355/2803/2
f 624/1218/1 451/877/1 417/809/1 411/795/1
f 477/929/3 478/933/3 417/808/3 416/805/3
f 462/896/17 608/1181/17 614/1192/17 513/997/17
f 693/1387/24 760/1526/24 1520/3101/24 2758/5425/24
f 1334/2764/28 1318/2734/28 1644/3347/28 1656/3373/28
f 465/902/6 575/1135/6 577/1137/6 475/925/6
f 623/1216/19 549/1081/19 540/1061/19 627/1224/19
f 436/847/6 439/852/6 408/790/6 404/783/6
f 483/941/1 408/789/1 591/1157/1 590/1156/1
f 435/846/2 437/849/2 406/787/2 402/780/2
f 480/936/9 482/939/9 407/788/9 404/783/9
f 437/848/6 438/850/6 407/788/6 406/786/6
f 1028/2091/1 929/1877/1 2058/4136/1 2048/4119/1
f 405/785/29 471/917/29 1490/3049/29 1472/3013/29
f 1988/4055/2 1974/4025/2 1296/2706/2 1310/2720/2
f 442/857/6 435/845/6 402/779/6 401/778/6
f 486/946/6 496/969/6 428/833/6 418/810/6
f 498/972/6 499/973/6 431/838/6 430/836/6
f 496/968/2 498/971/2 430/837/2 428/834/2
f 497/970/6 500/974/6 432/839/6 429/835/6
f 624/1218/40 542/1065/40 543/1067/40 626/1222/40
f 475/925/6 577/1137/6 569/1129/6 412/798/6
f 553/1092/15 617/1199/15 615/1195/15 566/1125/15
f 620/1210/1 495/966/1 427/831/1 625/1221/1
f 1362/2816/2 450/874/2 426/828/2 1363/2817/2
f 450/873/3 451/876/3 427/830/3 426/826/3
f 740/1482/31 749/1504/31 2755/5419/31 1517/3095/31
f 1319/2738/28 1339/2773/28 1661/3383/28 1648/3357/28
f 439/851/1 432/840/1 595/1161/1 594/1160/1
f 436/847/9 438/850/9 431/838/9 429/835/9
f 443/858/2 403/781/2 2008/4079/2 2012/4083/2
f 119/190/46 509/991/46 1497/3063/46 1440/2959/46
f 1967/4011/2 1958/3991/2 1297/2707/2 1301/2711/2
f 1974/4025/2 1970/4017/2 1302/2712/2 1296/2706/2
f 747/1501/32 738/1478/32 1518/3097/32 1522/3105/32
f 656/1303/2 1404/2893/2 2037/4108/2 2022/4093/2
f 404/783/9 407/788/9 438/850/9 436/847/9
f 408/789/1 439/851/1 594/1160/1 591/1157/1
f 1366/2823/28 1367/2824/28 1673/3409/28 1672/3407/28
f 398/769/5 384/728/5 1564/3179/5 1567/3184/5
f 416/805/3 417/808/3 451/876/3 450/873/3
f 1355/2803/2 416/806/2 450/874/2 1362/2816/2
f 418/810/6 428/833/6 435/845/6 442/857/6
f 430/836/6 431/838/6 438/850/6 437/848/6
f 428/834/2 430/837/2 437/849/2 435/846/2
f 429/835/6 432/839/6 439/852/6 436/847/6
f 565/1121/5 644/1268/5 645/1271/5 464/899/5
f 466/905/3 574/1134/3 580/1140/3 517/1006/3
f 554/1096/4 619/1206/4 616/1196/4 388/739/4
f 625/1221/1 427/831/1 451/877/1 624/1218/1
f 1955/3985/1 1946/3967/1 1289/2699/1 1294/2704/1
f 788/1581/31 740/1482/31 1517/3095/31 1531/3121/31
f 1360/2812/1 1361/2815/1 2011/4082/1 2013/4084/1
f 504/982/9 506/985/9 455/883/9 453/880/9
f 507/986/1 456/884/1 599/1165/1 598/1164/1
f 1367/2824/28 1358/2809/28 1668/3399/28 1673/3409/28
f 508/988/47 116/181/47 1443/2963/47 1498/3064/47
f 468/911/1 525/1025/1 524/1023/1 519/1013/1
f 1374/2838/2 518/1010/2 467/907/2 1375/2839/2
f 630/1231/1 478/932/1 468/911/1 629/1229/1
f 559/1107/15 603/1171/15 607/1179/15 562/1115/15
f 397/766/3 585/1148/3 578/1138/3 493/961/3
f 515/1001/4 648/1280/4 649/1283/4 564/1118/4
f 480/936/6 483/940/6 456/885/6 453/880/6
f 479/935/2 481/938/2 454/881/2 452/878/2
f 481/937/6 482/939/6 455/883/6 454/882/6
f 469/913/6 479/934/6 452/879/6 459/890/6
f 401/778/6 402/779/6 479/934/6 469/913/6
f 406/786/6 407/788/6 482/939/6 481/937/6
f 402/780/2 406/787/2 481/938/2 479/935/2
f 404/783/6 408/790/6 483/940/6 480/936/6
f 625/1219/26 541/1062/26 548/1078/26 620/1208/26
f 516/1005/6 581/1141/6 575/1135/6 465/902/6
f 513/997/17 614/1192/17 618/1202/17 389/742/17
f 411/795/1 417/809/1 478/932/1 630/1231/1
f 1412/2907/1 1414/2913/1 2296/4488/1 2294/4484/1
f 738/1478/32 786/1577/32 1528/3115/32 1518/3097/32
f 785/1575/1 653/1296/1 2023/4094/1 2036/4107/1
f 453/880/9 455/883/9 482/939/9 480/936/9
f 456/884/1 483/941/1 590/1156/1 599/1165/1
f 390/745/5 393/754/5 2736/5394/5 2735/5391/5
f 467/906/3 468/910/3 478/933/3 477/929/3
f 1375/2839/2 467/907/2 477/930/2 1354/2802/2
f 621/1211/1 400/776/1 495/966/1 620/1210/1
f 389/743/5 618/1203/5 617/1200/5 553/1093/5
f 517/1006/3 580/1140/3 584/1146/3 396/763/3
f 491/955/30 634/1238/30 635/1241/30 392/751/30
f 383/726/6 387/737/6 500/974/6 497/970/6
f 380/717/2 385/732/2 498/971/2 496/968/2
f 385/733/6 386/735/6 499/973/6 498/972/6
f 382/723/6 380/718/6 496/969/6 486/946/6
f 1363/2817/2 426/828/2 494/963/2 1346/2786/2
f 519/1011/4 524/1022/4 522/1018/4 518/1008/4
f 736/1474/22 761/1528/22 1523/3106/22 1519/3099/22
f 1324/2746/10 1325/2748/10 1651/3363/10 1650/3361/10
f 432/840/1 500/975/1 586/1150/1 595/1161/1
f 429/835/9 431/838/9 499/973/9 497/970/9
f 419/812/2 443/858/2 2012/4083/2 2010/4081/2
f 490/954/25 390/746/25 2735/5392/25 1495/3058/25
f 1928/3929/1 1937/3947/1 1286/2696/1 1281/2691/1
f 1374/2838/16 514/999/16 111/167/16 240/425/16 1342/2779/16
f 123/200/3 125/205/3 519/1012/3 518/1009/3
f 760/1526/24 735/1472/24 1516/3093/24 1520/3101/24
f 1421/2924/23 1432/2945/23 1708/3483/23 1701/3469/23
f 110/166/1 507/986/1 598/1164/1 315/580/1
f 102/147/9 106/155/9 506/985/9 504/982/9
f 1393/2874/2 1376/2841/2 2035/4106/2 2027/4098/2
f 384/729/29 488/950/29 1492/3053/29 1564/3180/29
f 97/136/1 1954/3983/1 1293/2703/1 1279/2689/1
f 629/1229/1 468/911/1 519/1013/1 632/1235/1
f 445/863/17 606/1177/17 602/1169/17 409/792/17
f 395/760/4 582/1142/4 585/1149/4 397/767/4
f 627/1223/38 540/1060/38 541/1063/38 625/1220/38
f 453/880/6 456/885/6 507/987/6 504/982/6
f 452/878/2 454/881/2 505/983/2 503/980/2
f 454/882/6 455/883/6 506/985/6 505/984/6
f 459/890/6 452/879/6 503/981/6 510/992/6
f 527/1028/34 535/1053/34 529/1035/34 521/1016/34
f 524/1022/4 532/1042/4 1784/3579/4 522/1018/4
f 495/966/1 527/1028/1 521/1016/1 427/831/1
f 427/832/4 521/1017/4 520/1015/4 426/827/4
f 518/1010/2 522/1019/2 523/1021/2 467/907/2
f 426/828/2 520/1014/2 526/1027/2 494/963/2
f 467/908/5 523/1020/5 525/1024/5 468/912/5
f 494/964/5 526/1026/5 527/1029/5 495/967/5
f 1239/2563/48 1243/2572/48 2460/4811/48 2399/4703/48
f 1821/3706/49 1795/3614/49 1256/2612/49 1258/2620/49
f 523/1020/5 1785/3582/5 533/1045/5 525/1024/5
f 522/1019/36 1784/3581/36 1785/3583/36 523/1021/36
f 526/1026/5 1787/3588/5 535/1051/5 527/1029/5
f 520/1014/36 1786/3587/36 1787/3590/36 526/1027/36
f 525/1025/34 533/1047/34 532/1043/34 524/1023/34
f 521/1017/4 529/1033/4 1786/3585/4 520/1015/4
f 543/1067/37 542/1065/37 537/1056/37 539/1059/37
f 549/1081/37 548/1079/37 541/1064/37 540/1061/37
f 539/1059/37 537/1056/37 536/1055/37 538/1058/37
f 547/1076/37 545/1071/37 544/1068/37 546/1075/37
f 620/1209/39 548/1080/39 549/1082/39 623/1215/39
f 633/1236/41 546/1074/41 544/1069/41 632/1233/41
f 632/1234/26 544/1070/26 545/1072/26 629/1227/26
f 630/1230/26 536/1054/26 537/1057/26 411/796/26
f 411/796/26 537/1057/26 542/1066/26 624/1217/26
f 628/1226/19 547/1076/19 546/1075/19 633/1237/19
f 631/1232/21 538/1058/21 536/1055/21 630/1231/21
f 626/1222/19 543/1067/19 539/1059/19 557/1103/19
f 557/1103/19 539/1059/19 538/1058/19 631/1232/19
f 629/1228/33 545/1073/33 547/1077/33 628/1225/33
f 395/761/1 622/1213/1 623/1216/1 492/958/1
f 394/757/1 351/642/1 314/579/1 396/764/1
f 397/768/1 588/1153/1 622/1213/1 395/761/1
f 493/960/1 589/1155/1 588/1153/1 397/768/1
f 412/797/1 557/1103/1 631/1232/1 475/926/1
f 476/927/1 592/1158/1 593/1159/1 415/803/1
f 424/822/1 627/1224/1 626/1222/1 448/869/1
f 449/871/1 596/1162/1 597/1163/1 425/824/1
f 448/869/1 626/1222/1 557/1103/1 412/797/1
f 415/803/1 593/1159/1 596/1162/1 449/871/1
f 465/903/1 628/1226/1 633/1237/1 516/1004/1
f 517/1007/1 600/1166/1 601/1167/1 466/904/1
f 475/926/1 631/1232/1 628/1226/1 465/903/1
f 466/904/1 601/1167/1 592/1158/1 476/927/1
f 492/958/1 623/1216/1 627/1224/1 424/822/1
f 425/824/1 597/1163/1 589/1155/1 493/960/1
f 516/1004/1 633/1237/1 351/642/1 394/757/1
f 396/764/1 314/579/1 600/1166/1 517/1007/1
f 476/928/3 576/1136/3 574/1134/3 466/905/3
f 448/870/6 573/1133/6 571/1131/6 424/823/6
f 424/823/6 571/1131/6 579/1139/6 492/959/6
f 425/825/3 570/1130/3 572/1132/3 449/872/3
f 492/959/6 579/1139/6 582/1143/6 395/762/6
f 493/961/3 578/1138/3 570/1130/3 425/825/3
f 412/798/6 569/1129/6 573/1133/6 448/870/6
f 396/765/5 584/1147/5 583/1144/5 394/758/5
f 394/759/6 583/1145/6 581/1141/6 516/1005/6
f 449/872/3 572/1132/3 568/1128/3 415/804/3
f 489/951/42 586/1150/42 587/1151/42 388/740/42
f 553/1094/43 314/579/43 315/580/43 389/744/43
f 388/740/43 587/1151/43 588/1153/43 554/1097/43
f 554/1097/43 588/1153/43 589/1155/43 555/1098/43
f 472/918/42 590/1156/42 591/1157/42 409/791/42
f 559/1106/42 593/1159/42 592/1158/42 558/1104/42
f 445/862/42 594/1160/42 595/1161/42 421/815/42
f 563/1116/42 597/1163/42 596/1162/42 562/1114/42
f 409/791/42 591/1157/42 594/1160/42 445/862/42
f 562/1114/42 596/1162/42 593/1159/42 559/1106/42
f 513/998/43 598/1164/43 599/1165/43 462/895/43
f 567/1126/42 601/1167/42 600/1166/42 566/1124/42
f 462/895/43 599/1165/43 590/1156/43 472/918/43
f 558/1104/42 592/1158/42 601/1167/42 567/1126/42
f 421/815/42 595/1161/42 586/1150/42 489/951/42
f 555/1098/42 589/1155/42 597/1163/42 563/1116/42
f 389/744/43 315/580/43 598/1164/43 513/998/43
f 566/1124/42 600/1166/42 314/579/42 553/1094/42
f 614/1193/43 615/1194/43 617/1201/43 618/1204/43
f 606/1176/43 607/1178/43 603/1170/43 602/1168/43
f 612/1188/43 613/1190/43 605/1174/43 604/1172/43
f 604/1172/43 605/1174/43 607/1178/43 606/1176/43
f 610/1184/43 611/1186/43 609/1182/43 608/1180/43
f 602/1168/43 603/1170/43 611/1186/43 610/1184/43
f 616/1197/43 619/1207/43 613/1190/43 612/1188/43
f 608/1180/43 609/1182/43 615/1194/43 614/1193/43
f 566/1125/15 615/1195/15 609/1183/15 567/1127/15
f 409/792/17 602/1169/17 610/1185/17 472/919/17
f 472/919/17 610/1185/17 608/1181/17 462/896/17
f 558/1105/15 611/1187/15 603/1171/15 559/1107/15
f 567/1127/15 609/1183/15 611/1187/15 558/1105/15
f 421/816/17 604/1173/17 606/1177/17 445/863/17
f 489/952/17 612/1189/17 604/1173/17 421/816/17
f 562/1115/15 607/1179/15 605/1175/15 563/1117/15
f 388/741/17 616/1198/17 612/1189/17 489/952/17
f 563/1117/15 605/1175/15 613/1191/15 555/1099/15
f 392/752/37 621/1211/37 620/1210/37 491/956/37
f 391/749/37 350/641/37 351/642/37 552/1090/37
f 551/1086/37 622/1213/37 621/1211/37 392/752/37
f 550/1083/37 623/1216/37 622/1213/37 551/1086/37
f 423/819/37 625/1221/37 624/1218/37 447/866/37
f 560/1108/37 626/1222/37 627/1224/37 561/1111/37
f 561/1111/37 627/1224/37 625/1221/37 423/819/37
f 447/866/37 624/1218/37 626/1222/37 560/1108/37
f 464/900/37 629/1229/37 628/1226/37 565/1122/37
f 474/922/37 630/1231/37 629/1229/37 464/900/37
f 565/1122/37 628/1226/37 631/1232/37 556/1100/37
f 556/1100/37 631/1232/37 630/1231/37 474/922/37
f 491/956/37 620/1210/37 623/1216/37 550/1083/37
f 515/1002/37 632/1235/37 350/641/37 391/749/37
f 552/1090/37 351/642/37 633/1237/37 564/1119/37
f 564/1119/37 633/1237/37 632/1235/37 515/1002/37
f 649/1284/37 648/1281/37 636/1245/37 637/1248/37
f 643/1265/37 641/1259/37 640/1256/37 642/1262/37
f 647/1277/37 646/1274/37 645/1272/37 644/1269/37
f 638/1250/37 635/1242/37 634/1239/37 639/1253/37
f 464/901/30 645/1273/30 646/1275/30 474/923/30
f 392/753/4 635/1243/4 638/1251/4 551/1087/4
f 556/1101/44 647/1278/44 644/1270/44 565/1123/44
f 551/1088/44 638/1252/44 639/1254/44 550/1084/44
f 474/924/4 646/1276/4 647/1279/4 556/1102/4
f 447/867/30 640/1257/30 641/1260/30 423/820/30
f 550/1085/5 639/1255/5 634/1240/5 491/957/5
f 561/1112/44 643/1266/44 642/1263/44 560/1109/44
f 391/750/30 636/1246/30 648/1282/30 515/1003/30
f 423/821/4 641/1261/4 643/1267/4 561/1113/4
f 564/1120/44 649/1285/44 637/1249/44 552/1091/44
f 560/1110/5 642/1264/5 640/1258/5 447/868/5
f 2224/4375/4 2222/4371/4 2596/5105/4 2597/5107/4
f 124/202/2 1315/2728/2 2226/4377/2 2232/4387/2
f 236/418/6 778/1564/6 652/1293/6 98/138/6
f 1936/3945/1 97/136/1 1279/2689/1 1285/2695/1
f 690/1381/31 724/1450/31 2759/5427/31 2756/5421/31
f 1352/2799/1 1353/2800/1 2009/4080/1 2017/4088/1
f 780/1567/6 781/1568/6 661/1313/6 659/1309/6
f 654/1297/4 660/1311/4 658/1306/4 650/1286/4
f 772/1553/50 774/1556/50 660/1312/50 654/1298/50
f 778/1563/1 780/1566/1 659/1310/1 652/1294/1
f 775/1558/2 662/1314/2 861/1733/2 860/1732/2
f 779/1565/6 782/1570/6 665/1323/6 657/1305/6
f 95/133/5 93/128/5 2537/4979/5 2536/4978/5
f 1438/2956/51 1406/2897/51 788/1582/51 666/1325/51 1054/2141/51
f 826/1671/4 915/1833/4 914/1830/4 668/1330/4
f 2325/4535/52 1382/2852/52 2244/4405/52 2324/4532/52
f 1380/2847/51 1379/2846/51 2240/4399/51 2242/4402/51
f 695/1392/3 842/1710/3 850/1718/3 752/1512/3
f 1388/2863/23 1397/2879/23 1689/3443/23 1684/3433/23
f 240/426/53 111/168/53 2733/5388/53 1471/3010/53
f 829/1681/54 889/1775/54 895/1789/54 828/1677/54
f 349/640/5 126/208/5 2549/5004/5 2546/4998/5
f 769/1545/3 770/1548/3 681/1364/3 679/1359/3
f 910/1821/2 793/1595/2 680/1362/2 898/1797/2
f 2249/4413/55 2264/4437/55 2611/5138/55 2569/5046/55
f 1378/2845/1 769/1546/1 679/1361/1 1379/2846/1
f 1386/2861/1 753/1514/1 696/1394/1 1387/2862/1
f 902/1804/2 729/1463/2 697/1397/2 691/1383/2
f 753/1513/3 754/1517/3 697/1396/3 696/1393/3
f 739/1481/56 884/1765/56 890/1776/56 787/1579/56
f 722/1446/32 685/1373/32 1504/3076/32 1514/3089/32
f 1316/2729/10 1332/2760/10 1654/3369/10 1645/3350/10
f 742/1487/6 849/1717/6 851/1719/6 751/1509/6
f 901/1802/57 823/1663/57 814/1643/57 905/1810/57
f 715/1434/6 718/1439/6 688/1378/6 684/1371/6
f 759/1525/2 688/1377/2 867/1741/2 866/1740/2
f 714/1433/1 716/1436/1 686/1375/1 682/1368/1
f 756/1520/50 758/1523/50 687/1376/50 684/1371/50
f 716/1435/6 717/1437/6 687/1376/6 686/1374/6
f 762/1531/1 698/1399/1 2026/4097/1 2034/4105/1
f 1054/2142/58 666/1326/58 2767/5439/58 2782/5466/58
f 1950/3975/1 1951/3977/1 1292/2702/1 1291/2701/1
f 168/286/6 714/1432/6 682/1367/6 127/209/6
f 212/372/6 771/1552/6 707/1420/6 144/240/6
f 773/1555/6 774/1556/6 710/1425/6 709/1423/6
f 771/1551/1 773/1554/1 709/1424/1 707/1421/1
f 772/1553/6 775/1557/6 711/1426/6 708/1422/6
f 902/1804/59 816/1647/59 817/1649/59 904/1808/59
f 751/1509/6 851/1719/6 843/1711/6 692/1386/6
f 827/1674/54 893/1783/54 891/1779/54 840/1707/54
f 896/1794/2 770/1549/2 706/1418/2 903/1807/2
f 1394/2875/1 728/1460/1 705/1415/1 1395/2876/1
f 728/1459/3 729/1462/3 706/1417/3 705/1413/3
f 101/145/60 238/421/60 1468/3006/60 1441/2961/60
f 1337/2769/10 1317/2732/10 1646/3353/10 1659/3379/10
f 718/1438/2 711/1427/2 871/1745/2 870/1744/2
f 715/1434/50 717/1437/50 710/1425/50 708/1422/50
f 403/781/2 470/914/2 2016/4087/2 2008/4079/2
f 720/1442/22 713/1430/22 1509/3083/22 1515/3091/22
f 1933/3939/1 1932/3937/1 1283/2693/1 1284/2694/1
f 2327/4539/1 1924/3919/1 1280/2690/1 1278/2688/1
f 1975/4027/61 1052/2137/61 1556/3166/61 1501/3070/61
f 1405/2895/2 1384/2858/2 2033/4104/2 2031/4102/2
f 684/1371/50 687/1376/50 717/1437/50 715/1434/50
f 688/1377/2 718/1438/2 870/1744/2 867/1741/2
f 1365/2820/10 1364/2819/10 1670/3403/10 1671/3405/10
f 184/317/14 235/417/14 1469/3008/14 1459/2992/14
f 696/1393/3 697/1396/3 729/1462/3 728/1459/3
f 1387/2862/1 696/1394/1 728/1460/1 1394/2875/1
f 144/240/6 707/1420/6 714/1432/6 168/286/6
f 709/1423/6 710/1425/6 717/1437/6 716/1435/6
f 707/1421/1 709/1424/1 716/1436/1 714/1433/1
f 708/1422/6 711/1426/6 718/1439/6 715/1434/6
f 839/1703/4 922/1854/4 923/1857/4 741/1484/4
f 743/1490/3 848/1716/3 854/1722/3 791/1588/3
f 828/1678/5 895/1790/5 892/1780/5 663/1317/5
f 903/1807/2 706/1418/2 729/1463/2 902/1804/2
f 1954/3983/1 1955/3985/1 1294/2704/1 1293/2703/1
f 712/1428/24 719/1440/24 2757/5423/24 2762/5433/24
f 1345/2783/5 381/720/5 2054/4127/5 2055/4129/5
f 779/1565/50 781/1568/50 733/1469/50 731/1466/50
f 782/1569/2 734/1470/2 875/1749/2 874/1748/2
f 1356/2805/10 1365/2820/10 1671/3405/10 1666/3395/10
f 1002/2037/22 1050/2133/22 1557/3168/22 1547/3151/22
f 745/1496/2 799/1607/2 798/1605/2 793/1595/2
f 1406/2897/1 792/1592/1 744/1492/1 1407/2898/1
f 908/1817/2 754/1516/2 745/1496/2 907/1815/2
f 833/1689/54 879/1755/54 883/1763/54 836/1697/54
f 676/1352/3 859/1730/3 852/1720/3 768/1544/3
f 789/1583/5 926/1866/5 927/1869/5 838/1700/5
f 756/1520/6 759/1524/6 734/1471/6 731/1466/6
f 755/1519/1 757/1522/1 732/1467/1 730/1464/1
f 757/1521/6 758/1523/6 733/1469/6 732/1468/6
f 195/340/6 755/1518/6 730/1465/6 185/318/6
f 127/209/6 682/1367/6 755/1518/6 195/340/6
f 686/1374/6 687/1376/6 758/1523/6 757/1521/6
f 682/1368/1 686/1375/1 757/1522/1 755/1519/1
f 684/1371/6 688/1378/6 759/1524/6 756/1520/6
f 903/1805/62 815/1644/62 822/1660/62 896/1792/62
f 790/1587/6 855/1723/6 849/1717/6 742/1487/6
f 787/1579/56 890/1776/56 894/1786/56 664/1320/56
f 691/1383/2 697/1397/2 754/1516/2 908/1817/2
f 1937/3947/1 1936/3945/1 1285/2695/1 1286/2696/1
f 234/414/20 183/315/20 2730/5383/20 2719/5366/20
f 746/1499/1 737/1476/1 2030/4101/1 2032/4103/1
f 731/1466/50 733/1469/50 758/1523/50 756/1520/50
f 734/1470/2 759/1525/2 866/1740/2 875/1749/2
f 1391/2869/13 1402/2890/13 1694/3453/13 1687/3439/13
f 713/1430/22 777/1561/22 1525/3110/22 1509/3083/22
f 744/1491/3 745/1495/3 754/1517/3 753/1513/3
f 1407/2898/1 744/1492/1 753/1514/1 1386/2861/1
f 897/1795/2 681/1365/2 770/1549/2 896/1794/2
f 664/1321/4 894/1787/4 893/1784/4 827/1675/4
f 791/1588/3 854/1722/3 858/1728/3 675/1349/3
f 766/1538/63 912/1824/63 913/1827/63 669/1333/63
f 654/1298/6 662/1315/6 775/1557/6 772/1553/6
f 650/1287/1 658/1307/1 773/1554/1 771/1551/1
f 658/1308/6 660/1312/6 774/1556/6 773/1555/6
f 95/132/6 650/1288/6 771/1552/6 212/372/6
f 1395/2876/1 705/1415/1 769/1546/1 1378/2845/1
f 793/1593/5 798/1604/5 796/1600/5 792/1590/5
f 1049/2132/24 1001/2035/24 2781/5464/24 2771/5449/24
f 1339/2773/28 1338/2772/28 1660/3381/28 1661/3383/28
f 711/1427/2 775/1558/2 860/1732/2 871/1745/2
f 708/1422/50 710/1425/50 774/1556/50 772/1553/50
f 1344/2782/1 1345/2784/1 2055/4130/1 2019/4090/1
f 122/197/14 228/405/14 1465/3002/14 1563/3176/14
f 1981/4041/2 1980/4039/2 1306/2716/2 1307/2717/2
f 678/1358/3 680/1363/3 793/1594/3 792/1591/3
f 776/1559/24 712/1428/24 2762/5433/24 2761/5431/24
f 1423/2928/13 1422/2927/13 1702/3471/13 1703/3473/13
f 665/1324/2 782/1569/2 874/1748/2 863/1736/2
f 657/1305/50 661/1313/50 781/1568/50 779/1565/50
f 1404/2893/2 1405/2895/2 2031/4102/2 2037/4108/2
f 945/1923/22 1043/2122/22 1553/3162/22 1575/3200/22
f 1962/4001/2 1963/4003/2 1299/2709/2 1298/2708/2
f 907/1815/2 745/1496/2 793/1595/2 910/1821/2
f 723/1449/56 882/1761/56 878/1753/56 689/1380/56
f 673/1344/5 856/1724/5 859/1731/5 676/1353/5
f 905/1809/64 814/1642/64 815/1645/64 903/1806/64
f 731/1466/6 734/1471/6 782/1570/6 779/1565/6
f 730/1464/1 732/1467/1 780/1566/1 778/1563/1
f 732/1468/6 733/1469/6 781/1568/6 780/1567/6
f 185/318/6 730/1465/6 778/1564/6 236/418/6
f 801/1610/65 809/1635/65 803/1617/65 795/1598/65
f 798/1604/5 806/1624/5 1788/3591/5 796/1600/5
f 770/1549/2 801/1610/2 795/1598/2 706/1418/2
f 706/1419/5 795/1599/5 794/1597/5 705/1414/5
f 792/1592/1 796/1601/1 797/1603/1 744/1492/1
f 705/1415/1 794/1596/1 800/1609/1 769/1546/1
f 744/1493/4 797/1602/4 799/1606/4 745/1497/4
f 769/1547/4 800/1608/4 801/1611/4 770/1550/4
f 3536/6407/35 3537/6408/35 1217/2503/35 1809/3661/35
f 1272/2667/4 1267/2649/4 2472/4837/4 2473/4839/4
f 797/1602/4 1789/3594/4 807/1627/4 799/1606/4
f 796/1601/66 1788/3593/66 1789/3595/66 797/1603/66
f 800/1608/4 1791/3600/4 809/1633/4 801/1611/4
f 794/1596/66 1790/3599/66 1791/3602/66 800/1609/66
f 799/1607/65 807/1629/65 806/1626/65 798/1605/65
f 795/1599/5 803/1615/5 1790/3597/5 794/1597/5
f 817/1649/67 816/1647/67 811/1638/67 813/1641/67
f 823/1663/67 822/1661/67 815/1646/67 814/1643/67
f 813/1641/67 811/1638/67 810/1637/67 812/1640/67
f 821/1658/67 819/1653/67 818/1650/67 820/1657/67
f 896/1793/68 822/1662/68 823/1664/68 901/1801/68
f 911/1822/69 820/1656/69 818/1651/69 910/1819/69
f 910/1820/62 818/1652/62 819/1654/62 907/1813/62
f 908/1816/62 810/1636/62 811/1639/62 691/1384/62
f 691/1384/62 811/1639/62 816/1648/62 902/1803/62
f 906/1812/57 821/1658/57 820/1657/57 911/1823/57
f 909/1818/70 812/1640/70 810/1637/70 908/1817/70
f 904/1808/57 817/1649/57 813/1641/57 831/1685/57
f 831/1685/57 813/1641/57 812/1640/57 909/1818/57
f 907/1814/71 819/1655/71 821/1659/71 906/1811/71
f 673/1345/2 900/1799/2 901/1802/2 767/1541/2
f 672/1341/2 899/1798/2 862/1735/2 675/1350/2
f 676/1354/2 864/1737/2 900/1799/2 673/1345/2
f 768/1543/2 865/1739/2 864/1737/2 676/1354/2
f 692/1385/2 831/1685/2 909/1818/2 751/1510/2
f 752/1511/2 868/1742/2 869/1743/2 695/1391/2
f 703/1409/2 905/1810/2 904/1808/2 726/1455/2
f 727/1457/2 872/1746/2 873/1747/2 704/1411/2
f 726/1455/2 904/1808/2 831/1685/2 692/1385/2
f 695/1391/2 869/1743/2 872/1746/2 727/1457/2
f 742/1488/2 906/1812/2 911/1823/2 790/1586/2
f 791/1589/2 876/1750/2 877/1751/2 743/1489/2
f 751/1510/2 909/1818/2 906/1812/2 742/1488/2
f 743/1489/2 877/1751/2 868/1742/2 752/1511/2
f 767/1541/2 901/1802/2 905/1810/2 703/1409/2
f 704/1411/2 873/1747/2 865/1739/2 768/1543/2
f 790/1586/2 911/1823/2 899/1798/2 672/1341/2
f 675/1350/2 862/1735/2 876/1750/2 791/1589/2
f 752/1512/3 850/1718/3 848/1716/3 743/1490/3
f 726/1456/6 847/1715/6 845/1713/6 703/1410/6
f 703/1410/6 845/1713/6 853/1721/6 767/1542/6
f 704/1412/3 844/1712/3 846/1714/3 727/1458/3
f 767/1542/6 853/1721/6 856/1725/6 673/1346/6
f 768/1544/3 852/1720/3 844/1712/3 704/1412/3
f 692/1386/6 843/1711/6 847/1715/6 726/1456/6
f 675/1351/4 858/1729/4 857/1726/4 672/1342/4
f 672/1343/6 857/1727/6 855/1723/6 790/1587/6
f 727/1458/3 846/1714/3 842/1710/3 695/1392/3
f 764/1534/72 860/1732/72 861/1733/72 663/1318/72
f 827/1676/72 862/1735/72 863/1736/72 664/1322/72
f 663/1318/72 861/1733/72 864/1737/72 828/1679/72
f 828/1679/72 864/1737/72 865/1739/72 829/1680/72
f 748/1502/72 866/1740/72 867/1741/72 689/1379/72
f 833/1688/72 869/1743/72 868/1742/72 832/1686/72
f 723/1448/72 870/1744/72 871/1745/72 700/1402/72
f 837/1698/72 873/1747/72 872/1746/72 836/1696/72
f 689/1379/72 867/1741/72 870/1744/72 723/1448/72
f 836/1696/72 872/1746/72 869/1743/72 833/1688/72
f 787/1580/72 874/1748/72 875/1749/72 739/1480/72
f 841/1708/73 877/1751/73 876/1750/73 840/1706/73
f 739/1480/72 875/1749/72 866/1740/72 748/1502/72
f 832/1686/72 868/1742/72 877/1751/72 841/1708/72
f 700/1402/72 871/1745/72 860/1732/72 764/1534/72
f 829/1680/72 865/1739/72 873/1747/72 837/1698/72
f 664/1322/72 863/1736/72 874/1748/72 787/1580/72
f 840/1706/73 876/1750/73 862/1735/73 827/1676/73
f 890/1777/72 891/1778/72 893/1785/72 894/1788/72
f 882/1760/72 883/1762/72 879/1754/72 878/1752/72
f 888/1772/72 889/1774/72 881/1758/72 880/1756/72
f 880/1756/72 881/1758/72 883/1762/72 882/1760/72
f 886/1768/72 887/1770/72 885/1766/72 884/1764/72
f 878/1752/72 879/1754/72 887/1770/72 886/1768/72
f 892/1781/72 895/1791/72 889/1774/72 888/1772/72
f 884/1764/72 885/1766/72 891/1778/72 890/1777/72
f 840/1707/54 891/1779/54 885/1767/54 841/1709/54
f 689/1380/56 878/1753/56 886/1769/56 748/1503/56
f 748/1503/56 886/1769/56 884/1765/56 739/1481/56
f 832/1687/54 887/1771/54 879/1755/54 833/1689/54
f 841/1709/54 885/1767/54 887/1771/54 832/1687/54
f 700/1403/56 880/1757/56 882/1761/56 723/1449/56
f 764/1535/56 888/1773/56 880/1757/56 700/1403/56
f 836/1697/54 883/1763/54 881/1759/54 837/1699/54
f 663/1319/56 892/1782/56 888/1773/56 764/1535/56
f 837/1699/54 881/1759/54 889/1775/54 829/1681/54
f 669/1334/67 897/1795/67 896/1794/67 766/1539/67
f 668/1331/67 898/1797/67 899/1798/67 826/1672/67
f 825/1668/67 900/1799/67 897/1795/67 669/1334/67
f 824/1665/67 901/1802/67 900/1799/67 825/1668/67
f 702/1406/67 903/1807/67 902/1804/67 725/1452/67
f 834/1690/67 904/1808/67 905/1810/67 835/1693/67
f 835/1693/67 905/1810/67 903/1807/67 702/1406/67
f 725/1452/67 902/1804/67 904/1808/67 834/1690/67
f 741/1485/67 907/1815/67 906/1812/67 839/1704/67
f 750/1506/67 908/1817/67 907/1815/67 741/1485/67
f 839/1704/67 906/1812/67 909/1818/67 830/1682/67
f 830/1682/67 909/1818/67 908/1817/67 750/1506/67
f 766/1539/67 896/1794/67 901/1802/67 824/1665/67
f 789/1584/67 910/1821/67 898/1797/67 668/1331/67
f 826/1672/67 899/1798/67 911/1823/67 838/1701/67
f 838/1701/67 911/1823/67 910/1821/67 789/1584/67
f 927/1870/67 926/1867/67 914/1831/67 915/1834/67
f 921/1851/67 919/1845/67 918/1842/67 920/1848/67
f 925/1863/67 924/1860/67 923/1858/67 922/1855/67
f 916/1836/67 913/1828/67 912/1825/67 917/1839/67
f 741/1486/63 923/1859/63 924/1861/63 750/1507/63
f 669/1335/5 913/1829/5 916/1837/5 825/1669/5
f 830/1683/74 925/1864/74 922/1856/74 839/1705/74
f 825/1670/74 916/1838/74 917/1840/74 824/1666/74
f 750/1508/5 924/1862/5 925/1865/5 830/1684/5
f 725/1453/63 918/1843/63 919/1846/63 702/1407/63
f 824/1667/4 917/1841/4 912/1826/4 766/1540/4
f 835/1694/74 921/1852/74 920/1849/74 834/1691/74
f 668/1332/63 914/1832/63 926/1868/63 789/1585/63
f 702/1408/5 919/1847/5 921/1853/5 835/1695/5
f 838/1702/74 927/1871/74 915/1835/74 826/1673/74
f 834/1692/4 920/1850/4 918/1844/4 725/1454/4
f 2299/4492/5 2293/4483/5 2625/5167/5 2557/5020/5
f 2267/4442/75 1267/2652/75 2570/5049/75 2612/5140/75
f 510/992/6 98/138/6 652/1293/6 1044/2124/6
f 1989/4057/2 1988/4055/2 1310/2720/2 1311/2721/2
f 227/403/20 115/178/20 2718/5363/20 2727/5378/20
f 381/721/2 487/948/2 2018/4089/2 2054/4128/2
f 1046/2127/6 659/1309/6 661/1313/6 1047/2128/6
f 930/1879/5 928/1872/5 932/1885/5 933/1888/5
f 1038/2113/50 930/1880/50 933/1889/50 1040/2116/50
f 1044/2123/1 652/1294/1 659/1310/1 1046/2126/1
f 1041/2118/2 1126/2292/2 1127/2293/2 934/1890/2
f 1045/2125/6 657/1305/6 665/1323/6 1048/2130/6
f 2312/4513/7 1265/2644/7 1258/2618/7 2305/4501/7
f 1092/2231/5 938/1902/5 1176/2386/5 1177/2389/5
f 2225/4376/4 2224/4375/4 2597/5107/4 2598/5110/4
f 2303/4499/76 1256/2612/76 2318/4523/76 2319/4524/76
f 961/1957/3 1018/2073/3 1116/2278/3 1108/2270/3
f 1400/2886/23 1389/2865/23 1685/3435/23 1692/3449/23
f 724/1450/31 701/1404/31 2760/5429/31 2759/5427/31
f 1095/2241/54 1094/2237/54 1159/2347/54 1153/2333/54
f 2309/4507/5 2312/4514/5 2305/4502/5 2306/4504/5
f 1035/2105/3 946/1926/3 947/1929/3 1036/2108/3
f 1172/2377/2 898/1797/2 680/1362/2 1059/2155/2
f 1410/2904/1 1411/2905/1 946/1928/1 1035/2106/1
f 1418/2920/1 1419/2921/1 962/1959/1 1019/2075/1
f 1164/2360/2 957/1948/2 963/1961/2 995/2025/2
f 1019/2074/3 962/1958/3 963/1960/3 1020/2077/3
f 1005/2043/56 1053/2139/56 1154/2334/56 1148/2323/56
f 1042/2120/24 940/1908/24 2770/5446/24 2778/5459/24
f 1336/2768/10 1337/2769/10 1659/3379/10 1658/3377/10
f 1008/2049/6 1017/2070/6 1117/2279/6 1115/2277/6
f 1163/2358/57 1167/2366/57 1080/2203/57 1089/2223/57
f 981/1997/6 950/1936/6 954/1943/6 984/2002/6
f 1025/2085/2 1130/2298/2 1131/2299/2 954/1942/2
f 980/1996/1 948/1933/1 952/1940/1 982/1999/1
f 1022/2080/50 950/1936/50 953/1941/50 1024/2083/50
f 982/1998/6 952/1939/6 953/1941/6 983/2000/6
f 737/1476/1 785/1575/1 2036/4107/1 2030/4101/1
f 216/380/25 148/248/25 2726/5376/25 2716/5358/25
f 1951/3977/1 1942/3957/1 1288/2698/1 1292/2702/1
f 442/857/6 401/778/6 948/1932/6 980/1995/6
f 486/946/6 418/810/6 973/1983/6 1037/2112/6
f 1039/2115/6 975/1986/6 976/1988/6 1040/2116/6
f 1037/2111/1 973/1984/1 975/1987/1 1039/2114/1
f 1038/2113/6 974/1985/6 977/1989/6 1041/2117/6
f 1164/2360/70 1166/2364/70 1083/2209/70 1082/2208/70
f 1017/2070/6 958/1951/6 1109/2271/6 1117/2279/6
f 1093/2234/54 1106/2267/54 1155/2337/54 1157/2341/54
f 1160/2352/2 1165/2363/2 972/1981/2 1036/2109/2
f 1426/2934/1 1427/2935/1 971/1979/1 994/2023/1
f 994/2022/3 971/1977/3 972/1980/3 995/2024/3
f 699/1400/32 722/1446/32 1514/3089/32 1508/3081/32
f 984/2001/2 1134/2302/2 1135/2303/2 977/1990/2
f 981/1997/50 974/1985/50 976/1988/50 983/2000/50
f 1340/2776/1 1941/3956/1 1992/4063/1 2007/4078/1
f 1031/2097/31 967/1969/31 2777/5457/31 2768/5441/31
f 1970/4017/2 1971/4019/2 1303/2713/2 1302/2712/2
f 1924/3919/1 1933/3939/1 1284/2694/1 1280/2690/1
f 146/244/29 214/376/29 1464/3000/29 1448/2973/29
f 1385/2860/2 1392/2872/2 2029/4100/2 2025/4096/2
f 950/1936/50 981/1997/50 983/2000/50 953/1941/50
f 954/1942/2 1131/2299/2 1134/2302/2 984/2001/2
f 1414/2911/5 1412/2906/5 1697/3460/5 1696/3457/5
f 694/1389/22 720/1442/22 1515/3091/22 1505/3077/22
f 962/1958/3 994/2022/3 995/2024/3 963/1960/3
f 1419/2921/1 1426/2934/1 994/2023/1 962/1959/1
f 418/810/6 442/857/6 980/1995/6 973/1983/6
f 975/1986/6 982/1998/6 983/2000/6 976/1988/6
f 973/1984/1 980/1996/1 982/1999/1 975/1987/1
f 974/1985/6 981/1997/6 984/2002/6 977/1989/6
f 1105/2263/5 1007/2046/5 1185/2413/5 1184/2410/5
f 1009/2052/3 1057/2148/3 1120/2282/3 1114/2276/3
f 1094/2238/4 935/1893/4 1156/2338/4 1159/2348/4
f 1165/2363/2 1164/2360/2 995/2025/2 972/1981/2
f 1980/4039/2 1989/4057/2 1311/2721/2 1306/2716/2
f 965/1965/32 1029/2093/32 1552/3160/32 1536/3131/32
f 1940/3954/2 237/420/2 2006/4077/2 1993/4064/2
f 1045/2125/50 997/2028/50 999/2031/50 1047/2128/50
f 1048/2129/2 1138/2306/2 1139/2307/2 1000/2032/2
f 1420/2923/23 1421/2924/23 1701/3469/23 1700/3467/23
f 140/233/14 211/371/14 1463/2998/14 1445/2968/14
f 1011/2057/2 1059/2155/2 1064/2165/2 1065/2167/2
f 1438/2956/1 1439/2957/1 1010/2055/1 1058/2152/1
f 1170/2373/2 1169/2371/2 1011/2057/2 1020/2076/2
f 1099/2249/54 1102/2257/54 1147/2321/54 1143/2313/54
f 944/1920/3 1034/2104/3 1118/2280/3 1125/2290/3
f 1055/2143/4 1104/2260/4 1189/2425/4 1188/2422/4
f 1022/2080/6 997/2028/6 1000/2033/6 1025/2084/6
f 1021/2079/1 996/2026/1 998/2029/1 1023/2082/1
f 1023/2081/6 998/2030/6 999/2031/6 1024/2083/6
f 469/913/6 459/890/6 996/2027/6 1021/2078/6
f 401/778/6 469/913/6 1021/2078/6 948/1932/6
f 952/1939/6 1023/2081/6 1024/2083/6 953/1941/6
f 948/1933/1 1021/2079/1 1023/2082/1 952/1940/1
f 950/1936/6 1022/2080/6 1025/2084/6 954/1943/6
f 1165/2361/62 1160/2350/62 1088/2220/62 1081/2204/62
f 1056/2147/6 1008/2049/6 1115/2277/6 1121/2283/6
f 1053/2139/56 936/1896/56 1158/2344/56 1154/2334/56
f 957/1948/2 1170/2373/2 1020/2076/2 963/1961/2
f 1971/4019/2 1962/4001/2 1298/2708/2 1303/2713/2
f 719/1440/24 693/1387/24 2758/5425/24 2757/5423/24
f 721/1445/1 683/1370/1 2024/4095/1 2028/4099/1
f 997/2028/50 1022/2080/50 1024/2083/50 999/2031/50
f 1000/2032/2 1139/2307/2 1130/2298/2 1025/2085/2
f 960/1955/22 1027/2089/22 1551/3158/22 1533/3126/22
f 1010/2053/3 1019/2074/3 1020/2077/3 1011/2056/3
f 1439/2957/1 1418/2920/1 1019/2075/1 1010/2055/1
f 1161/2353/2 1160/2352/2 1036/2109/2 947/1930/2
f 936/1897/5 1093/2235/5 1157/2342/5 1158/2345/5
f 1057/2148/3 943/1917/3 1124/2288/3 1120/2282/3
f 1032/2098/63 939/1905/63 1175/2383/63 1174/2380/63
f 930/1880/6 1038/2113/6 1041/2117/6 934/1891/6
f 928/1873/1 1037/2111/1 1039/2114/1 932/1886/1
f 932/1887/6 1039/2115/6 1040/2116/6 933/1889/6
f 382/723/6 486/946/6 1037/2112/6 928/1874/6
f 1427/2935/1 1410/2904/1 1035/2106/1 971/1979/1
f 1059/2153/4 1058/2150/4 1062/2160/4 1064/2164/4
f 210/369/20 139/231/20 2724/5373/20 2729/5381/20
f 1390/2867/13 1391/2869/13 1687/3439/13 1686/3437/13
f 977/1990/2 1135/2303/2 1126/2292/2 1041/2118/2
f 974/1985/50 1038/2113/50 1040/2116/50 976/1988/50
f 1436/2953/2 656/1303/2 2022/4093/2 2051/4122/2
f 749/1504/31 690/1381/31 2756/5421/31 2755/5419/31
f 1958/3991/2 2330/4545/2 1295/2705/2 1297/2707/2
f 678/1358/3 1058/2151/3 1059/2154/3 680/1363/3
f 1026/2087/24 959/1953/24 2775/5454/24 2780/5462/24
f 1389/2865/23 1388/2863/23 1684/3433/23 1685/3435/23
f 665/1324/2 863/1736/2 1138/2306/2 1048/2129/2
f 657/1305/50 1045/2125/50 1047/2128/50 661/1313/50
f 1312/2722/1 1329/2756/1 1997/4068/1 2005/4076/1
f 199/348/25 189/326/25 2732/5386/25 2721/5369/25
f 1942/3957/1 2329/4543/1 1287/2697/1 1288/2698/1
f 1169/2371/2 1172/2377/2 1059/2155/2 1011/2057/2
f 989/2012/56 955/1945/56 1142/2311/56 1146/2319/56
f 942/1914/4 944/1921/4 1125/2291/4 1122/2284/4
f 1167/2365/68 1165/2362/68 1081/2205/68 1080/2202/68
f 997/2028/6 1045/2125/6 1048/2130/6 1000/2033/6
f 996/2026/1 1044/2123/1 1046/2126/1 998/2029/1
f 998/2030/6 1046/2127/6 1047/2128/6 999/2031/6
f 459/890/6 510/992/6 1044/2124/6 996/2027/6
f 1067/2170/65 1061/2158/65 1069/2177/65 1075/2194/65
f 1064/2164/4 1062/2160/4 1792/3603/4 1072/2184/4
f 1036/2109/2 972/1981/2 1061/2158/2 1067/2170/2
f 972/1982/4 971/1978/4 1060/2157/4 1061/2159/4
f 1058/2152/1 1010/2055/1 1063/2163/1 1062/2161/1
f 971/1979/1 1035/2106/1 1066/2169/1 1060/2156/1
f 1010/2054/5 1011/2058/5 1065/2166/5 1063/2162/5
f 1035/2107/5 1036/2110/5 1067/2171/5 1066/2168/5
f 3625/6566/35 3626/6568/35 1825/3717/35 1241/2569/35
f 1249/2589/77 1250/2592/77 1921/3910/77 1917/3898/77
f 1063/2162/5 1065/2166/5 1073/2187/5 1793/3606/5
f 1062/2161/66 1063/2163/66 1793/3607/66 1792/3605/66
f 1066/2168/5 1067/2171/5 1075/2193/5 1795/3612/5
f 1060/2156/66 1066/2169/66 1795/3614/66 1794/3611/66
f 1065/2167/65 1064/2165/65 1072/2185/65 1073/2188/65
f 1061/2159/4 1060/2157/4 1794/3609/4 1069/2175/4
f 1083/2209/67 1079/2201/67 2845/5530/67 2896/5581/67 2897/5582/67 2898/5583/67 2899/5584/67 2848/5533/67 2849/5534/67 2900/5585/67 2901/5586/67 2902/5587/67 2903/5588/67 2895/5580/67 2868/5553/67 2869/5554/67 2870/5555/67 2871/5556/67 2872/5557/67 2873/5558/67 2874/5559/67 2875/5560/67 2876/5561/67 2877/5562/67 2878/5563/67 2879/5564/67 2880/5565/67 2881/5566/67 2882/5567/67 2883/5568/67 2884/5569/67 2885/5570/67 2886/5571/67 2887/5572/67 2888/5573/67 2889/5574/67 1082/2208/67
f 1089/2223/67 1080/2203/67 1081/2206/67 1088/2221/67
f 1079/2201/67 1078/2200/67 2864/5549/67 2863/5548/67 2862/5547/67 2861/5546/67 2867/5552/67 2857/5542/67 2858/5543/67 2859/5544/67 2847/5532/67 2846/5531/67 2860/5545/67 2851/5536/67 2845/5530/67
f 1087/2218/67 1086/2217/67 1084/2210/67 1085/2213/67
f 1160/2351/64 1163/2357/64 1089/2224/64 1088/2222/64
f 1173/2378/71 1172/2375/71 1084/2211/71 1086/2216/71
f 1172/2376/62 1169/2369/62 1085/2214/62 1084/2212/62
f 1170/2372/62 957/1949/62 1077/2198/62 1076/2196/62
f 957/1949/62 1164/2359/62 1082/2207/62 1077/2198/62
f 1168/2368/57 1173/2379/57 1086/2217/57 1087/2218/57
f 1171/2374/59 1170/2373/59 1076/2197/59 1078/2200/59
f 1166/2364/57 1097/2245/57 1079/2201/57 1083/2209/57
f 1097/2245/57 1171/2374/57 1078/2200/57 1079/2201/57
f 1169/2370/64 1168/2367/64 1087/2219/64 1085/2215/64
f 942/1915/2 1033/2101/2 1163/2358/2 1162/2355/2
f 941/1911/2 943/1918/2 862/1735/2 899/1798/2
f 944/1922/2 942/1915/2 1162/2355/2 1128/2295/2
f 1034/2103/2 944/1922/2 1128/2295/2 1129/2297/2
f 958/1950/2 1017/2071/2 1171/2374/2 1097/2245/2
f 1018/2072/2 961/1956/2 1133/2301/2 1132/2300/2
f 969/1973/2 992/2018/2 1166/2364/2 1167/2366/2
f 993/2020/2 970/1975/2 1137/2305/2 1136/2304/2
f 992/2018/2 958/1950/2 1097/2245/2 1166/2364/2
f 961/1956/2 993/2020/2 1136/2304/2 1133/2301/2
f 1008/2050/2 1056/2146/2 1173/2379/2 1168/2368/2
f 1057/2149/2 1009/2051/2 1141/2309/2 1140/2308/2
f 1017/2071/2 1008/2050/2 1168/2368/2 1171/2374/2
f 1009/2051/2 1018/2072/2 1132/2300/2 1141/2309/2
f 1033/2101/2 969/1973/2 1167/2366/2 1163/2358/2
f 970/1975/2 1034/2103/2 1129/2297/2 1137/2305/2
f 1056/2146/2 941/1911/2 899/1798/2 1173/2379/2
f 943/1918/2 1057/2149/2 1140/2308/2 862/1735/2
f 1018/2073/3 1009/2052/3 1114/2276/3 1116/2278/3
f 992/2019/6 969/1974/6 1111/2273/6 1113/2275/6
f 969/1974/6 1033/2102/6 1119/2281/6 1111/2273/6
f 970/1976/3 993/2021/3 1112/2274/3 1110/2272/3
f 1033/2102/6 942/1916/6 1122/2285/6 1119/2281/6
f 1034/2104/3 970/1976/3 1110/2272/3 1118/2280/3
f 958/1951/6 992/2019/6 1113/2275/6 1109/2271/6
f 943/1919/5 941/1912/5 1123/2286/5 1124/2289/5
f 941/1913/6 1056/2147/6 1121/2283/6 1123/2287/6
f 993/2021/3 961/1957/3 1108/2270/3 1112/2274/3
f 1030/2094/72 935/1894/72 1127/2293/72 1126/2292/72
f 1093/2236/72 936/1898/72 863/1736/72 862/1735/72
f 935/1894/72 1094/2239/72 1128/2295/72 1127/2293/72
f 1094/2239/72 1095/2240/72 1129/2297/72 1128/2295/72
f 1014/2063/72 955/1944/72 1131/2299/72 1130/2298/72
f 1099/2248/72 1098/2246/72 1132/2300/72 1133/2301/72
f 989/2011/72 966/1966/72 1135/2303/72 1134/2302/72
f 1103/2258/72 1102/2256/72 1136/2304/72 1137/2305/72
f 955/1944/72 989/2011/72 1134/2302/72 1131/2299/72
f 1102/2256/72 1099/2248/72 1133/2301/72 1136/2304/72
f 1053/2140/72 1005/2042/72 1139/2307/72 1138/2306/72
f 1107/2268/73 1106/2266/73 1140/2308/73 1141/2309/73
f 1005/2042/72 1014/2063/72 1130/2298/72 1139/2307/72
f 1098/2246/72 1107/2268/72 1141/2309/72 1132/2300/72
f 966/1966/72 1030/2094/72 1126/2292/72 1135/2303/72
f 1095/2240/72 1103/2258/72 1137/2305/72 1129/2297/72
f 936/1898/72 1053/2140/72 1138/2306/72 863/1736/72
f 1106/2266/73 1093/2236/73 862/1735/73 1140/2308/73
f 1154/2335/72 1158/2346/72 1157/2343/72 1155/2336/72
f 1146/2318/72 1142/2310/72 1143/2312/72 1147/2320/72
f 1152/2330/72 1144/2314/72 1145/2316/72 1153/2332/72
f 1144/2314/72 1146/2318/72 1147/2320/72 1145/2316/72
f 1150/2326/72 1148/2322/72 1149/2324/72 1151/2328/72
f 1142/2310/72 1150/2326/72 1151/2328/72 1143/2312/72
f 1156/2339/72 1152/2330/72 1153/2332/72 1159/2349/72
f 1148/2322/72 1154/2335/72 1155/2336/72 1149/2324/72
f 1106/2267/54 1107/2269/54 1149/2325/54 1155/2337/54
f 955/1945/56 1014/2064/56 1150/2327/56 1142/2311/56
f 1014/2064/56 1005/2043/56 1148/2323/56 1150/2327/56
f 1098/2247/54 1099/2249/54 1143/2313/54 1151/2329/54
f 1107/2269/54 1098/2247/54 1151/2329/54 1149/2325/54
f 966/1967/56 989/2012/56 1146/2319/56 1144/2315/56
f 1030/2095/56 966/1967/56 1144/2315/56 1152/2331/56
f 1102/2257/54 1103/2259/54 1145/2317/54 1147/2321/54
f 935/1895/56 1030/2095/56 1152/2331/56 1156/2340/56
f 1103/2259/54 1095/2241/54 1153/2333/54 1145/2317/54
f 939/1906/67 1032/2099/67 1160/2352/67 1161/2353/67
f 938/1903/67 1092/2232/67 899/1798/67 898/1797/67
f 1091/2228/67 939/1906/67 1161/2353/67 1162/2355/67
f 1090/2225/67 1091/2228/67 1162/2355/67 1163/2358/67
f 968/1970/67 991/2015/67 1164/2360/67 1165/2363/67
f 1100/2250/67 1101/2253/67 1167/2366/67 1166/2364/67
f 1101/2253/67 968/1970/67 1165/2363/67 1167/2366/67
f 991/2015/67 1100/2250/67 1166/2364/67 1164/2360/67
f 1007/2047/67 1105/2264/67 1168/2368/67 1169/2371/67
f 1016/2067/67 1007/2047/67 1169/2371/67 1170/2373/67
f 1105/2264/67 1096/2242/67 1171/2374/67 1168/2368/67
f 1096/2242/67 1016/2067/67 1170/2373/67 1171/2374/67
f 1032/2099/67 1090/2225/67 1163/2358/67 1160/2352/67
f 1055/2144/67 938/1903/67 898/1797/67 1172/2377/67
f 1092/2232/67 1104/2261/67 1173/2379/67 899/1798/67
f 1104/2261/67 1055/2144/67 1172/2377/67 1173/2379/67
f 1189/2426/67 1177/2390/67 1176/2387/67 1188/2423/67
f 1183/2407/67 1182/2404/67 1180/2398/67 1181/2401/67
f 1187/2419/67 1184/2411/67 1185/2414/67 1186/2416/67
f 1178/2392/67 1179/2395/67 1174/2381/67 1175/2384/67
f 1007/2048/63 1016/2068/63 1186/2417/63 1185/2415/63
f 939/1907/4 1091/2229/4 1178/2393/4 1175/2385/4
f 1096/2243/74 1105/2265/74 1184/2412/74 1187/2420/74
f 1091/2230/74 1090/2226/74 1179/2396/74 1178/2394/74
f 1016/2069/4 1096/2244/4 1187/2421/4 1186/2418/4
f 991/2016/63 968/1971/63 1181/2402/63 1180/2399/63
f 1090/2227/5 1032/2100/5 1174/2382/5 1179/2397/5
f 1101/2254/74 1100/2251/74 1182/2405/74 1183/2408/74
f 938/1904/63 1055/2145/63 1188/2424/63 1176/2388/63
f 968/1972/4 1101/2255/4 1183/2409/4 1181/2403/4
f 1104/2262/74 1092/2233/74 1177/2391/74 1189/2427/74
f 1100/2252/5 991/2017/5 1180/2400/5 1182/2406/5
f 1198/2448/78 1202/2460/78 1897/3838/78 1894/3829/78
f 3475/6297/35 3476/6298/35 1190/2429/35 1797/3619/35
f 1190/2429/79 1197/2447/79 1196/2445/79 1191/2432/79
f 1244/2577/80 1240/2567/80 2400/4704/80 2403/4709/80
f 1192/2435/81 1195/2442/81 1194/2439/81 1193/2437/81
f 1241/2569/82 1245/2579/82 2456/4803/82 2397/4699/82
f 1197/2446/4 1796/3616/4 1800/3630/4 1196/2443/4
f 1193/2437/83 1194/2439/83 2377/4663/83 2438/4773/83
f 1195/2440/4 1799/3627/4 1798/3623/4 1194/2438/4
f 1194/2439/84 1798/3624/84 1275/2678/84 1272/2668/84
f 1796/3617/7 1797/3620/7 1803/3642/7 1800/3632/7
f 1071/2181/4 1222/2516/4 1910/3877/4 1889/3814/4
f 1799/3629/85 1802/3639/85 1801/3633/85 1798/3625/85
f 534/1048/86 528/1030/86 1882/3793/86 1883/3796/86
f 1797/3621/5 1190/2428/5 1191/2430/5 1803/3640/5
f 3465/6279/6 3466/6281/6 1802/3639/6 1803/3642/6
f 1802/3637/5 1192/2433/5 1193/2436/5 1801/3634/5
f 3455/6260/84 3456/6262/84 1801/3635/84 1193/2437/84
f 3484/6313/49 3475/6296/49 1797/3622/49 1790/3599/49
f 1252/2598/5 1251/2595/5 1922/3913/5 1923/3916/5
f 1213/2492/4 1805/3647/4 1808/3658/4 1212/2489/4
f 3471/6290/87 3465/6278/87 1803/3641/87 1191/2431/87
f 1211/2486/4 1807/3655/4 1806/3651/4 1210/2484/4
f 1269/2656/4 1270/2660/4 2471/4834/4 2470/4832/4
f 1217/2503/79 1213/2493/79 1212/2491/79 1216/2501/79
f 1075/2194/88 1069/2177/88 2430/4760/88 2431/4761/88
f 1215/2498/81 1211/2487/81 1210/2485/81 1214/2495/81
f 3516/6370/83 1214/2495/83 2385/4676/83 3520/6377/83
f 1809/3662/5 1217/2502/5 1216/2499/5 1810/3665/5
f 3526/6389/6 3527/6391/6 1811/3670/6 1810/3667/6
f 1811/3668/5 1215/2496/5 1214/2494/5 1804/3643/5
f 3516/6370/84 3517/6372/84 1804/3644/84 1214/2495/84
f 1805/3648/7 1809/3663/7 1810/3667/7 1808/3659/7
f 1203/2463/2 1199/2451/2 1895/3832/2 1898/3841/2
f 1807/3656/85 1811/3670/85 1804/3645/85 1806/3652/85
f 1237/2557/5 1070/2178/5 1888/3811/5 1909/3874/5
f 3535/6405/49 3536/6406/49 1809/3664/49 1788/3593/49
f 531/1039/86 530/1036/86 1880/3787/86 1881/3790/86
f 1814/3679/5 1229/2536/5 1228/2533/5 1815/3683/5
f 1195/2442/48 1192/2435/48 2376/4662/48 2378/4665/48
f 1816/3686/5 1227/2530/5 1226/2528/5 1812/3671/5
f 3605/6531/84 3606/6532/84 1238/2561/84 1820/3699/84
f 1229/2537/79 1233/2547/79 1232/2544/79 1228/2535/79
f 3501/6344/48 1211/2487/48 2383/4673/48 3502/6345/48
f 1227/2532/81 1231/2541/81 1230/2539/81 1226/2529/81
f 3515/6369/89 532/1043/89 2420/4750/89 3519/6375/89
f 1233/2546/4 1813/3675/4 1819/3696/4 1232/2543/4
f 3525/6387/87 3526/6388/87 1810/3666/87 1216/2500/87
f 1231/2540/4 1818/3693/4 1817/3689/4 1230/2538/4
f 1191/2432/80 1196/2445/80 2379/4666/80 2434/4766/80
f 1813/3676/7 1814/3680/7 1815/3685/7 1819/3698/7
f 1250/2593/5 1068/2172/5 1890/3817/5 1921/3911/5
f 1818/3695/85 1816/3688/85 1812/3672/85 1817/3690/85
f 1200/2454/1 1204/2466/1 1899/3844/1 1896/3835/1
f 1226/2529/83 1230/2539/83 2393/4692/83 2390/4685/83
f 1197/2447/82 1190/2429/82 2432/4763/82 2373/4656/82
f 1245/2579/79 1241/2569/79 1240/2567/79 1244/2577/79
f 1243/2572/48 1261/2628/48 2468/4829/48 2460/4811/48
f 1243/2572/81 1239/2563/81 1238/2561/81 1242/2571/81
f 1231/2541/48 1227/2532/48 2452/4797/48 2453/4798/48
f 1821/3703/5 1245/2578/5 1244/2575/5 1824/3714/5
f 535/1052/6 1787/3589/6 1254/2604/6 1255/2607/6
f 1823/3711/5 1243/2573/5 1242/2570/5 1822/3707/5
f 1823/3713/6 1824/3716/6 1265/2644/6 1264/2642/6
f 1825/3718/7 1821/3704/7 1824/3716/7 1826/3723/7
f 1225/2525/4 531/1040/4 1881/3791/4 1908/3871/4
f 1827/3726/85 1823/3713/85 1822/3708/85 1820/3700/85
f 254/456/86 260/474/86 1879/3784/86 1878/3781/86
f 1241/2568/4 1825/3719/4 1826/3721/4 1240/2565/4
f 3584/6493/90 3575/6477/90 1227/2531/90 1816/3687/90
f 1239/2562/4 1827/3724/4 1820/3701/4 1238/2560/4
f 3614/6547/27 3605/6530/27 1820/3702/27 1786/3587/27
f 1073/2188/88 1072/2185/88 2428/4758/88 2429/4759/88
f 3477/6300/6 3484/6312/6 1790/3598/6 803/1616/6
f 3456/6261/27 3457/6264/27 1782/3575/27 1801/3636/27
f 3457/6263/6 3461/6272/6 255/460/6 1782/3574/6
f 3517/6371/27 3518/6374/27 1780/3569/27 1804/3646/27
f 3518/6373/6 3515/6368/6 258/469/6 1780/3568/6
f 3471/6289/80 1191/2432/80 2434/4766/80 3472/6291/80
f 3607/6534/6 3614/6546/6 1786/3586/6 529/1034/6
f 3626/6567/49 3627/6570/49 1794/3611/49 1825/3720/49
f 3627/6569/6 3631/6578/6 1069/2176/6 1794/3610/6
f 1257/2614/88 1075/2194/88 2431/4761/88 2464/4819/88
f 3538/6410/6 3535/6404/6 1788/3592/6 806/1625/6
f 3576/6479/87 3577/6481/87 1815/3684/87 1228/2534/87
f 3577/6480/6 3584/6492/6 1816/3688/6 1815/3685/6
f 3527/6390/90 3528/6393/90 1215/2497/90 1811/3669/90
f 1228/2535/80 1232/2544/80 2451/4796/80 2450/4795/80
f 3466/6280/90 3467/6283/90 1192/2434/90 1802/3638/90
f 3455/6260/83 1193/2437/83 2438/4773/83 3458/6266/83
f 1411/2905/51 1412/2907/51 2294/4484/51 2292/4481/51
f 2328/4541/11 1350/2795/11 2283/4469/11 2331/4547/11
f 2237/4394/91 2235/4390/91 2354/4616/91 2340/4574/91
f 1824/3715/87 1244/2576/87 1262/2632/87 1265/2643/87
f 3528/6392/48 1231/2541/48 2453/4798/48 3530/6395/48
f 1787/3590/27 1822/3710/27 1263/2638/27 1254/2605/27
f 803/1617/88 809/1635/88 2427/4757/88 2426/4756/88
f 1243/2574/90 1823/3712/90 1264/2641/90 1261/2629/90
f 1795/3613/6 1075/2195/6 1257/2615/6 1256/2611/6
f 1822/3709/84 1242/2571/84 1260/2627/84 1263/2637/84
f 1245/2579/82 1259/2622/82 2465/4820/82 2456/4803/82
f 1245/2579/35 1821/3705/35 1258/2619/35 1259/2622/35
f 382/724/4 928/1875/4 2582/5076/4 2553/5012/4
f 1379/2846/1 679/1361/1 2246/4409/1 2240/4399/1
f 1268/2655/49 1271/2665/49 2253/4419/49 2250/4415/49
f 1800/3632/6 1799/3629/6 1276/2683/6 1277/2685/6
f 1233/2547/82 1229/2537/82 2448/4792/82 2449/4793/82
f 1196/2444/87 1800/3631/87 1277/2686/87 1274/2675/87
f 3505/6351/89 259/472/89 2417/4747/89 3506/6352/89
f 1783/3577/6 261/478/6 1267/2650/6 1266/2646/6
f 1798/3626/27 1783/3578/27 1266/2647/27 1275/2679/27
f 1791/3602/49 1796/3618/49 1271/2665/49 1268/2655/49
f 809/1634/6 1791/3601/6 1268/2653/6 1269/2657/6
f 1799/3628/90 1195/2441/90 1273/2671/90 1276/2682/90
f 1984/4047/2 1981/4041/2 1307/2717/2 1308/2718/2
f 1985/4049/2 1984/4047/2 1308/2718/2 1309/2719/2
f 1929/3931/1 1928/3929/1 1281/2691/1 1282/2692/1
f 1946/3967/1 1947/3969/1 1290/2700/1 1289/2699/1
f 100/142/11 214/375/11 1926/3924/11 2326/4537/11
f 216/379/16 112/169/16 1315/2728/16 1314/2727/16
f 112/169/16 115/179/16 1316/2731/16 1315/2728/16
f 122/198/92 100/142/92 2326/4537/92 1318/2736/92
f 131/215/11 197/343/11 1930/3933/11 1931/3935/11
f 199/347/16 136/224/16 1323/2744/16 1322/2743/16
f 166/282/16 139/230/16 1325/2747/16 1324/2745/16
f 140/232/11 167/284/11 1326/2749/11 1327/2751/11
f 146/243/11 170/289/11 1934/3941/11 1935/3943/11
f 172/293/16 148/247/16 1331/2758/16 1330/2757/16
f 227/402/16 159/270/16 1333/2761/16 1332/2759/16
f 160/272/11 228/404/11 1334/2763/11 1335/2765/11
f 159/270/16 166/282/16 1324/2745/16 1333/2761/16
f 167/284/11 160/272/11 1335/2765/11 1326/2749/11
f 170/289/11 131/215/11 1931/3935/11 1934/3941/11
f 136/224/16 172/293/16 1330/2757/16 1323/2744/16
f 210/368/16 183/314/16 1337/2770/16 1336/2767/16
f 184/316/11 211/370/11 1338/2771/11 1339/2774/11
f 187/321/11 238/422/11 1938/3949/11 1939/3951/11
f 240/425/16 189/325/16 1343/2780/16 1342/2779/16
f 197/343/11 187/321/11 1939/3951/11 1930/3933/11
f 189/325/16 199/347/16 1322/2743/16 1343/2780/16
f 139/230/16 210/368/16 1336/2767/16 1325/2747/16
f 211/370/11 140/232/11 1327/2751/11 1338/2771/11
f 214/375/11 146/243/11 1935/3943/11 1926/3924/11
f 148/247/16 216/379/16 1314/2727/16 1331/2758/16
f 115/179/16 227/402/16 1332/2759/16 1316/2731/16
f 228/404/11 122/198/11 1318/2736/11 1334/2763/11
f 183/314/16 234/415/16 1317/2733/16 1337/2770/16
f 235/416/11 184/316/11 1339/2774/11 1319/2737/11
f 488/949/11 384/730/11 2328/4541/11 1944/3962/11
f 390/747/16 490/953/16 1346/2786/16 1347/2787/16
f 393/755/16 390/747/16 1347/2787/16 1348/2790/16
f 384/730/11 398/770/11 1350/2795/11 2328/4541/11
f 1319/2738/28 1648/3357/28 1580/3213/28 1665/3393/28 1351/2797/28
f 471/916/11 405/784/11 1949/3973/11 1948/3971/11
f 410/793/16 473/920/16 1354/2802/16 1355/2803/16
f 413/799/16 440/854/16 1356/2804/16 1357/2806/16
f 441/856/11 414/801/11 1359/2810/11 1358/2808/11
f 444/860/11 420/813/11 1953/3981/11 1952/3979/11
f 422/817/16 446/864/16 1362/2816/16 1363/2817/16
f 433/842/16 501/976/16 1364/2818/16 1365/2821/16
f 502/978/11 434/844/11 1367/2825/11 1366/2822/11
f 440/854/16 433/842/16 1365/2821/16 1356/2804/16
f 434/844/11 441/856/11 1358/2808/11 1367/2825/11
f 405/784/11 444/860/11 1952/3979/11 1949/3973/11
f 446/864/16 410/793/16 1355/2803/16 1362/2816/16
f 457/886/16 484/942/16 1368/2826/16 1369/2828/16
f 485/944/11 458/888/11 1371/2832/11 1370/2830/11
f 512/996/11 461/893/11 1957/3989/11 1956/3987/11
f 463/897/16 514/999/16 1374/2838/16 1375/2839/16
f 461/893/11 471/916/11 1948/3971/11 1957/3989/11
f 473/920/16 463/897/16 1375/2839/16 1354/2802/16
f 484/942/16 413/799/16 1357/2806/16 1368/2826/16
f 414/801/11 485/944/11 1370/2830/11 1359/2810/11
f 420/813/11 488/949/11 1944/3962/11 1953/3981/11
f 490/953/16 422/817/16 1363/2817/16 1346/2786/16
f 501/976/16 393/755/16 1348/2790/16 1364/2818/16
f 398/770/11 502/978/11 1366/2822/11 1350/2795/11
f 508/989/16 457/886/16 1369/2828/16 1349/2792/16
f 458/888/11 509/990/11 1351/2796/11 1371/2832/11
f 763/1532/93 655/1300/93 2325/4535/93 1960/3996/93
f 667/1327/51 765/1536/51 1378/2845/51 1379/2846/51
f 670/1337/51 667/1327/51 1379/2846/51 1380/2847/51
f 1413/2909/94 1049/2131/94 671/1339/94 783/1571/94 1381/2850/94
f 655/1300/93 677/1356/93 1382/2852/93 2325/4535/93
f 747/1500/93 685/1372/93 1965/4007/93 1964/4005/93
f 690/1382/51 749/1505/51 1386/2861/51 1387/2862/51
f 693/1388/51 719/1441/51 1388/2864/51 1389/2866/51
f 720/1443/52 694/1390/52 1391/2870/52 1390/2868/52
f 722/1447/93 699/1401/93 1969/4015/93 1968/4013/93
f 701/1405/51 724/1451/51 1394/2875/51 1395/2876/51
f 712/1429/51 776/1560/51 1396/2877/51 1397/2880/51
f 777/1562/52 713/1431/52 1399/2884/52 1398/2881/52
f 719/1441/51 712/1429/51 1397/2880/51 1388/2864/51
f 713/1431/52 720/1443/52 1390/2868/52 1399/2884/52
f 685/1372/93 722/1447/93 1968/4013/93 1965/4007/93
f 724/1451/51 690/1382/51 1387/2862/51 1394/2875/51
f 735/1473/51 760/1527/51 1400/2885/51 1401/2887/51
f 761/1529/52 736/1475/52 1403/2891/52 1402/2889/52
f 786/1578/93 738/1479/93 1973/4023/93 1972/4021/93
f 740/1483/51 788/1582/51 1406/2897/51 1407/2898/51
f 738/1479/93 747/1500/93 1964/4005/93 1973/4023/93
f 749/1505/51 740/1483/51 1407/2898/51 1386/2861/51
f 760/1527/51 693/1388/51 1389/2866/51 1400/2885/51
f 694/1390/52 761/1529/52 1402/2889/52 1391/2870/52
f 699/1401/93 763/1532/93 1960/3996/93 1969/4015/93
f 765/1536/51 701/1405/51 1395/2876/51 1378/2845/51
f 776/1560/51 670/1337/51 1380/2847/51 1396/2877/51
f 677/1356/52 777/1562/52 1398/2881/52 1382/2852/52
f 783/1571/51 735/1473/51 1401/2887/51 1381/2850/51
f 736/1475/52 784/1574/52 1383/2856/52 1403/2891/52
f 931/1882/93 1029/2092/93 1978/4034/93 2332/4550/93
f 1031/2096/51 937/1899/51 1411/2905/51 1410/2904/51
f 937/1899/51 940/1909/51 1412/2907/51 1411/2905/51
f 1413/2910/23 1381/2851/23 1680/3425/23 1681/3427/23 1698/3463/23
f 945/1924/52 931/1882/52 2332/4550/52 1414/2913/52
f 1383/2855/13 1415/2914/13 1699/3465/13 1683/3431/13 1682/3429/13
f 951/1937/93 1013/2061/93 1982/4043/93 1983/4045/93
f 1015/2065/51 956/1946/51 1419/2921/51 1418/2920/51
f 985/2003/51 959/1952/51 1421/2925/51 1420/2922/51
f 960/1954/52 986/2005/52 1422/2926/52 1423/2929/52
f 965/1964/93 988/2009/93 1986/4051/93 1987/4053/93
f 990/2013/51 967/1968/51 1427/2935/51 1426/2934/51
f 1042/2119/51 978/1991/51 1429/2938/51 1428/2936/51
f 979/1993/52 1043/2121/52 1430/2940/52 1431/2942/52
f 978/1991/51 985/2003/51 1420/2922/51 1429/2938/51
f 986/2005/52 979/1993/52 1431/2942/52 1422/2926/52
f 988/2009/93 951/1937/93 1983/4045/93 1986/4051/93
f 956/1946/51 990/2013/51 1426/2934/51 1419/2921/51
f 1026/2086/51 1001/2034/51 1433/2946/51 1432/2944/51
f 1002/2036/52 1027/2088/52 1434/2948/52 1435/2950/52
f 1004/2040/93 1052/2138/93 1990/4059/93 1991/4061/93
f 1054/2141/51 1006/2044/51 1439/2957/51 1438/2956/51
f 1013/2061/93 1004/2040/93 1991/4061/93 1982/4043/93
f 1006/2044/51 1015/2065/51 1418/2920/51 1439/2957/51
f 959/1952/51 1026/2086/51 1432/2944/51 1421/2925/51
f 1027/2088/52 960/1954/52 1423/2929/52 1434/2948/52
f 1029/2092/93 965/1964/93 1987/4053/93 1978/4034/93
f 967/1968/51 1031/2096/51 1410/2904/51 1427/2935/51
f 940/1909/51 1042/2119/51 1428/2936/51 1412/2907/51
f 1043/2121/52 945/1924/52 1414/2913/52 1430/2940/52
f 1001/2034/51 1049/2131/51 1413/2909/51 1433/2946/51
f 1050/2134/52 1002/2036/52 1435/2950/52 1415/2915/52
f 1466/3003/16 1562/3175/16 1561/3174/16 1467/3004/16
f 1464/2999/11 1560/3171/11 1563/3177/11 1465/3001/11
f 1462/2995/11 1444/2965/11 1445/2967/11 1463/2997/11
f 1460/2993/16 1446/2969/16 2722/5371/16 1461/2994/16
f 1454/2983/11 1448/2972/11 1449/2974/11 1455/2985/11
f 2723/5372/16 2728/5380/16 1451/2978/16 2725/5375/16
f 1446/2969/16 2723/5372/16 2725/5375/16 2722/5371/16
f 1444/2965/11 1454/2983/11 1455/2985/11 1445/2967/11
f 1470/3009/95 1456/2987/95 1457/2988/95 2731/5385/95
f 1468/3005/11 1458/2989/11 1459/2991/11 1469/3007/11
f 1456/2987/16 1460/2993/16 1461/2994/16 1457/2988/16
f 1458/2989/11 1462/2995/11 1463/2997/11 1459/2991/11
f 1448/2972/11 1464/2999/11 1465/3001/11 1449/2974/11
f 2728/5380/16 1466/3003/16 1467/3004/16 1451/2978/16
f 1441/2960/96 1468/3005/96 1469/3007/96 1440/2958/96
f 2720/5368/97 1470/3009/97 2731/5385/97 1442/2962/97
f 2744/5404/16 2734/5390/16 1565/3182/16 1566/3183/16
f 1492/3052/11 1493/3054/11 1567/3185/11 1564/3181/11
f 1490/3048/11 1491/3050/11 1473/3014/11 1472/3012/11
f 2746/5406/16 2738/5398/16 2739/5399/16 2741/5401/16
f 1482/3032/11 1483/3035/11 1477/3023/11 1476/3020/11
f 2740/5400/16 2742/5402/16 2743/5403/16 2745/5405/16
f 2741/5401/16 2739/5399/16 2742/5402/16 2740/5400/16
f 1472/3012/11 1473/3014/11 1483/3035/11 1482/3032/11
f 2737/5397/98 2748/5408/98 2749/5409/98 2747/5407/98
f 1496/3060/11 1497/3062/11 1487/3042/11 1486/3040/11
f 2747/5407/16 2749/5409/16 2738/5398/16 2746/5406/16
f 1486/3040/11 1487/3042/11 1491/3050/11 1490/3048/11
f 1476/3020/11 1477/3023/11 1493/3054/11 1492/3052/11
f 2745/5405/16 2743/5403/16 2734/5390/16 2744/5404/16
f 1441/2960/99 1440/2958/99 1497/3062/99 1496/3060/99
f 2720/5368/100 1442/2962/100 2748/5408/100 2737/5397/100
f 1526/3112/51 2750/5410/51 1569/3190/51 1570/3191/51
f 1524/3108/52 2918/5603/52 3080/5765/52 3081/5766/52 3059/5744/52 3060/5745/52 3061/5746/52 3062/5747/52 3063/5748/52 3064/5749/52 3065/5750/52 3066/5751/52 3067/5752/52 3068/5753/52 3069/5754/52 3070/5755/52 3071/5756/52 3072/5757/52 3073/5758/52 1571/3194/52 1568/3187/52
f 1522/3104/52 1523/3107/52 2970/5655/52 2971/5656/52 2972/5657/52 2973/5658/52 2974/5659/52 2975/5660/52 2976/5661/52 2959/5644/52 2960/5645/52 2961/5646/52 2962/5647/52 2963/5648/52 2914/5599/52 1504/3075/52
f 2763/5435/51 1521/3103/51 1507/3080/51 1506/3079/51
f 1514/3090/52 2910/5595/52 3048/5733/52 3049/5734/52 3050/5735/52 3043/5728/52 3044/5729/52 3045/5730/52 3034/5719/52 3035/5720/52 3036/5721/52 1508/3082/52
f 1512/3087/51 1513/3088/51 1511/3086/51 1510/3085/51
f 1506/3079/51 1507/3080/51 1513/3088/51 1512/3087/51
f 1504/3075/52 2914/5599/52 3021/5706/52 3022/5707/52 3023/5708/52 3018/5703/52 3003/5688/52 3002/5687/52 3001/5686/52 3000/5685/52 2999/5684/52 2998/5683/52 2997/5682/52 2996/5681/52 2995/5680/52 2994/5679/52 2993/5678/52 2992/5677/52 2991/5676/52 2990/5675/52 2989/5674/52 2988/5673/52 2985/5670/52 2986/5671/52 2987/5672/52 2910/5595/52 1514/3090/52
f 2753/5417/101 2765/5437/101 2766/5438/101 2764/5436/101
f 1528/3116/52 1529/3117/52 1519/3100/52 1518/3098/52
f 2764/5436/51 2766/5438/51 1521/3103/51 2763/5435/51
f 1518/3098/52 1519/3100/52 1523/3107/52 1522/3104/52
f 1508/3082/52 2908/5593/52 2936/5621/52 2937/5622/52 2938/5623/52 2952/5637/52 2951/5636/52 2950/5635/52 2949/5634/52 2955/5640/52 2945/5630/52 2946/5631/52 2947/5632/52 2920/5605/52 2919/5604/52 2948/5633/52 2939/5624/52 2918/5603/52 1524/3108/52
f 1510/3085/51 1511/3086/51 2750/5410/51 1526/3112/51
f 1501/3071/52 1500/3068/52 1529/3117/52 1528/3116/52
f 2754/5418/102 1502/3072/102 2765/5437/102 2753/5417/102
f 1554/3163/51 1574/3199/51 1573/3198/51 1555/3164/51
f 1552/3159/52 1572/3195/52 1575/3201/52 1553/3161/52
f 1550/3155/52 1532/3123/52 1533/3125/52 1551/3157/52
f 1548/3152/51 1534/3127/51 2773/5452/51 2772/5451/51
f 1542/3141/52 1536/3130/52 1537/3132/52 1543/3143/52
f 2774/5453/51 2779/5461/51 1539/3136/51 2776/5456/51
f 1534/3127/51 2774/5453/51 2776/5456/51 2773/5452/51
f 1532/3123/52 1542/3141/52 1543/3143/52 1533/3125/52
f 1558/3169/103 1544/3145/103 2783/5468/103 1559/3170/103
f 1556/3165/52 1546/3148/52 1547/3150/52 1557/3167/52
f 1544/3145/51 1548/3152/51 2772/5451/51 2783/5468/51
f 1546/3148/52 1550/3155/52 1551/3157/52 1547/3150/52
f 1536/3130/52 1552/3159/52 1553/3161/52 1537/3132/52
f 2779/5461/51 1554/3163/51 1555/3164/51 1539/3136/51
f 1501/3071/52 1556/3165/52 1557/3167/52 1500/3068/52
f 2754/5418/104 1558/3169/104 1559/3170/104 1502/3072/104
f 444/861/29 405/785/29 1472/3013/29 1482/3033/29
f 1029/2093/32 931/1883/32 1572/3196/32 1552/3160/32
f 410/794/25 446/865/25 1481/3030/25 1475/3018/25
f 214/376/29 100/143/29 1560/3172/29 1464/3000/29
f 937/1900/31 1031/2097/31 2768/5441/31 2769/5443/31
f 484/943/20 457/887/20 1484/3036/20 1488/3044/20
f 112/170/25 216/380/25 2716/5358/25 2717/5360/25
f 940/1910/5 937/1901/5 2769/5444/5 2770/5447/5
f 458/889/14 485/945/14 1491/3051/14 1487/3043/14
f 115/180/4 112/171/4 2717/5361/4 2718/5364/4
f 671/1340/105 1049/2132/105 2771/5449/105 1503/3073/105
f 461/894/29 512/995/29 1496/3061/29 1486/3041/29
f 116/181/106 234/414/106 2719/5366/106 1443/2963/106
f 931/1884/5 945/1925/5 1575/3202/5 1572/3197/5
f 514/1000/25 463/898/25 1485/3038/25 1499/3066/25
f 100/144/4 122/199/4 1563/3178/4 1560/3173/4
f 1050/2133/107 674/1347/107 1500/3069/107 1557/3168/107
f 471/917/29 461/894/29 1486/3041/29 1490/3049/29
f 235/417/108 119/190/108 1440/2959/108 1469/3008/108
f 1013/2062/32 951/1938/32 1532/3124/32 1550/3156/32
f 463/898/25 473/921/25 1489/3046/25 1485/3038/25
f 197/344/29 131/216/29 1444/2966/29 1462/2996/29
f 956/1947/31 1015/2066/31 1549/3153/31 1535/3128/31
f 413/800/20 484/943/20 1488/3044/20 1474/3016/20
f 136/225/25 199/348/25 2721/5369/25 1447/2970/25
f 959/1953/24 985/2004/24 1540/3137/24 2775/5454/24
f 485/945/14 414/802/14 1473/3015/14 1491/3051/14
f 139/231/20 166/283/20 1452/2979/20 2724/5373/20
f 986/2006/22 960/1955/22 1533/3126/22 1543/3144/22
f 488/950/29 420/814/29 1476/3021/29 1492/3053/29
f 167/285/14 140/233/14 1445/2968/14 1455/2986/14
f 988/2010/32 965/1965/32 1536/3131/32 1542/3142/32
f 422/818/25 490/954/25 1495/3058/25 1479/3026/25
f 170/290/29 146/244/29 1448/2973/29 1454/2984/29
f 967/1969/31 990/2014/31 1541/3139/31 2777/5457/31
f 393/756/20 501/977/20 1494/3056/20 2736/5395/20
f 148/248/25 172/294/25 1453/2981/25 2726/5376/25
f 978/1992/24 1042/2120/24 2778/5459/24 1538/3134/24
f 502/979/14 398/771/14 1567/3186/14 1493/3055/14
f 159/271/20 227/403/20 2727/5378/20 1450/2976/20
f 1043/2122/22 979/1994/22 1537/3133/22 1553/3162/22
f 457/887/20 508/988/20 1498/3064/20 1484/3036/20
f 228/405/14 160/273/14 1449/2975/14 1465/3002/14
f 985/2004/24 978/1992/24 1538/3134/24 1540/3137/24
f 509/991/14 458/889/14 1487/3043/14 1497/3063/14
f 166/283/20 159/271/20 1450/2976/20 1452/2979/20
f 979/1994/22 986/2006/22 1543/3144/22 1537/3133/22
f 512/995/109 101/145/109 1441/2961/109 1496/3061/109
f 160/273/14 167/285/14 1455/2986/14 1449/2975/14
f 951/1938/32 988/2010/32 1542/3142/32 1532/3124/32
f 111/168/110 514/1000/110 1499/3066/110 2733/5388/110
f 131/216/29 170/290/29 1454/2984/29 1444/2966/29
f 990/2014/31 956/1947/31 1535/3128/31 1541/3139/31
f 655/1301/32 763/1533/32 1524/3109/32 1568/3188/32
f 172/294/25 136/225/25 1447/2970/25 1453/2981/25
f 1001/2035/24 1026/2087/24 2780/5462/24 2781/5464/24
f 765/1537/31 667/1328/31 2751/5411/31 1527/3113/31
f 183/315/20 210/369/20 2729/5381/20 2730/5383/20
f 1027/2089/22 1002/2037/22 1547/3151/22 1551/3158/22
f 667/1329/4 670/1338/4 2752/5415/4 2751/5412/4
f 211/371/14 184/317/14 1459/2992/14 1463/2998/14
f 1052/2137/32 1004/2041/32 1546/3149/32 1556/3166/32
f 783/1572/111 671/1340/111 1503/3073/111 1530/3119/111
f 238/421/29 187/322/29 1458/2990/29 1468/3006/29
f 1006/2045/31 1054/2142/31 2782/5466/31 1545/3146/31
f 677/1357/4 655/1302/4 1568/3189/4 1571/3193/4
f 189/326/25 240/426/25 1471/3010/25 2732/5386/25
f 1004/2041/32 1013/2062/32 1550/3156/32 1546/3149/32
f 674/1347/112 784/1573/112 1529/3118/112 1500/3069/112
f 187/322/29 197/344/29 1462/2996/29 1458/2990/29
f 1015/2066/31 1006/2045/31 1545/3146/31 1549/3153/31
f 685/1373/32 747/1501/32 1522/3105/32 1504/3076/32
f 1578/3209/6 1579/3211/6 1712/3491/6 1727/3506/6
f 1608/3272/3 1609/3274/3 1734/3513/3 1736/3515/3
f 1614/3286/3 1631/3321/3 1770/3549/3 1743/3522/3
f 1576/3203/5 1577/3206/5 1773/3553/5 1772/3551/5
f 1607/3270/6 1606/3268/6 1737/3516/6 1735/3514/6
f 1630/3319/6 1613/3284/6 1742/3521/6 1771/3550/6
f 1605/3265/3 1600/3255/3 1732/3511/3 1730/3509/3
f 1628/3313/4 1629/3316/4 1779/3565/4 1778/3563/4
f 1598/3251/6 1603/3261/6 1731/3510/6 1733/3512/6
f 1627/3311/3 1615/3288/3 1756/3535/3 1750/3529/3
f 1604/3264/3 1605/3265/3 1730/3509/3 1738/3517/3
f 1612/3282/6 1625/3307/6 1751/3530/6 1757/3536/6
f 1603/3261/6 1602/3260/6 1739/3518/6 1731/3510/6
f 1610/3275/3 1622/3301/3 1754/3533/3 1776/3559/3
f 1600/3255/3 1601/3258/3 1728/3507/3 1732/3511/3
f 1620/3298/6 1611/3278/6 1777/3561/6 1755/3534/6
f 1599/3254/6 1598/3251/6 1733/3512/6 1729/3508/6
f 1619/3296/3 1626/3309/3 1752/3531/3 1744/3523/3
f 1597/3250/3 1649/3360/3 1713/3492/3 1740/3519/3
f 1624/3305/6 1617/3292/6 1745/3524/6 1753/3532/6
f 1579/3211/6 1596/3248/6 1741/3520/6 1712/3491/6
f 1626/3309/3 1627/3311/3 1750/3529/3 1752/3531/3
f 1595/3244/4 1594/3241/4 1774/3555/4 1775/3557/4
f 1625/3307/6 1624/3305/6 1753/3532/6 1751/3530/6
f 1581/3216/3 1593/3240/3 1720/3499/3 1726/3505/3
f 1623/3303/3 1618/3294/3 1748/3527/3 1746/3525/3
f 1591/3236/6 1578/3209/6 1727/3506/6 1721/3500/6
f 1616/3290/6 1621/3300/6 1747/3526/6 1749/3528/6
f 1631/3321/3 1643/3346/3 1764/3543/3 1770/3549/3
f 1588/3230/3 1576/3204/3 1772/3552/3 1724/3503/3
f 1622/3301/3 1623/3303/3 1746/3525/3 1754/3533/3
f 1641/3342/6 1630/3319/6 1771/3550/6 1765/3544/6
f 1396/2878/23 1380/2848/23 1679/3422/23 1688/3441/23
f 1429/2939/23 1420/2923/23 1700/3467/23 1705/3477/23
f 1359/2811/28 1370/2831/28 1676/3415/28 1669/3401/28
f 1382/2853/13 1398/2882/13 1690/3445/13 1678/3419/13
f 1433/2947/23 1413/2910/23 1698/3463/23 1709/3485/23
f 1422/2927/13 1431/2943/13 1707/3481/13 1702/3471/13
f 1415/2914/13 1435/2951/13 1711/3489/13 1699/3465/13
f 1428/2937/23 1429/2939/23 1705/3477/23 1704/3475/23
f 1401/2888/23 1400/2886/23 1692/3449/23 1693/3451/23
f 1412/2908/23 1428/2937/23 1704/3475/23 1697/3461/23
f 1431/2943/13 1430/2941/13 1706/3479/13 1707/3481/13
f 1402/2890/13 1403/2892/13 1695/3455/13 1694/3453/13
f 1430/2941/13 1414/2912/13 1696/3458/13 1706/3479/13
f 1369/2829/10 1368/2827/10 1674/3411/10 1675/3413/10
f 1380/2849/4 1382/2854/4 1678/3420/4 1679/3423/4
f 1370/2831/28 1371/2833/28 1677/3417/28 1676/3415/28
f 1432/2945/23 1433/2947/23 1709/3485/23 1708/3483/23
f 1348/2788/5 1350/2793/5 1662/3385/5 1663/3388/5
f 1435/2951/13 1434/2949/13 1710/3487/13 1711/3489/13
f 1349/2791/10 1369/2829/10 1675/3413/10 1664/3391/10
f 1364/2819/10 1348/2789/10 1663/3389/10 1670/3403/10
f 1333/2762/10 1324/2746/10 1650/3361/10 1655/3371/10
f 1357/2807/10 1356/2805/10 1666/3395/10 1667/3397/10
f 1332/2760/10 1333/2762/10 1655/3371/10 1654/3369/10
f 1371/2833/28 1351/2797/28 1665/3393/28 1677/3417/28
f 1350/2794/28 1366/2823/28 1672/3407/28 1662/3386/28
f 1326/2750/28 1335/2766/28 1657/3375/28 1652/3365/28
f 1358/2809/28 1359/2811/28 1669/3401/28 1668/3399/28
f 1335/2766/28 1334/2764/28 1656/3373/28 1657/3375/28
f 1317/2733/113 234/415/113 116/182/113 508/989/113 1349/2792/113
f 1318/2735/4 1316/2730/4 1645/3351/4 1644/3348/4
f 1325/2748/10 1336/2768/10 1658/3377/10 1651/3363/10
f 1338/2772/28 1327/2752/28 1653/3367/28 1660/3381/28
f 1577/3207/2 1576/3205/2 1644/3349/2 1645/3352/2
f 1579/3212/2 1578/3210/2 1646/3354/2 1647/3356/2
f 1581/3215/2 1649/3359/2 1580/3214/2 1648/3358/2
f 1583/3219/2 1582/3217/2 1650/3362/2 1651/3364/2
f 1584/3221/2 1585/3223/2 1653/3368/2 1652/3366/2
f 1587/3227/2 1586/3225/2 1654/3370/2 1655/3372/2
f 1588/3229/2 1589/3231/2 1657/3376/2 1656/3374/2
f 1582/3217/2 1587/3227/2 1655/3372/2 1650/3362/2
f 1589/3231/2 1584/3221/2 1652/3366/2 1657/3376/2
f 1591/3235/2 1590/3233/2 1658/3378/2 1659/3380/2
f 1592/3237/2 1593/3239/2 1661/3384/2 1660/3382/2
f 1590/3233/2 1583/3219/2 1651/3364/2 1658/3378/2
f 1585/3223/2 1592/3237/2 1660/3382/2 1653/3368/2
f 1586/3225/2 1577/3207/2 1645/3352/2 1654/3370/2
f 1576/3205/2 1588/3229/2 1656/3374/2 1644/3349/2
f 1578/3210/2 1591/3235/2 1659/3380/2 1646/3354/2
f 1593/3239/2 1581/3215/2 1648/3358/2 1661/3384/2
f 1594/3242/2 1595/3245/2 1663/3390/2 1662/3387/2
f 1596/3247/2 1579/3212/2 1647/3356/2 1664/3392/2
f 1649/3359/2 1597/3249/2 1665/3394/2 1580/3214/2
f 1598/3252/2 1599/3253/2 1667/3398/2 1666/3396/2
f 1601/3257/2 1600/3256/2 1668/3400/2 1669/3402/2
f 1602/3259/2 1603/3262/2 1671/3406/2 1670/3404/2
f 1605/3266/2 1604/3263/2 1672/3408/2 1673/3410/2
f 1603/3262/2 1598/3252/2 1666/3396/2 1671/3406/2
f 1600/3256/2 1605/3266/2 1673/3410/2 1668/3400/2
f 1606/3267/2 1607/3269/2 1675/3414/2 1674/3412/2
f 1609/3273/2 1608/3271/2 1676/3416/2 1677/3418/2
f 1599/3253/2 1606/3267/2 1674/3412/2 1667/3398/2
f 1608/3271/2 1601/3257/2 1669/3402/2 1676/3416/2
f 1595/3245/2 1602/3259/2 1670/3404/2 1663/3390/2
f 1604/3263/2 1594/3242/2 1662/3387/2 1672/3408/2
f 1607/3269/2 1596/3247/2 1664/3392/2 1675/3414/2
f 1597/3249/2 1609/3273/2 1677/3418/2 1665/3394/2
f 1610/3276/1 1611/3279/1 1679/3424/1 1678/3421/1
f 1612/3281/1 1613/3283/1 1681/3428/1 1680/3426/1
f 1614/3285/1 1615/3287/1 1682/3430/1 1683/3432/1
f 1616/3289/1 1617/3291/1 1685/3436/1 1684/3434/1
f 1619/3295/1 1618/3293/1 1686/3438/1 1687/3440/1
f 1620/3297/1 1621/3299/1 1689/3444/1 1688/3442/1
f 1623/3304/1 1622/3302/1 1690/3446/1 1691/3448/1
f 1621/3299/1 1616/3289/1 1684/3434/1 1689/3444/1
f 1618/3293/1 1623/3304/1 1691/3448/1 1686/3438/1
f 1624/3306/1 1625/3308/1 1693/3452/1 1692/3450/1
f 1627/3312/1 1626/3310/1 1694/3454/1 1695/3456/1
f 1617/3291/1 1624/3306/1 1692/3450/1 1685/3436/1
f 1626/3310/1 1619/3295/1 1687/3440/1 1694/3454/1
f 1611/3279/1 1620/3297/1 1688/3442/1 1679/3424/1
f 1622/3302/1 1610/3276/1 1678/3421/1 1690/3446/1
f 1625/3308/1 1612/3281/1 1680/3426/1 1693/3452/1
f 1615/3287/1 1627/3312/1 1695/3456/1 1682/3430/1
f 1629/3317/1 1628/3314/1 1696/3459/1 1697/3462/1
f 1613/3283/1 1630/3320/1 1698/3464/1 1681/3428/1
f 1631/3322/1 1614/3285/1 1683/3432/1 1699/3466/1
f 1633/3325/1 1632/3323/1 1700/3468/1 1701/3470/1
f 1634/3327/1 1635/3329/1 1703/3474/1 1702/3472/1
f 1637/3333/1 1636/3331/1 1704/3476/1 1705/3478/1
f 1638/3335/1 1639/3337/1 1707/3482/1 1706/3480/1
f 1632/3323/1 1637/3333/1 1705/3478/1 1700/3468/1
f 1639/3337/1 1634/3327/1 1702/3472/1 1707/3482/1
f 1641/3341/1 1640/3339/1 1708/3484/1 1709/3486/1
f 1642/3343/1 1643/3345/1 1711/3490/1 1710/3488/1
f 1640/3339/1 1633/3325/1 1701/3470/1 1708/3484/1
f 1635/3329/1 1642/3343/1 1710/3488/1 1703/3474/1
f 1636/3331/1 1629/3317/1 1697/3462/1 1704/3476/1
f 1628/3314/1 1638/3335/1 1706/3480/1 1696/3459/1
f 1630/3320/1 1641/3341/1 1709/3486/1 1698/3464/1
f 1643/3345/1 1631/3322/1 1699/3466/1 1711/3490/1
f 1632/3324/6 1633/3326/6 1759/3538/6 1763/3542/6
f 1606/3268/6 1599/3254/6 1729/3508/6 1737/3516/6
f 1649/3360/3 1581/3216/3 1726/3505/3 1713/3492/3
f 1635/3330/3 1634/3328/3 1762/3541/3 1758/3537/3
f 1601/3258/3 1608/3272/3 1736/3515/3 1728/3507/3
f 1582/3218/6 1583/3220/6 1715/3494/6 1719/3498/6
f 1636/3332/6 1637/3334/6 1761/3540/6 1769/3548/6
f 1602/3260/6 1595/3246/6 1775/3558/6 1739/3518/6
f 1585/3224/3 1584/3222/3 1718/3497/3 1714/3493/3
f 1639/3338/3 1638/3336/3 1768/3547/3 1760/3539/3
f 1594/3243/3 1604/3264/3 1738/3517/3 1774/3556/3
f 1586/3226/6 1587/3228/6 1717/3496/6 1725/3504/6
f 1637/3334/6 1632/3324/6 1763/3542/6 1761/3540/6
f 1596/3248/6 1607/3270/6 1735/3514/6 1741/3520/6
f 1589/3232/3 1588/3230/3 1724/3503/3 1716/3495/3
f 1634/3328/3 1639/3338/3 1760/3539/3 1762/3541/3
f 1609/3274/3 1597/3250/3 1740/3519/3 1734/3513/3
f 1587/3228/6 1582/3218/6 1719/3498/6 1717/3496/6
f 1640/3340/6 1641/3342/6 1765/3544/6 1767/3546/6
f 1611/3280/5 1610/3277/5 1776/3560/5 1777/3562/5
f 1584/3222/3 1589/3232/3 1716/3495/3 1718/3497/3
f 1643/3346/3 1642/3344/3 1766/3545/3 1764/3543/3
f 1613/3284/6 1612/3282/6 1757/3536/6 1742/3521/6
f 1590/3234/6 1591/3236/6 1721/3500/6 1723/3502/6
f 1633/3326/6 1640/3340/6 1767/3546/6 1759/3538/6
f 1615/3288/3 1614/3286/3 1743/3522/3 1756/3535/3
f 1593/3240/3 1592/3238/3 1722/3501/3 1720/3499/3
f 1642/3344/3 1635/3330/3 1758/3537/3 1766/3545/3
f 1617/3292/6 1616/3290/6 1749/3528/6 1745/3524/6
f 1583/3220/6 1590/3234/6 1723/3502/6 1715/3494/6
f 1629/3318/6 1636/3332/6 1769/3548/6 1779/3566/6
f 1618/3294/3 1619/3296/3 1744/3523/3 1748/3527/3
f 1592/3238/3 1585/3224/3 1714/3493/3 1722/3501/3
f 1638/3336/3 1628/3315/3 1778/3564/3 1768/3547/3
f 1621/3300/6 1620/3298/6 1755/3534/6 1747/3526/6
f 1577/3208/6 1586/3226/6 1725/3504/6 1773/3554/6
f 257/465/27 256/462/27 1780/3569/27 1781/3571/27
f 260/475/27 254/457/27 1782/3575/27 1783/3578/27
f 530/1037/27 531/1041/27 1785/3583/27 1784/3581/27
f 528/1031/27 534/1049/27 1787/3590/27 1786/3587/27
f 804/1618/49 805/1621/49 1789/3595/49 1788/3593/49
f 802/1612/49 808/1630/49 1791/3602/49 1790/3599/49
f 1071/2182/49 1070/2179/49 1792/3605/49 1793/3607/49
f 1074/2190/49 1068/2173/49 1794/3611/49 1795/3614/49
f 808/1630/49 1201/2457/49 1796/3618/49 1791/3602/49
f 1205/2469/49 802/1612/49 1790/3599/49 1797/3622/49
f 1198/2449/27 260/475/27 1783/3578/27 1798/3626/27
f 1200/2455/6 1199/2452/6 1799/3629/6 1800/3632/6
f 254/457/27 1202/2461/27 1801/3636/27 1782/3575/27
f 1203/2464/6 1204/2467/6 1803/3642/6 1802/3639/6
f 1201/2457/49 1205/2469/49 1797/3622/49 1796/3618/49
f 1204/2467/6 1200/2455/6 1800/3632/6 1803/3642/6
f 1199/2452/6 1203/2464/6 1802/3639/6 1799/3629/6
f 1202/2461/27 1198/2449/27 1798/3626/27 1801/3636/27
f 256/462/27 1221/2513/27 1804/3646/27 1780/3569/27
f 805/1621/49 1209/2481/49 1805/3650/49 1789/3595/49
f 1206/2472/27 257/465/27 1781/3571/27 1806/3654/27
f 1208/2478/6 1207/2475/6 1807/3656/6 1808/3659/6
f 1218/2504/49 804/1618/49 1788/3593/49 1809/3664/49
f 1220/2510/6 1219/2507/6 1810/3667/6 1811/3670/6
f 1209/2481/49 1218/2504/49 1809/3664/49 1805/3650/49
f 1219/2507/6 1208/2478/6 1808/3659/6 1810/3667/6
f 1207/2475/6 1220/2510/6 1811/3670/6 1807/3656/6
f 1221/2513/27 1206/2472/27 1806/3654/27 1804/3646/27
f 531/1041/27 1225/2526/27 1812/3674/27 1785/3583/27
f 1070/2179/49 1237/2558/49 1813/3677/49 1792/3605/49
f 1222/2517/49 1071/2182/49 1793/3607/49 1814/3682/49
f 1224/2522/6 1223/2519/6 1815/3685/6 1816/3688/6
f 1234/2548/27 530/1037/27 1784/3581/27 1817/3691/27
f 1236/2554/6 1235/2551/6 1818/3695/6 1819/3698/6
f 1237/2558/49 1222/2517/49 1814/3682/49 1813/3677/49
f 1223/2519/6 1236/2554/6 1819/3698/6 1815/3685/6
f 1235/2551/6 1224/2522/6 1816/3688/6 1818/3695/6
f 1225/2526/27 1234/2548/27 1817/3691/27 1812/3674/27
f 1253/2601/27 528/1031/27 1786/3587/27 1820/3702/27
f 1249/2590/49 1074/2190/49 1795/3614/49 1821/3706/49
f 534/1049/27 1246/2580/27 1822/3710/27 1787/3590/27
f 1247/2583/6 1248/2586/6 1824/3716/6 1823/3713/6
f 1068/2173/49 1250/2594/49 1825/3720/49 1794/3611/49
f 1251/2596/6 1252/2599/6 1827/3726/6 1826/3723/6
f 1250/2594/49 1249/2590/49 1821/3706/49 1825/3720/49
f 1248/2586/6 1251/2596/6 1826/3723/6 1824/3716/6
f 1252/2599/6 1247/2583/6 1823/3713/6 1827/3726/6
f 1246/2580/27 1253/2601/27 1820/3702/27 1822/3710/27
f 805/1622/114 804/1619/114 1884/3799/114 1885/3802/114
f 1223/2520/4 1224/2523/4 1912/3883/4 1911/3880/4
f 1221/2514/4 256/463/4 1876/3775/4 1900/3847/4
f 1251/2597/1 1248/2587/1 1920/3907/1 1922/3914/1
f 808/1631/114 802/1613/114 1886/3805/114 1887/3808/114
f 530/1038/5 1234/2549/5 1913/3886/5 1880/3788/5
f 1209/2482/5 805/1623/5 1885/3803/5 1901/3850/5
f 1247/2584/2 1252/2600/2 1923/3917/2 1919/3904/2
f 1070/2180/114 1071/2183/114 1889/3815/114 1888/3812/114
f 1235/2552/5 1236/2555/5 1915/3892/5 1914/3889/5
f 257/466/5 1206/2473/5 1902/3853/5 1877/3778/5
f 1253/2602/78 1246/2581/78 1918/3901/78 1916/3895/78
f 1068/2174/114 1074/2191/114 1891/3820/114 1890/3818/114
f 1222/2518/77 1237/2559/77 1909/3875/77 1910/3878/77
f 1207/2476/5 1208/2479/5 1904/3859/5 1903/3856/5
f 1201/2458/5 808/1632/5 1887/3809/5 1892/3823/5
f 1236/2556/1 1223/2521/1 1911/3881/1 1915/3893/1
f 804/1620/4 1218/2505/4 1905/3862/4 1884/3800/4
f 802/1614/4 1205/2470/4 1893/3826/4 1886/3806/4
f 1224/2524/2 1235/2553/2 1914/3890/2 1912/3884/2
f 1219/2508/4 1220/2511/4 1907/3868/4 1906/3865/4
f 260/476/5 1198/2450/5 1894/3830/5 1879/3785/5
f 1234/2550/78 1225/2527/78 1908/3872/78 1913/3887/78
f 1218/2506/77 1209/2483/77 1901/3851/77 1905/3863/77
f 1199/2453/5 1200/2456/5 1896/3836/5 1895/3833/5
f 528/1032/5 1253/2603/5 1916/3896/5 1882/3794/5
f 1208/2480/1 1219/2509/1 1906/3866/1 1904/3860/1
f 1202/2462/4 254/458/4 1878/3782/4 1897/3839/4
f 1074/2192/4 1249/2591/4 1917/3899/4 1891/3821/4
f 1220/2512/2 1207/2477/2 1903/3857/2 1907/3869/2
f 1204/2468/4 1203/2465/4 1898/3842/4 1899/3845/4
f 1246/2582/4 534/1050/4 1883/3797/4 1918/3902/4
f 256/464/86 257/467/86 1877/3779/86 1876/3776/86
f 1206/2474/78 1221/2515/78 1900/3848/78 1902/3854/78
f 1205/2471/77 1201/2459/77 1892/3824/77 1893/3827/77
f 1248/2588/4 1247/2585/4 1919/3905/4 1920/3908/4
f 1829/3728/27 1828/3727/27 1876/3777/27 1877/3780/27
f 1831/3730/27 1830/3729/27 1878/3783/27 1879/3786/27
f 1832/3731/27 1833/3732/27 1881/3792/27 1880/3789/27
f 1834/3733/27 1835/3734/27 1883/3798/27 1882/3795/27
f 1836/3735/49 1837/3736/49 1885/3804/49 1884/3801/49
f 1838/3737/49 1839/3738/49 1887/3810/49 1886/3807/49
f 1841/3740/49 1840/3739/49 1888/3813/49 1889/3816/49
f 1843/3742/49 1842/3741/49 1890/3819/49 1891/3822/49
f 1839/3738/49 1844/3743/49 1892/3825/49 1887/3810/49
f 1845/3744/49 1838/3737/49 1886/3807/49 1893/3828/49
f 1846/3745/27 1831/3730/27 1879/3786/27 1894/3831/27
f 1848/3747/6 1847/3746/6 1895/3834/6 1896/3837/6
f 1830/3729/27 1849/3748/27 1897/3840/27 1878/3783/27
f 1850/3749/6 1851/3750/6 1899/3846/6 1898/3843/6
f 1844/3743/49 1845/3744/49 1893/3828/49 1892/3825/49
f 1851/3750/6 1848/3747/6 1896/3837/6 1899/3846/6
f 1847/3746/6 1850/3749/6 1898/3843/6 1895/3834/6
f 1849/3748/27 1846/3745/27 1894/3831/27 1897/3840/27
f 1828/3727/27 1852/3751/27 1900/3849/27 1876/3777/27
f 1837/3736/49 1853/3752/49 1901/3852/49 1885/3804/49
f 1854/3753/27 1829/3728/27 1877/3780/27 1902/3855/27
f 1856/3755/6 1855/3754/6 1903/3858/6 1904/3861/6
f 1857/3756/49 1836/3735/49 1884/3801/49 1905/3864/49
f 1859/3758/6 1858/3757/6 1906/3867/6 1907/3870/6
f 1853/3752/49 1857/3756/49 1905/3864/49 1901/3852/49
f 1858/3757/6 1856/3755/6 1904/3861/6 1906/3867/6
f 1855/3754/6 1859/3758/6 1907/3870/6 1903/3858/6
f 1852/3751/27 1854/3753/27 1902/3855/27 1900/3849/27
f 1833/3732/27 1860/3759/27 1908/3873/27 1881/3792/27
f 1840/3739/49 1861/3760/49 1909/3876/49 1888/3813/49
f 1862/3761/49 1841/3740/49 1889/3816/49 1910/3879/49
f 1864/3763/6 1863/3762/6 1911/3882/6 1912/3885/6
f 1865/3764/27 1832/3731/27 1880/3789/27 1913/3888/27
f 1867/3766/6 1866/3765/6 1914/3891/6 1915/3894/6
f 1861/3760/49 1862/3761/49 1910/3879/49 1909/3876/49
f 1863/3762/6 1867/3766/6 1915/3894/6 1911/3882/6
f 1866/3765/6 1864/3763/6 1912/3885/6 1914/3891/6
f 1860/3759/27 1865/3764/27 1913/3888/27 1908/3873/27
f 1868/3767/27 1834/3733/27 1882/3795/27 1916/3897/27
f 1869/3768/49 1843/3742/49 1891/3822/49 1917/3900/49
f 1835/3734/27 1870/3769/27 1918/3903/27 1883/3798/27
f 1871/3770/6 1872/3771/6 1920/3909/6 1919/3906/6
f 1842/3741/49 1873/3772/49 1921/3912/49 1890/3819/49
f 1874/3773/6 1875/3774/6 1923/3918/6 1922/3915/6
f 1873/3772/49 1869/3768/49 1917/3900/49 1921/3912/49
f 1872/3771/6 1874/3773/6 1922/3915/6 1920/3909/6
f 1875/3774/6 1871/3770/6 1919/3906/6 1923/3918/6
f 1870/3769/27 1868/3767/27 1916/3897/27 1918/3903/27
f 94/130/3 213/373/3 1924/3920/3 2327/4540/3
f 1312/2723/3 1313/2725/3 2326/4538/3 1926/3925/3
f 1313/2725/3 94/130/3 2327/4540/3 2326/4538/3
f 129/212/3 196/341/3 1928/3930/3 1929/3932/3
f 1320/2739/3 1321/2741/3 1931/3936/3 1930/3934/3
f 145/241/3 169/287/3 1932/3938/3 1933/3940/3
f 1328/2753/3 1329/2755/3 1935/3944/3 1934/3942/3
f 169/287/3 129/212/3 1929/3932/3 1932/3938/3
f 1321/2741/3 1328/2753/3 1934/3942/3 1931/3936/3
f 186/319/3 237/419/3 1936/3946/3 1937/3948/3
f 1340/2775/3 1341/2777/3 1939/3952/3 1938/3950/3
f 196/341/3 186/319/3 1937/3948/3 1928/3930/3
f 1341/2777/3 1320/2739/3 1930/3934/3 1939/3952/3
f 213/373/3 145/241/3 1933/3940/3 1924/3920/3
f 1329/2755/3 1312/2723/3 1926/3925/3 1935/3944/3
f 237/419/3 1940/3953/3 97/137/3 1936/3946/3
f 101/146/11 512/996/11 1956/3987/11 1938/3949/11 238/422/11
f 487/947/3 381/722/3 2329/4544/3 1942/3958/3
f 1345/2785/3 1344/2781/3 1944/3963/3 2328/4542/3
f 381/722/3 1345/2785/3 2328/4542/3 2329/4544/3
f 470/915/3 403/782/3 1947/3970/3 1946/3968/3
f 1353/2801/3 1352/2798/3 1948/3972/3 1949/3974/3
f 443/859/3 419/811/3 1951/3978/3 1950/3976/3
f 1361/2814/3 1360/2813/3 1952/3980/3 1953/3982/3
f 403/782/3 443/859/3 1950/3976/3 1947/3970/3
f 1360/2813/3 1353/2801/3 1949/3974/3 1952/3980/3
f 511/993/3 460/892/3 1955/3986/3 1954/3984/3
f 1373/2836/3 1372/2834/3 1956/3988/3 1957/3990/3
f 460/892/3 470/915/3 1946/3968/3 1955/3986/3
f 1352/2798/3 1373/2836/3 1957/3990/3 1948/3972/3
f 419/811/3 487/947/3 1942/3958/3 1951/3978/3
f 1344/2781/3 1361/2814/3 1953/3982/3 1944/3963/3
f 1940/3953/3 511/993/3 1954/3984/3 97/137/3
f 1941/3955/3 1340/2775/3 1938/3950/3 1956/3988/3 1372/2834/3
f 762/1530/3 651/1290/3 2330/4546/3 1958/3992/3
f 1377/2842/3 1376/2840/3 1960/3997/3 2325/4536/3
f 651/1290/3 1377/2842/3 2325/4536/3 2330/4546/3
f 746/1498/3 683/1369/3 1963/4004/3 1962/4002/3
f 1385/2859/3 1384/2857/3 1964/4006/3 1965/4008/3
f 721/1444/3 698/1398/3 1967/4012/3 1966/4010/3
f 1393/2873/3 1392/2871/3 1968/4014/3 1969/4016/3
f 683/1369/3 721/1444/3 1966/4010/3 1963/4004/3
f 1392/2871/3 1385/2859/3 1965/4008/3 1968/4014/3
f 785/1576/3 737/1477/3 1971/4020/3 1970/4018/3
f 1405/2896/3 1404/2894/3 1972/4022/3 1973/4024/3
f 737/1477/3 746/1498/3 1962/4002/3 1971/4020/3
f 1384/2857/3 1405/2896/3 1973/4024/3 1964/4006/3
f 698/1398/3 762/1530/3 1958/3992/3 1967/4012/3
f 1376/2840/3 1393/2873/3 1969/4016/3 1960/3997/3
f 653/1295/3 785/1576/3 1970/4018/3 1974/4026/3
f 1975/4028/93 786/1578/93 1972/4021/93 1990/4059/93 1052/2138/93
f 929/1878/3 1028/2090/3 1976/4030/3 2333/4553/3
f 1408/2899/3 1409/2903/3 2332/4551/3 1978/4035/3
f 1409/2903/3 929/1878/3 2333/4553/3 2332/4551/3
f 949/1934/3 1012/2059/3 1980/4040/3 1981/4042/3
f 1416/2916/3 1417/2918/3 1983/4046/3 1982/4044/3
f 964/1962/3 987/2007/3 1984/4048/3 1985/4050/3
f 1424/2930/3 1425/2932/3 1987/4054/3 1986/4052/3
f 987/2007/3 949/1934/3 1981/4042/3 1984/4048/3
f 1417/2918/3 1424/2930/3 1986/4052/3 1983/4046/3
f 1003/2038/3 1051/2135/3 1988/4056/3 1989/4058/3
f 1436/2952/3 1437/2954/3 1991/4062/3 1990/4060/3
f 1012/2059/3 1003/2038/3 1989/4058/3 1980/4040/3
f 1437/2954/3 1416/2916/3 1982/4044/3 1991/4062/3
f 1028/2090/3 964/1962/3 1985/4050/3 1976/4030/3
f 1425/2932/3 1408/2899/3 1978/4035/3 1987/4054/3
f 1051/2135/3 653/1295/3 1974/4026/3 1988/4056/3
f 656/1304/3 1436/2952/3 1990/4060/3 1972/4022/3 1404/2894/3
f 1998/4069/115 1996/4067/115 2652/5223/115 2654/5227/115
f 2011/4082/116 2019/4090/116 2675/5269/116 2667/5252/116
f 2041/4112/115 2043/4114/115 2699/5317/115 2697/5313/115
f 1995/4066/116 2003/4074/116 2659/5237/116 2651/5221/116
f 2018/4089/115 2010/4081/115 2666/5250/115 2674/5267/115
f 2042/4113/116 2040/4111/116 2696/5311/116 2698/5315/116
f 2002/4073/115 1994/4065/115 2650/5219/115 2658/5235/115
f 2015/4086/116 2017/4088/116 2673/5264/116 2671/5260/116
f 2039/4110/115 2047/4118/115 2703/5325/115 2695/5309/115
f 2052/4124/4 2053/4126/4 2709/5337/4 2708/5334/4
f 2016/4087/115 2014/4085/115 2670/5258/115 2672/5262/115
f 2046/4117/116 2038/4109/116 2694/5307/116 2702/5323/116
f 2053/4125/116 2005/4076/116 2661/5241/116 2709/5338/116
f 2021/4092/116 2015/4086/116 2671/5260/116 2677/5273/116
f 2058/4135/5 2059/4137/5 2715/5355/5 2714/5352/5
f 2004/4075/115 2052/4123/115 2708/5335/115 2660/5239/115
f 2014/4085/115 2020/4091/115 2676/5271/115 2670/5258/115
f 2059/4138/115 2049/4120/115 2705/5329/115 2715/5356/115
f 2009/4080/116 2013/4084/116 2669/5256/116 2665/5248/116
f 2048/4119/116 2058/4136/116 2714/5353/116 2704/5327/116
f 2012/4083/115 2008/4079/115 2664/5246/115 2668/5254/115
f 2022/4093/115 2037/4108/115 2693/5305/115 2678/5275/115
f 2013/4084/116 2011/4082/116 2667/5252/116 2669/5256/116
f 2036/4107/116 2023/4094/116 2679/5277/116 2692/5303/116
f 2010/4081/115 2012/4083/115 2668/5254/115 2666/5250/115
f 2027/4098/115 2035/4106/115 2691/5301/115 2683/5285/115
f 2017/4088/116 2009/4080/116 2665/5248/116 2673/5264/116
f 2034/4105/116 2026/4097/116 2682/5283/116 2690/5299/116
f 2008/4079/115 2016/4087/115 2672/5262/115 2664/5246/115
f 2031/4102/115 2033/4104/115 2689/5297/115 2687/5293/115
f 2055/4129/5 2054/4127/5 2710/5340/5 2711/5343/5
f 2032/4103/116 2030/4101/116 2686/5291/116 2688/5295/116
f 94/131/4 1313/2726/4 2053/4126/4 2052/4124/4
f 1417/2919/2 1416/2917/2 2047/4118/2 2039/4110/2
f 1373/2837/1 1352/2799/1 2017/4088/1 2015/4086/1
f 196/342/2 129/213/2 1994/4065/2 2002/4073/2
f 987/2008/1 964/1963/1 2040/4111/1 2042/4113/1
f 487/948/2 419/812/2 2010/4081/2 2018/4089/2
f 1321/2742/1 1320/2740/1 2003/4074/1 1995/4066/1
f 1425/2933/2 1424/2931/2 2043/4114/2 2041/4112/2
f 1361/2815/1 1344/2782/1 2019/4090/1 2011/4082/1
f 169/288/2 145/242/2 1996/4067/2 1998/4069/2
f 949/1935/1 987/2008/1 2042/4113/1 2038/4109/1
f 511/994/2 1940/3954/2 1993/4064/2 2020/4091/2
f 1329/2756/1 1328/2754/1 1999/4070/1 1997/4068/1
f 1424/2931/2 1417/2919/2 2039/4110/2 2043/4114/2
f 1941/3956/1 1372/2835/1 2021/4092/1 1992/4063/1
f 129/213/2 169/288/2 1998/4069/2 1994/4065/2
f 1051/2136/1 1003/2039/1 2044/4115/1 2050/4121/1
f 651/1291/1 762/1531/1 2034/4105/1 2056/4131/1
f 1328/2754/1 1321/2742/1 1995/4066/1 1999/4070/1
f 1437/2955/2 1436/2953/2 2051/4122/2 2045/4116/2
f 1376/2841/2 1377/2843/2 2057/4133/2 2035/4106/2
f 237/420/2 186/320/2 2000/4071/2 2006/4077/2
f 1003/2039/1 1012/2060/1 2046/4117/1 2044/4115/1
f 1377/2844/4 651/1292/4 2056/4132/4 2057/4134/4
f 1341/2778/1 1340/2776/1 2007/4078/1 2001/4072/1
f 1416/2917/2 1437/2955/2 2045/4116/2 2047/4118/2
f 683/1370/1 746/1499/1 2032/4103/1 2024/4095/1
f 186/320/2 196/342/2 2002/4073/2 2000/4071/2
f 964/1963/1 1028/2091/1 2048/4119/1 2040/4111/1
f 1384/2858/2 1385/2860/2 2025/4096/2 2033/4104/2
f 1320/2740/1 1341/2778/1 2001/4072/1 2003/4074/1
f 1408/2900/2 1425/2933/2 2041/4112/2 2049/4120/2
f 698/1399/1 721/1445/1 2028/4099/1 2026/4097/1
f 145/242/2 213/374/2 2004/4075/2 1996/4067/2
f 653/1296/1 1051/2136/1 2050/4121/1 2023/4094/1
f 1392/2872/2 1393/2874/2 2027/4098/2 2029/4100/2
f 2090/4199/5 2067/4153/5 2099/4217/5 2122/4263/5
f 2075/4169/5 2089/4197/5 2121/4261/5 2107/4233/5
f 2079/4177/5 2931/5616/5 2927/5612/5 2111/4241/5
f 2066/4151/4 2088/4195/4 2120/4259/4 2098/4215/4
f 2083/4185/114 2081/4181/114 2113/4245/114 2115/4249/114
f 2087/4193/86 2084/4187/86 2116/4251/86 2119/4257/86
f 2063/4145/4 2078/4175/4 2110/4239/4 2095/4209/4
f 2060/4139/78 2061/4141/78 2093/4205/78 2092/4203/78
f 2082/4183/86 2080/4179/86 2112/4243/86 2114/4247/86
f 2077/4173/117 2076/4171/117 2108/4235/117 2109/4237/117
f 2062/4143/78 2063/4146/78 2095/4210/78 2094/4207/78
f 2084/4188/5 2065/4149/5 2097/4213/5 2116/4252/5
f 2091/4201/4 2074/4167/4 2106/4231/4 2123/4265/4
f 2065/4150/78 2064/4147/78 2096/4211/78 2097/4214/78
f 2085/4189/4 2072/4163/4 2104/4227/4 2117/4253/4
f 2067/4154/78 2066/4152/78 2098/4216/78 2099/4218/78
f 2073/4165/5 2086/4191/5 2118/4255/5 2105/4229/5
f 2078/4176/118 2079/4178/118 2111/4242/118 2110/4240/118
f 2089/4198/114 2091/4202/114 2123/4266/114 2121/4262/114
f 2069/4157/77 2068/4155/77 2100/4219/77 2101/4221/77
f 2080/4180/5 2060/4140/5 2092/4204/5 2112/4244/5
f 2071/4161/77 2070/4159/77 2102/4223/77 2103/4225/77
f 2064/4148/4 2087/4194/4 2119/4258/4 2096/4212/4
f 2081/4182/4 2069/4158/4 2101/4222/4 2113/4246/4
f 2072/4164/77 2073/4166/77 2105/4230/77 2104/4228/77
f 2061/4142/4 2082/4184/4 2114/4248/4 2093/4206/4
f 2088/4196/86 2090/4200/86 2122/4264/86 2120/4260/86
f 2074/4168/77 2075/4170/77 2107/4234/77 2106/4232/77
f 2086/4192/117 2085/4190/117 2117/4254/117 2118/4256/117
f 2076/4172/4 2071/4162/4 2103/4226/4 2108/4236/4
f 2068/4156/5 2083/4186/5 2115/4250/5 2100/4220/5
f 2070/4160/5 2077/4174/5 2109/4238/5 2102/4224/5
f 2184/4330/85 2163/4309/85 2164/4310/85 2185/4331/85
f 2186/4332/7 2165/4311/7 2162/4308/7 2182/4328/7
f 2131/4274/2 2126/4269/2 2125/4268/2 2214/4360/2
f 2160/4306/36 2169/4315/36 2131/4274/36 2214/4360/36
f 2146/4291/2 2141/4285/2 2140/4284/2 2215/4361/2
f 2161/4307/65 2177/4323/65 2146/4291/65 2215/4361/65
f 2151/4296/1 3670/6619/1 2139/4283/1 2149/4294/1
f 3673/6623/65 2175/4321/65 2145/4290/65 3674/6624/65
f 3642/6591/7 2189/4335/7 2183/4329/7 3641/6590/7
f 3649/6598/85 2187/4333/85 2188/4334/85 3650/6599/85
f 2139/4283/1 3670/6619/1 2144/4288/1 2142/4286/1
f 3688/6638/36 2167/4313/36 2130/4273/36 3687/6637/36
f 3636/6585/85 2204/4350/85 2203/4349/85 3635/6584/85
f 3676/6626/2 728/1461/2 705/1416/2 2143/4287/2
f 3684/6634/36 2129/4272/36 2166/4312/36 3683/6633/36
f 3672/6622/2 696/1395/2 728/1461/2 3676/6626/2
f 3681/6631/34 2171/4317/34 2137/4280/34 3682/6632/34
f 3656/6605/85 2213/4359/85 2206/4352/85 3655/6604/85
f 2138/4281/1 2133/4276/1 2132/4275/1 2216/4362/1
f 2173/4319/36 2154/4300/36 2216/4363/36 2138/4282/36
f 2208/4354/81 2157/4303/81 2158/4304/81 2209/4355/81
f 2210/4356/79 2159/4305/79 2156/4302/79 2207/4353/79
f 2153/4299/1 2148/4293/1 2147/4292/1 2217/4364/1
f 2155/4301/119 2181/4327/119 2153/4299/119 2217/4364/119
f 3661/6610/7 2211/4357/7 2212/4358/7 3662/6611/7
f 3674/6624/2 753/1515/2 696/1395/2 3672/6622/2
f 3668/6617/66 2179/4325/66 2152/4298/66 3667/6616/66
f 744/1494/2 753/1515/2 3674/6624/2 2145/4290/2
f 3670/6620/65 2144/4289/65 2174/4320/65 3669/6618/65
f 3637/6586/7 2199/4345/7 2205/4351/7 3638/6587/7
f 1264/2642/6 1265/2644/6 2312/4513/6 2311/4512/6
f 2219/4366/4 2337/4564/4 2221/4370/4 2218/4365/4
f 2337/4564/4 2219/4366/4 2222/4371/4 2336/4562/4
f 2221/4370/4 2337/4564/4 2321/4527/4 2322/4529/4
f 2336/4562/4 2222/4371/4 2224/4375/4 2225/4376/4
f 2228/4380/4 2231/4385/4 2227/4379/4 2226/4378/4
f 2230/4383/4 2229/4382/4 2231/4385/4 2228/4380/4
f 2336/4562/4 2225/4376/4 2229/4382/4 2230/4383/4
f 2226/4378/4 2227/4379/4 2233/4388/4 2232/4386/4
f 2338/4567/4 2221/4370/4 2322/4529/4 2323/4530/4
f 2234/4389/4 2218/4365/4 2221/4370/4 2338/4567/4
f 2338/4567/4 2324/4533/4 2236/4393/4 2234/4389/4
f 2324/4533/4 2239/4398/4 2238/4397/4 2236/4393/4
f 2242/4403/4 2240/4400/4 2241/4401/4 2245/4407/4
f 2244/4406/4 2242/4403/4 2245/4407/4 2243/4404/4
f 2324/4533/4 2244/4406/4 2243/4404/4 2239/4398/4
f 2240/4400/4 2246/4408/4 2247/4410/4 2241/4401/4
f 2251/4416/4 2250/4414/4 2253/4420/4 2252/4417/4
f 2256/4423/4 2259/4430/4 2258/4428/4 2255/4422/4
f 2254/4421/4 2257/4426/4 2248/4412/4 2249/4413/4
f 2286/4473/120 2314/4516/120 2632/5182/120 2621/5159/120
f 2252/4417/4 2253/4420/4 2259/4430/4 2256/4423/4
f 1316/2731/2 1318/2736/2 2230/4384/2 2228/4381/2
f 1295/2705/2 2330/4545/2 2338/4568/2 2323/4531/2
f 1275/2680/85 2257/4425/85 2258/4427/85 1276/2683/85
f 2313/4515/121 400/777/121 2567/5043/121 2633/5184/121
f 2222/4371/4 2219/4366/4 2595/5104/4 2596/5105/4
f 1272/2669/5 1275/2681/5 1276/2684/5 1273/2673/5
f 1927/3926/122 1925/3921/122 2343/4583/122 2342/4580/122
f 2327/4539/1 1278/2688/1 2321/4528/1 2337/4565/1
f 1255/2608/123 2313/4515/123 2633/5184/123 2588/5088/123
f 2264/4437/124 2233/4388/124 2550/5007/124 2611/5138/124
f 2297/4489/5 2295/4486/5 2556/5017/5 2626/5169/5
f 383/727/4 380/719/4 2554/5013/4 2561/5030/4
f 2220/4367/91 2223/4372/91 2352/4610/91 2353/4613/91
f 2248/4411/125 1266/2647/125 2266/4440/125 2265/4439/125
f 2249/4413/126 2248/4412/126 2265/4438/126 2264/4437/126
f 2314/4516/120 2302/4497/120 2628/5174/120 2632/5182/120
f 2250/4414/126 2251/4416/126 2261/4433/126 2260/4431/126
f 900/1800/5 864/1738/5 2578/5067/5 2574/5058/5
f 2293/4483/5 2297/4489/5 2626/5169/5 2625/5167/5
f 1262/2635/4 1261/2630/4 2590/5093/4 2591/5096/4
f 2219/4366/4 2218/4365/4 2594/5102/4 2595/5104/4
f 2257/4426/4 2254/4421/4 2255/4422/4 2258/4428/4
f 2295/4486/5 2291/4480/5 2551/5008/5 2556/5017/5
f 1271/2666/5 1270/2662/5 1274/2677/5 1277/2687/5
f 1260/2625/4 1255/2608/4 2588/5088/4 2589/5090/4
f 1269/2659/127 1268/2654/127 2263/4435/127 2262/4434/127
f 1268/2655/128 2250/4415/128 2260/4432/128 2263/4436/128
f 2260/4431/129 2261/4433/129 2247/4410/129 2246/4408/129
f 897/1796/5 900/1800/5 2574/5058/5 2580/5071/5
f 2262/4434/130 2263/4435/130 679/1360/130 681/1366/130
f 2263/4436/131 2260/4432/131 2246/4409/131 679/1361/131
f 1266/2648/127 1267/2652/127 2267/4442/127 2266/4441/127
f 1257/2617/4 1259/2624/4 2560/5028/4 2587/5087/4
f 2264/4437/129 2265/4438/129 2232/4386/129 2233/4388/129
f 2265/4439/132 2266/4440/132 124/202/132 2232/4387/132
f 2266/4441/130 2267/4442/130 126/208/130 124/203/130
f 2256/4423/4 2255/4422/4 2538/4982/4 2541/4988/4
f 2273/4452/5 2272/4451/5 2269/4445/5 2339/4571/5
f 2339/4570/5 2269/4444/5 2268/4443/5 2300/4493/5
f 2331/4548/5 2278/4461/5 2277/4460/5 2275/4456/5
f 2281/4465/5 2279/4462/5 2280/4464/5 2284/4470/5
f 2283/4468/5 2281/4465/5 2284/4470/5 2282/4467/5
f 2331/4548/5 2283/4468/5 2282/4467/5 2278/4461/5
f 2279/4462/5 2285/4471/5 2286/4473/5 2280/4464/5
f 2269/4444/5 2335/4558/5 2271/4450/5 2268/4443/5
f 2287/4474/5 2335/4559/5 2269/4445/5 2272/4451/5
f 2335/4559/5 2287/4474/5 2288/4475/5 2334/4554/5
f 2334/4554/5 2288/4475/5 2290/4479/5 2291/4480/5
f 2294/4485/5 2297/4489/5 2293/4483/5 2292/4482/5
f 2296/4487/5 2295/4486/5 2297/4489/5 2294/4485/5
f 2334/4554/5 2291/4480/5 2295/4486/5 2296/4487/5
f 2292/4482/5 2293/4483/5 2299/4492/5 2298/4491/5
f 2303/4498/5 2304/4500/5 2306/4504/5 2305/4502/5
f 2312/4514/5 2309/4507/5 2308/4506/5 2311/4511/5
f 2310/4509/5 2307/4505/5 2302/4497/5 2301/4495/5
f 2339/4571/5 2331/4548/5 2275/4456/5 2273/4452/5
f 2274/4453/133 1943/3959/133 2345/4589/133 2355/4619/133
f 1348/2790/16 1347/2787/16 2279/4463/16 2281/4466/16
f 316/582/5 352/644/5 2547/5000/5 2545/4996/5
f 2301/4495/134 2302/4497/134 2314/4516/134 2315/4517/134
f 1254/2605/135 2301/4496/135 2315/4518/135 2316/4519/135
f 2262/4434/136 681/1366/136 2581/5073/136 2610/5136/136
f 2304/4500/134 2303/4498/134 2319/4525/134 2320/4526/134
f 2254/4421/4 2249/4413/4 2569/5046/4 2572/5055/4
f 2247/4410/137 2261/4433/137 2609/5134/137 2606/5127/137
f 2290/4479/5 2288/4475/5 2623/5162/5 2624/5164/5
f 1350/2795/2 1348/2790/2 2281/4466/2 2283/4469/2
f 1258/2620/49 1256/2612/49 2303/4499/49 2305/4503/49
f 1347/2787/2 399/773/2 2285/4472/2 2279/4463/2
f 1414/2913/52 2332/4550/52 2334/4555/52 2296/4488/52
f 864/1738/5 861/1734/5 2577/5066/5 2578/5067/5
f 2251/4416/4 2252/4417/4 2608/5133/4 2607/5129/4
f 2291/4480/5 2290/4479/5 2624/5164/5 2551/5008/5
f 1269/2659/138 2262/4434/138 2610/5136/138 2592/5098/138
f 380/719/4 382/724/4 2553/5012/4 2554/5013/4
f 352/644/5 349/640/5 2546/4998/5 2547/5000/5
f 1287/2697/1 2329/4543/1 2339/4572/1 2300/4494/1
f 1254/2605/27 1263/2638/27 2310/4508/27 2301/4496/27
f 2261/4433/139 2251/4416/139 2607/5129/139 2609/5134/139
f 1161/2354/4 947/1931/4 2558/5022/4 2585/5083/4
f 2288/4475/5 2287/4474/5 2622/5161/5 2623/5162/5
f 1255/2608/140 1254/2606/140 2316/4520/140 2313/4515/140
f 1274/2677/5 1270/2662/5 2593/5101/5 2540/4986/5
f 2315/4517/134 2314/4516/134 2286/4473/134 2285/4471/134
f 2316/4519/141 2315/4518/141 2285/4472/141 399/773/141
f 2313/4515/142 2316/4520/142 399/774/142 400/777/142
f 2307/4505/5 2310/4509/5 2311/4511/5 2308/4506/5
f 2310/4510/85 1263/2639/85 1264/2642/85 2311/4512/85
f 1265/2645/4 1262/2635/4 1259/2624/4 1258/2621/4
f 2241/4401/4 2247/4410/4 2606/5127/4 2605/5126/4
f 1256/2613/140 1257/2617/140 2317/4521/140 2318/4522/140
f 313/578/5 316/582/5 2545/4996/5 2544/4995/5
f 2318/4522/142 2317/4521/142 947/1931/142 946/1927/142
f 2319/4524/143 2318/4523/143 946/1928/143 2298/4490/143
f 2320/4526/134 2319/4525/134 2298/4491/134 2299/4492/134
f 662/1316/5 654/1299/5 2575/5061/5 2576/5064/5
f 1383/2856/52 784/1574/52 674/1348/52 1050/2134/52 1415/2915/52
f 1438/2956/1 2149/4294/1 2139/4283/1 2142/4286/1 1406/2897/1
f 1374/2838/2 1342/2779/2 2127/4270/2 2124/4267/2 2134/4277/2
f 2237/4395/3 1961/3998/3 2325/4536/3 2324/4534/3
f 1925/3922/3 1927/3927/3 2326/4538/3 2327/4540/3
f 1945/3964/3 1943/3960/3 2329/4544/3 2328/4542/3
f 1961/3998/3 1959/3993/3 2330/4546/3 2325/4536/3
f 2276/4457/3 1945/3964/3 2328/4542/3 2331/4549/3
f 1977/4031/3 1979/4036/3 2332/4551/3 2333/4553/3
f 1979/4036/3 2289/4476/3 2334/4556/3 2332/4551/3
f 2270/4446/3 1977/4031/3 2333/4553/3 2335/4560/3
f 2223/4373/3 2220/4368/3 2337/4566/3 2336/4563/3
f 2235/4391/3 2237/4395/3 2324/4534/3 2338/4569/3
f 1927/3927/3 2223/4373/3 2336/4563/3 2326/4538/3
f 1959/3993/3 2235/4391/3 2338/4569/3 2330/4546/3
f 2220/4368/3 1925/3922/3 2327/4540/3 2337/4566/3
f 2274/4454/3 2276/4457/3 2331/4549/3 2339/4573/3
f 2289/4476/3 2270/4446/3 2335/4560/3 2334/4556/3
f 1943/3960/3 2274/4454/3 2339/4573/3 2329/4544/3
f 2348/4598/3 2349/4601/3 2351/4607/3 2350/4604/3
f 2346/4592/3 2341/4577/3 2340/4575/3 2354/4617/3
f 2342/4581/3 2343/4584/3 2353/4614/3 2352/4611/3
f 2345/4590/3 2344/4586/3 2347/4595/3 2355/4620/3
f 1943/3961/144 1945/3965/144 2344/4587/144 2345/4591/144
f 2223/4374/145 1927/3928/145 2342/4582/145 2352/4612/145
f 1959/3994/122 1961/3999/122 2341/4578/122 2346/4593/122
f 2235/4392/145 1959/3995/145 2346/4594/145 2354/4618/145
f 1945/3966/145 2276/4458/145 2347/4596/145 2344/4588/145
f 1925/3923/133 2220/4369/133 2353/4615/133 2343/4585/133
f 1979/4037/144 1977/4032/144 2349/4602/144 2348/4599/144
f 2276/4459/146 2274/4455/146 2355/4621/146 2347/4597/146
f 2289/4477/133 1979/4038/133 2348/4600/133 2350/4605/133
f 2270/4447/146 2289/4478/146 2350/4606/146 2351/4608/146
f 1977/4033/145 2270/4448/145 2351/4609/145 2349/4603/145
f 1961/4000/133 2237/4396/133 2340/4576/133 2341/4579/133
f 2415/4743/5 2414/4740/5 2534/4972/5 2535/4975/5
f 2357/4624/86 2356/4623/86 2496/4887/86 2492/4878/86
f 3507/6354/86 2357/4624/86 2492/4878/86 3508/6356/86
f 2413/4737/5 2412/4734/5 2532/4966/5 2533/4969/5
f 3481/6307/114 2366/4642/114 2480/4855/114 3483/6311/114
f 2410/4728/5 2411/4731/5 2531/4963/5 2530/4960/5
f 3491/6325/77 2441/4779/77 2491/4876/77 3493/6329/77
f 2402/4707/2 2408/4722/2 2528/4954/2 2522/4938/2
f 2462/4814/78 2463/4817/78 2517/4929/78 2521/4936/78
f 2404/4710/114 2371/4653/114 2512/4919/114 2524/4942/114
f 2461/4812/2 2402/4707/2 2522/4938/2 2518/4930/2
f 2396/4697/77 2405/4713/77 2525/4945/77 2513/4920/77
f 2458/4807/1 2459/4810/1 2519/4933/1 2523/4940/1
f 2407/4719/78 2462/4814/78 2521/4936/78 2527/4951/78
f 2457/4805/77 2396/4697/77 2513/4920/77 2515/4925/77
f 2409/4725/1 2458/4807/1 2523/4940/1 2529/4957/1
f 2454/4799/78 2455/4802/78 2509/4912/78 2505/4904/78
f 2363/4637/86 2406/4716/86 2526/4948/86 2520/4935/86
f 2394/4693/2 2391/4688/2 2506/4907/2 2510/4914/2
f 2408/4723/4 2409/4726/4 2529/4958/4 2528/4955/4
f 2392/4689/1 2395/4696/1 2511/4916/1 2507/4909/1
f 2406/4717/4 2407/4720/4 2527/4952/4 2526/4949/4
f 2389/4683/77 2388/4682/77 2501/4897/77 2503/4900/77
f 2405/4714/4 2404/4711/4 2524/4943/4 2525/4946/4
f 2446/4787/78 2382/4672/78 2493/4881/78 2497/4889/78
f 3503/6347/2 2445/4785/2 2494/4882/2 3504/6349/2
f 2445/4785/2 2386/4679/2 2498/4891/2 2494/4882/2
f 1259/2623/5 1257/2616/5 2464/4818/5 2465/4821/5
f 532/1043/89 533/1047/89 2421/4751/89 2420/4750/89
f 1242/2571/83 1238/2561/83 2398/4702/83 2401/4705/83
f 1255/2609/5 1260/2626/5 2467/4825/5 2466/4823/5
f 3597/6516/83 1226/2529/83 2390/4685/83 3599/6520/83
f 1261/2631/5 1262/2633/5 2469/4830/5 2468/4828/5
f 3607/6533/89 529/1035/89 2422/4752/89 3609/6537/89
f 3585/6495/88 1073/2188/88 2429/4759/88 3586/6496/88
f 529/1035/89 535/1053/89 2423/4753/89 2422/4752/89
f 3625/6566/82 1241/2569/82 2397/4699/82 3628/6572/82
f 1194/2439/83 1272/2668/83 2473/4840/83 2377/4663/83
f 1213/2493/82 1217/2503/82 2380/4668/82 2381/4669/82
f 1196/2445/80 1274/2676/80 2475/4845/80 2379/4666/80
f 1216/2501/80 1212/2491/80 2443/4783/80 2387/4680/80
f 3537/6408/82 1233/2547/82 2449/4793/82 3539/6412/82
f 1273/2672/48 1195/2442/48 2378/4665/48 2474/4843/48
f 1211/2487/48 1215/2498/48 2444/4784/48 2383/4673/48
f 3538/6409/88 806/1626/88 2424/4754/88 3540/6413/88
f 1270/2661/82 1197/2447/82 2373/4656/82 2471/4835/82
f 1214/2495/83 1210/2485/83 2447/4790/83 2385/4676/83
f 535/1053/89 1255/2610/89 2466/4824/89 2423/4753/89
f 3616/6551/48 1239/2563/48 2399/4703/48 3619/6556/48
f 3576/6478/80 1228/2535/80 2450/4795/80 3579/6483/80
f 259/472/89 258/470/89 2416/4746/89 2417/4747/89
f 809/1635/88 1269/2658/88 2470/4833/88 2427/4757/88
f 1262/2634/80 1244/2577/80 2403/4709/80 2469/4831/80
f 806/1626/88 807/1629/88 2425/4755/88 2424/4754/88
f 3525/6386/80 1216/2501/80 2387/4680/80 3529/6394/80
f 3487/6318/82 1213/2493/82 2381/4669/82 3489/6322/82
f 1267/2651/89 261/479/89 2419/4749/89 2472/4838/89
f 1260/2627/83 1242/2571/83 2401/4705/83 2467/4826/83
f 3477/6299/88 803/1617/88 2426/4756/88 3479/6303/88
f 261/479/89 255/461/89 2418/4748/89 2419/4749/89
f 2356/4622/147 2357/4625/147 2417/4747/147 2416/4746/147
f 2358/4626/147 2359/4628/147 2419/4749/147 2418/4748/147
f 2361/4632/147 2360/4631/147 2420/4750/147 2421/4751/147
f 2363/4636/147 2362/4635/147 2422/4752/147 2423/4753/147
f 2365/4640/148 2364/4639/148 2424/4754/148 2425/4755/148
f 2367/4644/148 2366/4643/148 2426/4756/148 2427/4757/148
f 2368/4646/148 2369/4649/148 2429/4759/148 2428/4758/148
f 2370/4650/148 2371/4652/148 2431/4761/148 2430/4760/148
f 2374/4658/148 2433/4764/148 2373/4657/148 2432/4762/148
f 2435/4767/3 2375/4661/3 2434/4766/3 2379/4666/3
f 2436/4769/3 2437/4771/3 2378/4665/3 2376/4662/3
f 2439/4775/147 2372/4655/147 2438/4774/147 2377/4664/147
f 2440/4777/148 2441/4780/148 2381/4670/148 2380/4667/148
f 2384/4674/3 2442/4782/3 2387/4680/3 2443/4783/3
f 2386/4678/3 2445/4786/3 2383/4673/3 2444/4784/3
f 2382/4671/147 2446/4788/147 2385/4677/147 2447/4789/147
f 2388/4681/148 2389/4684/148 2449/4794/148 2448/4791/148
f 2395/4695/3 2392/4690/3 2450/4795/3 2451/4796/3
f 2391/4687/3 2394/4694/3 2453/4798/3 2452/4797/3
f 2455/4801/147 2454/4800/147 2390/4686/147 2393/4691/147
f 2396/4698/148 2457/4806/148 2397/4700/148 2456/4804/148
f 2459/4809/3 2458/4808/3 2403/4709/3 2400/4704/3
f 2402/4708/3 2461/4813/3 2399/4703/3 2460/4811/3
f 2463/4816/147 2462/4815/147 2401/4706/147 2398/4701/147
f 3480/6305/148 2374/4658/148 2432/4762/148 3478/6302/148
f 3492/6327/148 2365/4640/148 2425/4755/148 3490/6323/148
f 3463/6275/147 2358/4626/147 2418/4748/147 3462/6273/147
f 3513/6365/147 2382/4671/147 2447/4789/147 3512/6363/147
f 3521/6379/147 2356/4622/147 2416/4746/147 3519/6375/147
f 3522/6381/147 2455/4801/147 2393/4691/147 3520/6376/147
f 3610/6539/147 2463/4816/147 2398/4701/147 3608/6536/147
f 3602/6525/147 2361/4632/147 2421/4751/147 3600/6521/147
f 3633/6581/148 2370/4650/148 2430/4760/148 3632/6579/148
f 3593/6509/148 2388/4681/148 2448/4791/148 3592/6507/148
f 3541/6415/148 2440/4777/148 2380/4667/148 3539/6411/148
f 3542/6417/148 2368/4646/148 2428/4758/148 3540/6413/148
f 3580/6485/3 2391/4687/3 2452/4797/3 3578/6482/3
f 3622/6561/3 2459/4809/3 2400/4704/3 3620/6557/3
f 3531/6397/3 2395/4695/3 2451/4796/3 3529/6394/3
f 3532/6399/3 2386/4678/3 2444/4784/3 3530/6395/3
f 3497/6336/3 2384/4674/3 2443/4783/3 3496/6334/3
f 3469/6286/3 2436/4769/3 2376/4662/3 3468/6284/3
f 2404/4712/148 2405/4715/148 2465/4822/148 2464/4819/148
f 2407/4721/147 2406/4718/147 2466/4824/147 2467/4827/147
f 2409/4727/3 2408/4724/3 2468/4829/3 2469/4831/3
f 2406/4718/147 2363/4636/147 2423/4753/147 2466/4824/147
f 2458/4808/3 2409/4727/3 2469/4831/3 2403/4709/3
f 2462/4815/147 2407/4721/147 2467/4827/147 2401/4706/147
f 2405/4715/148 2396/4698/148 2456/4804/148 2465/4822/148
f 2371/4652/148 2404/4712/148 2464/4819/148 2431/4761/148
f 2408/4724/3 2402/4708/3 2460/4811/3 2468/4829/3
f 2411/4732/148 2410/4729/148 2470/4833/148 2471/4836/148
f 2412/4735/147 2413/4738/147 2473/4841/147 2472/4838/147
f 2414/4741/3 2415/4744/3 2475/4845/3 2474/4843/3
f 2413/4738/147 2439/4775/147 2377/4664/147 2473/4841/147
f 2415/4744/3 2435/4767/3 2379/4666/3 2475/4845/3
f 2437/4771/3 2414/4741/3 2474/4843/3 2378/4665/3
f 2433/4764/148 2411/4732/148 2471/4836/148 2373/4657/148
f 2410/4729/148 2367/4644/148 2427/4757/148 2470/4833/148
f 2359/4628/147 2412/4735/147 2472/4838/147 2419/4749/147
f 2488/4870/148 2490/4875/148 2491/4877/148 2489/4872/148
f 2500/4895/148 2502/4899/148 2503/4901/148 2501/4896/148
f 2480/4854/148 2478/4850/148 2479/4852/148 2481/4856/148
f 2482/4858/3 2487/4868/3 2486/4866/3 2483/4860/3
f 2477/4848/147 2485/4864/147 2484/4862/147 2476/4846/147
f 2486/4866/3 2487/4868/3 2535/4976/3 2534/4973/3
f 3464/6277/147 3460/6270/147 2477/4848/147 2476/4846/147
f 2499/4892/3 2495/4884/3 2494/4883/3 2498/4890/3
f 2497/4888/147 2493/4880/147 2492/4879/147 2496/4886/147
f 3582/6489/3 3583/6491/3 2507/4908/3 2506/4906/3
f 2507/4908/3 2511/4917/3 2510/4915/3 2506/4906/3
f 2505/4905/147 2509/4913/147 2508/4911/147 2504/4902/147
f 3523/6383/147 3524/6385/147 2497/4888/147 2496/4886/147
f 2512/4918/148 2514/4922/148 2515/4924/148 2513/4921/148
f 3634/6583/148 3630/6576/148 2515/4924/148 2514/4922/148
f 2523/4941/3 2519/4932/3 2518/4931/3 2522/4939/3
f 2521/4937/147 2517/4928/147 2516/4926/147 2520/4934/147
f 3482/6309/148 3483/6310/148 2480/4854/148 2481/4856/148
f 3612/6543/147 3613/6545/147 2516/4926/147 2517/4928/147
f 3543/6419/148 3544/6421/148 2488/4870/148 2489/4872/148
f 3534/6403/3 3533/6401/3 2499/4892/3 2498/4890/3
f 3470/6288/3 3474/6295/3 2482/4858/3 2483/4860/3
f 2521/4937/147 2520/4934/147 2526/4950/147 2527/4953/147
f 2512/4918/148 2513/4921/148 2525/4947/148 2524/4944/148
f 2523/4941/3 2522/4939/3 2528/4956/3 2529/4959/3
f 2479/4852/148 2478/4850/148 2530/4961/148 2531/4964/148
f 2484/4862/147 2485/4864/147 2533/4970/147 2532/4967/147
f 3459/6268/78 2372/4654/78 2477/4849/78 3460/6269/78
f 2359/4629/86 2358/4627/86 2476/4847/86 2484/4863/86
f 2439/4776/78 2413/4739/78 2533/4971/78 2485/4865/78
f 3521/6378/86 2360/4630/86 2508/4910/86 3523/6382/86
f 2360/4630/86 2361/4633/86 2504/4903/86 2508/4910/86
f 2435/4768/1 2415/4745/1 2535/4977/1 2487/4869/1
f 3522/6380/78 2446/4787/78 2497/4889/78 3524/6384/78
f 2362/4634/86 2363/4637/86 2520/4935/86 2516/4927/86
f 2414/4742/2 2437/4772/2 2486/4867/2 2534/4974/2
f 3601/6523/78 2454/4799/78 2505/4904/78 3603/6527/78
f 2364/4638/114 2365/4641/114 2490/4874/114 2488/4871/114
f 2411/4733/77 2433/4765/77 2479/4853/77 2531/4965/77
f 3611/6541/86 2362/4634/86 2516/4927/86 3613/6544/86
f 2366/4642/114 2367/4645/114 2478/4851/114 2480/4855/114
f 2367/4645/114 2410/4730/114 2530/4962/114 2478/4851/114
f 3587/6498/114 2369/4648/114 2500/4894/114 3588/6500/114
f 2369/4648/114 2368/4647/114 2502/4898/114 2500/4894/114
f 2412/4736/86 2359/4629/86 2484/4863/86 2532/4968/86
f 3629/6574/77 2457/4805/77 2515/4925/77 3630/6575/77
f 2371/4653/114 2370/4651/114 2514/4923/114 2512/4919/114
f 3541/6414/77 2389/4683/77 2503/4900/77 3543/6418/77
f 2433/4765/77 2374/4659/77 2481/4857/77 2479/4853/77
f 3542/6416/114 2364/4638/114 2488/4871/114 3544/6420/114
f 2375/4660/1 2435/4768/1 2487/4869/1 2482/4859/1
f 3621/6559/2 2461/4812/2 2518/4930/2 3623/6563/2
f 2437/4772/2 2436/4770/2 2483/4861/2 2486/4867/2
f 3581/6487/1 2392/4689/1 2507/4909/1 3583/6490/1
f 2372/4654/78 2439/4776/78 2485/4865/78 2477/4849/78
f 3531/6396/1 2442/4781/1 2499/4893/1 3533/6400/1
f 2441/4779/77 2440/4778/77 2489/4873/77 2491/4876/77
f 3532/6398/2 2394/4693/2 2510/4914/2 3534/6402/2
f 2442/4781/1 2384/4675/1 2495/4885/1 2499/4893/1
f 3473/6293/1 2375/4660/1 2482/4859/1 3474/6294/1
f 2544/4994/43 2545/4997/43 2599/5112/43 2598/5111/43
f 2577/5065/2 2576/5062/2 2603/5120/2 2604/5123/2
f 2578/5068/72 2577/5065/72 2604/5123/72 2579/5069/72
f 2536/4978/5 2537/4979/5 2637/5192/5 2636/5191/5
f 2561/5029/149 2554/5014/149 2614/5144/149 2615/5145/149
f 2589/5091/81 2629/5175/81 2630/5178/81 2590/5094/81
f 2586/5084/67 2585/5082/67 2625/5168/67 2626/5170/67
f 2545/4997/1 2547/5001/1 2600/5114/1 2599/5112/1
f 2539/4983/3 2540/4985/3 2541/4987/3 2538/4981/3
f 2546/4999/1 2549/5005/1 2550/5006/1 2548/5002/1
f 2570/5048/147 2571/5050/147 2572/5053/147 2569/5047/147
f 2585/5082/2 2558/5021/2 2557/5019/2 2625/5168/2
f 2562/5031/6 2561/5029/6 2615/5145/6 2616/5147/6
f 2552/5010/72 2555/5015/72 2556/5018/72 2551/5009/72
f 2574/5059/2 2578/5068/2 2579/5069/2 2573/5056/2
f 2543/4991/1 2544/4994/1 2598/5111/1 2597/5108/1
f 2575/5060/150 2568/5045/150 2601/5117/150 2602/5118/150
f 2580/5072/67 2574/5059/67 2573/5056/67 2605/5125/67
f 2537/4980/149 2542/4989/149 2596/5106/149 2595/5103/149
f 2607/5130/151 2592/5097/151 2610/5137/151 2609/5135/151
f 2547/5001/37 2546/4999/37 2548/5002/37 2600/5114/37
f 2576/5063/6 2575/5060/6 2602/5118/6 2603/5121/6
f 2613/5142/5 2614/5143/5 2646/5210/5 2645/5209/5
f 2542/4989/6 2543/4992/6 2597/5109/6 2596/5106/6
f 2554/5013/4 2553/5012/4 2638/5195/4 2639/5196/4
f 2593/5099/148 2592/5097/148 2607/5130/148 2608/5131/148
f 2581/5074/2 2580/5072/2 2605/5125/2 2606/5128/2
f 2572/5054/81 2571/5051/81 2539/4983/81 2538/4981/81
f 2593/5100/79 2608/5132/79 2541/4987/79 2540/4985/79
f 2609/5135/152 2610/5137/152 2581/5074/152 2606/5128/152
f 2570/5048/153 2569/5047/153 2611/5139/153 2612/5141/153
f 2612/5141/154 2611/5139/154 2550/5006/154 2549/5005/154
f 2584/5079/2 2552/5010/2 2551/5009/2 2624/5165/2
f 2564/5036/43 2563/5034/43 2617/5150/43 2618/5152/43
f 2567/5042/1 2565/5038/1 2619/5154/1 2621/5158/1
f 2582/5075/155 2622/5160/155 2647/5212/155 2641/5200/155
f 2555/5015/2 2586/5084/2 2626/5170/2 2556/5018/2
f 2565/5038/37 2566/5040/37 2620/5156/37 2619/5154/37
f 2587/5086/148 2560/5026/148 2559/5023/148 2627/5171/148
f 2583/5077/6 2584/5080/6 2624/5166/6 2623/5163/6
f 2589/5092/147 2588/5089/147 2628/5173/147 2629/5176/147
f 2591/5095/3 2590/5094/3 2630/5178/3 2631/5180/3
f 2563/5034/1 2562/5032/1 2616/5148/1 2617/5150/1
f 2582/5075/150 2583/5077/150 2623/5163/150 2622/5160/150
f 2566/5040/1 2564/5036/1 2618/5152/1 2620/5156/1
f 2628/5173/156 2588/5089/156 2633/5185/156 2632/5183/156
f 2632/5183/157 2633/5185/157 2567/5042/157 2621/5158/157
f 2591/5095/79 2631/5180/79 2559/5024/79 2560/5027/79
f 2587/5086/158 2627/5171/158 2634/5186/158 2635/5188/158
f 2635/5188/159 2634/5186/159 2557/5019/159 2558/5021/159
f 387/738/4 383/727/4 2561/5030/4 2562/5033/4
f 928/1875/4 930/1881/4 2583/5078/4 2582/5076/4
f 2302/4497/5 2307/4505/5 2629/5177/5 2628/5174/5
f 2307/4505/5 2308/4506/5 2630/5179/5 2629/5177/5
f 2308/4506/5 2309/4507/5 2631/5181/5 2630/5179/5
f 2231/4385/4 2229/4382/4 2599/5113/4 2600/5115/4
f 650/1289/5 95/133/5 2536/4978/5 2568/5044/5
f 2309/4507/5 2306/4504/5 2559/5025/5 2631/5181/5
f 2272/4451/5 2273/4452/5 2614/5143/5 2613/5142/5
f 588/1154/4 587/1152/4 2563/5035/4 2564/5037/4
f 93/128/5 99/141/5 2542/4990/5 2537/4979/5
f 2233/4388/4 2227/4379/4 2548/5003/4 2550/5007/4
f 1259/2624/4 1262/2635/4 2591/5096/4 2560/5028/4
f 2320/4526/160 2299/4492/160 2557/5020/160 2634/5187/160
f 621/1212/4 622/1214/4 2566/5041/4 2565/5039/4
f 934/1892/4 1127/2294/4 2552/5011/4 2584/5081/4
f 1270/2662/5 1269/2659/5 2592/5098/5 2593/5101/5
f 2218/4365/4 2234/4389/4 2601/5116/4 2594/5102/4
f 2273/4452/5 2275/4456/5 2615/5146/5 2614/5143/5
f 622/1214/4 588/1154/4 2564/5037/4 2566/5041/4
f 1267/2652/5 1272/2669/5 2571/5052/5 2570/5049/5
f 2317/4521/161 1257/2617/161 2587/5087/161 2635/5189/161
f 1273/2673/5 1274/2677/5 2540/4986/5 2539/4984/5
f 2277/4460/5 2278/4461/5 2617/5151/5 2616/5149/5
f 947/1931/162 2317/4521/162 2635/5189/162 2558/5022/162
f 930/1881/4 934/1892/4 2584/5081/4 2583/5078/4
f 654/1299/5 650/1289/5 2568/5044/5 2575/5061/5
f 2234/4389/4 2236/4393/4 2602/5119/4 2601/5116/4
f 2275/4456/5 2277/4460/5 2616/5149/5 2615/5146/5
f 2304/4500/160 2320/4526/160 2634/5187/160 2627/5172/160
f 2238/4397/4 2239/4398/4 2604/5124/4 2603/5122/4
f 107/158/5 313/578/5 2544/4995/5 2543/4993/5
f 2278/4461/5 2282/4467/5 2618/5153/5 2617/5151/5
f 400/777/4 621/1212/4 2565/5039/4 2567/5043/4
f 1127/2294/4 1128/2296/4 2555/5016/4 2552/5011/4
f 2236/4393/4 2238/4397/4 2603/5122/4 2602/5119/4
f 2284/4470/5 2280/4464/5 2619/5155/5 2620/5157/5
f 1162/2356/4 1161/2354/4 2585/5083/4 2586/5085/4
f 2239/4398/4 2243/4404/4 2579/5070/4 2604/5124/4
f 2282/4467/5 2284/4470/5 2620/5157/5 2618/5153/5
f 861/1734/5 662/1316/5 2576/5064/5 2577/5066/5
f 1272/2669/5 1273/2673/5 2539/4984/5 2571/5052/5
f 99/141/5 107/158/5 2543/4993/5 2542/4990/5
f 2245/4407/4 2241/4401/4 2605/5126/4 2573/5057/4
f 1128/2296/4 1162/2356/4 2586/5085/4 2555/5016/4
f 2243/4404/4 2245/4407/4 2573/5057/4 2579/5070/4
f 2280/4464/5 2286/4473/5 2621/5159/5 2619/5155/5
f 2255/4422/4 2254/4421/4 2572/5055/4 2538/4982/4
f 2252/4417/4 2256/4423/4 2541/4988/4 2608/5133/4
f 2287/4474/5 2272/4451/5 2613/5142/5 2622/5161/5
f 2638/5194/6 2641/5200/6 2647/5212/6 2645/5208/6
f 2636/5190/6 2637/5193/6 2643/5204/6 2642/5202/6
f 2640/5199/6 2636/5190/6 2642/5202/6 2644/5207/6
f 2639/5197/6 2638/5194/6 2645/5208/6 2646/5211/6
f 2568/5044/5 2536/4978/5 2636/5191/5 2640/5198/5
f 2594/5102/4 2601/5116/4 2644/5206/4 2642/5203/4
f 2622/5161/5 2613/5142/5 2645/5209/5 2647/5213/5
f 2601/5117/155 2568/5045/155 2640/5199/155 2644/5207/155
f 2614/5144/163 2554/5014/163 2639/5197/163 2646/5211/163
f 2537/4980/163 2595/5103/163 2643/5204/163 2637/5193/163
f 2553/5012/4 2582/5076/4 2641/5201/4 2638/5195/4
f 2595/5104/4 2594/5102/4 2642/5203/4 2643/5205/4
f 2660/5238/3 2708/5336/3 2709/5339/3 2661/5240/3
f 2658/5234/3 2650/5218/3 2651/5220/3 2659/5236/3
f 2654/5226/3 2652/5222/3 2653/5224/3 2655/5228/3
f 2650/5218/3 2654/5226/3 2655/5228/3 2651/5220/3
f 2662/5242/3 2656/5230/3 2657/5232/3 2663/5244/3
f 2656/5230/3 2658/5234/3 2659/5236/3 2657/5232/3
f 2652/5222/3 2660/5238/3 2661/5240/3 2653/5224/3
f 2649/5216/3 2662/5242/3 2663/5244/3 2648/5214/3
f 2674/5266/3 2675/5268/3 2711/5344/3 2710/5341/3
f 2672/5263/3 2673/5265/3 2665/5249/3 2664/5247/3
f 2668/5255/3 2669/5257/3 2667/5253/3 2666/5251/3
f 2664/5247/3 2665/5249/3 2669/5257/3 2668/5255/3
f 2676/5270/3 2677/5272/3 2671/5261/3 2670/5259/3
f 2670/5259/3 2671/5261/3 2673/5265/3 2672/5263/3
f 2666/5251/3 2667/5253/3 2675/5268/3 2674/5266/3
f 2649/5216/3 2648/5214/3 2677/5272/3 2676/5270/3
f 2690/5298/3 2691/5300/3 2713/5349/3 2712/5346/3
f 2688/5294/3 2689/5296/3 2681/5280/3 2680/5278/3
f 2684/5286/3 2685/5288/3 2683/5284/3 2682/5282/3
f 2680/5278/3 2681/5280/3 2685/5288/3 2684/5286/3
f 2692/5302/3 2693/5304/3 2687/5292/3 2686/5290/3
f 2686/5290/3 2687/5292/3 2689/5296/3 2688/5294/3
f 2682/5282/3 2683/5284/3 2691/5300/3 2690/5298/3
f 2679/5276/3 2678/5274/3 2693/5304/3 2692/5302/3
f 2704/5326/3 2714/5354/3 2715/5357/3 2705/5328/3
f 2702/5322/3 2694/5306/3 2695/5308/3 2703/5324/3
f 2698/5314/3 2696/5310/3 2697/5312/3 2699/5316/3
f 2694/5306/3 2698/5314/3 2699/5316/3 2695/5308/3
f 2706/5330/3 2700/5318/3 2701/5320/3 2707/5332/3
f 2700/5318/3 2702/5322/3 2703/5324/3 2701/5320/3
f 2696/5310/3 2704/5326/3 2705/5328/3 2697/5312/3
f 2679/5276/3 2706/5330/3 2707/5332/3 2678/5274/3
f 2038/4109/116 2042/4113/116 2698/5315/116 2694/5307/116
f 2020/4091/115 1993/4064/115 2649/5217/115 2676/5271/115
f 1997/4068/116 1999/4070/116 2655/5229/116 2653/5225/116
f 2043/4114/115 2039/4110/115 2695/5309/115 2699/5317/115
f 1992/4063/116 2021/4092/116 2677/5273/116 2648/5215/116
f 1994/4065/115 1998/4069/115 2654/5227/115 2650/5219/115
f 2050/4121/116 2044/4115/116 2700/5319/116 2706/5331/116
f 2056/4131/116 2034/4105/116 2690/5299/116 2712/5347/116
f 1999/4070/116 1995/4066/116 2651/5221/116 2655/5229/116
f 2045/4116/115 2051/4122/115 2707/5333/115 2701/5321/115
f 2035/4106/115 2057/4133/115 2713/5350/115 2691/5301/115
f 2006/4077/115 2000/4071/115 2656/5231/115 2662/5243/115
f 2044/4115/116 2046/4117/116 2702/5323/116 2700/5319/116
f 2057/4134/4 2056/4132/4 2712/5348/4 2713/5351/4
f 2001/4072/116 2007/4078/116 2663/5245/116 2657/5233/116
f 2047/4118/115 2045/4116/115 2701/5321/115 2703/5325/115
f 2024/4095/116 2032/4103/116 2688/5295/116 2680/5279/116
f 2000/4071/115 2002/4073/115 2658/5235/115 2656/5231/115
f 2040/4111/116 2048/4119/116 2704/5327/116 2696/5311/116
f 2033/4104/115 2025/4096/115 2681/5281/115 2689/5297/115
f 2003/4074/116 2001/4072/116 2657/5233/116 2659/5237/116
f 2049/4120/115 2041/4112/115 2697/5313/115 2705/5329/115
f 2026/4097/116 2028/4099/116 2684/5287/116 2682/5283/116
f 1996/4067/115 2004/4075/115 2660/5239/115 2652/5223/115
f 2023/4094/116 2050/4121/116 2706/5331/116 2679/5277/116
f 2029/4100/115 2027/4098/115 2683/5285/115 2685/5289/115
f 2005/4076/116 1997/4068/116 2653/5225/116 2661/5241/116
f 2051/4122/115 2022/4093/115 2678/5275/115 2707/5333/115
f 2028/4099/116 2024/4095/116 2680/5279/116 2684/5287/116
f 1993/4064/115 2006/4077/115 2662/5243/115 2649/5217/115
f 2025/4096/115 2029/4100/115 2685/5289/115 2681/5281/115
f 2007/4078/116 1992/4063/116 2648/5215/116 2663/5245/116
f 2030/4101/116 2036/4107/116 2692/5303/116 2686/5291/116
f 2054/4128/115 2018/4089/115 2674/5267/115 2710/5342/115
f 2037/4108/115 2031/4102/115 2687/5293/115 2693/5305/115
f 2019/4090/116 2055/4130/116 2711/5345/116 2675/5269/116
f 1467/3004/16 1561/3174/16 2717/5362/16 2716/5359/16
f 1561/3174/16 1562/3175/16 2718/5365/16 2717/5362/16
f 1470/3009/164 2720/5368/164 1443/2964/164 2719/5367/164
f 1461/2994/16 2722/5371/16 1447/2971/16 2721/5370/16
f 2723/5372/16 1446/2969/16 2724/5374/16 1452/2980/16
f 2725/5375/16 1451/2978/16 2726/5377/16 1453/2982/16
f 1466/3003/16 2728/5380/16 1450/2977/16 2727/5379/16
f 2728/5380/16 2723/5372/16 1452/2980/16 1450/2977/16
f 2722/5371/16 2725/5375/16 1453/2982/16 1447/2971/16
f 1460/2993/16 1456/2987/16 2730/5384/16 2729/5382/16
f 2731/5385/165 1457/2988/165 2732/5387/165 1471/3011/165
f 1457/2988/16 1461/2994/16 2721/5370/16 2732/5387/16
f 1446/2969/16 1460/2993/16 2729/5382/16 2724/5374/16
f 1451/2978/16 1467/3004/16 2716/5359/16 2726/5377/16
f 1562/3175/16 1466/3003/16 2727/5379/16 2718/5365/16
f 1456/2987/166 1470/3009/166 2719/5367/166 2730/5384/166
f 1442/2962/167 2731/5385/167 1471/3011/167 2733/5389/167
f 1565/3182/16 2734/5390/16 1495/3059/16 2735/5393/16
f 1566/3183/16 1565/3182/16 2735/5393/16 2736/5396/16
f 2720/5368/168 2737/5397/168 1498/3065/168 1443/2964/168
f 2739/5399/16 2738/5398/16 1489/3047/16 1475/3019/16
f 2741/5401/16 2740/5400/16 1480/3029/16 1474/3017/16
f 2743/5403/16 2742/5402/16 1481/3031/16 1479/3027/16
f 2745/5405/16 2744/5404/16 1494/3057/16 1478/3025/16
f 2740/5400/16 2745/5405/16 1478/3025/16 1480/3029/16
f 2742/5402/16 2739/5399/16 1475/3019/16 1481/3031/16
f 2747/5407/16 2746/5406/16 1488/3045/16 1484/3037/16
f 2749/5409/166 2748/5408/166 1499/3067/166 1485/3039/166
f 2738/5398/16 2749/5409/16 1485/3039/16 1489/3047/16
f 2746/5406/16 2741/5401/16 1474/3017/16 1488/3045/16
f 2734/5390/16 2743/5403/16 1479/3027/16 1495/3059/16
f 2744/5404/16 1566/3183/16 2736/5396/16 1494/3057/16
f 2737/5397/169 2747/5407/169 1484/3037/169 1498/3065/169
f 2748/5408/170 1442/2962/170 2733/5389/170 1499/3067/170
f 1569/3190/51 2750/5410/51 1527/3114/51 2751/5413/51
f 1570/3191/51 1569/3190/51 2751/5413/51 2752/5416/51
f 2754/5418/171 2753/5417/171 1530/3120/171 1503/3074/171
f 1507/3080/51 1521/3103/51 2755/5420/51 2756/5422/51
f 1506/3079/51 1512/3087/51 2757/5424/51 2758/5426/51
f 1511/3086/51 1513/3088/51 2759/5428/51 2760/5430/51
f 1510/3085/51 1526/3112/51 2761/5432/51 2762/5434/51
f 1512/3087/51 1510/3085/51 2762/5434/51 2757/5424/51
f 1513/3088/51 1507/3080/51 2756/5422/51 2759/5428/51
f 2764/5436/51 2763/5435/51 1520/3102/51 1516/3094/51
f 2766/5438/172 2765/5437/172 1531/3122/172 1517/3096/172
f 1521/3103/51 2766/5438/51 1517/3096/51 2755/5420/51
f 2763/5435/51 1506/3079/51 2758/5426/51 1520/3102/51
f 2750/5410/51 1511/3086/51 2760/5430/51 1527/3114/51
f 1526/3112/51 1570/3191/51 2752/5416/51 2761/5432/51
f 2753/5417/173 2764/5436/173 1516/3094/173 1530/3120/173
f 2765/5437/174 1502/3072/174 2767/5440/174 1531/3122/174
f 1555/3164/51 1573/3198/51 2769/5445/51 2768/5442/51
f 1573/3198/51 1574/3199/51 2770/5448/51 2769/5445/51
f 1558/3169/175 2754/5418/175 1503/3074/175 2771/5450/175
f 2772/5451/51 2773/5452/51 1535/3129/51 1549/3154/51
f 2774/5453/51 1534/3127/51 2775/5455/51 1540/3138/51
f 2776/5456/51 1539/3136/51 2777/5458/51 1541/3140/51
f 1554/3163/51 2779/5461/51 1538/3135/51 2778/5460/51
f 2779/5461/51 2774/5453/51 1540/3138/51 1538/3135/51
f 2773/5452/51 2776/5456/51 1541/3140/51 1535/3129/51
f 1548/3152/51 1544/3145/51 2781/5465/51 2780/5463/51
f 1559/3170/173 2783/5468/173 1545/3147/173 2782/5467/173
f 2783/5468/51 2772/5451/51 1549/3154/51 1545/3147/51
f 1534/3127/51 1548/3152/51 2780/5463/51 2775/5455/51
f 1539/3136/51 1555/3164/51 2768/5442/51 2777/5458/51
f 1574/3199/51 1554/3163/51 2778/5460/51 2770/5448/51
f 1544/3145/172 1558/3169/172 2771/5450/172 2781/5465/172
f 1502/3072/176 1559/3170/176 2782/5467/176 2767/5440/176
f 2784/5469/37 2788/5473/37 2803/5488/37 2802/5487/37 2801/5486/37 2800/5485/37 2799/5484/37 2798/5483/37 2797/5482/37 2796/5481/37 2795/5480/37 2794/5479/37 2787/5472/37 2786/5471/37 2793/5478/37 2792/5477/37 2791/5476/37 2790/5475/37 2789/5474/37 2785/5470/37
f 2785/5470/37 2789/5474/37 2790/5475/37 2791/5476/37 2792/5477/37 2793/5478/37 2786/5471/37
f 2787/5472/37 2794/5479/37 2795/5480/37 2796/5481/37 2797/5482/37 2798/5483/37 2810/5495/37 2809/5494/37 2808/5493/37 262/481/37 263/483/37
f 2809/5494/37 2810/5495/37 2804/5489/37 2805/5490/37 2806/5491/37 2807/5492/37 2808/5493/37
f 268/492/37 2833/5518/37 2834/5519/37 2835/5520/37 2836/5521/37 2837/5522/37 2838/5523/37 2811/5496/37 2812/5497/37 2813/5498/37 2814/5499/37 2815/5500/37 2816/5501/37 2817/5502/37 2818/5503/37 2819/5504/37 2840/5525/37 2841/5526/37 2785/5470/37 2786/5471/37 2842/5527/37 2843/5528/37 2844/5529/37 2787/5472/37 263/483/37
f 2787/5472/37 2844/5529/37 2843/5528/37 2842/5527/37 2786/5471/37
f 2785/5470/37 2841/5526/37 2840/5525/37 2839/5524/37 2784/5469/37
f 2818/5503/37 2817/5502/37 2816/5501/37 2815/5500/37 2814/5499/37 2813/5498/37 2812/5497/37 2811/5496/37 2838/5523/37 2837/5522/37 2836/5521/37 2835/5520/37 2834/5519/37 2833/5518/37 2832/5517/37 2831/5516/37 2830/5515/37 2829/5514/37 2828/5513/37 2827/5512/37 2826/5511/37 2825/5510/37 2824/5509/37 2823/5508/37 2822/5507/37 2821/5506/37 2820/5505/37 2819/5504/37
f 2845/5530/67 2851/5536/67 2860/5545/67 2846/5531/67
f 2847/5532/67 2859/5544/67 2858/5543/67 2857/5542/67 2856/5541/67 2855/5540/67 2854/5539/67 2850/5535/67 2849/5534/67 2853/5538/67 2852/5537/67 2848/5533/67
f 2848/5533/67 2852/5537/67 2853/5538/67 2849/5534/67
f 2850/5535/67 2854/5539/67 2855/5540/67 2856/5541/67 2857/5542/67 2867/5552/67 2866/5551/67 2865/5550/67 2864/5549/67 1078/2200/67 1076/2197/67 1077/2199/67
f 2865/5550/67 2866/5551/67 2867/5552/67 2861/5546/67 2862/5547/67 2863/5548/67 2864/5549/67
f 1082/2208/67 2889/5574/67 2890/5575/67 2891/5576/67 2892/5577/67 2893/5578/67 2894/5579/67 2895/5580/67 2903/5588/67 2904/5589/67 2905/5590/67 2850/5535/67 1077/2199/67
f 2850/5535/67 2905/5590/67 2904/5589/67 2903/5588/67 2902/5587/67 2901/5586/67 2900/5585/67 2849/5534/67
f 2894/5579/67 2893/5578/67 2892/5577/67 2891/5576/67 2890/5575/67 2889/5574/67 2888/5573/67 2887/5572/67 2886/5571/67 2885/5570/67 2884/5569/67 2883/5568/67 2882/5567/67 2881/5566/67 2880/5565/67 2879/5564/67 2878/5563/67 2877/5562/67 2876/5561/67 2875/5560/67 2874/5559/67 2873/5558/67 2872/5557/67 2871/5556/67 2870/5555/67 2869/5554/67 2868/5553/67 2895/5580/67
f 2848/5533/67 2899/5584/67 2898/5583/67 2897/5582/67 2896/5581/67 2845/5530/67 2846/5531/67 2907/5592/67 2906/5591/67 2847/5532/67
f 2847/5532/67 2906/5591/67 2907/5592/67 2846/5531/67
f 2918/5603/93 2939/5624/93 2948/5633/93 2919/5604/93
f 2920/5605/93 2947/5632/93 2946/5631/93 2945/5630/93 2944/5629/93 2943/5628/93 2942/5627/93 2923/5608/93 2922/5607/93 2941/5626/93 2940/5625/93 2921/5606/93
f 2921/5606/52 2940/5625/52 2941/5626/52 2922/5607/52
f 2923/5608/52 2942/5627/52 2943/5628/52 2944/5629/52 2945/5630/52 2955/5640/52 2954/5639/52 2953/5638/52 2952/5637/52 2938/5623/52 2932/5617/52 2933/5618/52 2934/5619/52 2935/5620/52 2909/5594/52 1509/3084/52 1525/3111/52
f 2909/5594/52 2935/5620/52 2934/5619/52 2933/5618/52 2932/5617/52 2938/5623/52 2937/5622/52 2936/5621/52 2908/5593/52
f 2953/5638/52 2954/5639/52 2955/5640/52 2949/5634/52 2950/5635/52 2951/5636/52 2952/5637/52
f 2914/5599/52 2963/5648/52 2962/5647/52 2961/5646/52 2960/5645/52 2959/5644/52 2958/5643/52 2917/5602/52 2916/5601/52 2957/5642/52 2956/5641/52 2915/5600/52
f 2915/5600/52 2956/5641/52 2957/5642/52 2916/5601/52
f 2917/5602/52 2958/5643/52 2959/5644/52 2976/5661/52 2964/5649/52 2965/5650/52 2966/5651/52 2967/5652/52 2968/5653/52 2969/5654/52 2970/5655/52 1523/3107/52 1505/3078/52
f 2969/5654/52 2968/5653/52 2967/5652/52 2966/5651/52 2965/5650/52 2964/5649/52 2976/5661/52 2975/5660/52 2974/5659/52 2973/5658/52 2972/5657/52 2971/5656/52 2970/5655/52
f 2927/5612/5 2931/5616/5 2930/5615/5 2926/5611/5
f 2926/5611/5 2930/5615/5 2929/5614/5 2925/5610/5
f 2925/5610/5 2929/5614/5 2928/5613/5 2924/5609/5
f 2924/5609/5 2928/5613/5 2062/4144/5 2094/4208/5
f 2910/5595/52 2987/5672/52 2986/5671/52 2985/5670/52 2984/5669/52 2983/5668/52 2982/5667/52 2981/5666/52 2980/5665/52 2979/5664/52 2913/5598/52 2912/5597/52 2977/5662/52 2978/5663/52 2911/5596/52
f 2911/5596/52 2978/5663/52 2977/5662/52 2912/5597/52
f 2913/5598/52 2979/5664/52 2980/5665/52 2981/5666/52 2982/5667/52 2983/5668/52 2984/5669/52 2985/5670/52 2988/5673/52 3015/5700/52 3014/5699/52 3013/5698/52 3012/5697/52 3011/5696/52 3010/5695/52 3009/5694/52 3008/5693/52 3007/5692/52 3006/5691/52 3005/5690/52 3004/5689/52 3003/5688/52 3018/5703/52 3019/5704/52 3020/5705/52 2917/5602/52 1505/3078/52 1515/3092/52
f 2917/5602/52 3020/5705/52 3019/5704/52 3018/5703/52 3023/5708/52 3022/5707/52 3021/5706/52 2914/5599/52 2915/5600/52 3017/5702/52 3016/5701/52 2916/5601/52
f 2916/5601/52 3016/5701/52 3017/5702/52 2915/5600/52
f 3004/5689/52 3005/5690/52 3006/5691/52 3007/5692/52 3008/5693/52 3009/5694/52 3010/5695/52 3011/5696/52 3012/5697/52 3013/5698/52 3014/5699/52 3015/5700/52 2988/5673/52 2989/5674/52 2990/5675/52 2991/5676/52 2992/5677/52 2993/5678/52 2994/5679/52 2995/5680/52 2996/5681/52 2997/5682/52 2998/5683/52 2999/5684/52 3000/5685/52 3001/5686/52 3002/5687/52 3003/5688/52
f 1508/3082/52 3036/5721/52 3037/5722/52 3038/5723/52 3039/5724/52 3040/5725/52 3041/5726/52 3042/5727/52 3043/5728/52 3050/5735/52 3051/5736/52 2913/5598/52 1515/3092/52 1509/3084/52 2909/5594/52 3024/5709/52 3025/5710/52 3026/5711/52 3027/5712/52 3028/5713/52 3029/5714/52 2908/5593/52
f 2908/5593/52 3029/5714/52 3028/5713/52 3027/5712/52 3026/5711/52 3025/5710/52 3024/5709/52 2909/5594/52
f 2913/5598/52 3051/5736/52 3050/5735/52 3049/5734/52 3048/5733/52 2910/5595/52 2911/5596/52 3046/5731/52 3047/5732/52 2912/5597/52
f 2912/5597/52 3047/5732/52 3046/5731/52 2911/5596/52
f 3042/5727/52 3041/5726/52 3040/5725/52 3039/5724/52 3038/5723/52 3037/5722/52 3030/5715/52 3031/5716/52 3032/5717/52
f 3032/5717/93 3031/5716/93 3030/5715/93 3033/5718/93
f 3033/5718/52 3030/5715/52 3037/5722/52 3036/5721/52 3035/5720/52 3034/5719/52 3045/5730/52 3044/5729/52 3043/5728/52 3042/5727/52 3032/5717/52
f 1571/3194/52 3073/5758/52 3074/5759/52 3075/5760/52 3076/5761/52 3077/5762/52 3078/5763/52 3079/5764/52 3052/5737/52 3053/5738/52 3054/5739/52 3055/5740/52 3056/5741/52 3057/5742/52 3058/5743/52 3059/5744/52 3081/5766/52 3082/5767/52 3083/5768/52 2921/5606/52 2922/5607/52 3084/5769/52 3085/5770/52 3086/5771/52 3087/5772/52 3088/5773/52 3089/5774/52 2923/5608/52 1525/3111/52
f 2923/5608/93 3089/5774/93 3088/5773/93 3087/5772/93 3086/5771/93 3085/5770/93 3084/5769/93 2922/5607/93
f 2921/5606/52 3083/5768/52 3082/5767/52 3081/5766/52 3080/5765/52 2918/5603/52 2919/5604/52 3091/5776/52 3090/5775/52 2920/5605/52
f 2920/5605/52 3090/5775/52 3091/5776/52 2919/5604/52
f 3058/5743/52 3057/5742/52 3056/5741/52 3055/5740/52 3054/5739/52 3053/5738/52 3052/5737/52 3079/5764/52 3078/5763/52 3077/5762/52 3076/5761/52 3075/5760/52 3074/5759/52 3073/5758/52 3072/5757/52 3071/5756/52 3070/5755/52 3069/5754/52 3068/5753/52 3067/5752/52 3066/5751/52 3065/5750/52 3064/5749/52 3063/5748/52 3062/5747/52 3061/5746/52 3060/5745/52 3059/5744/52
f 3094/5779/6 3093/5778/6 3092/5777/6 3095/5780/6
f 3110/5795/49 3111/5796/49 3137/5822/49 3139/5824/49
f 3107/5792/148 3112/5797/148 3113/5798/148 3106/5791/148
f 3116/5801/6 3119/5804/6 3118/5803/6 3115/5800/6
f 3114/5799/147 3099/5784/147 3098/5783/147 3117/5802/147
f 3105/5790/49 3104/5789/49 3125/5810/49 3121/5806/49
f 3124/5809/6 3126/5811/6 3127/5812/6 3123/5808/6
f 3122/5807/147 3097/5782/147 3096/5781/147 3120/5805/147
f 3108/5793/49 3109/5794/49 3130/5815/49 3129/5814/49
f 3135/5820/3 3134/5819/3 3132/5817/3 3131/5816/3
f 3133/5818/27 3128/5813/27 3101/5786/27 3100/5785/27
f 3136/5821/147 3102/5787/147 3103/5788/147 3138/5823/147
f 3152/5837/2 3200/5885/2 3201/5886/2 3153/5838/2
f 3150/5835/2 3142/5827/2 3143/5828/2 3151/5836/2
f 3146/5831/2 3144/5829/2 3145/5830/2 3147/5832/2
f 3142/5827/2 3146/5831/2 3147/5832/2 3143/5828/2
f 3154/5839/2 3148/5833/2 3149/5834/2 3155/5840/2
f 3148/5833/2 3150/5835/2 3151/5836/2 3149/5834/2
f 3144/5829/2 3152/5837/2 3153/5838/2 3145/5830/2
f 3141/5826/2 3154/5839/2 3155/5840/2 3140/5825/2
f 3166/5851/2 3167/5852/2 3203/5888/2 3202/5887/2
f 3164/5849/2 3165/5850/2 3157/5842/2 3156/5841/2
f 3160/5845/2 3161/5846/2 3159/5844/2 3158/5843/2
f 3156/5841/2 3157/5842/2 3161/5846/2 3160/5845/2
f 3168/5853/2 3169/5854/2 3163/5848/2 3162/5847/2
f 3162/5847/2 3163/5848/2 3165/5850/2 3164/5849/2
f 3158/5843/2 3159/5844/2 3167/5852/2 3166/5851/2
f 3141/5826/2 3140/5825/2 3169/5854/2 3168/5853/2
f 3182/5867/1 3183/5868/1 3205/5890/1 3204/5889/1
f 3180/5865/1 3181/5866/1 3173/5858/1 3172/5857/1
f 3176/5861/1 3177/5862/1 3175/5860/1 3174/5859/1
f 3172/5857/1 3173/5858/1 3177/5862/1 3176/5861/1
f 3184/5869/1 3185/5870/1 3179/5864/1 3178/5863/1
f 3178/5863/1 3179/5864/1 3181/5866/1 3180/5865/1
f 3174/5859/1 3175/5860/1 3183/5868/1 3182/5867/1
f 3171/5856/1 3170/5855/1 3185/5870/1 3184/5869/1
f 3196/5881/1 3206/5891/1 3207/5892/1 3197/5882/1
f 3194/5879/1 3186/5871/1 3187/5872/1 3195/5880/1
f 3190/5875/1 3188/5873/1 3189/5874/1 3191/5876/1
f 3186/5871/1 3190/5875/1 3191/5876/1 3187/5872/1
f 3198/5883/1 3192/5877/1 3193/5878/1 3199/5884/1
f 3192/5877/1 3194/5879/1 3195/5880/1 3193/5878/1
f 3188/5873/1 3196/5881/1 3197/5882/1 3189/5874/1
f 3171/5856/1 3198/5883/1 3199/5884/1 3170/5855/1
f 69/69/3 3285/5970/3 3263/5948/3 65/65/3
f 3285/5970/3 3286/5971/3 3264/5949/3 3263/5948/3
f 3286/5971/3 3287/5972/3 3265/5950/3 3264/5949/3
f 3287/5972/3 3288/5973/3 3266/5951/3 3265/5950/3
f 3288/5973/3 3289/5974/3 3267/5952/3 3266/5951/3
f 3289/5974/3 3290/5975/3 3268/5953/3 3267/5952/3
f 3290/5975/3 3291/5976/3 3269/5954/3 3268/5953/3
f 3291/5976/3 3292/5977/3 3270/5955/3 3269/5954/3
f 3292/5977/3 3293/5978/3 3271/5956/3 3270/5955/3
f 3293/5978/3 3294/5979/3 3272/5957/3 3271/5956/3
f 3294/5979/3 3295/5980/3 3273/5958/3 3272/5957/3
f 75/75/3 76/76/3 3328/6013/3 3307/5992/3
f 3307/5992/3 3328/6013/3 3327/6012/3 3308/5993/3
f 3308/5993/3 3327/6012/3 3326/6011/3 3309/5994/3
f 3309/5994/3 3326/6011/3 3325/6010/3 3310/5995/3
f 3310/5995/3 3325/6010/3 3324/6009/3 3311/5996/3
f 3311/5996/3 3324/6009/3 3323/6008/3 3312/5997/3
f 3312/5997/3 3323/6008/3 3322/6007/3 3313/5998/3
f 3313/5998/3 3322/6007/3 3321/6006/3 3314/5999/3
f 3314/5999/3 3321/6006/3 3320/6005/3 3315/6000/3
f 3315/6000/3 3320/6005/3 3319/6004/3 3316/6001/3
f 3316/6001/3 3319/6004/3 3318/6003/3 3317/6002/3
f 69/69/3 70/70/3 3306/5991/3 3285/5970/3
f 3285/5970/3 3306/5991/3 3305/5990/3 3286/5971/3
f 3286/5971/3 3305/5990/3 3304/5989/3 3287/5972/3
f 3287/5972/3 3304/5989/3 3303/5988/3 3288/5973/3
f 3288/5973/3 3303/5988/3 3302/5987/3 3289/5974/3
f 3289/5974/3 3302/5987/3 3301/5986/3 3290/5975/3
f 3290/5975/3 3301/5986/3 3300/5985/3 3291/5976/3
f 3291/5976/3 3300/5985/3 3299/5984/3 3292/5977/3
f 3292/5977/3 3299/5984/3 3298/5983/3 3293/5978/3
f 3293/5978/3 3298/5983/3 3297/5982/3 3294/5979/3
f 3294/5979/3 3297/5982/3 3296/5981/3 3295/5980/3
f 67/67/3 3284/5969/3 3328/6013/3 76/76/3
f 3284/5969/3 3283/5968/3 3327/6012/3 3328/6013/3
f 3283/5968/3 3282/5967/3 3326/6011/3 3327/6012/3
f 3282/5967/3 3281/5966/3 3325/6010/3 3326/6011/3
f 3281/5966/3 3280/5965/3 3324/6009/3 3325/6010/3
f 3280/5965/3 3279/5964/3 3323/6008/3 3324/6009/3
f 3279/5964/3 3278/5963/3 3322/6007/3 3323/6008/3
f 3278/5963/3 3277/5962/3 3321/6006/3 3322/6007/3
f 3277/5962/3 3276/5961/3 3320/6005/3 3321/6006/3
f 3276/5961/3 3275/5960/3 3319/6004/3 3320/6005/3
f 3275/5960/3 3274/5959/3 3318/6003/3 3319/6004/3
f 75/75/3 3307/5992/3 3306/5991/3 70/70/3
f 3307/5992/3 3308/5993/3 3305/5990/3 3306/5991/3
f 3308/5993/3 3309/5994/3 3304/5989/3 3305/5990/3
f 3309/5994/3 3310/5995/3 3303/5988/3 3304/5989/3
f 3310/5995/3 3311/5996/3 3302/5987/3 3303/5988/3
f 3311/5996/3 3312/5997/3 3301/5986/3 3302/5987/3
f 3312/5997/3 3313/5998/3 3300/5985/3 3301/5986/3
f 3313/5998/3 3314/5999/3 3299/5984/3 3300/5985/3
f 3314/5999/3 3315/6000/3 3298/5983/3 3299/5984/3
f 3315/6000/3 3316/6001/3 3297/5982/3 3298/5983/3
f 3316/6001/3 3317/6002/3 3296/5981/3 3297/5982/3
f 57/57/3 65/65/3 3263/5948/3 3219/5904/3
f 3219/5904/3 3263/5948/3 3264/5949/3 3220/5905/3
f 3220/5905/3 3264/5949/3 3265/5950/3 3221/5906/3
f 3221/5906/3 3265/5950/3 3266/5951/3 3222/5907/3
f 3222/5907/3 3266/5951/3 3267/5952/3 3223/5908/3
f 3223/5908/3 3267/5952/3 3268/5953/3 3224/5909/3
f 3224/5909/3 3268/5953/3 3269/5954/3 3225/5910/3
f 3225/5910/3 3269/5954/3 3270/5955/3 3226/5911/3
f 3226/5911/3 3270/5955/3 3271/5956/3 3227/5912/3
f 3227/5912/3 3271/5956/3 3272/5957/3 3228/5913/3
f 3228/5913/3 3272/5957/3 3273/5958/3 3229/5914/3
f 63/63/3 3241/5926/3 3262/5947/3 64/64/3
f 3241/5926/3 3242/5927/3 3261/5946/3 3262/5947/3
f 3242/5927/3 3243/5928/3 3260/5945/3 3261/5946/3
f 3243/5928/3 3244/5929/3 3259/5944/3 3260/5945/3
f 3244/5929/3 3245/5930/3 3258/5943/3 3259/5944/3
f 3245/5930/3 3246/5931/3 3257/5942/3 3258/5943/3
f 3246/5931/3 3247/5932/3 3256/5941/3 3257/5942/3
f 3247/5932/3 3248/5933/3 3255/5940/3 3256/5941/3
f 3248/5933/3 3249/5934/3 3254/5939/3 3255/5940/3
f 3249/5934/3 3250/5935/3 3253/5938/3 3254/5939/3
f 3250/5935/3 3251/5936/3 3252/5937/3 3253/5938/3
f 57/57/3 3219/5904/3 3240/5925/3 58/58/3
f 3219/5904/3 3220/5905/3 3239/5924/3 3240/5925/3
f 3220/5905/3 3221/5906/3 3238/5923/3 3239/5924/3
f 3221/5906/3 3222/5907/3 3237/5922/3 3238/5923/3
f 3222/5907/3 3223/5908/3 3236/5921/3 3237/5922/3
f 3223/5908/3 3224/5909/3 3235/5920/3 3236/5921/3
f 3224/5909/3 3225/5910/3 3234/5919/3 3235/5920/3
f 3225/5910/3 3226/5911/3 3233/5918/3 3234/5919/3
f 3226/5911/3 3227/5912/3 3232/5917/3 3233/5918/3
f 3227/5912/3 3228/5913/3 3231/5916/3 3232/5917/3
f 3228/5913/3 3229/5914/3 3230/5915/3 3231/5916/3
f 55/55/3 64/64/3 3262/5947/3 3218/5903/3
f 3218/5903/3 3262/5947/3 3261/5946/3 3217/5902/3
f 3217/5902/3 3261/5946/3 3260/5945/3 3216/5901/3
f 3216/5901/3 3260/5945/3 3259/5944/3 3215/5900/3
f 3215/5900/3 3259/5944/3 3258/5943/3 3214/5899/3
f 3214/5899/3 3258/5943/3 3257/5942/3 3213/5898/3
f 3213/5898/3 3257/5942/3 3256/5941/3 3212/5897/3
f 3212/5897/3 3256/5941/3 3255/5940/3 3211/5896/3
f 3211/5896/3 3255/5940/3 3254/5939/3 3210/5895/3
f 3210/5895/3 3254/5939/3 3253/5938/3 3209/5894/3
f 3209/5894/3 3253/5938/3 3252/5937/3 3208/5893/3
f 63/63/3 58/58/3 3240/5925/3 3241/5926/3
f 3241/5926/3 3240/5925/3 3239/5924/3 3242/5927/3
f 3242/5927/3 3239/5924/3 3238/5923/3 3243/5928/3
f 3243/5928/3 3238/5923/3 3237/5922/3 3244/5929/3
f 3244/5929/3 3237/5922/3 3236/5921/3 3245/5930/3
f 3245/5930/3 3236/5921/3 3235/5920/3 3246/5931/3
f 3246/5931/3 3235/5920/3 3234/5919/3 3247/5932/3
f 3247/5932/3 3234/5919/3 3233/5918/3 3248/5933/3
f 3248/5933/3 3233/5918/3 3232/5917/3 3249/5934/3
f 3249/5934/3 3232/5917/3 3231/5916/3 3250/5935/3
f 3250/5935/3 3231/5916/3 3230/5915/3 3251/5936/3
f 84/100/3 3352/6060/3 3365/6086/3 82/93/3
f 3352/6060/3 3351/6058/3 3366/6088/3 3365/6086/3
f 3351/6058/3 3350/6056/3 3367/6090/3 3366/6088/3
f 3350/6056/3 3349/6054/3 3368/6092/3 3367/6090/3
f 3349/6054/3 3348/6052/3 3369/6094/3 3368/6092/3
f 3348/6052/3 3347/6050/3 3370/6096/3 3369/6094/3
f 3347/6050/3 3346/6048/3 3371/6098/3 3370/6096/3
f 3346/6048/3 3345/6046/3 3372/6100/3 3371/6098/3
f 3345/6046/3 3344/6044/3 3373/6102/3 3372/6100/3
f 3344/6044/3 3343/6042/3 3374/6104/3 3373/6102/3
f 3343/6042/3 3342/6040/3 3375/6106/3 3374/6104/3
f 3342/6040/3 3341/6038/3 3376/6108/3 3375/6106/3
f 79/84/6 3340/6036/6 3353/6062/6 77/79/6
f 3340/6036/6 3339/6034/6 3354/6064/6 3353/6062/6
f 3339/6034/6 3338/6032/6 3355/6066/6 3354/6064/6
f 3338/6032/6 3337/6030/6 3356/6068/6 3355/6066/6
f 3337/6030/6 3336/6028/6 3357/6070/6 3356/6068/6
f 3336/6028/6 3335/6026/6 3358/6072/6 3357/6070/6
f 3335/6026/6 3334/6024/6 3359/6074/6 3358/6072/6
f 3334/6024/6 3333/6022/6 3360/6076/6 3359/6074/6
f 3333/6022/6 3332/6020/6 3361/6078/6 3360/6076/6
f 3332/6020/6 3331/6018/6 3362/6080/6 3361/6078/6
f 3331/6018/6 3330/6016/6 3363/6082/6 3362/6080/6
f 3330/6016/6 3329/6014/6 3364/6084/6 3363/6082/6
f 81/91/1 82/94/1 3365/6087/1 3364/6085/1
f 3364/6085/1 3365/6087/1 3366/6089/1 3363/6083/1
f 3363/6083/1 3366/6089/1 3367/6091/1 3362/6081/1
f 3362/6081/1 3367/6091/1 3368/6093/1 3361/6079/1
f 3361/6079/1 3368/6093/1 3369/6095/1 3360/6077/1
f 3360/6077/1 3369/6095/1 3370/6097/1 3359/6075/1
f 3359/6075/1 3370/6097/1 3371/6099/1 3358/6073/1
f 3358/6073/1 3371/6099/1 3372/6101/1 3357/6071/1
f 3357/6071/1 3372/6101/1 3373/6103/1 3356/6069/1
f 3356/6069/1 3373/6103/1 3374/6105/1 3355/6067/1
f 3355/6067/1 3374/6105/1 3375/6107/1 3354/6065/1
f 3354/6065/1 3375/6107/1 3376/6109/1 3353/6063/1
f 79/85/2 80/88/2 3341/6039/2 3340/6037/2
f 3340/6037/2 3341/6039/2 3342/6041/2 3339/6035/2
f 3339/6035/2 3342/6041/2 3343/6043/2 3338/6033/2
f 3338/6033/2 3343/6043/2 3344/6045/2 3337/6031/2
f 3337/6031/2 3344/6045/2 3345/6047/2 3336/6029/2
f 3336/6029/2 3345/6047/2 3346/6049/2 3335/6027/2
f 3335/6027/2 3346/6049/2 3347/6051/2 3334/6025/2
f 3334/6025/2 3347/6051/2 3348/6053/2 3333/6023/2
f 3333/6023/2 3348/6053/2 3349/6055/2 3332/6021/2
f 3332/6021/2 3349/6055/2 3350/6057/2 3331/6019/2
f 3331/6019/2 3350/6057/2 3351/6059/2 3330/6017/2
f 3330/6017/2 3351/6059/2 3352/6061/2 3329/6015/2
f 92/124/3 90/117/3 3413/6182/3 3400/6156/3
f 3400/6156/3 3413/6182/3 3414/6184/3 3399/6154/3
f 3399/6154/3 3414/6184/3 3415/6186/3 3398/6152/3
f 3398/6152/3 3415/6186/3 3416/6188/3 3397/6150/3
f 3397/6150/3 3416/6188/3 3417/6190/3 3396/6148/3
f 3396/6148/3 3417/6190/3 3418/6192/3 3395/6146/3
f 3395/6146/3 3418/6192/3 3419/6194/3 3394/6144/3
f 3394/6144/3 3419/6194/3 3420/6196/3 3393/6142/3
f 3393/6142/3 3420/6196/3 3421/6198/3 3392/6140/3
f 3392/6140/3 3421/6198/3 3422/6200/3 3391/6138/3
f 3391/6138/3 3422/6200/3 3423/6202/3 3390/6136/3
f 3390/6136/3 3423/6202/3 3424/6204/3 3389/6134/3
f 87/108/6 85/103/6 3401/6158/6 3388/6132/6
f 3388/6132/6 3401/6158/6 3402/6160/6 3387/6130/6
f 3387/6130/6 3402/6160/6 3403/6162/6 3386/6128/6
f 3386/6128/6 3403/6162/6 3404/6164/6 3385/6126/6
f 3385/6126/6 3404/6164/6 3405/6166/6 3384/6124/6
f 3384/6124/6 3405/6166/6 3406/6168/6 3383/6122/6
f 3383/6122/6 3406/6168/6 3407/6170/6 3382/6120/6
f 3382/6120/6 3407/6170/6 3408/6172/6 3381/6118/6
f 3381/6118/6 3408/6172/6 3409/6174/6 3380/6116/6
f 3380/6116/6 3409/6174/6 3410/6176/6 3379/6114/6
f 3379/6114/6 3410/6176/6 3411/6178/6 3378/6112/6
f 3378/6112/6 3411/6178/6 3412/6180/6 3377/6110/6
f 89/115/2 3412/6181/2 3413/6183/2 90/118/2
f 3412/6181/2 3411/6179/2 3414/6185/2 3413/6183/2
f 3411/6179/2 3410/6177/2 3415/6187/2 3414/6185/2
f 3410/6177/2 3409/6175/2 3416/6189/2 3415/6187/2
f 3409/6175/2 3408/6173/2 3417/6191/2 3416/6189/2
f 3408/6173/2 3407/6171/2 3418/6193/2 3417/6191/2
f 3407/6171/2 3406/6169/2 3419/6195/2 3418/6193/2
f 3406/6169/2 3405/6167/2 3420/6197/2 3419/6195/2
f 3405/6167/2 3404/6165/2 3421/6199/2 3420/6197/2
f 3404/6165/2 3403/6163/2 3422/6201/2 3421/6199/2
f 3403/6163/2 3402/6161/2 3423/6203/2 3422/6201/2
f 3402/6161/2 3401/6159/2 3424/6205/2 3423/6203/2
f 87/109/1 3388/6133/1 3389/6135/1 88/112/1
f 3388/6133/1 3387/6131/1 3390/6137/1 3389/6135/1
f 3387/6131/1 3386/6129/1 3391/6139/1 3390/6137/1
f 3386/6129/1 3385/6127/1 3392/6141/1 3391/6139/1
f 3385/6127/1 3384/6125/1 3393/6143/1 3392/6141/1
f 3384/6125/1 3383/6123/1 3394/6145/1 3393/6143/1
f 3383/6123/1 3382/6121/1 3395/6147/1 3394/6145/1
f 3382/6121/1 3381/6119/1 3396/6149/1 3395/6147/1
f 3381/6119/1 3380/6117/1 3397/6151/1 3396/6149/1
f 3380/6117/1 3379/6115/1 3398/6153/1 3397/6151/1
f 3379/6115/1 3378/6113/1 3399/6155/1 3398/6153/1
f 3378/6113/1 3377/6111/1 3400/6157/1 3399/6155/1
f 3513/6364/78 3432/6218/78 3434/6222/78 3514/6367/78
f 3508/6355/147 3514/6366/147 3434/6223/147 3433/6220/147
f 3459/6267/147 3432/6219/147 3430/6215/147 3458/6265/147
f 3507/6353/147 3431/6216/147 3429/6213/147 3506/6352/147
f 3463/6274/86 3431/6217/86 3433/6221/86 3464/6276/86
f 3461/6271/89 3425/6207/89 3429/6213/89 3462/6273/89
f 3509/6357/83 3426/6208/83 3430/6214/83 3512/6362/83
f 3511/6361/6 3505/6350/6 3425/6206/6 3428/6211/6
f 3510/6359/27 3511/6360/27 3428/6212/27 3427/6209/27
f 3509/6357/84 3510/6358/84 3427/6210/84 3426/6208/84
f 3497/6335/1 3441/6234/1 3443/6238/1 3498/6338/1
f 3504/6348/3 3498/6337/3 3443/6239/3 3444/6240/3
f 3503/6346/3 3442/6236/3 3440/6233/3 3502/6345/3
f 3473/6292/3 3441/6235/3 3439/6232/3 3472/6291/3
f 3469/6285/2 3442/6237/2 3444/6241/2 3470/6287/2
f 3500/6342/90 3501/6343/90 3438/6230/90 3437/6228/90
f 3495/6333/80 3435/6224/80 3439/6232/80 3496/6334/80
f 3467/6282/48 3438/6231/48 3440/6233/48 3468/6284/48
f 3495/6332/87 3499/6340/87 3436/6226/87 3435/6225/87
f 3499/6339/6 3500/6341/6 3437/6229/6 3436/6227/6
f 3493/6328/148 3494/6331/148 3454/6258/148 3453/6256/148
f 3481/6306/148 3452/6255/148 3450/6251/148 3479/6303/148
f 3491/6324/148 3451/6252/148 3449/6249/148 3489/6321/148
f 3488/6320/88 3448/6247/88 3450/6251/88 3490/6323/88
f 3476/6298/82 3447/6246/82 3449/6250/82 3478/6301/82
f 3480/6304/77 3451/6253/77 3453/6257/77 3482/6308/77
f 3492/6326/114 3452/6254/114 3454/6259/114 3494/6330/114
f 3488/6319/6 3485/6315/6 3445/6242/6 3448/6248/6
f 3485/6314/49 3486/6317/49 3446/6244/49 3445/6243/49
f 3486/6316/177 3487/6318/177 3447/6246/177 3446/6245/177
f 255/461/89 3461/6271/89 3462/6273/89 2418/4748/89
f 2358/4627/86 3463/6274/86 3464/6276/86 2476/4847/86
f 2372/4655/147 3459/6267/147 3458/6265/147 2438/4774/147
f 3432/6218/78 3459/6268/78 3460/6269/78 3434/6222/78
f 3433/6220/147 3434/6223/147 3460/6270/147 3464/6277/147
f 3431/6216/147 3463/6275/147 3462/6273/147 3429/6213/147
f 3426/6208/83 3455/6260/83 3458/6266/83 3430/6214/83
f 3428/6211/6 3425/6206/6 3461/6272/6 3457/6263/6
f 3427/6209/27 3428/6212/27 3457/6264/27 3456/6261/27
f 3426/6208/84 3427/6210/84 3456/6262/84 3455/6260/84
f 1192/2435/48 3467/6282/48 3468/6284/48 2376/4662/48
f 2436/4770/2 3469/6285/2 3470/6287/2 2483/4861/2
f 2375/4661/3 3473/6292/3 3472/6291/3 2434/4766/3
f 3441/6234/1 3473/6293/1 3474/6294/1 3443/6238/1
f 3444/6240/3 3443/6239/3 3474/6295/3 3470/6288/3
f 3442/6236/3 3469/6286/3 3468/6284/3 3440/6233/3
f 3437/6228/90 3438/6230/90 3467/6283/90 3466/6280/90
f 3435/6224/80 3471/6289/80 3472/6291/80 3439/6232/80
f 3435/6225/87 3436/6226/87 3465/6278/87 3471/6290/87
f 3436/6227/6 3437/6229/6 3466/6281/6 3465/6279/6
f 2374/4659/77 3480/6304/77 3482/6308/77 2481/4857/77
f 1190/2429/82 3476/6298/82 3478/6301/82 2432/4763/82
f 2366/4643/148 3481/6306/148 3479/6303/148 2426/4756/148
f 3453/6256/148 3454/6258/148 3483/6310/148 3482/6309/148
f 3451/6252/148 3480/6305/148 3478/6302/148 3449/6249/148
f 3448/6247/88 3477/6299/88 3479/6303/88 3450/6251/88
f 3452/6254/114 3481/6307/114 3483/6311/114 3454/6259/114
f 3448/6248/6 3445/6242/6 3484/6312/6 3477/6300/6
f 3445/6243/49 3446/6244/49 3475/6296/49 3484/6313/49
f 3446/6245/35 3447/6246/35 3476/6298/35 3475/6297/35
f 1805/3649/177 1213/2493/177 3487/6318/177 3486/6316/177
f 1789/3595/49 1805/3650/49 3486/6317/49 3485/6314/49
f 807/1628/6 1789/3596/6 3485/6315/6 3488/6319/6
f 2365/4641/114 3492/6326/114 3494/6330/114 2490/4874/114
f 807/1629/88 3488/6320/88 3490/6323/88 2425/4755/88
f 2441/4780/148 3491/6324/148 3489/6321/148 2381/4670/148
f 2491/4877/148 2490/4875/148 3494/6331/148 3493/6328/148
f 3452/6255/148 3492/6327/148 3490/6323/148 3450/6251/148
f 3447/6246/82 3487/6318/82 3489/6322/82 3449/6250/82
f 3451/6253/77 3491/6325/77 3493/6329/77 3453/6257/77
f 1808/3659/6 1807/3656/6 3500/6341/6 3499/6339/6
f 1212/2490/87 1808/3660/87 3499/6340/87 3495/6332/87
f 1212/2491/80 3495/6333/80 3496/6334/80 2443/4783/80
f 1807/3657/90 1211/2488/90 3501/6343/90 3500/6342/90
f 2445/4786/3 3503/6346/3 3502/6345/3 2383/4673/3
f 2494/4883/3 2495/4884/3 3498/6337/3 3504/6348/3
f 2384/4675/1 3497/6335/1 3498/6338/1 2495/4885/1
f 3441/6235/3 3497/6336/3 3496/6334/3 3439/6232/3
f 3442/6237/2 3503/6347/2 3504/6349/2 3444/6241/2
f 3438/6231/48 3501/6344/48 3502/6345/48 3440/6233/48
f 1210/2485/84 1806/3653/84 3510/6358/84 3509/6357/84
f 1806/3654/27 1781/3571/27 3511/6360/27 3510/6359/27
f 1781/3572/6 259/473/6 3505/6350/6 3511/6361/6
f 1210/2485/83 3509/6357/83 3512/6362/83 2447/4790/83
f 2357/4625/147 3507/6353/147 3506/6352/147 2417/4747/147
f 2492/4879/147 2493/4880/147 3514/6366/147 3508/6355/147
f 2382/4672/78 3513/6364/78 3514/6367/78 2493/4881/78
f 3432/6219/147 3513/6365/147 3512/6363/147 3430/6215/147
f 3431/6217/86 3507/6354/86 3508/6356/86 3433/6221/86
f 3425/6207/89 3505/6351/89 3506/6352/89 3429/6213/89
f 2455/4802/78 3522/6380/78 3524/6384/78 2509/4912/78
f 2356/4623/86 3521/6378/86 3523/6382/86 2496/4887/86
f 2508/4911/147 2509/4913/147 3524/6385/147 3523/6383/147
f 2446/4788/147 3522/6381/147 3520/6376/147 2385/4677/147
f 2360/4631/147 3521/6379/147 3519/6375/147 2420/4750/147
f 1784/3580/6 532/1044/6 3515/6368/6 3518/6373/6
f 1817/3691/27 1784/3581/27 3518/6374/27 3517/6371/27
f 258/470/89 3515/6369/89 3519/6375/89 2416/4746/89
f 1230/2539/84 1817/3692/84 3517/6372/84 3516/6370/84
f 1230/2539/83 3516/6370/83 3520/6377/83 2393/4692/83
f 2386/4679/2 3532/6398/2 3534/6402/2 2498/4891/2
f 2395/4696/1 3531/6396/1 3533/6400/1 2511/4916/1
f 2510/4915/3 2511/4917/3 3533/6401/3 3534/6403/3
f 2394/4694/3 3532/6399/3 3530/6395/3 2453/4798/3
f 2442/4782/3 3531/6397/3 3529/6394/3 2387/4680/3
f 1232/2544/80 3525/6386/80 3529/6394/80 2451/4796/80
f 1215/2498/48 3528/6392/48 3530/6395/48 2444/4784/48
f 1818/3694/90 1231/2542/90 3528/6393/90 3527/6390/90
f 1232/2545/87 1819/3697/87 3526/6388/87 3525/6387/87
f 1819/3698/6 1818/3695/6 3527/6391/6 3526/6389/6
f 2368/4647/114 3542/6416/114 3544/6420/114 2502/4898/114
f 2440/4778/77 3541/6414/77 3543/6418/77 2489/4873/77
f 2503/4901/148 2502/4899/148 3544/6421/148 3543/6419/148
f 2364/4639/148 3542/6417/148 3540/6413/148 2424/4754/148
f 2389/4684/148 3541/6415/148 3539/6411/148 2449/4794/148
f 1072/2185/88 3538/6409/88 3540/6413/88 2428/4758/88
f 1217/2503/82 3537/6408/82 3539/6412/82 2380/4668/82
f 1072/2186/6 1792/3604/6 3535/6404/6 3538/6410/6
f 1792/3605/49 1813/3677/49 3536/6406/49 3535/6405/49
f 1813/3678/35 1233/2547/35 3537/6408/35 3536/6407/35
f 3593/6508/77 3552/6435/77 3554/6438/77 3594/6511/77
f 3633/6580/114 3551/6432/114 3553/6436/114 3634/6582/114
f 3588/6499/148 3594/6510/148 3554/6439/148 3553/6437/148
f 3629/6573/148 3552/6434/148 3550/6430/148 3628/6571/148
f 3587/6497/148 3551/6433/148 3549/6429/148 3586/6496/148
f 3589/6501/82 3546/6424/82 3550/6431/82 3592/6506/82
f 3631/6577/88 3545/6422/88 3549/6429/88 3632/6579/88
f 3591/6505/6 3585/6494/6 3545/6423/6 3548/6427/6
f 3590/6503/49 3591/6504/49 3548/6428/49 3547/6425/49
f 3589/6501/35 3590/6502/35 3547/6426/35 3546/6424/35
f 3622/6560/1 3562/6452/1 3564/6456/1 3624/6565/1
f 3580/6484/2 3561/6451/2 3563/6455/2 3582/6488/2
f 3623/6562/3 3624/6564/3 3564/6457/3 3563/6454/3
f 3581/6486/3 3562/6453/3 3560/6449/3 3579/6483/3
f 3621/6558/3 3561/6450/3 3559/6448/3 3619/6556/3
f 3617/6553/80 3557/6444/80 3560/6449/80 3620/6557/80
f 3575/6476/48 3556/6443/48 3559/6448/48 3578/6482/48
f 3618/6555/6 3615/6549/6 3555/6440/6 3558/6446/6
f 3617/6552/87 3618/6554/87 3558/6447/87 3557/6445/87
f 3615/6548/90 3616/6550/90 3556/6442/90 3555/6441/90
f 3602/6524/86 3572/6471/86 3574/6474/86 3604/6529/86
f 3610/6538/78 3571/6468/78 3573/6472/78 3612/6542/78
f 3603/6526/147 3604/6528/147 3574/6475/147 3573/6473/147
f 3611/6540/147 3572/6470/147 3570/6467/147 3609/6537/147
f 3601/6522/147 3571/6469/147 3569/6466/147 3599/6519/147
f 3598/6518/89 3568/6463/89 3570/6467/89 3600/6521/89
f 3606/6532/83 3567/6462/83 3569/6465/83 3608/6535/83
f 3598/6517/6 3595/6513/6 3565/6458/6 3568/6464/6
f 3595/6512/27 3596/6515/27 3566/6460/27 3565/6459/27
f 3596/6514/84 3597/6516/84 3567/6462/84 3566/6461/84
f 1227/2532/48 3575/6476/48 3578/6482/48 2452/4797/48
f 2392/4690/3 3581/6486/3 3579/6483/3 2450/4795/3
f 2391/4688/2 3580/6484/2 3582/6488/2 2506/4907/2
f 3562/6452/1 3581/6487/1 3583/6490/1 3564/6456/1
f 3563/6454/3 3564/6457/3 3583/6491/3 3582/6489/3
f 3561/6450/3 3580/6485/3 3578/6482/3 3559/6448/3
f 3557/6444/80 3576/6478/80 3579/6483/80 3560/6449/80
f 3558/6446/6 3555/6440/6 3584/6492/6 3577/6480/6
f 3557/6445/87 3558/6447/87 3577/6481/87 3576/6479/87
f 3555/6441/90 3556/6442/90 3575/6477/90 3584/6493/90
f 1229/2537/35 1814/3681/35 3590/6502/35 3589/6501/35
f 1814/3682/49 1793/3607/49 3591/6504/49 3590/6503/49
f 1793/3608/6 1073/2189/6 3585/6494/6 3591/6505/6
f 1229/2537/82 3589/6501/82 3592/6506/82 2448/4792/82
f 2369/4649/148 3587/6497/148 3586/6496/148 2429/4759/148
f 2500/4895/148 2501/4896/148 3594/6510/148 3588/6499/148
f 2388/4682/77 3593/6508/77 3594/6511/77 2501/4897/77
f 3551/6432/114 3587/6498/114 3588/6500/114 3553/6436/114
f 3552/6434/148 3593/6509/148 3592/6507/148 3550/6430/148
f 3545/6422/88 3585/6495/88 3586/6496/88 3549/6429/88
f 1812/3673/84 1226/2529/84 3597/6516/84 3596/6514/84
f 1785/3583/27 1812/3674/27 3596/6515/27 3595/6512/27
f 533/1046/6 1785/3584/6 3595/6513/6 3598/6517/6
f 533/1047/89 3598/6518/89 3600/6521/89 2421/4751/89
f 2454/4800/147 3601/6522/147 3599/6519/147 2390/4686/147
f 2505/4905/147 2504/4902/147 3604/6528/147 3603/6526/147
f 2361/4633/86 3602/6524/86 3604/6529/86 2504/4903/86
f 3571/6468/78 3601/6523/78 3603/6527/78 3573/6472/78
f 3572/6470/147 3602/6525/147 3600/6521/147 3570/6467/147
f 3567/6462/83 3597/6516/83 3599/6520/83 3569/6465/83
f 1238/2561/83 3606/6532/83 3608/6535/83 2398/4702/83
f 2362/4635/147 3611/6540/147 3609/6537/147 2422/4752/147
f 2463/4817/78 3610/6538/78 3612/6542/78 2517/4929/78
f 3572/6471/86 3611/6541/86 3613/6544/86 3574/6474/86
f 3573/6473/147 3574/6475/147 3613/6545/147 3612/6543/147
f 3571/6469/147 3610/6539/147 3608/6536/147 3569/6466/147
f 3568/6463/89 3607/6533/89 3609/6537/89 3570/6467/89
f 3568/6464/6 3565/6458/6 3614/6546/6 3607/6534/6
f 3565/6459/27 3566/6460/27 3605/6530/27 3614/6547/27
f 3566/6461/84 3567/6462/84 3606/6532/84 3605/6531/84
f 1827/3725/90 1239/2564/90 3616/6550/90 3615/6548/90
f 1240/2566/87 1826/3722/87 3618/6554/87 3617/6552/87
f 1826/3723/6 1827/3726/6 3615/6549/6 3618/6555/6
f 1240/2567/80 3617/6553/80 3620/6557/80 2400/4704/80
f 2461/4813/3 3621/6558/3 3619/6556/3 2399/4703/3
f 2518/4931/3 2519/4932/3 3624/6564/3 3623/6562/3
f 2459/4810/1 3622/6560/1 3624/6565/1 2519/4933/1
f 3561/6451/2 3621/6559/2 3623/6563/2 3563/6455/2
f 3562/6453/3 3622/6561/3 3620/6557/3 3560/6449/3
f 3556/6443/48 3616/6551/48 3619/6556/48 3559/6448/48
f 1069/2177/88 3631/6577/88 3632/6579/88 2430/4760/88
f 2457/4806/148 3629/6573/148 3628/6571/148 2397/4700/148
f 2370/4651/114 3633/6580/114 3634/6582/114 2514/4923/114
f 3552/6435/77 3629/6574/77 3630/6575/77 3554/6438/77
f 3553/6437/148 3554/6439/148 3630/6576/148 3634/6583/148
f 3551/6433/148 3633/6581/148 3632/6579/148 3549/6429/148
f 3546/6424/82 3625/6566/82 3628/6572/82 3550/6431/82
f 3548/6427/6 3545/6423/6 3631/6578/6 3627/6569/6
f 3547/6425/49 3548/6428/49 3627/6570/49 3626/6567/49
f 3546/6424/35 3547/6426/35 3626/6568/35 3625/6566/35
f 2197/4343/85 3636/6585/85 3635/6584/85 2190/4336/85
f 2195/4341/7 3637/6586/7 3638/6587/7 2196/4342/7
f 3644/6593/7 3640/6589/7 3639/6588/7 3643/6592/7
f 3640/6589/7 3642/6591/7 3641/6590/7 3639/6588/7
f 2194/4340/7 3644/6593/7 3643/6592/7 2191/4337/7
f 3647/6596/85 3645/6594/85 3646/6595/85 3648/6597/85
f 2192/4338/85 3647/6596/85 3648/6597/85 2193/4339/85
f 3645/6594/85 3649/6598/85 3650/6599/85 3646/6595/85
f 3654/6603/85 3652/6601/85 3651/6600/85 3653/6602/85
f 2202/4348/85 3654/6603/85 3653/6602/85 2198/4344/85
f 3652/6601/85 3656/6605/85 3655/6604/85 3651/6600/85
f 3660/6609/7 3657/6606/7 3658/6607/7 3659/6608/7
f 2200/4346/7 3660/6609/7 3659/6608/7 2201/4347/7
f 3657/6606/7 3661/6610/7 3662/6611/7 3658/6607/7
f 3665/6614/66 3663/6612/66 3664/6613/66 3666/6615/66
f 2180/4326/66 3665/6614/66 3666/6615/66 2150/4295/66
f 3663/6612/66 3668/6617/66 3667/6616/66 3664/6613/66
f 2151/4297/65 3670/6620/65 3669/6618/65 2178/4324/65
f 3675/6625/65 3671/6621/65 3672/6622/65 3676/6626/65
f 3671/6621/65 3673/6623/65 3674/6624/65 3672/6622/65
f 2176/4322/65 3675/6625/65 3676/6626/65 2143/4287/65
f 3679/6629/34 3677/6627/34 3678/6628/34 3680/6630/34
f 2172/4318/34 3679/6629/34 3680/6630/34 2135/4278/34
f 3677/6627/34 3681/6631/34 3682/6632/34 3678/6628/34
f 2136/4279/36 3684/6634/36 3683/6633/36 2170/4316/36
f 3689/6639/36 3685/6635/36 3686/6636/36 3690/6640/36
f 3685/6635/36 3688/6638/36 3687/6637/36 3686/6636/36
f 2168/4314/36 3689/6639/36 3690/6640/36 2128/4271/36
f 1010/2055/1 1019/2075/1 3667/6616/1 2152/4298/1
f 3667/6616/1 1019/2075/1 962/1959/1 3664/6613/1
f 3664/6613/1 962/1959/1 994/2023/1 3666/6615/1
f 3666/6615/1 994/2023/1 971/1979/1 2150/4295/1
f 2135/4278/1 3680/6630/1 450/875/1 426/829/1
f 3678/6628/1 416/807/1 450/875/1 3680/6630/1
f 3682/6632/1 477/931/1 416/807/1 3678/6628/1
f 2137/4280/1 467/909/1 477/931/1 3682/6632/1
f 2136/4279/2 2134/4277/2 2124/4267/2 3684/6634/2
f 2124/4267/2 2127/4270/2 2129/4272/2 3684/6634/2
f 193/336/2 203/357/2 3687/6637/2 2130/4273/2
f 3687/6637/2 203/357/2 142/237/2 3686/6636/2
f 3686/6636/2 142/237/2 176/303/2 3690/6640/2
f 3690/6640/2 176/303/2 152/258/2 2128/4271/2
o Pillar_4k
v -2.649923 3.761033 4.603458
v -2.177259 11.194228 3.334162
v -2.649923 3.761033 -4.603458
v -2.177259 11.194228 -3.334164
v 2.649935 3.761033 4.603458
v 2.177271 11.194228 3.334162
v 2.649935 3.761033 -4.603458
v 2.177271 11.194228 -3.334164
v -2.295080 11.194228 3.451981
v -2.295080 11.194228 -3.451982
v 2.295080 11.194228 -3.451982
v 2.295080 11.194228 3.451981
v -2.177259 13.217715 3.334162
v -2.177259 13.217715 -3.334164
v 2.177271 13.217715 -3.334164
v 2.177271 13.217715 3.334162
v -2.649923 3.761033 0.000000
v -2.295080 11.194228 0.000000
v 2.649935 3.761033 0.000000
v 2.295080 11.194228 0.000000
v -2.177259 11.194228 0.000000
v 2.177271 11.194228 0.000000
v -2.177259 13.217715 0.000000
v 2.177271 13.217715 0.000000
v 2.054373 13.217715 0.122896
v -2.054361 13.217715 0.122896
v -2.054361 13.217715 3.211266
v 2.054373 13.217715 3.211266
v 2.054373 13.217715 -3.211266
v -2.054361 13.217715 -3.211266
v -2.054361 13.217715 -0.122898
v 2.054373 13.217715 -0.122898
v -2.054361 14.006473 0.122896
v 2.054373 14.006473 0.122896
v 2.054373 14.006473 3.211266
v -2.054361 14.006473 3.211266
v -2.054361 14.006473 -3.211266
v 2.054373 14.006473 -3.211266
v 2.054373 14.006473 -0.122898
v -2.054361 14.006473 -0.122898
v 1.514322 14.006473 0.662941
v -1.514322 14.006473 0.662941
v -1.514322 14.006473 2.671219
v 1.514322 14.006473 2.671219
v 1.514322 14.006473 -2.671221
v -1.514322 14.006473 -2.671221
v -1.514322 14.006473 -0.662943
v 1.514322 14.006473 -0.662943
v -1.514322 14.329722 0.662941
v 1.514322 14.329722 0.662941
v 1.514322 14.329722 2.671219
v -1.514322 14.329722 2.671219
v -1.514322 14.329722 -2.671221
v 1.514322 14.329722 -2.671221
v 1.514322 14.329722 -0.662943
v -1.514322 14.329722 -0.662943
v -1.645086 14.329722 0.198996
v 1.645090 14.329722 0.198996
v 1.645090 14.329722 3.135166
v -1.645086 14.329722 3.135166
v -1.645086 14.329722 -3.135168
v 1.645090 14.329722 -3.135168
v 1.645090 14.329722 -0.198996
v -1.645086 14.329722 -0.198996
v -1.645086 15.400989 0.198996
v 1.645090 15.400989 0.198996
v 1.645090 15.400989 3.135166
v -1.645086 15.400989 3.135166
v -1.645086 15.400989 -3.135168
v 1.645090 15.400989 -3.135168
v 1.645090 15.400989 -0.198996
v -1.645086 15.400989 -0.198996
v -2.649923 2.380479 0.000000
v -2.649923 2.380479 4.603458
v 2.649935 2.380479 -4.603458
v -2.649923 2.380479 -4.603458
v 2.649935 2.380479 0.000000
v 2.649935 2.380479 4.603458
v -3.584036 2.380479 0.000000
v -3.584036 2.380479 5.744942
v 3.584036 2.380479 -5.744942
v -3.584036 2.380479 -5.744942
v 3.584036 2.380479 0.000000
v 3.584036 2.380479 5.744942
v -3.584036 -0.049087 0.000000
v -3.584036 -0.049087 5.744942
v 3.584036 -0.049087 -5.744942
v -3.584036 -0.049087 -5.744942
v 3.584036 -0.049087 0.000000
v 3.584036 -0.049087 5.744942
v -2.574015 5.351142 4.357134
v -2.574015 5.351142 -4.357136
v 2.574022 5.351142 -4.357136
v 2.574022 5.351142 4.357134
v 2.574022 5.351142 0.000000
v -2.574015 5.351142 0.000000
v -2.514048 6.607354 0.000000
v -2.524942 6.379157 0.000000
v -2.535124 6.165856 0.000000
v -2.546087 5.936149 0.000000
v -2.554419 5.761628 0.000000
v -2.565313 5.533412 0.000000
v -2.529356 6.286679 -0.450018
v -2.529356 6.286679 -0.684505
v -2.525152 6.374684 -0.684505
v -2.525152 6.374684 -1.293873
v -2.534124 6.186742 -1.293873
v -2.534124 6.186742 -0.671062
v -2.537214 6.122043 -0.516108
v -2.544664 5.965981 -0.450018
v -2.554777 5.754172 -0.450018
v -2.561548 5.612304 -0.503204
v -2.565313 5.533414 -0.671062
v -2.565313 5.533414 -1.304327
v -2.561548 5.612304 -1.473265
v -2.554777 5.754172 -1.525373
v -2.550005 5.854112 -1.525373
v -2.550005 5.854112 -1.293873
v -2.554205 5.766105 -1.293873
v -2.554205 5.766105 -0.684505
v -2.545233 5.954049 -0.684505
v -2.545233 5.954049 -1.304327
v -2.541132 6.039956 -1.479259
v -2.534697 6.174808 -1.525373
v -2.524584 6.386617 -1.525373
v -2.518148 6.521468 -1.479259
v -2.514055 6.607169 -1.314222
v -2.514048 6.607377 -0.671062
v -2.517797 6.528819 -0.503204
v -2.524584 6.386617 -0.450018
v -2.565313 5.533414 -0.284235
v -2.545446 5.949574 -0.284235
v -2.539492 6.074309 -0.243866
v -2.535124 6.165858 -0.066175
v -2.524939 6.379159 -0.055721
v -2.529070 6.292645 -0.055721
v -2.529070 6.292645 -0.284235
v -2.524370 6.391091 -0.284235
v -2.517714 6.530557 -0.232292
v -2.514048 6.607377 -0.066175
v -2.546087 5.936151 -0.055721
v -2.554419 5.761630 -0.055721
v -2.565313 5.533414 0.771704
v -2.535124 6.165858 0.543192
v -2.524939 6.379159 0.543192
v -2.514055 6.607175 0.563530
v -2.517382 6.537503 0.713572
v -2.524370 6.391091 0.771704
v -2.535692 6.153924 0.771704
v -2.541647 6.029168 0.731339
v -2.546087 5.936151 0.553646
v -2.554419 5.761630 0.771704
v -2.533556 6.198674 1.174961
v -2.530638 6.259830 1.224249
v -2.565313 5.533414 1.224249
v -2.565313 5.533414 1.452763
v -2.514048 6.607377 1.452763
v -2.514048 6.607377 1.215288
v -2.533556 6.198674 0.871773
v -2.608667 4.625285 0.046099
v -2.611151 4.573211 0.046198
v -2.614302 4.507236 0.073790
v -2.615927 4.473218 0.150917
v -2.615850 4.474788 0.469572
v -2.613970 4.514152 0.533659
v -2.610929 4.577897 0.556013
v -2.606134 4.678332 0.556013
v -2.602453 4.755422 0.521423
v -2.601137 4.783011 0.451199
v -2.601137 4.783011 0.155872
v -2.596884 4.872132 0.155872
v -2.596884 4.872132 0.444824
v -2.598875 4.830401 0.444824
v -2.598875 4.830401 0.556013
v -2.596613 4.877791 0.556013
v -2.593081 4.951791 0.524675
v -2.591616 4.982471 0.451199
v -2.591635 4.982078 0.141592
v -2.593561 4.941735 0.067966
v -2.596159 4.887309 0.046494
v -2.601637 4.772559 0.046198
v -2.604460 4.713410 0.067966
v -2.606405 4.672675 0.150917
v -2.606405 4.672675 0.444824
v -2.610659 4.583554 0.444824
v -2.610659 4.583554 0.155872
v -2.608667 4.625285 0.155872
v -2.602823 4.747649 1.034058
v -2.596884 4.872132 1.034058
v -2.596884 4.872132 0.745108
v -2.602823 4.747649 0.745108
v -2.596613 4.877791 0.635334
v -2.593233 4.948571 0.663023
v -2.591616 4.982471 0.740149
v -2.591635 4.982078 1.049253
v -2.593081 4.951791 1.113909
v -2.596613 4.877791 1.145247
v -2.615927 4.473218 1.145248
v -2.615927 4.473218 1.034058
v -2.608091 4.637309 1.034058
v -2.608091 4.637309 0.745108
v -2.615927 4.473218 0.745108
v -2.615927 4.473218 0.635334
v -2.591616 4.982471 1.327965
v -2.606100 4.679040 1.439156
v -2.591616 4.982471 1.550344
v -2.591616 4.982471 1.651619
v -2.606100 4.679040 1.763517
v -2.591616 4.982471 1.874706
v -2.591616 4.982471 1.990852
v -2.615927 4.473218 1.805302
v -2.615927 4.473218 1.721025
v -2.600294 4.800694 1.600628
v -2.615927 4.473218 1.480940
v -2.615927 4.473218 1.396664
v -2.591707 4.980557 1.211111
v -2.591616 4.982471 -1.978683
v -2.591616 4.982471 -1.861828
v -2.606100 4.679040 -1.750639
v -2.591616 4.982471 -1.639448
v -2.591616 4.982471 -1.538174
v -2.606100 4.679040 -1.426277
v -2.591616 4.982471 -1.315086
v -2.591616 4.982471 -1.198940
v -2.615927 4.473218 -1.384491
v -2.615927 4.473218 -1.468769
v -2.600294 4.800694 -1.589165
v -2.615927 4.473218 -1.708853
v -2.615927 4.473218 -1.793131
v -2.602823 4.747649 -1.017637
v -2.596884 4.872132 -1.017637
v -2.596884 4.872132 -0.728685
v -2.602823 4.747649 -0.728685
v -2.608091 4.637309 -1.017637
v -2.615927 4.473218 -1.017637
v -2.615927 4.473218 -1.127411
v -2.596613 4.877791 -1.127411
v -2.593081 4.951791 -1.096601
v -2.591635 4.982078 -1.031919
v -2.591616 4.982471 -0.723021
v -2.593081 4.951791 -0.648834
v -2.596159 4.887309 -0.617901
v -2.615927 4.473218 -0.617496
v -2.615927 4.473218 -0.728685
v -2.608091 4.637309 -0.728685
v -2.596884 4.872132 -0.138035
v -2.602655 4.751185 -0.138035
v -2.602655 4.751185 -0.426987
v -2.596884 4.872130 -0.426987
v -2.607958 4.640140 -0.426987
v -2.615927 4.473218 -0.426987
v -2.615927 4.473218 -0.536760
v -2.591650 4.981763 -0.536760
v -2.591650 4.981763 -0.132370
v -2.592691 4.959924 -0.068321
v -2.595984 4.890964 -0.027754
v -2.602926 4.745526 -0.026846
v -2.606604 4.668500 -0.061436
v -2.607836 4.642695 -0.130495
v -2.614138 4.510703 -0.027554
v -2.615927 4.473218 -0.027554
v -2.615927 4.473218 -0.140867
v 2.514051 6.607364 0.000000
v 2.524946 6.379157 0.000000
v 2.535128 6.165856 0.000000
v 2.546095 5.936149 0.000000
v 2.554426 5.761630 0.000000
v 2.565321 5.533412 0.000000
v 2.529360 6.286679 0.419798
v 2.529360 6.286679 0.654285
v 2.525160 6.374684 0.654285
v 2.525160 6.374684 1.263653
v 2.534132 6.186742 1.263653
v 2.534132 6.186742 0.640842
v 2.537222 6.122041 0.485888
v 2.544672 5.965981 0.419798
v 2.554781 5.754172 0.419798
v 2.561556 5.612302 0.472984
v 2.565321 5.533412 0.640842
v 2.565321 5.533412 1.274107
v 2.561556 5.612302 1.443045
v 2.554781 5.754172 1.495153
v 2.550013 5.854110 1.495153
v 2.550013 5.854110 1.263653
v 2.554213 5.766107 1.263653
v 2.554213 5.766107 0.654285
v 2.545240 5.954047 0.654285
v 2.545240 5.954047 1.274107
v 2.541140 6.039956 1.449039
v 2.534700 6.174808 1.495153
v 2.524591 6.386617 1.495153
v 2.518152 6.521468 1.449039
v 2.514063 6.607169 1.284002
v 2.514051 6.607377 0.640842
v 2.517801 6.528817 0.472984
v 2.524591 6.386617 0.419798
v 2.565321 5.533412 0.254015
v 2.545454 5.949573 0.254015
v 2.539499 6.074309 0.213646
v 2.535128 6.165858 0.035957
v 2.524946 6.379159 0.025503
v 2.529078 6.292645 0.025503
v 2.529078 6.292645 0.254015
v 2.524378 6.391091 0.254015
v 2.517717 6.530557 0.202072
v 2.514051 6.607377 0.035957
v 2.546095 5.936149 0.025503
v 2.554426 5.761630 0.025503
v 2.565321 5.533412 -0.801924
v 2.535128 6.165858 -0.573412
v 2.524946 6.379159 -0.573412
v 2.514063 6.607173 -0.593750
v 2.517389 6.537503 -0.743790
v 2.524378 6.391091 -0.801926
v 2.535700 6.153926 -0.801924
v 2.541655 6.029168 -0.761559
v 2.546095 5.936149 -0.583866
v 2.554426 5.761630 -0.801924
v 2.533564 6.198674 -1.205181
v 2.530642 6.259830 -1.254469
v 2.565321 5.533412 -1.254469
v 2.565321 5.533412 -1.482983
v 2.514051 6.607377 -1.482983
v 2.514051 6.607377 -1.245508
v 2.533564 6.198674 -0.901991
v 2.591623 4.982471 1.973507
v 2.591623 4.982471 1.856653
v 2.606108 4.679040 1.745462
v 2.591623 4.982471 1.634274
v 2.591623 4.982471 1.532999
v 2.606108 4.679040 1.421101
v 2.591623 4.982471 1.309910
v 2.591623 4.982471 1.193764
v 2.615934 4.473216 1.379316
v 2.615934 4.473216 1.463593
v 2.600302 4.800694 1.583990
v 2.615934 4.473216 1.703678
v 2.615934 4.473216 1.787956
v 2.602835 4.747647 1.012461
v 2.596891 4.872132 1.012461
v 2.596891 4.872132 0.723511
v 2.602835 4.747647 0.723511
v 2.608099 4.637309 1.012461
v 2.615934 4.473216 1.012461
v 2.615934 4.473216 1.122234
v 2.596621 4.877791 1.122234
v 2.593088 4.951791 1.091427
v 2.591642 4.982078 1.026743
v 2.591623 4.982471 0.717844
v 2.593088 4.951791 0.643660
v 2.596167 4.887311 0.612724
v 2.615934 4.473216 0.612322
v 2.615934 4.473216 0.723511
v 2.608099 4.637309 0.723511
v 2.596891 4.872132 0.132860
v 2.602663 4.751184 0.132860
v 2.602663 4.751184 0.421812
v 2.596891 4.872132 0.421812
v 2.607965 4.640140 0.421812
v 2.615934 4.473216 0.421812
v 2.615934 4.473216 0.531584
v 2.591658 4.981763 0.531584
v 2.591658 4.981763 0.127195
v 2.592699 4.959926 0.063147
v 2.595991 4.890964 0.022579
v 2.602934 4.745524 0.021669
v 2.606611 4.668500 0.056259
v 2.607843 4.642695 0.125319
v 2.614145 4.510703 0.022379
v 2.615934 4.473216 0.022379
v 2.615934 4.473216 0.135695
v 2.608675 4.625287 -0.051275
v 2.611162 4.573211 -0.051373
v 2.614309 4.507236 -0.078964
v 2.615934 4.473216 -0.156092
v 2.615858 4.474788 -0.474749
v 2.613981 4.514152 -0.538836
v 2.610937 4.577897 -0.561190
v 2.606142 4.678332 -0.561190
v 2.602461 4.755422 -0.526600
v 2.601145 4.783011 -0.456373
v 2.601145 4.783011 -0.161049
v 2.596891 4.872132 -0.161049
v 2.596891 4.872132 -0.449999
v 2.598883 4.830403 -0.449999
v 2.598883 4.830403 -0.561190
v 2.596621 4.877791 -0.561190
v 2.593088 4.951791 -0.529850
v 2.591623 4.982471 -0.456373
v 2.591642 4.982078 -0.146767
v 2.593569 4.941735 -0.073141
v 2.596167 4.887311 -0.051668
v 2.601645 4.772559 -0.051373
v 2.604467 4.713410 -0.073141
v 2.606413 4.672675 -0.156092
v 2.606413 4.672675 -0.449999
v 2.610666 4.583554 -0.449999
v 2.610666 4.583554 -0.161049
v 2.608675 4.625287 -0.161049
v 2.602835 4.747647 -1.039232
v 2.596891 4.872132 -1.039232
v 2.596891 4.872132 -0.750282
v 2.602835 4.747647 -0.750282
v 2.596621 4.877791 -0.640509
v 2.593241 4.948571 -0.668198
v 2.591623 4.982471 -0.745325
v 2.591642 4.982076 -1.054430
v 2.593088 4.951791 -1.119083
v 2.596621 4.877791 -1.150423
v 2.615934 4.473216 -1.150423
v 2.615934 4.473216 -1.039232
v 2.608099 4.637309 -1.039232
v 2.608099 4.637309 -0.750282
v 2.615934 4.473216 -0.750282
v 2.615934 4.473216 -0.640509
v 2.591623 4.982471 -1.333141
v 2.606108 4.679040 -1.444330
v 2.591623 4.982471 -1.555521
v 2.591623 4.982471 -1.656796
v 2.606108 4.679040 -1.768694
v 2.591623 4.982471 -1.879883
v 2.591623 4.982471 -1.996029
v 2.615934 4.473216 -1.810476
v 2.615934 4.473216 -1.726200
v 2.600302 4.800694 -1.605804
v 2.615934 4.473216 -1.486116
v 2.615934 4.473216 -1.401838
v 2.591715 4.980559 -1.216286
vn -0.9989 0.0477 -0.0000
vn -0.0000 0.1531 -0.9882
vn 0.9989 0.0477 -0.0000
vn -0.0000 0.1531 0.9882
vn 1.0000 -0.0000 -0.0000
vn -0.0000 1.0000 -0.0000
vn -0.0000 -0.0000 1.0000
vn -1.0000 -0.0000 -0.0000
vn -0.0000 -0.0000 -1.0000
vn -0.0000 -1.0000 -0.0000
vt 0.418575 0.627631
vt 0.374352 0.360503
vt 0.962849 0.363027
vt 0.418690 0.005181
vt 0.290829 0.799583
vt 0.051948 0.284417
vt 0.748774 0.627631
vt 0.051697 0.799583
vt 0.735309 0.005181
vt 0.723650 0.363027
vt 0.374352 0.169809
vt 0.748774 0.948222
vt 0.290829 0.955740
vt 0.574878 0.005181
vt 0.723655 0.683653
vt 0.418575 0.948222
vt 0.051948 0.475111
vt 0.962854 0.683653
vt 0.579122 0.005181
vt 0.051697 0.955740
vt 0.642858 0.347736
vt 0.295054 0.795357
vt 0.459872 0.360769
vt 0.320454 0.297184
vt 0.047472 0.795357
vt 0.707477 0.360769
vt 0.320454 0.462343
vt 0.047472 0.959965
vt 0.459872 0.681360
vt 0.642858 0.182577
vt 0.295054 0.959965
vt 0.707477 0.681360
vt 0.962849 0.435571
vt 0.418690 0.077731
vt 0.241426 0.124016
vt 0.735309 0.077731
vt 0.723650 0.435571
vt 0.002294 0.124016
vt 0.962854 0.756196
vt 0.579122 0.077731
vt 0.002294 0.280173
vt 0.574878 0.077731
vt 0.723655 0.756196
vt 0.241426 0.280173
vt 0.583675 0.627631
vt 0.171263 0.795357
vt 0.583674 0.360769
vt 0.583674 0.948222
vt 0.171263 0.959965
vt 0.583674 0.681360
vt 0.843250 0.363027
vt 0.171263 0.799583
vt 0.171263 0.955740
vt 0.843255 0.683653
vt 0.843250 0.435571
vt 0.121860 0.124016
vt 0.843255 0.756196
vt 0.121860 0.280173
vt 0.126267 0.275766
vt 0.055941 0.808220
vt 0.997706 0.049455
vt 0.863930 0.769127
vt 0.126267 0.128423
vt 0.203313 0.808220
vt 0.974713 0.769127
vt 0.237018 0.128423
vt 0.739553 0.049450
vt 0.237018 0.275766
vt 0.886930 0.049452
vt 0.006701 0.275766
vt 0.977576 0.102891
vt 0.739553 0.016926
vt 0.006701 0.128423
vt 0.002294 0.000148
vt 0.886925 0.016926
vt 0.245670 0.137285
vt 0.117452 0.128423
vt 0.113076 0.000148
vt 0.393041 0.137285
vt 0.117452 0.275766
vt 0.866794 0.102891
vt 0.863930 0.797405
vt 0.203313 0.836500
vt 0.900360 0.886955
vt 0.055941 0.836500
vt 0.997706 0.077731
vt 0.753018 0.886955
vt 0.886930 0.077731
vt 0.753018 0.997706
vt 0.974713 0.797405
vt 0.739553 0.077731
vt 0.900361 0.997706
vt 0.002294 0.028426
vt 0.886925 0.045206
vt 0.203284 0.840744
vt 0.977576 0.131169
vt 0.739553 0.045206
vt 0.055941 0.840744
vt 0.393041 0.165565
vt 0.866794 0.131169
vt 0.055941 0.951496
vt 0.245670 0.165565
vt 0.113076 0.028426
vt 0.203284 0.951496
vt 0.772384 0.906321
vt 0.324698 0.378222
vt 0.976643 0.954452
vt 0.776628 0.962507
vt 0.880994 0.906321
vt 0.433329 0.378222
vt 0.848667 0.962507
vt 0.880994 0.978340
vt 0.866794 0.087057
vt 0.772384 0.978340
vt 0.975425 0.087057
vt 0.904604 0.954452
vt 0.075308 0.860111
vt 0.976643 0.970285
vt 0.743626 0.553064
vt 0.183918 0.860111
vt 0.904604 0.986117
vt 0.852257 0.553064
vt 0.875250 0.582513
vt 0.183918 0.932129
vt 0.976643 0.986117
vt 0.983882 0.582513
vt 0.075308 0.932129
vt 0.904604 0.970285
vt 0.776628 0.974096
vt 0.433329 0.389812
vt 0.867970 0.481215
vt 0.324698 0.389812
vt 0.976643 0.966041
vt 0.976580 0.481215
vt 0.975425 0.098647
vt 0.904604 0.966041
vt 0.976580 0.553233
vt 0.848667 0.974096
vt 0.866794 0.098647
vt 0.867970 0.553233
vt 0.904604 0.997706
vt 0.852257 0.564654
vt 0.745738 0.459342
vt 0.976643 0.981874
vt 0.743626 0.564654
vt 0.854347 0.459342
vt 0.983882 0.594103
vt 0.904604 0.981874
vt 0.854347 0.531361
vt 0.875250 0.594103
vt 0.976643 0.997706
vt 0.745738 0.531361
vt 0.863281 0.464577
vt 0.891169 0.006802
vt 0.875250 0.636756
vt 0.981269 0.464577
vt 0.972117 0.135413
vt 0.993262 0.636756
vt 0.981269 0.569871
vt 0.863930 0.882711
vt 0.866794 0.135413
vt 0.863281 0.569871
vt 0.981942 0.882711
vt 0.996492 0.006802
vt 0.741048 0.442705
vt 0.324698 0.436705
vt 0.863930 0.840058
vt 0.430021 0.394056
vt 0.859037 0.442705
vt 0.981942 0.840058
vt 0.324698 0.394056
vt 0.875250 0.679409
vt 0.859037 0.547998
vt 0.993262 0.679409
vt 0.741048 0.547998
vt 0.430021 0.436705
vt 0.871006 0.574115
vt 0.891169 0.045208
vt 0.875250 0.598347
vt 0.753018 0.574115
vt 0.972117 0.173819
vt 0.993262 0.598347
vt 0.753018 0.679409
vt 0.863931 0.844302
vt 0.866794 0.173819
vt 0.871006 0.679409
vt 0.981942 0.844302
vt 0.996492 0.045208
vt 0.859686 0.767494
vt 0.324698 0.475111
vt 0.863930 0.801648
vt 0.430021 0.432462
vt 0.741698 0.767494
vt 0.981942 0.801648
vt 0.324698 0.432462
vt 0.875250 0.641000
vt 0.741698 0.872787
vt 0.993262 0.641000
vt 0.859686 0.872787
vt 0.430021 0.475111
vt 0.583674 0.677116
vt 0.208313 0.774151
vt 0.418575 0.677116
vt 0.324698 0.360503
vt 0.373397 0.774151
vt 0.418575 0.997706
vt 0.002294 0.475111
vt 0.043228 0.964209
vt 0.748774 0.677116
vt 0.002294 0.284417
vt 0.043228 0.774151
vt 0.583674 0.997706
vt 0.208313 0.964209
vt 0.373397 0.964209
vt 0.324698 0.169809
vt 0.748774 0.997706
vt 0.208313 0.740653
vt 0.656474 0.169078
vt 0.414331 0.740653
vt 0.862550 0.169078
vt 0.647102 0.356526
vt 0.414446 0.119772
vt 0.002294 0.997706
vt 0.647102 0.265172
vt 0.450398 0.169078
vt 0.002294 0.740653
vt 0.904205 0.265172
vt 0.208313 0.997706
vt 0.208370 0.119772
vt 0.414331 0.997706
vt 0.002294 0.119772
vt 0.904205 0.356525
vt 0.208312 0.736409
vt 0.656474 0.081975
vt 0.414331 0.736409
vt 0.862550 0.081975
vt 0.647102 0.269416
vt 0.414446 0.032669
vt 0.002294 0.479355
vt 0.647102 0.178063
vt 0.450398 0.081975
vt 0.002294 0.736409
vt 0.904205 0.178063
vt 0.208313 0.479355
vt 0.208370 0.032669
vt 0.414331 0.479355
vt 0.002294 0.032669
vt 0.904205 0.269416
vt 0.431791 0.357772
vt 0.427409 0.570544
vt 0.109387 0.287148
vt 0.739940 0.570544
vt 0.109387 0.472380
vt 0.427409 0.891135
vt 0.431791 0.172540
vt 0.739939 0.891135
vt 0.583675 0.891135
vt 0.583675 0.570544
vt 0.583674 0.525444
vt 0.583674 0.533637
vt 0.583674 0.541295
vt 0.583674 0.549541
vt 0.583674 0.555807
vt 0.583674 0.564000
vt 0.599814 0.536957
vt 0.608224 0.536957
vt 0.608224 0.533798
vt 0.630078 0.533797
vt 0.630078 0.540545
vt 0.607742 0.540545
vt 0.602184 0.542868
vt 0.599814 0.548470
vt 0.599814 0.556075
vt 0.601721 0.561168
vt 0.607741 0.564000
vt 0.630453 0.564000
vt 0.636512 0.561168
vt 0.638381 0.556075
vt 0.638381 0.552487
vt 0.630078 0.552487
vt 0.630078 0.555646
vt 0.608224 0.555646
vt 0.608224 0.548899
vt 0.630453 0.548899
vt 0.636727 0.545815
vt 0.638381 0.540973
vt 0.638381 0.533369
vt 0.636727 0.528528
vt 0.630808 0.525451
vt 0.607741 0.525443
vt 0.601721 0.528264
vt 0.599814 0.533369
vt 0.593868 0.564000
vt 0.593868 0.549059
vt 0.592421 0.544581
vt 0.586048 0.541295
vt 0.585673 0.533637
vt 0.585673 0.536743
vt 0.593868 0.536743
vt 0.593868 0.533208
vt 0.592005 0.528201
vt 0.586048 0.525443
vt 0.585673 0.549541
vt 0.585673 0.555807
vt 0.555998 0.564000
vt 0.564193 0.541295
vt 0.564193 0.533637
vt 0.563464 0.525451
vt 0.558083 0.527952
vt 0.555998 0.533208
vt 0.555998 0.541723
vt 0.557446 0.546202
vt 0.563818 0.549541
vt 0.555998 0.555807
vt 0.541535 0.540116
vt 0.539768 0.537921
vt 0.539768 0.564000
vt 0.531572 0.564000
vt 0.531572 0.525443
vt 0.540089 0.525444
vt 0.552409 0.540116
vt 0.582021 0.596603
vt 0.582018 0.598473
vt 0.581028 0.600841
vt 0.578262 0.602063
vt 0.566834 0.602006
vt 0.564535 0.600593
vt 0.563734 0.598305
vt 0.563734 0.594699
vt 0.564974 0.591931
vt 0.567493 0.590941
vt 0.578084 0.590941
vt 0.578084 0.587741
vt 0.567721 0.587741
vt 0.567721 0.589239
vt 0.563734 0.589239
vt 0.563734 0.587538
vt 0.564857 0.584881
vt 0.567493 0.583780
vt 0.578596 0.583794
vt 0.581237 0.585242
vt 0.582007 0.587196
vt 0.582018 0.591316
vt 0.581237 0.593439
vt 0.578262 0.594902
vt 0.567721 0.594902
vt 0.567721 0.598101
vt 0.578084 0.598101
vt 0.578084 0.596603
vt 0.546589 0.592210
vt 0.546589 0.587741
vt 0.556952 0.587741
vt 0.556952 0.592210
vt 0.560889 0.587538
vt 0.559896 0.584997
vt 0.557130 0.583780
vt 0.546044 0.583794
vt 0.543725 0.584881
vt 0.542601 0.587538
vt 0.542601 0.602063
vt 0.546589 0.602063
vt 0.546589 0.596172
vt 0.556952 0.596172
vt 0.556952 0.602063
vt 0.560889 0.602063
vt 0.536048 0.583780
vt 0.532060 0.594673
vt 0.528073 0.583780
vt 0.524441 0.583780
vt 0.520427 0.594673
vt 0.516440 0.583780
vt 0.512274 0.583780
vt 0.518929 0.602063
vt 0.521951 0.602063
vt 0.526269 0.590306
vt 0.530562 0.602063
vt 0.533584 0.602063
vt 0.540239 0.583848
vt 0.654638 0.583780
vt 0.650447 0.583780
vt 0.646460 0.594673
vt 0.642472 0.583780
vt 0.638840 0.583780
vt 0.634827 0.594673
vt 0.630839 0.583780
vt 0.626673 0.583780
vt 0.633328 0.602063
vt 0.636351 0.602063
vt 0.640669 0.590306
vt 0.644961 0.602063
vt 0.647984 0.602063
vt 0.620171 0.592210
vt 0.620171 0.587741
vt 0.609808 0.587741
vt 0.609808 0.592210
vt 0.620171 0.596172
vt 0.620171 0.602063
vt 0.624108 0.602063
vt 0.624108 0.587538
vt 0.623003 0.584881
vt 0.620683 0.583794
vt 0.609605 0.583780
vt 0.606944 0.584881
vt 0.605835 0.587196
vt 0.605820 0.602063
vt 0.609808 0.602063
vt 0.609808 0.596172
vt 0.588625 0.587741
vt 0.588625 0.592083
vt 0.598988 0.592083
vt 0.598988 0.587741
vt 0.598988 0.596070
vt 0.598988 0.602063
vt 0.602925 0.602063
vt 0.602925 0.583805
vt 0.588422 0.583805
vt 0.586125 0.584589
vt 0.584670 0.587065
vt 0.584637 0.592286
vt 0.585878 0.595052
vt 0.588355 0.595978
vt 0.584663 0.600717
vt 0.584663 0.602063
vt 0.588727 0.602063
vt 0.583674 0.846034
vt 0.583674 0.854227
vt 0.583674 0.861885
vt 0.583674 0.870132
vt 0.583674 0.876397
vt 0.583674 0.884591
vt 0.598730 0.857547
vt 0.607140 0.857547
vt 0.607140 0.854388
vt 0.628994 0.854388
vt 0.628994 0.861135
vt 0.606658 0.861135
vt 0.601100 0.863458
vt 0.598730 0.869061
vt 0.598730 0.876665
vt 0.600638 0.881758
vt 0.606658 0.884591
vt 0.629369 0.884591
vt 0.635428 0.881758
vt 0.637297 0.876665
vt 0.637297 0.873077
vt 0.628994 0.873077
vt 0.628994 0.876237
vt 0.607140 0.876237
vt 0.607140 0.869489
vt 0.629369 0.869489
vt 0.635643 0.866405
vt 0.637297 0.861564
vt 0.637297 0.853960
vt 0.635643 0.849118
vt 0.629724 0.846041
vt 0.606658 0.846034
vt 0.600638 0.848854
vt 0.598730 0.853960
vt 0.592784 0.884591
vt 0.592784 0.869650
vt 0.591337 0.865172
vt 0.584964 0.861885
vt 0.584589 0.854227
vt 0.584589 0.857333
vt 0.592784 0.857333
vt 0.592784 0.853799
vt 0.590922 0.848792
vt 0.584964 0.846034
vt 0.584589 0.870132
vt 0.584589 0.876397
vt 0.554914 0.884591
vt 0.563110 0.861885
vt 0.563110 0.854227
vt 0.562380 0.846041
vt 0.556999 0.848542
vt 0.554914 0.853799
vt 0.554914 0.862313
vt 0.556362 0.866792
vt 0.562735 0.870132
vt 0.554914 0.876397
vt 0.540452 0.860707
vt 0.538684 0.858511
vt 0.538684 0.884591
vt 0.530488 0.884591
vt 0.530488 0.846034
vt 0.539005 0.846034
vt 0.551325 0.860707
vt 0.654453 0.904370
vt 0.650262 0.904370
vt 0.646274 0.915264
vt 0.642286 0.904370
vt 0.638654 0.904370
vt 0.634641 0.915264
vt 0.630653 0.904370
vt 0.626488 0.904370
vt 0.633142 0.922653
vt 0.636165 0.922653
vt 0.640483 0.910896
vt 0.644775 0.922653
vt 0.647798 0.922653
vt 0.619986 0.912801
vt 0.619985 0.908332
vt 0.609623 0.908332
vt 0.609623 0.912801
vt 0.619985 0.916762
vt 0.619986 0.922653
vt 0.623922 0.922653
vt 0.623922 0.908128
vt 0.622818 0.905472
vt 0.620498 0.904384
vt 0.609419 0.904370
vt 0.606759 0.905472
vt 0.605649 0.907787
vt 0.605635 0.922653
vt 0.609623 0.922653
vt 0.609623 0.916762
vt 0.588439 0.908332
vt 0.588439 0.912674
vt 0.598802 0.912674
vt 0.598802 0.908332
vt 0.598802 0.916660
vt 0.598802 0.922653
vt 0.602739 0.922653
vt 0.602739 0.904396
vt 0.588236 0.904396
vt 0.585939 0.905180
vt 0.584484 0.907655
vt 0.584452 0.912877
vt 0.585692 0.915642
vt 0.588169 0.916569
vt 0.584477 0.921307
vt 0.584477 0.922653
vt 0.588541 0.922653
vt 0.581835 0.917194
vt 0.581832 0.919063
vt 0.580842 0.921432
vt 0.578076 0.922653
vt 0.566648 0.922597
vt 0.564350 0.921184
vt 0.563548 0.918895
vt 0.563548 0.915289
vt 0.564788 0.912522
vt 0.567307 0.911531
vt 0.577899 0.911531
vt 0.577899 0.908332
vt 0.567536 0.908332
vt 0.567536 0.909830
vt 0.563548 0.909830
vt 0.563548 0.908128
vt 0.564672 0.905472
vt 0.567307 0.904370
vt 0.578411 0.904384
vt 0.581051 0.905833
vt 0.581821 0.907787
vt 0.581832 0.911906
vt 0.581051 0.914030
vt 0.578076 0.915492
vt 0.567536 0.915492
vt 0.567536 0.918692
vt 0.577899 0.918692
vt 0.577899 0.917194
vt 0.546403 0.912801
vt 0.546403 0.908332
vt 0.556766 0.908332
vt 0.556766 0.912801
vt 0.560703 0.908128
vt 0.559710 0.905587
vt 0.556944 0.904370
vt 0.545858 0.904384
vt 0.543539 0.905472
vt 0.542415 0.908128
vt 0.542415 0.922653
vt 0.546403 0.922653
vt 0.546403 0.916762
vt 0.556766 0.916762
vt 0.556766 0.922653
vt 0.560703 0.922653
vt 0.535862 0.904370
vt 0.531875 0.915264
vt 0.527887 0.904370
vt 0.524255 0.904370
vt 0.520242 0.915264
vt 0.516254 0.904370
vt 0.512089 0.904370
vt 0.518743 0.922653
vt 0.521766 0.922653
vt 0.526084 0.910896
vt 0.530376 0.922653
vt 0.533399 0.922653
vt 0.540053 0.904439
s 0
usemtl PIllar_4k
f 3786/6898/178 3792/6904/178 3821/6933/178 3822/6934/178 3801/6913/178 3802/6914/178 3803/6915/178 3804/6916/178 3805/6917/178 3806/6918/178 3807/6919/178 3782/6892/178
f 3782/6891/179 3700/6664/179 3701/6667/179 3783/6893/179
f 3785/6897/180 3958/7070/180 3987/7099/180 3988/7100/180 3989/7101/180 3990/7102/180 3955/7067/180 3954/7066/180 3991/7103/180 3992/7104/180 3993/7105/180 3994/7106/180 3986/7098/180 3959/7071/180 3960/7072/180 3961/7073/180 3962/7074/180 3963/7075/180 3964/7076/180 3965/7077/180 3966/7078/180 3967/7079/180 3968/7080/180 3969/7081/180 3970/7082/180 3971/7083/180 3972/7084/180 3784/6896/180
f 3784/6895/181 3702/6670/181 3699/6661/181 3781/6889/181
f 3697/6656/182 3709/6688/182 3767/6852/182 3765/6846/182
f 3712/6694/182 3698/6658/182 3705/6679/182 3714/6697/182
f 3711/6692/183 3694/6648/183 3700/6665/183 3708/6686/183
f 3694/6648/183 3698/6660/183 3701/6668/183 3700/6665/183
f 3712/6693/183 3696/6653/183 3702/6671/183 3710/6689/183
f 3696/6653/183 3692/6645/183 3699/6662/183 3702/6671/183
f 3721/6716/184 3722/6719/184 3729/6739/184 3730/6742/184
f 3711/6691/185 3692/6643/185 3703/6673/185 3713/6695/185
f 3692/6644/184 3696/6654/184 3706/6682/184 3703/6674/184
f 3698/6659/186 3694/6649/186 3704/6676/186 3705/6680/186
f 3694/6650/185 3711/6691/185 3713/6695/185 3704/6677/185
f 3716/6702/185 3717/6705/185 3726/6730/185 3723/6722/185
f 3698/6660/183 3712/6693/183 3710/6689/183 3701/6668/183
f 3692/6645/183 3711/6692/183 3708/6686/183 3699/6662/183
f 3696/6655/182 3712/6694/182 3714/6697/182 3706/6683/182
f 3691/6641/185 3707/6685/185 3763/6841/185 3764/6843/185
f 3783/6894/180 4013/7125/180 4012/7124/180 4011/7123/180 4010/7122/180 4009/7121/180 4015/7127/180 4005/7117/180 4006/7118/180 4007/7119/180 3956/7068/180 3957/7069/180 4008/7120/180 3999/7111/180 3958/7070/180 3785/6897/180
f 3781/6890/178 3847/6959/178 3846/6958/178 3845/6957/178 3844/6956/178 3843/6955/178 3849/6961/178 3839/6951/178 3840/6952/178 3841/6953/178 3790/6902/178 3791/6903/178 3842/6954/178 3833/6945/178 3792/6904/178 3786/6898/178
f 3714/6698/183 3713/6696/183 3716/6703/183 3715/6699/183
f 3713/6696/183 3703/6675/183 3717/6706/183 3716/6703/183
f 3703/6675/183 3706/6684/183 3718/6708/183 3717/6706/183
f 3706/6684/183 3714/6698/183 3715/6699/183 3718/6708/183
f 3705/6681/183 3704/6678/183 3720/6713/183 3719/6710/183
f 3704/6678/183 3713/6696/183 3721/6717/183 3720/6713/183
f 3713/6696/183 3714/6698/183 3722/6720/183 3721/6717/183
f 3714/6698/183 3705/6681/183 3719/6710/183 3722/6720/183
f 3737/6763/184 3738/6766/184 3745/6787/184 3746/6790/184
f 3732/6748/185 3733/6751/185 3742/6778/185 3739/6769/185
f 3715/6700/186 3716/6704/186 3723/6723/186 3724/6725/186
f 3722/6721/182 3719/6711/182 3728/6736/182 3729/6740/182
f 3717/6707/184 3718/6709/184 3725/6728/184 3726/6731/184
f 3718/6709/182 3715/6701/182 3724/6726/182 3725/6728/182
f 3720/6714/185 3721/6718/185 3730/6743/185 3727/6733/185
f 3719/6712/186 3720/6715/186 3727/6734/186 3728/6737/186
f 3724/6727/183 3723/6724/183 3732/6749/183 3731/6745/183
f 3723/6724/183 3726/6732/183 3733/6752/183 3732/6749/183
f 3726/6732/183 3725/6729/183 3734/6754/183 3733/6752/183
f 3725/6729/183 3724/6727/183 3731/6745/183 3734/6754/183
f 3728/6738/183 3727/6735/183 3736/6760/183 3735/6757/183
f 3727/6735/183 3730/6744/183 3737/6764/183 3736/6760/183
f 3730/6744/183 3729/6741/183 3738/6767/183 3737/6764/183
f 3729/6741/183 3728/6738/183 3735/6757/183 3738/6767/183
f 3743/6783/187 3746/6792/187 3754/6815/187 3751/6805/187
f 3741/6777/187 3740/6774/187 3748/6796/187 3749/6799/187
f 3731/6746/186 3732/6750/186 3739/6770/186 3740/6772/186
f 3738/6768/182 3735/6758/182 3744/6784/182 3745/6788/182
f 3733/6753/184 3734/6755/184 3741/6775/184 3742/6779/184
f 3734/6756/182 3731/6747/182 3740/6773/182 3741/6776/182
f 3736/6761/185 3737/6765/185 3746/6791/185 3743/6781/185
f 3735/6759/186 3736/6762/186 3743/6782/186 3744/6785/186
f 3753/6811/182 3752/6808/182 3760/6832/182 3761/6835/182
f 3754/6814/184 3753/6812/184 3761/6836/184 3762/6838/184
f 3744/6786/187 3743/6783/187 3751/6805/187 3752/6809/187
f 3739/6771/187 3742/6780/187 3750/6802/187 3747/6793/187
f 3740/6774/187 3739/6771/187 3747/6793/187 3748/6796/187
f 3746/6792/187 3745/6789/187 3753/6813/187 3754/6815/187
f 3745/6789/187 3744/6786/187 3752/6809/187 3753/6813/187
f 3742/6780/187 3741/6777/187 3749/6799/187 3750/6802/187
f 3756/6820/183 3755/6817/183 3758/6826/183 3757/6823/183
f 3760/6833/183 3759/6829/183 3762/6839/183 3761/6837/183
f 3750/6803/184 3749/6800/184 3757/6824/184 3758/6827/184
f 3749/6801/182 3748/6797/182 3756/6821/182 3757/6825/182
f 3751/6806/185 3754/6816/185 3762/6840/185 3759/6830/185
f 3752/6810/186 3751/6807/186 3759/6831/186 3760/6834/186
f 3747/6794/185 3750/6804/185 3758/6828/185 3755/6818/185
f 3748/6798/186 3747/6795/186 3755/6819/186 3756/6822/186
f 3768/6854/183 3764/6845/183 3770/6859/183 3774/6870/183
f 3767/6853/183 3768/6854/183 3774/6870/183 3773/6868/183
f 3695/6651/184 3691/6642/184 3764/6844/184 3768/6855/184
f 3709/6688/182 3695/6652/182 3768/6856/182 3767/6852/182
f 3707/6685/185 3693/6647/185 3766/6849/185 3763/6841/185
f 3693/6646/186 3697/6657/186 3765/6847/186 3766/6850/186
f 3771/6862/182 3773/6869/182 3779/6885/182 3777/6878/182
f 3769/6858/185 3772/6865/185 3778/6881/185 3775/6874/185
f 3766/6851/183 3765/6848/183 3771/6863/183 3772/6866/183
f 3763/6842/183 3766/6851/183 3772/6866/183 3769/6857/183
f 3765/6848/183 3767/6853/183 3773/6868/183 3771/6863/183
f 3764/6845/183 3763/6842/183 3769/6857/183 3770/6859/183
f 3775/6873/187 3779/6884/187 3780/6886/187 3776/6875/187
f 3778/6882/187 3777/6879/187 3779/6884/187 3775/6873/187
f 3770/6860/185 3769/6858/185 3775/6874/185 3776/6876/185
f 3773/6869/182 3774/6871/182 3780/6887/182 3779/6885/182
f 3774/6872/184 3770/6861/184 3776/6877/184 3780/6888/184
f 3772/6867/186 3771/6864/186 3777/6880/186 3778/6883/186
f 3691/6641/178 3781/6890/178 3900/7012/178 3901/7013/178 3902/7014/178 3903/7015/178 3904/7016/178 3905/7017/178 3906/7018/178 3886/6998/178 3887/6999/178 3888/7000/178 3889/7001/178 3890/7002/178 3891/7003/178 3892/7004/178 3893/7005/178 3882/6994/178 3865/6977/178 3864/6976/178 3863/6975/178 3862/6974/178 3861/6973/178 3860/6972/178 3859/6971/178 3858/6970/178 3857/6969/178 3856/6968/178 3855/6967/178 3854/6966/178 3853/6965/178 3852/6964/178 3851/6963/178 3850/6962/178 3786/6898/178 3707/6685/178
f 3697/6656/180 3783/6894/180 4112/7224/180 4113/7225/180 4114/7226/180 4115/7227/180 4116/7228/180 4117/7229/180 4118/7230/180 4098/7210/180 4099/7211/180 4100/7212/180 4101/7213/180 4102/7214/180 4103/7215/180 4104/7216/180 4105/7217/180 4066/7178/180 4065/7177/180 4064/7176/180 4063/7175/180 4062/7174/180 3785/6897/180 3709/6688/180
f 3695/6651/181 3784/6895/181 3781/6889/181 3691/6642/181
f 3709/6688/180 3785/6897/180 4056/7168/180 4057/7169/180 4058/7170/180 4059/7171/180 4060/7172/180 4061/7173/180 4049/7161/180 4050/7162/180 4051/7163/180 4042/7154/180 4043/7155/180 4044/7156/180 4033/7145/180 4034/7146/180 4035/7147/180 4024/7136/180 4025/7137/180 4026/7138/180 4027/7139/180 4028/7140/180 4016/7128/180 3784/6896/180 3695/6652/180
f 3693/6646/179 3782/6891/179 3783/6893/179 3697/6657/179
f 3707/6685/178 3786/6898/178 3947/7059/178 3948/7060/178 3949/7061/178 3950/7062/178 3951/7063/178 3952/7064/178 3940/7052/178 3941/7053/178 3942/7054/178 3933/7045/178 3934/7046/178 3935/7047/178 3924/7036/178 3925/7037/178 3926/7038/178 3915/7027/178 3916/7028/178 3917/7029/178 3918/7030/178 3919/7031/178 3907/7019/178 3782/6892/178 3693/6647/178
f 3782/6892/178 3807/6919/178 3808/6920/178 3809/6921/178 3810/6922/178 3811/6923/178 3812/6924/178 3813/6925/178 3814/6926/178 3815/6927/178 3816/6928/178 3817/6929/178 3818/6930/178 3819/6931/178 3820/6932/178 3793/6905/178 3794/6906/178 3795/6907/178 3796/6908/178 3797/6909/178 3798/6910/178 3799/6911/178 3800/6912/178 3801/6913/178 3822/6934/178 3823/6935/178 3824/6936/178 3789/6901/178 3788/6900/178 3825/6937/178 3826/6938/178 3827/6939/178 3828/6940/178 3829/6941/178 3830/6942/178 3787/6899/178 3708/6687/178 3700/6666/178
f 3787/6899/178 3830/6942/178 3829/6941/178 3828/6940/178 3827/6939/178 3826/6938/178 3825/6937/178 3788/6900/178
f 3789/6901/178 3824/6936/178 3823/6935/178 3822/6934/178 3821/6933/178 3792/6904/178 3791/6903/178 3832/6944/178 3831/6943/178 3790/6902/178
f 3790/6902/178 3831/6943/178 3832/6944/178 3791/6903/178
f 3800/6912/178 3799/6911/178 3798/6910/178 3797/6909/178 3796/6908/178 3795/6907/178 3794/6906/178 3793/6905/178 3820/6932/178 3819/6931/178 3818/6930/178 3817/6929/178 3816/6928/178 3815/6927/178 3814/6926/178 3813/6925/178 3812/6924/178 3811/6923/178 3810/6922/178 3809/6921/178 3808/6920/178 3807/6919/178 3806/6918/178 3805/6917/178 3804/6916/178 3803/6915/178 3802/6914/178 3801/6913/178
f 3792/6904/178 3833/6945/178 3842/6954/178 3791/6903/178
f 3790/6902/178 3841/6953/178 3840/6952/178 3839/6951/178 3838/6950/178 3837/6949/178 3836/6948/178 3787/6899/178 3788/6900/178 3835/6947/178 3834/6946/178 3789/6901/178
f 3789/6901/178 3834/6946/178 3835/6947/178 3788/6900/178
f 3787/6899/178 3836/6948/178 3837/6949/178 3838/6950/178 3839/6951/178 3849/6961/178 3848/6960/178 3847/6959/178 3781/6890/178 3699/6663/178 3708/6687/178
f 3848/6960/178 3849/6961/178 3843/6955/178 3844/6956/178 3845/6957/178 3846/6958/178 3847/6959/178
f 3786/6898/178 3850/6962/178 3877/6989/178 3876/6988/178 3875/6987/178 3874/6986/178 3873/6985/178 3872/6984/178 3871/6983/178 3870/6982/178 3869/6981/178 3868/6980/178 3867/6979/178 3866/6978/178 3865/6977/178 3882/6994/178 3883/6995/178 3884/6996/178 3885/6997/178 3886/6998/178 3906/7018/178 3894/7006/178 3895/7007/178 3896/7008/178 3897/7009/178 3898/7010/178 3899/7011/178 3900/7012/178 3781/6890/178
f 3899/7011/178 3898/7010/178 3897/7009/178 3896/7008/178 3895/7007/178 3894/7006/178 3906/7018/178 3905/7017/178 3904/7016/178 3903/7015/178 3902/7014/178 3901/7013/178 3900/7012/178
f 3885/6997/178 3884/6996/178 3883/6995/178 3882/6994/178 3880/6992/178 3879/6991/178 3878/6990/178 3887/6999/178 3886/6998/178
f 3878/6990/178 3879/6991/178 3880/6992/178 3881/6993/178
f 3881/6993/178 3880/6992/178 3882/6994/178 3893/7005/178 3892/7004/178 3891/7003/178 3890/7002/178 3889/7001/178 3888/7000/178 3887/6999/178 3878/6990/178
f 3866/6978/178 3867/6979/178 3868/6980/178 3869/6981/178 3870/6982/178 3871/6983/178 3872/6984/178 3873/6985/178 3874/6986/178 3875/6987/178 3876/6988/178 3877/6989/178 3850/6962/178 3851/6963/178 3852/6964/178 3853/6965/178 3854/6966/178 3855/6967/178 3856/6968/178 3857/6969/178 3858/6970/178 3859/6971/178 3860/6972/178 3861/6973/178 3862/6974/178 3863/6975/178 3864/6976/178 3865/6977/178
f 3782/6892/178 3907/7019/178 3908/7020/178 3909/7021/178 3910/7022/178 3911/7023/178 3912/7024/178 3913/7025/178 3914/7026/178 3915/7027/178 3926/7038/178 3927/7039/178 3928/7040/178 3929/7041/178 3930/7042/178 3931/7043/178 3932/7044/178 3933/7045/178 3942/7054/178 3943/7055/178 3944/7056/178 3945/7057/178 3946/7058/178 3947/7059/178 3786/6898/178
f 3946/7058/178 3945/7057/178 3944/7056/178 3943/7055/178 3938/7050/178 3939/7051/178 3936/7048/178
f 3936/7048/178 3939/7051/178 3938/7050/178 3937/7049/178
f 3937/7049/178 3938/7050/178 3943/7055/178 3942/7054/178 3941/7053/178 3940/7052/178 3952/7064/178 3951/7063/178 3950/7062/178 3949/7061/178 3948/7060/178 3947/7059/178 3946/7058/178 3936/7048/178
f 3932/7044/178 3931/7043/178 3930/7042/178 3929/7041/178 3928/7040/178 3927/7039/178 3920/7032/178 3921/7033/178 3922/7034/178
f 3922/7034/178 3921/7033/178 3920/7032/178 3923/7035/178
f 3923/7035/178 3920/7032/178 3927/7039/178 3926/7038/178 3925/7037/178 3924/7036/178 3935/7047/178 3934/7046/178 3933/7045/178 3932/7044/178 3922/7034/178
f 3914/7026/178 3913/7025/178 3912/7024/178 3911/7023/178 3910/7022/178 3909/7021/178 3908/7020/178 3907/7019/178 3919/7031/178 3918/7030/178 3917/7029/178 3916/7028/178 3915/7027/178
f 3784/6896/180 3972/7084/180 3973/7085/180 3974/7086/180 3975/7087/180 3976/7088/180 3977/7089/180 3978/7090/180 3979/7091/180 3980/7092/180 3981/7093/180 3982/7094/180 3983/7095/180 3984/7096/180 3985/7097/180 3986/7098/180 3994/7106/180 3995/7107/180 3996/7108/180 3953/7065/180 3710/6690/180 3702/6672/180
f 3953/7065/180 3996/7108/180 3995/7107/180 3994/7106/180 3993/7105/180 3992/7104/180 3991/7103/180 3954/7066/180
f 3985/7097/180 3984/7096/180 3983/7095/180 3982/7094/180 3981/7093/180 3980/7092/180 3979/7091/180 3978/7090/180 3977/7089/180 3976/7088/180 3975/7087/180 3974/7086/180 3973/7085/180 3972/7084/180 3971/7083/180 3970/7082/180 3969/7081/180 3968/7080/180 3967/7079/180 3966/7078/180 3965/7077/180 3964/7076/180 3963/7075/180 3962/7074/180 3961/7073/180 3960/7072/180 3959/7071/180 3986/7098/180
f 3955/7067/180 3990/7102/180 3989/7101/180 3988/7100/180 3987/7099/180 3958/7070/180 3957/7069/180 3998/7110/180 3997/7109/180 3956/7068/180
f 3956/7068/180 3997/7109/180 3998/7110/180 3957/7069/180
f 3958/7070/180 3999/7111/180 4008/7120/180 3957/7069/180
f 3956/7068/180 4007/7119/180 4006/7118/180 4005/7117/180 4004/7116/180 4003/7115/180 4002/7114/180 3953/7065/180 3954/7066/180 4001/7113/180 4000/7112/180 3955/7067/180
f 3955/7067/180 4000/7112/180 4001/7113/180 3954/7066/180
f 3953/7065/180 4002/7114/180 4003/7115/180 4004/7116/180 4005/7117/180 4015/7127/180 4014/7126/180 4013/7125/180 3783/6894/180 3701/6669/180 3710/6690/180
f 4014/7126/180 4015/7127/180 4009/7121/180 4010/7122/180 4011/7123/180 4012/7124/180 4013/7125/180
f 3784/6896/180 4016/7128/180 4017/7129/180 4018/7130/180 4019/7131/180 4020/7132/180 4021/7133/180 4022/7134/180 4023/7135/180 4024/7136/180 4035/7147/180 4036/7148/180 4037/7149/180 4038/7150/180 4039/7151/180 4040/7152/180 4041/7153/180 4042/7154/180 4051/7163/180 4052/7164/180 4053/7165/180 4054/7166/180 4055/7167/180 4056/7168/180 3785/6897/180
f 4055/7167/180 4054/7166/180 4053/7165/180 4052/7164/180 4047/7159/180 4048/7160/180 4045/7157/180
f 4045/7157/180 4048/7160/180 4047/7159/180 4046/7158/180
f 4046/7158/180 4047/7159/180 4052/7164/180 4051/7163/180 4050/7162/180 4049/7161/180 4061/7173/180 4060/7172/180 4059/7171/180 4058/7170/180 4057/7169/180 4056/7168/180 4055/7167/180 4045/7157/180
f 4041/7153/180 4040/7152/180 4039/7151/180 4038/7150/180 4037/7149/180 4036/7148/180 4029/7141/180 4030/7142/180 4031/7143/180
f 4031/7143/180 4030/7142/180 4029/7141/180 4032/7144/180
f 4032/7144/180 4029/7141/180 4036/7148/180 4035/7147/180 4034/7146/180 4033/7145/180 4044/7156/180 4043/7155/180 4042/7154/180 4041/7153/180 4031/7143/180
f 4023/7135/180 4022/7134/180 4021/7133/180 4020/7132/180 4019/7131/180 4018/7130/180 4017/7129/180 4016/7128/180 4028/7140/180 4027/7139/180 4026/7138/180 4025/7137/180 4024/7136/180
f 3785/6897/180 4062/7174/180 4089/7201/180 4088/7200/180 4087/7199/180 4086/7198/180 4085/7197/180 4084/7196/180 4083/7195/180 4082/7194/180 4081/7193/180 4080/7192/180 4079/7191/180 4078/7190/180 4077/7189/180 4076/7188/180 4075/7187/180 4074/7186/180 4073/7185/180 4072/7184/180 4071/7183/180 4070/7182/180 4069/7181/180 4068/7180/180 4067/7179/180 4066/7178/180 4105/7217/180 4094/7206/180 4095/7207/180 4096/7208/180 4097/7209/180 4098/7210/180 4118/7230/180 4106/7218/180 4107/7219/180 4108/7220/180 4109/7221/180 4110/7222/180 4111/7223/180 4112/7224/180 3783/6894/180
f 4111/7223/180 4110/7222/180 4109/7221/180 4108/7220/180 4107/7219/180 4106/7218/180 4118/7230/180 4117/7229/180 4116/7228/180 4115/7227/180 4114/7226/180 4113/7225/180 4112/7224/180
f 4097/7209/180 4096/7208/180 4095/7207/180 4094/7206/180 4092/7204/180 4091/7203/180 4090/7202/180 4099/7211/180 4098/7210/180
f 4090/7202/180 4091/7203/180 4092/7204/180 4093/7205/180
f 4093/7205/180 4092/7204/180 4094/7206/180 4105/7217/180 4104/7216/180 4103/7215/180 4102/7214/180 4101/7213/180 4100/7212/180 4099/7211/180 4090/7202/180
f 4067/7179/180 4068/7180/180 4069/7181/180 4070/7182/180 4071/7183/180 4072/7184/180 4073/7185/180 4074/7186/180 4075/7187/180 4076/7188/180 4077/7189/180 4078/7190/180 4079/7191/180 4080/7192/180 4081/7193/180 4082/7194/180 4083/7195/180 4084/7196/180 4085/7197/180 4086/7198/180 4087/7199/180 4088/7200/180 4089/7201/180 4062/7174/180 4063/7175/180 4064/7176/180 4065/7177/180 4066/7178/180
