# Blender 4.2.0
# www.blender.org
o Untitled
v -4.000000 0.434254 0.963130
v -4.000000 0.434254 -0.136870
v -4.000000 0.534254 0.963130
v -4.000000 0.534254 0.863130
v -4.000000 0.534254 -0.136870
v -4.000000 0.534254 -0.236870
v -4.000000 0.634255 0.863130
v -4.000000 0.634255 -0.236870
v -3.900000 0.234254 1.163130
v -3.900000 0.234254 -0.036870
v -3.900000 0.334254 1.163130
v -3.900000 0.334254 1.063130
v -3.900000 0.434254 1.063130
v -3.900000 0.434254 0.963130
v -3.900000 0.434254 -0.036870
v -3.800000 0.134255 1.163130
v -3.800000 0.134255 -0.036870
v -3.800000 0.234254 1.163130
v -3.800000 0.234254 -0.036870
v -3.600000 0.034254 0.963130
v -3.600000 0.034254 -0.136870
v -3.600000 0.134255 0.963130
v -3.600000 0.134255 -0.036870
v -3.600000 0.134255 -0.136870
v -3.500000 0.034254 -0.136870
v -3.500000 0.034254 -0.236870
v -3.500000 0.134255 -0.036870
v -3.500000 0.134255 -0.136870
v -3.500000 0.134255 -0.236870
v -3.500000 0.234254 -0.036870
v -3.500000 0.234254 -0.136870
v -3.200000 0.034254 0.963130
v -3.200000 0.034254 0.863130
v -3.200000 0.034254 -0.236870
v -3.200000 0.034254 -0.336870
v -3.200000 0.134255 0.963130
v -3.200000 0.134255 0.863130
v -3.200000 0.134255 0.763130
v -3.200000 0.134255 -0.136870
v -3.200000 0.134255 -0.236870
v -3.200000 0.134255 -0.336870
v -3.200000 0.234254 0.863130
v -3.200000 0.234254 0.763130
v -3.200000 0.234254 -0.136870
v -3.200000 0.234254 -0.236870
v -3.100000 0.034254 -0.336870
v -3.100000 0.034254 -0.436870
v -3.100000 0.134255 -0.236870
v -3.100000 0.134255 -0.336870
v -3.100000 0.134255 -0.436869
v -3.100000 0.234254 0.363130
v -3.100000 0.234254 0.263130
v -3.100000 0.234254 0.063130
v -3.100000 0.234254 -0.036870
v -3.100000 0.234254 -0.236870
v -3.100000 0.234254 -0.336870
v -3.100000 0.334254 0.363130
v -3.100000 0.334254 0.263130
v -3.100000 0.334254 0.063130
v -3.100000 0.334254 -0.036870
v -3.000000 -0.065746 0.463130
v -3.000000 -0.065746 0.363130
v -3.000000 -0.065746 -0.036870
v -3.000000 -0.065746 -0.136870
v -3.000000 0.034254 0.463130
v -3.000000 0.034254 0.363130
v -3.000000 0.034254 -0.036870
v -3.000000 0.034254 -0.136870
v -3.000000 0.234254 0.463130
v -3.000000 0.234254 0.363130
v -3.000000 0.234254 -0.036870
v -3.000000 0.234254 -0.136870
v -3.000000 0.334254 0.463130
v -3.000000 0.334254 0.363130
v -3.000000 0.334254 -0.036870
v -3.000000 0.334254 -0.136870
v -2.900000 -0.265746 0.463130
v -2.900000 -0.265746 0.363130
v -2.900000 -0.265746 -0.036870
v -2.900000 -0.265746 -0.136870
v -2.900000 -0.065746 0.463130
v -2.900000 -0.065746 0.363130
v -2.900000 -0.065746 -0.036870
v -2.900000 -0.065746 -0.136870
v -2.900000 0.234254 0.663130
v -2.900000 0.234254 0.563130
v -2.900000 0.334254 0.663130
v -2.900000 0.334254 0.563130
v -2.800000 -0.365746 0.463130
v -2.800000 -0.365746 0.363130
v -2.800000 -0.365746 -0.036870
v -2.800000 -0.365746 -0.136870
v -2.800000 -0.265746 0.763130
v -2.800000 -0.265746 0.463130
v -2.800000 -0.265746 0.363130
v -2.800000 -0.265746 -0.036870
v -2.800000 -0.265746 -0.136870
v -2.800000 -0.265745 -0.636870
v -2.800000 0.034254 0.763130
v -2.800000 0.034254 0.463130
v -2.800000 0.034254 0.363130
v -2.800000 0.034254 -0.036870
v -2.800000 0.034254 -0.136870
v -2.800000 0.034254 -0.436870
v -2.800000 0.134255 -0.336870
v -2.800000 0.134255 -0.436869
v -2.800000 0.234254 0.763130
v -2.800000 0.234254 0.663130
v -2.800000 0.234254 0.563130
v -2.800000 0.234254 0.463130
v -2.800000 0.234254 0.363130
v -2.800000 0.234254 -0.036870
v -2.800000 0.234254 -0.136870
v -2.800000 0.234254 -0.336870
v -2.800000 0.334254 0.663130
v -2.800000 0.334254 0.563130
v -2.800000 0.334254 0.463130
v -2.800000 0.334254 0.363130
v -2.800000 0.334254 -0.036870
v -2.800000 0.334254 -0.136870
v -2.800000 0.434255 -0.636870
v -2.800000 0.434255 -0.836870
v -2.800000 0.534254 0.763130
v -2.800000 0.534254 -0.836870
v -2.700000 -0.465746 0.463130
v -2.700000 -0.465746 0.363130
v -2.700000 -0.465746 -0.036870
v -2.700000 -0.465746 -0.136870
v -2.700000 -0.365746 0.763130
v -2.700000 -0.365746 0.463130
v -2.700000 -0.365746 0.363130
v -2.700000 -0.365746 -0.036870
v -2.700000 -0.365746 -0.136870
v -2.700000 -0.365745 -0.636870
v -2.700000 -0.265746 0.763130
v -2.700000 -0.265746 0.463130
v -2.700000 -0.265746 0.363130
v -2.700000 -0.265746 -0.036870
v -2.700000 -0.265746 -0.136870
v -2.700000 -0.265745 -0.636870
v -2.700000 0.534254 0.763130
v -2.700000 0.534254 -0.836870
v -2.700000 0.634255 0.763130
v -2.700000 0.634255 0.263130
v -2.700000 0.634255 0.163130
v -2.700000 0.634255 0.063130
v -2.700000 0.634255 -0.036870
v -2.700000 0.634255 -0.836870
v -2.700000 0.734254 0.263130
v -2.700000 0.734254 0.163130
v -2.700000 0.734254 0.063130
v -2.700000 0.734254 -0.036870
v -2.600000 -0.765746 0.063130
v -2.600000 -0.765745 -0.436870
v -2.600000 -0.665746 0.163130
v -2.600000 -0.665746 0.063130
v -2.600000 -0.665745 -0.336870
v -2.600000 -0.665745 -0.436870
v -2.600000 -0.565746 0.263130
v -2.600000 -0.565746 0.163130
v -2.600000 -0.565745 -0.236870
v -2.600000 -0.565745 -0.336870
v -2.600000 -0.465746 0.363130
v -2.600000 -0.465746 0.263130
v -2.600000 -0.465746 -0.036870
v -2.600000 -0.465746 -0.136870
v -2.600000 -0.465746 -0.236870
v -2.600000 -0.365746 0.363130
v -2.600000 -0.365746 -0.036870
v -2.600000 0.634255 0.363130
v -2.600000 0.634255 0.263130
v -2.600000 0.634255 0.163130
v -2.600000 0.634255 0.063130
v -2.600000 0.634255 -0.036870
v -2.600000 0.634255 -0.136870
v -2.600000 0.734254 0.363130
v -2.600000 0.734254 0.263130
v -2.600000 0.734254 0.163130
v -2.600000 0.734254 0.063130
v -2.600000 0.734254 -0.036870
v -2.600000 0.734254 -0.136870
v -2.600000 0.734254 -0.236870
v -2.600000 0.834254 0.263130
v -2.600000 0.834254 0.163130
v -2.600000 0.834255 -0.236870
v -2.600000 0.834255 -0.336870
v -2.600000 0.934254 0.163130
v -2.600000 0.934254 0.063130
v -2.600000 0.934254 -0.336870
v -2.600000 0.934254 -0.436869
v -2.600000 1.034254 0.063130
v -2.600000 1.034255 -0.436869
v -2.400000 -0.165746 0.663130
v -2.400000 -0.165746 0.563130
v -2.400000 0.434254 0.663130
v -2.400000 0.434254 0.563130
v -2.300000 -0.265746 0.763130
v -2.300000 -0.265746 0.663130
v -2.300000 -0.265745 -0.536870
v -2.300000 -0.265745 -0.636870
v -2.300000 0.434255 -0.636870
v -2.300000 0.434255 -0.836870
v -2.300000 0.534254 0.763130
v -2.300000 0.534254 0.663130
v -2.300000 0.534254 -0.536870
v -2.300000 0.534254 -0.836870
v -2.000000 -0.665745 -2.536870
v -2.000000 -0.665745 -3.036870
v -2.000000 -0.565745 -2.436870
v -2.000000 -0.565745 -2.536870
v -2.000000 -0.565745 -2.936870
v -2.000000 -0.565745 -3.036870
v -2.000000 -0.465745 -2.436870
v -2.000000 -0.465745 -2.936870
v -2.000000 -0.265746 0.063130
v -2.000000 -0.265746 -0.036870
v -2.000000 -0.265746 -0.136870
v -2.000000 -0.265746 -0.236870
v -2.000000 -0.265745 -0.336870
v -2.000000 -0.265745 -2.436870
v -2.000000 -0.265745 -2.936870
v -2.000000 -0.165746 0.063130
v -2.000000 -0.165746 -0.036870
v -2.000000 -0.165746 -0.136870
v -2.000000 -0.165746 -0.236870
v -2.000000 -0.165745 -0.336870
v -2.000000 -0.165745 -0.636870
v -2.000000 -0.165745 -0.736870
v -2.000000 -0.165745 -2.436870
v -2.000000 -0.165745 -2.536870
v -2.000000 -0.165745 -2.936870
v -2.000000 -0.165745 -3.036870
v -2.000000 -0.065745 -0.536870
v -2.000000 -0.065745 -0.636870
v -2.000000 -0.065745 -0.736870
v -2.000000 -0.065745 -2.536870
v -2.000000 -0.065745 -3.036870
v -2.000000 0.034254 -0.536870
v -2.000000 0.034254 -0.636870
v -1.900000 -0.465745 -2.236870
v -1.900000 -0.465745 -2.436870
v -1.900000 -0.465745 -2.836870
v -1.900000 -0.365745 -2.236870
v -1.900000 -0.365745 -2.336870
v -1.900000 -0.265745 -2.336870
v -1.900000 -0.265745 -2.436870
v -1.900000 -0.265745 -2.836870
v -1.900000 -0.165745 -0.736870
v -1.900000 -0.165745 -0.836870
v -1.900000 -0.065745 -0.636870
v -1.900000 -0.065745 -0.736870
v -1.900000 -0.065745 -0.836870
v -1.900000 0.034254 -0.336870
v -1.900000 0.034254 -0.436870
v -1.900000 0.034254 -0.636870
v -1.900000 0.034254 -0.736870
v -1.900000 0.134255 -0.336870
v -1.900000 0.134255 -0.436869
v -1.800000 -0.365745 -2.136870
v -1.800000 -0.365745 -2.236870
v -1.800000 -0.365745 -2.336870
v -1.800000 -0.265745 -2.136870
v -1.800000 -0.265745 -2.336870
v -1.800000 0.034254 -0.436870
v -1.800000 0.034254 -0.536870
v -1.800000 0.134255 -0.436869
v -1.800000 0.134255 -0.536870
v -1.700000 -0.365745 -2.036870
v -1.700000 -0.365745 -2.136870
v -1.700000 -0.265745 -2.036870
v -1.700000 -0.265745 -2.136870
v -1.600000 -0.465746 1.563130
v -1.600000 -0.465746 1.063130
v -1.600000 -0.365746 1.563130
v -1.600000 -0.365746 1.063130
v -1.600000 -0.265745 -1.936870
v -1.600000 -0.265745 -2.036870
v -1.600000 -0.265745 -2.636870
v -1.600000 -0.165745 -0.836870
v -1.600000 -0.165745 -0.936870
v -1.600000 -0.165745 -1.936870
v -1.600000 -0.165745 -2.636870
v -1.600000 -0.065745 -0.736870
v -1.600000 -0.065745 -0.836870
v -1.600000 -0.065745 -0.936870
v -1.600000 0.034254 0.363130
v -1.600000 0.034254 -0.036870
v -1.600000 0.034254 -0.536870
v -1.600000 0.034254 -0.636870
v -1.600000 0.034254 -0.736870
v -1.600000 0.034254 -0.836870
v -1.600000 0.134255 0.363130
v -1.600000 0.134255 -0.036870
v -1.600000 0.134255 -0.536870
v -1.600000 0.134255 -0.636870
v -1.600000 0.134255 -0.736870
v -1.500000 -0.365746 1.763130
v -1.500000 -0.365746 1.563130
v -1.500000 -0.365746 1.263130
v -1.500000 -0.265746 1.763130
v -1.500000 -0.265746 1.263130
v -1.500000 -0.265746 -0.036870
v -1.500000 -0.265746 -0.236870
v -1.500000 -0.265745 -0.336870
v -1.500000 -0.265745 -0.636870
v -1.500000 -0.265745 -1.836870
v -1.500000 -0.265745 -1.936870
v -1.500000 -0.165746 -0.036870
v -1.500000 -0.165746 -0.236870
v -1.500000 -0.165745 -0.336870
v -1.500000 -0.165745 -0.636870
v -1.500000 -0.165745 -0.936870
v -1.500000 -0.165745 -1.036870
v -1.500000 -0.165745 -1.836870
v -1.500000 -0.165745 -1.936870
v -1.500000 -0.065745 -0.836870
v -1.500000 -0.065745 -0.936870
v -1.500000 -0.065745 -1.036870
v -1.500000 0.034254 -0.036870
v -1.500000 0.034254 -0.136870
v -1.500000 0.034254 -0.836870
v -1.500000 0.034254 -0.936870
v -1.500000 0.134255 -0.036870
v -1.500000 0.134255 -0.136870
v -1.400000 -0.265746 1.863130
v -1.400000 -0.265746 1.763130
v -1.400000 -0.265746 1.563130
v -1.400000 -0.265746 0.063130
v -1.400000 -0.265746 -0.036870
v -1.400000 -0.265745 -0.636870
v -1.400000 -0.265745 -0.736870
v -1.400000 -0.165746 1.863130
v -1.400000 -0.165746 1.563130
v -1.400000 -0.165746 0.063130
v -1.400000 -0.165746 -0.036870
v -1.400000 -0.165745 -0.636870
v -1.400000 -0.165745 -0.736870
v -1.400000 -0.165745 -1.636870
v -1.400000 -0.165745 -1.836870
v -1.400000 -0.165745 -2.336870
v -1.400000 -0.065745 -1.636870
v -1.400000 -0.065745 -2.336870
v -1.400000 0.034254 -0.136870
v -1.400000 0.034254 -0.236870
v -1.400000 0.134255 -0.136870
v -1.400000 0.134255 -0.236870
v -1.300000 -0.265746 1.963130
v -1.300000 -0.265746 1.863130
v -1.300000 -0.265746 1.563130
v -1.300000 -0.265746 1.463130
v -1.300000 -0.165746 1.963130
v -1.300000 -0.165746 1.863130
v -1.300000 -0.165746 1.563130
v -1.300000 -0.165746 1.463130
v -1.300000 -0.165745 -1.536870
v -1.300000 -0.165745 -1.636870
v -1.300000 -0.065745 -1.536870
v -1.300000 -0.065745 -1.636870
v -1.300000 0.034254 -2.236870
v -1.300000 0.034255 -2.736870
v -1.300000 0.134255 -2.236870
v -1.300000 0.134255 -2.336870
v -1.300000 0.134255 -2.736870
v -1.300000 0.134255 -2.836870
v -1.300000 0.234255 -2.336870
v -1.300000 0.234255 -2.836870
v -1.200000 -0.265746 1.463130
v -1.200000 -0.265746 1.363130
v -1.200000 -0.165746 1.463130
v -1.200000 -0.165746 1.363130
v -1.200000 -0.165745 -2.236870
v -1.200000 -0.165745 -2.536870
v -1.200000 -0.065745 -1.336870
v -1.200000 -0.065745 -1.536870
v -1.200000 -0.065745 -2.236870
v -1.200000 -0.065745 -2.536870
v -1.200000 -0.065745 -2.636870
v -1.200000 0.034254 -1.336870
v -1.200000 0.034254 -2.236870
v -1.200000 0.034255 -2.636870
v -1.100000 -0.265746 1.363130
v -1.100000 -0.265746 1.263130
v -1.100000 -0.165746 1.363130
v -1.100000 -0.165746 1.263130
v -1.100000 -0.165746 0.563130
v -1.100000 -0.165746 0.463130
v -1.100000 -0.065746 0.563130
v -1.100000 -0.065746 0.463130
v -1.100000 -0.065746 0.363130
v -1.100000 -0.065745 -1.236870
v -1.100000 -0.065745 -1.336870
v -1.100000 0.034254 0.463130
v -1.100000 0.034254 0.363130
v -1.100000 0.034254 -1.236870
v -1.100000 0.034254 -1.336870
v -1.000000 -0.265746 2.063130
v -1.000000 -0.265746 1.963130
v -1.000000 -0.265746 0.563130
v -1.000000 -0.265746 0.263130
v -1.000000 -0.265746 -0.036870
v -1.000000 -0.265745 -0.636870
v -1.000000 -0.265745 -0.936870
v -1.000000 -0.265745 -1.536870
v -1.000000 -0.165746 2.063130
v -1.000000 -0.165746 1.963130
v -1.000000 -0.165746 0.563130
v -1.000000 -0.165746 0.263130
v -1.000000 -0.165746 -0.036870
v -1.000000 -0.165745 -0.336870
v -1.000000 -0.165745 -0.436870
v -1.000000 -0.165745 -0.636870
v -1.000000 -0.165745 -0.936870
v -1.000000 -0.165745 -1.036870
v -1.000000 -0.165745 -1.536870
v -1.000000 -0.065745 -0.936870
v -1.000000 -0.065745 -1.036870
v -1.000000 -0.065745 -1.236870
v -1.000000 -0.065745 -1.536870
v -1.000000 0.034254 0.263130
v -1.000000 0.034254 -0.036870
v -1.000000 0.034254 -0.136870
v -1.000000 0.034254 -0.236870
v -1.000000 0.034254 -0.636870
v -1.000000 0.034254 -0.736870
v -1.000000 0.034254 -0.836870
v -1.000000 0.034254 -0.936870
v -1.000000 0.034254 -1.236870
v -1.000000 0.134255 0.263130
v -1.000000 0.134255 -0.036870
v -1.000000 0.134255 -0.136870
v -1.000000 0.134255 -0.236870
v -1.000000 0.134255 -0.636870
v -1.000000 0.134255 -0.736870
v -1.000000 0.134255 -0.836870
v -1.000000 0.134255 -1.236870
v -1.000000 0.234254 -0.036870
v -1.000000 0.234255 -0.736870
v -1.000000 0.234255 -0.836870
v -1.000000 0.334254 -0.036870
v -1.000000 0.334255 -0.736870
v -0.900000 -0.365746 0.463130
v -0.900000 -0.365746 0.263130
v -0.900000 -0.365746 -0.136870
v -0.900000 -0.365745 -0.536870
v -0.900000 -0.365745 -0.936870
v -0.900000 -0.365745 -1.536870
v -0.900000 -0.265746 2.163130
v -0.900000 -0.265746 2.063130
v -0.900000 -0.265746 0.463130
v -0.900000 -0.265746 0.263130
v -0.900000 -0.265746 0.163130
v -0.900000 -0.265746 -0.136870
v -0.900000 -0.265745 -0.536870
v -0.900000 -0.265745 -0.836870
v -0.900000 -0.265745 -0.936870
v -0.900000 -0.265745 -1.536870
v -0.900000 -0.265745 -1.636870
v -0.900000 -0.165746 2.063130
v -0.900000 -0.165746 1.663130
v -0.900000 -0.165746 0.263130
v -0.900000 -0.165746 0.163130
v -0.900000 -0.165745 -0.836870
v -0.900000 -0.165745 -0.936870
v -0.900000 -0.165745 -1.536870
v -0.900000 -0.165745 -1.636870
v -0.900000 -0.065746 2.163130
v -0.900000 -0.065746 1.663130
v -0.900000 -0.065745 -1.536870
v -0.900000 -0.065745 -1.636870
v -0.900000 0.034254 0.363130
v -0.900000 0.034254 0.263130
v -0.900000 0.034254 -1.236870
v -0.900000 0.034254 -1.836870
v -0.900000 0.134255 0.363130
v -0.900000 0.134255 0.263130
v -0.900000 0.134255 -0.036870
v -0.900000 0.134255 -0.836870
v -0.900000 0.134255 -1.236870
v -0.900000 0.134255 -1.836870
v -0.900000 0.234254 0.263130
v -0.900000 0.234254 0.063130
v -0.900000 0.234254 -0.036870
v -0.900000 0.234255 -0.836870
v -0.900000 0.234255 -1.236870
v -0.900000 0.334254 0.063130
v -0.900000 0.334254 -0.036870
v -0.900000 0.334255 -0.736870
v -0.900000 0.334255 -0.836870
v -0.900000 0.434254 -0.036870
v -0.900000 0.434255 -0.836870
v -0.800000 -0.365746 0.563130
v -0.800000 -0.365746 0.463130
v -0.800000 -0.365745 -1.536870
v -0.800000 -0.365745 -1.636870
v -0.800000 -0.265746 0.563130
v -0.800000 -0.265746 0.463130
v -0.800000 -0.265745 -1.536870
v -0.800000 -0.265745 -1.636870
v -0.800000 -0.265745 -1.836870
v -0.800000 -0.165746 2.263130
v -0.800000 -0.165746 2.163130
v -0.800000 -0.165746 0.863130
v -0.800000 -0.165746 0.563130
v -0.800000 -0.165745 -1.636870
v -0.800000 -0.165745 -1.836870
v -0.800000 -0.065746 2.163130
v -0.800000 -0.065746 1.663130
v -0.800000 -0.065746 0.563130
v -0.800000 -0.065746 0.463130
v -0.800000 -0.065745 -1.636870
v -0.800000 -0.065745 -1.836870
v -0.800000 0.034254 2.263130
v -0.800000 0.034254 1.663130
v -0.800000 0.034254 0.863130
v -0.800000 0.034254 0.763130
v -0.800000 0.034254 0.563130
v -0.800000 0.034254 0.463130
v -0.800000 0.034254 0.363130
v -0.800000 0.034254 -1.836870
v -0.800000 0.034254 -1.936870
v -0.800000 0.134255 0.763130
v -0.800000 0.134255 0.363130
v -0.800000 0.134255 0.263130
v -0.800000 0.134255 -1.236870
v -0.800000 0.134255 -1.836870
v -0.800000 0.134255 -1.936870
v -0.800000 0.234254 0.363130
v -0.800000 0.234254 0.263130
v -0.800000 0.234254 0.163130
v -0.800000 0.234254 0.063130
v -0.800000 0.234255 -1.236870
v -0.800000 0.234255 -1.836870
v -0.800000 0.334254 0.163130
v -0.800000 0.334254 0.063130
v -0.800000 0.334254 -0.036870
v -0.800000 0.434254 0.063130
v -0.800000 0.434254 -0.036870
v -0.700000 -0.365745 -1.636870
v -0.700000 -0.365745 -1.836870
v -0.700000 -0.265745 -1.636870
v -0.700000 -0.265745 -1.836870
v -0.700000 -0.165746 2.363130
v -0.700000 -0.165746 2.263130
v -0.700000 -0.165746 1.663130
v -0.700000 -0.165746 1.563130
v -0.700000 -0.165746 0.963130
v -0.700000 -0.165746 0.863130
v -0.700000 0.034254 2.363130
v -0.700000 0.034254 2.263130
v -0.700000 0.034254 1.663130
v -0.700000 0.034254 1.563130
v -0.700000 0.034254 0.963130
v -0.700000 0.034254 0.863130
v -0.700000 0.134255 0.763130
v -0.700000 0.134255 0.363130
v -0.700000 0.234254 0.763130
v -0.700000 0.234254 0.363130
v -0.700000 0.234254 0.263130
v -0.700000 0.234254 0.163130
v -0.700000 0.334254 0.263130
v -0.700000 0.334254 0.163130
v -0.700000 0.334254 0.063130
v -0.700000 0.434254 0.163130
v -0.700000 0.434254 0.063130
v -0.700000 0.434254 -0.236870
v -0.700000 0.434254 -0.336870
v -0.700000 0.534254 -0.236870
v -0.700000 0.534254 -0.336870
v -0.600000 -0.465746 0.263130
v -0.600000 -0.465746 -0.036870
v -0.600000 -0.465745 -0.636870
v -0.600000 -0.465745 -1.636870
v -0.600000 -0.365746 1.363130
v -0.600000 -0.365746 0.563130
v -0.600000 -0.365746 0.263130
v -0.600000 -0.365745 -0.936870
v -0.600000 -0.365745 -1.636870
v -0.600000 -0.365745 -1.836870
v -0.600000 -0.365745 -2.036870
v -0.600000 -0.265746 0.263130
v -0.600000 -0.265746 0.163130
v -0.600000 -0.265746 -0.036870
v -0.600000 -0.265745 -0.636870
v -0.600000 -0.265745 -0.836870
v -0.600000 -0.265745 -0.936870
v -0.600000 -0.165746 2.463130
v -0.600000 -0.165746 2.363130
v -0.600000 -0.165746 1.563130
v -0.600000 -0.165746 1.363130
v -0.600000 -0.165746 0.963130
v -0.600000 -0.165746 0.563130
v -0.600000 -0.165746 0.163130
v -0.600000 -0.165746 -0.036870
v -0.600000 -0.165745 -0.636870
v -0.600000 -0.165745 -0.836870
v -0.600000 -0.165745 -1.836870
v -0.600000 -0.065745 -1.836870
v -0.600000 -0.065745 -2.036870
v -0.600000 0.034254 2.463130
v -0.600000 0.034254 2.363130
v -0.600000 0.034254 2.163130
v -0.600000 0.034254 1.963130
v -0.600000 0.034254 1.763130
v -0.600000 0.034254 1.563130
v -0.600000 0.034254 1.263130
v -0.600000 0.034254 1.163130
v -0.600000 0.034254 1.063130
v -0.600000 0.034254 0.963130
v -0.600000 0.034254 0.863130
v -0.600000 0.034254 0.763130
v -0.600000 0.034254 -1.936870
v -0.600000 0.034254 -2.036870
v -0.600000 0.134254 2.363130
v -0.600000 0.134254 2.163130
v -0.600000 0.134254 1.963130
v -0.600000 0.134254 1.763130
v -0.600000 0.134255 1.163130
v -0.600000 0.134255 1.063130
v -0.600000 0.134255 0.863130
v -0.600000 0.134255 0.763130
v -0.600000 0.134255 -1.836870
v -0.600000 0.134255 -1.936870
v -0.600000 0.234254 1.263130
v -0.600000 0.234254 0.763130
v -0.600000 0.234254 0.363130
v -0.600000 0.234254 0.263130
v -0.600000 0.234255 -1.236870
v -0.600000 0.234255 -1.836870
v -0.600000 0.234255 -2.036870
v -0.600000 0.334254 0.363130
v -0.600000 0.334254 0.263130
v -0.600000 0.334254 0.163130
v -0.600000 0.334255 -1.236870
v -0.600000 0.334255 -1.836870
v -0.600000 0.434254 0.263130
v -0.600000 0.434254 0.163130
v -0.600000 0.434254 -0.136870
v -0.600000 0.434254 -0.236870
v -0.600000 0.534254 -0.136870
v -0.600000 0.534254 -0.236870
v -0.500000 -0.565746 0.263130
v -0.500000 -0.565746 -0.036870
v -0.500000 -0.565746 -0.136870
v -0.500000 -0.565745 -0.236870
v -0.500000 -0.565745 -0.436870
v -0.500000 -0.565745 -0.536870
v -0.500000 -0.565745 -0.636870
v -0.500000 -0.565745 -1.536870
v -0.500000 -0.465746 0.363130
v -0.500000 -0.465746 0.263130
v -0.500000 -0.465746 -0.036870
v -0.500000 -0.465745 -0.636870
v -0.500000 -0.465745 -1.536870
v -0.500000 -0.365746 0.363130
v -0.500000 -0.365746 0.263130
v -0.500000 -0.365746 -0.136870
v -0.500000 -0.365746 -0.236870
v -0.500000 -0.365745 -0.436870
v -0.500000 -0.365745 -0.536870
v -0.500000 -0.265746 2.463130
v -0.500000 -0.265746 1.363130
v -0.500000 -0.165746 3.163130
v -0.500000 -0.165746 3.063130
v -0.500000 -0.165746 2.563130
v -0.500000 -0.165746 2.463130
v -0.500000 -0.165746 1.363130
v -0.500000 -0.065746 3.063130
v -0.500000 -0.065746 2.963130
v -0.500000 0.034254 3.163130
v -0.500000 0.034254 2.963130
v -0.500000 0.034254 2.563130
v -0.500000 0.034254 2.463130
v -0.500000 0.034254 1.363130
v -0.500000 0.034254 1.263130
v -0.500000 0.134254 2.363130
v -0.500000 0.134254 2.163130
v -0.500000 0.134254 1.963130
v -0.500000 0.134254 1.763130
v -0.500000 0.134255 1.363130
v -0.500000 0.134255 1.263130
v -0.500000 0.234254 2.363130
v -0.500000 0.234254 2.163130
v -0.500000 0.234254 1.963130
v -0.500000 0.234254 1.763130
v -0.500000 0.234254 1.363130
v -0.500000 0.234254 1.263130
v -0.500000 0.234254 0.363130
v -0.500000 0.334254 1.263130
v -0.500000 0.334254 0.363130
v -0.500000 0.334254 0.263130
v -0.500000 0.334255 -1.236870
v -0.500000 0.334255 -1.836870
v -0.500000 0.434254 0.363130
v -0.500000 0.434254 0.263130
v -0.500000 0.434254 -0.136870
v -0.500000 0.434254 -0.236870
v -0.500000 0.434254 -0.336870
v -0.500000 0.434255 -1.236870
v -0.500000 0.434255 -1.836870
v -0.500000 0.534254 0.263130
v -0.500000 0.534254 -0.136870
v -0.500000 0.534254 -0.236870
v -0.500000 0.534254 -0.336870
v -0.500000 0.534254 -1.936870
v -0.500000 0.534254 -2.136870
v -0.500000 0.634255 -1.936870
v -0.500000 0.634255 -2.136870
v -0.400000 -0.665746 -0.136870
v -0.400000 -0.665745 -0.236870
v -0.400000 -0.665745 -0.436870
v -0.400000 -0.665745 -0.536870
v -0.400000 -0.565746 0.563130
v -0.400000 -0.565746 0.263130
v -0.400000 -0.565746 -0.036870
v -0.400000 -0.565746 -0.136870
v -0.400000 -0.565745 -0.236870
v -0.400000 -0.565745 -0.436870
v -0.400000 -0.565745 -0.536870
v -0.400000 -0.565745 -0.636870
v -0.400000 -0.565745 -1.636870
v -0.400000 -0.565745 -1.836870
v -0.400000 -0.465746 0.363130
v -0.400000 -0.465746 0.263130
v -0.400000 -0.465745 -1.636870
v -0.400000 -0.465745 -1.736870
v -0.400000 -0.465745 -1.836870
v -0.400000 -0.365746 2.563130
v -0.400000 -0.365746 1.363130
v -0.400000 -0.365746 0.563130
v -0.400000 -0.365746 0.363130
v -0.400000 -0.365746 -0.136870
v -0.400000 -0.365746 -0.236870
v -0.400000 -0.365745 -0.436870
v -0.400000 -0.365745 -0.536870
v -0.400000 -0.365745 -1.636870
v -0.400000 -0.365745 -1.736870
v -0.400000 -0.265746 3.163130
v -0.400000 -0.265746 3.063130
v -0.400000 -0.265746 2.463130
v -0.400000 -0.265746 1.363130
v -0.400000 -0.265746 -0.036870
v -0.400000 -0.265746 -0.136870
v -0.400000 -0.265745 -0.536870
v -0.400000 -0.265745 -0.636870
v -0.400000 -0.165746 3.563130
v -0.400000 -0.165746 3.163130
v -0.400000 -0.165746 3.063130
v -0.400000 -0.165746 2.563130
v -0.400000 -0.165746 2.463130
v -0.400000 -0.065746 3.063130
v -0.400000 -0.065746 2.963130
v -0.400000 0.034254 3.363130
v -0.400000 0.034254 3.163130
v -0.400000 0.034254 2.963130
v -0.400000 0.034254 2.763130
v -0.400000 0.034254 2.663130
v -0.400000 0.034254 2.563130
v -0.400000 0.034254 2.463130
v -0.400000 0.034254 2.163130
v -0.400000 0.034254 1.963130
v -0.400000 0.034254 1.763130
v -0.400000 0.034254 1.663130
v -0.400000 0.034254 1.363130
v -0.400000 0.034254 -0.636870
v -0.400000 0.034254 -1.236870
v -0.400000 0.134254 3.163130
v -0.400000 0.134254 2.763130
v -0.400000 0.134254 2.663130
v -0.400000 0.134254 2.563130
v -0.400000 0.134254 2.163130
v -0.400000 0.134254 1.963130
v -0.400000 0.134255 1.563130
v -0.400000 0.134255 1.363130
v -0.400000 0.134255 -0.636870
v -0.400000 0.134255 -1.036870
v -0.400000 0.234254 3.563130
v -0.400000 0.234254 3.363130
v -0.400000 0.234254 3.163130
v -0.400000 0.234254 2.463130
v -0.400000 0.234254 2.163130
v -0.400000 0.234254 1.963130
v -0.400000 0.234254 1.763130
v -0.400000 0.234254 1.663130
v -0.400000 0.234254 1.563130
v -0.400000 0.234254 1.363130
v -0.400000 0.234254 1.263130
v -0.400000 0.234255 -0.536870
v -0.400000 0.234255 -0.636870
v -0.400000 0.234255 -1.036870
v -0.400000 0.234255 -1.236870
v -0.400000 0.234255 -1.836870
v -0.400000 0.234255 -2.036870
v -0.400000 0.334254 1.263130
v -0.400000 0.334254 0.363130
v -0.400000 0.334255 -0.336870
v -0.400000 0.334255 -0.536870
v -0.400000 0.334255 -0.636870
v -0.400000 0.334255 -1.036870
v -0.400000 0.334255 -1.236870
v -0.400000 0.434254 1.363130
v -0.400000 0.434254 0.363130
v -0.400000 0.434254 0.263130
v -0.400000 0.434254 -0.336870
v -0.400000 0.434254 -0.436869
v -0.400000 0.434255 -0.536870
v -0.400000 0.434255 -1.336870
v -0.400000 0.434255 -1.536870
v -0.400000 0.434255 -1.736870
v -0.400000 0.434255 -1.836870
v -0.400000 0.434255 -2.036870
v -0.400000 0.434255 -2.136870
v -0.400000 0.534254 0.363130
v -0.400000 0.534254 0.263130
v -0.400000 0.534254 -0.036870
v -0.400000 0.534254 -0.136870
v -0.400000 0.534254 -0.336870
v -0.400000 0.534254 -0.436869
v -0.400000 0.534254 -1.336870
v -0.400000 0.534254 -1.436870
v -0.400000 0.534254 -1.536870
v -0.400000 0.534254 -1.736870
v -0.400000 0.534254 -1.936870
v -0.400000 0.534254 -2.136870
v -0.400000 0.534254 -2.236870
v -0.400000 0.634255 0.363130
v -0.400000 0.634255 -0.036870
v -0.400000 0.634255 -0.136870
v -0.400000 0.634255 -0.436869
v -0.400000 0.634255 -1.436870
v -0.400000 0.634255 -1.836870
v -0.400000 0.634255 -1.936870
v -0.400000 0.634255 -2.136870
v -0.400000 0.634255 -2.236870
v -0.400000 0.634255 -2.336870
v -0.400000 0.734255 -1.836870
v -0.400000 0.734255 -2.336870
v -0.300000 -0.765745 -0.236870
v -0.300000 -0.765745 -0.336870
v -0.300000 -0.765745 -0.736870
v -0.300000 -0.765745 -0.836870
v -0.300000 -0.665746 -0.036870
v -0.300000 -0.665746 -0.136870
v -0.300000 -0.665745 -0.236870
v -0.300000 -0.665745 -0.336870
v -0.300000 -0.665745 -0.436870
v -0.300000 -0.665745 -0.536870
v -0.300000 -0.665745 -0.736870
v -0.300000 -0.665745 -0.836870
v -0.300000 -0.665745 -1.036870
v -0.300000 -0.565746 -0.036870
v -0.300000 -0.565746 -0.136870
v -0.300000 -0.565745 -0.236870
v -0.300000 -0.565745 -0.436870
v -0.300000 -0.565745 -0.536870
v -0.300000 -0.565745 -1.036870
v -0.300000 -0.365746 3.163130
v -0.300000 -0.365746 3.063130
v -0.300000 -0.365746 0.663130
v -0.300000 -0.365746 0.563130
v -0.300000 -0.265746 3.563130
v -0.300000 -0.265746 3.163130
v -0.300000 -0.265746 3.063130
v -0.300000 -0.265746 2.863130
v -0.300000 -0.265746 2.563130
v -0.300000 -0.165746 3.663130
v -0.300000 -0.165746 3.563130
v -0.300000 -0.165746 3.163130
v -0.300000 -0.165746 3.063130
v -0.300000 -0.165746 2.863130
v -0.300000 -0.165746 2.563130
v -0.300000 -0.165746 0.663130
v -0.300000 -0.165746 0.563130
v -0.300000 0.034254 2.463130
v -0.300000 0.034254 2.363130
v -0.300000 0.134255 -0.636870
v -0.300000 0.134255 -0.836870
v -0.300000 0.134255 -1.036870
v -0.300000 0.234254 3.663130
v -0.300000 0.234254 3.563130
v -0.300000 0.234254 3.363130
v -0.300000 0.234254 3.163130
v -0.300000 0.234254 2.463130
v -0.300000 0.234254 2.363130
v -0.300000 0.234254 2.163130
v -0.300000 0.234254 1.963130
v -0.300000 0.234254 1.663130
v -0.300000 0.234254 1.563130
v -0.300000 0.234254 1.363130
v -0.300000 0.234255 -0.636870
v -0.300000 0.234255 -0.836870
v -0.300000 0.234255 -1.036870
v -0.300000 0.334254 3.363130
v -0.300000 0.334254 2.463130
v -0.300000 0.334254 2.363130
v -0.300000 0.334254 2.163130
v -0.300000 0.334254 2.063130
v -0.300000 0.334254 1.963130
v -0.300000 0.334254 1.663130
v -0.300000 0.334254 1.563130
v -0.300000 0.334254 1.363130
v -0.300000 0.334255 -1.136870
v -0.300000 0.334255 -1.236870
v -0.300000 0.434254 2.163130
v -0.300000 0.434254 2.063130
v -0.300000 0.434254 0.863130
v -0.300000 0.434254 0.363130
v -0.300000 0.434254 -0.436869
v -0.300000 0.434255 -0.536870
v -0.300000 0.434255 -1.136870
v -0.300000 0.434255 -1.236870
v -0.300000 0.434255 -1.336870
v -0.300000 0.434255 -1.536870
v -0.300000 0.434255 -1.736870
v -0.300000 0.534254 0.863130
v -0.300000 0.534254 0.363130
v -0.300000 0.534254 -0.436869
v -0.300000 0.534254 -0.536870
v -0.300000 0.534254 -1.236870
v -0.300000 0.534254 -1.336870
v -0.300000 0.534254 -1.436870
v -0.300000 0.534254 -1.536870
v -0.300000 0.534254 -1.736870
v -0.300000 0.634255 0.163130
v -0.300000 0.634255 -0.036870
v -0.300000 0.634255 -0.136870
v -0.300000 0.634255 -0.236870
v -0.300000 0.634255 -1.336870
v -0.300000 0.634255 -1.436870
v -0.300000 0.734254 0.163130
v -0.300000 0.734254 -0.036870
v -0.300000 0.734254 -0.136870
v -0.300000 0.734254 -0.236870
v -0.200000 -1.065746 3.163130
v -0.200000 -1.065746 2.863130
v -0.200000 -0.965746 3.163130
v -0.200000 -0.965746 2.863130
v -0.200000 -0.865745 -0.236870
v -0.200000 -0.865745 -0.336870
v -0.200000 -0.865745 -0.736870
v -0.200000 -0.865745 -0.836870
v -0.200000 -0.765746 0.063130
v -0.200000 -0.765745 -0.236870
v -0.200000 -0.765745 -0.336870
v -0.200000 -0.765745 -0.736870
v -0.200000 -0.765745 -0.836870
v -0.200000 -0.765745 -1.136870
v -0.200000 -0.665746 0.663130
v -0.200000 -0.665746 0.363130
v -0.200000 -0.665746 0.163130
v -0.200000 -0.665746 0.063130
v -0.200000 -0.665746 -0.036870
v -0.200000 -0.665745 -0.236870
v -0.200000 -0.665745 -0.336870
v -0.200000 -0.665745 -0.736870
v -0.200000 -0.665745 -0.836870
v -0.200000 -0.665745 -1.036870
v -0.200000 -0.665745 -1.136870
v -0.200000 -0.665745 -1.236870
v -0.200000 -0.565746 0.563130
v -0.200000 -0.565746 0.363130
v -0.200000 -0.565746 0.163130
v -0.200000 -0.565746 -0.036870
v -0.200000 -0.565745 -1.036870
v -0.200000 -0.565745 -1.236870
v -0.200000 -0.565745 -1.436870
v -0.200000 -0.565745 -1.636870
v -0.200000 -0.465746 3.163130
v -0.200000 -0.465746 3.063130
v -0.200000 -0.465746 2.463130
v -0.200000 -0.465746 2.363130
v -0.200000 -0.465746 2.263130
v -0.200000 -0.465746 2.163130
v -0.200000 -0.465745 -1.436870
v -0.200000 -0.465745 -1.636870
v -0.200000 -0.365746 3.563130
v -0.200000 -0.365746 3.163130
v -0.200000 -0.365746 3.063130
v -0.200000 -0.365746 2.563130
v -0.200000 -0.365746 2.463130
v -0.200000 -0.365746 2.363130
v -0.200000 -0.365746 2.263130
v -0.200000 -0.365746 2.163130
v -0.200000 -0.365746 0.763130
v -0.200000 -0.365746 0.663130
v -0.200000 -0.365746 0.563130
v -0.200000 -0.265746 3.663130
v -0.200000 -0.265746 3.563130
v -0.200000 -0.265746 3.163130
v -0.200000 -0.265746 3.063130
v -0.200000 -0.265746 2.863130
v -0.200000 -0.265746 2.563130
v -0.200000 -0.165746 3.763130
v -0.200000 -0.165746 3.663130
v -0.200000 -0.165746 3.563130
v -0.200000 -0.165746 0.763130
v -0.200000 -0.165746 0.663130
v -0.200000 0.234254 3.763130
v -0.200000 0.234254 3.663130
v -0.200000 0.234254 3.563130
v -0.200000 0.234254 3.363130
v -0.200000 0.234254 2.463130
v -0.200000 0.234254 2.363130
v -0.200000 0.334254 3.563130
v -0.200000 0.334254 3.463130
v -0.200000 0.334254 3.363130
v -0.200000 0.334254 2.463130
v -0.200000 0.334254 2.363130
v -0.200000 0.334254 2.163130
v -0.200000 0.334254 2.063130
v -0.200000 0.334254 1.963130
v -0.200000 0.334254 1.663130
v -0.200000 0.334254 1.563130
v -0.200000 0.334254 1.363130
v -0.200000 0.334255 -0.536870
v -0.200000 0.334255 -0.636870
v -0.200000 0.434254 3.463130
v -0.200000 0.434254 2.463130
v -0.200000 0.434254 2.363130
v -0.200000 0.434254 2.163130
v -0.200000 0.434254 2.063130
v -0.200000 0.434254 1.363130
v -0.200000 0.434254 0.963130
v -0.200000 0.434254 0.863130
v -0.200000 0.434255 -0.536870
v -0.200000 0.434255 -0.636870
v -0.200000 0.534254 2.163130
v -0.200000 0.534254 2.063130
v -0.200000 0.534254 0.963130
v -0.200000 0.534254 0.863130
v -0.200000 0.534254 0.363130
v -0.200000 0.534254 -0.436869
v -0.200000 0.534254 -0.536870
v -0.200000 0.534254 -0.636870
v -0.200000 0.634255 0.963130
v -0.200000 0.634255 0.763130
v -0.200000 0.634255 0.363130
v -0.200000 0.634255 0.163130
v -0.200000 0.634255 -0.236870
v -0.200000 0.634255 -0.436869
v -0.200000 0.634255 -0.536870
v -0.200000 0.734254 0.763130
v -0.200000 0.734254 0.163130
v -0.200000 0.734254 -0.236870
v -0.200000 0.734254 -0.436869
v -0.100000 -1.165746 3.163130
v -0.100000 -1.165746 2.863130
v -0.100000 -1.065746 3.163130
v -0.100000 -1.065746 2.863130
v -0.100000 -1.065746 2.363130
v -0.100000 -0.965746 3.163130
v -0.100000 -0.965746 2.863130
v -0.100000 -0.965746 2.463130
v -0.100000 -0.965746 2.363130
v -0.100000 -0.965746 2.263130
v -0.100000 -0.865746 3.163130
v -0.100000 -0.865746 2.863130
v -0.100000 -0.865746 2.763130
v -0.100000 -0.865746 2.463130
v -0.100000 -0.765746 2.763130
v -0.100000 -0.765746 2.563130
v -0.100000 -0.765746 2.263130
v -0.100000 -0.765746 2.163130
v -0.100000 -0.765746 0.163130
v -0.100000 -0.765746 0.063130
v -0.100000 -0.765745 -1.136870
v -0.100000 -0.765745 -1.236870
v -0.100000 -0.665746 0.163130
v -0.100000 -0.665746 0.063130
v -0.100000 -0.665745 -1.136870
v -0.100000 -0.665745 -1.236870
v -0.100000 -0.565746 2.163130
v -0.100000 -0.565746 1.763130
v -0.100000 -0.465746 2.463130
v -0.100000 -0.465746 2.363130
v -0.100000 -0.465746 2.263130
v -0.100000 -0.465746 2.163130
v -0.100000 -0.465746 1.863130
v -0.100000 -0.365746 2.563130
v -0.100000 -0.365746 2.463130
v -0.100000 -0.365746 2.363130
v -0.100000 -0.365746 2.263130
v -0.100000 -0.365746 1.863130
v -0.100000 -0.365746 1.763130
v -0.100000 0.334254 1.363130
v -0.100000 0.334254 0.963130
v -0.100000 0.434254 2.263130
v -0.100000 0.434254 2.163130
v -0.100000 0.434254 1.363130
v -0.100000 0.434254 1.063130
v -0.100000 0.434254 0.963130
v -0.100000 0.534254 2.263130
v -0.100000 0.534254 2.163130
v -0.100000 0.534254 1.063130
v -0.100000 0.534254 0.963130
v -0.100000 0.534254 -1.836870
v -0.100000 0.534254 -1.936870
v -0.100000 0.634255 -1.836870
v -0.100000 0.634255 -1.936870
v -0.100000 0.734254 0.663130
v -0.100000 0.734254 0.163130
v -0.100000 0.834254 0.663130
v -0.100000 0.834254 0.163130
v 0.100000 -1.065746 3.163130
v 0.100000 -1.065746 3.063130
v 0.100000 -0.965746 3.163130
v 0.100000 -0.965746 3.063130
v 0.100000 -0.665746 0.663130
v 0.100000 -0.665746 0.363130
v 0.100000 -0.565746 0.563130
v 0.100000 -0.565746 0.363130
v 0.100000 -0.465746 0.663130
v 0.100000 -0.465746 0.563130
v 0.100000 0.434254 2.163130
v 0.100000 0.434254 2.063130
v 0.100000 0.534254 2.163130
v 0.100000 0.534254 2.063130
v 0.200000 0.334254 1.363130
v 0.200000 0.334254 0.963130
v 0.200000 0.434254 1.363130
v 0.200000 0.434254 0.963130
v 0.200000 0.434255 -1.936870
v 0.200000 0.434255 -2.036870
v 0.200000 0.534254 -1.836870
v 0.200000 0.534254 -1.936870
v 0.200000 0.634255 -1.836870
v 0.200000 0.634255 -2.036870
v 0.300000 0.234255 -1.836870
v 0.300000 0.234255 -2.036870
v 0.300000 0.434255 -1.836870
v 0.300000 0.434255 -2.036870
v 0.300000 0.434255 -2.136870
v 0.300000 0.534254 -2.136870
v 0.300000 0.534254 -2.236870
v 0.300000 0.634255 -1.836870
v 0.300000 0.634255 -2.036870
v 0.300000 0.634255 -2.236870
v 0.300000 0.634255 -2.336870
v 0.300000 0.734255 -1.836870
v 0.300000 0.734255 -2.336870
v 0.400000 -0.565745 -1.436870
v 0.400000 -0.565745 -1.536870
v 0.400000 -0.465745 -1.436870
v 0.400000 -0.465745 -1.536870
v 0.400000 -0.365746 1.163130
v 0.400000 -0.365746 0.563130
v 0.400000 -0.365745 -1.736870
v 0.400000 -0.365745 -1.936870
v 0.400000 -0.165746 1.163130
v 0.400000 -0.165746 0.563130
v 0.400000 -0.165745 -1.736870
v 0.400000 -0.165745 -1.836870
v 0.400000 -0.065745 -1.736870
v 0.400000 -0.065745 -1.836870
v 0.400000 -0.065745 -1.936870
v 0.500000 -0.365745 -1.936870
v 0.500000 -0.365745 -2.036870
v 0.500000 0.134255 -1.936870
v 0.500000 0.134255 -2.036870
v 0.500000 0.234255 -0.536870
v 0.500000 0.234255 -0.636870
v 0.500000 0.334255 -0.336870
v 0.500000 0.334255 -0.536870
v 0.500000 0.434254 -0.336870
v 0.500000 0.434255 -0.636870
v 0.600000 -0.065745 -2.036870
v 0.600000 -0.065745 -2.136870
v 0.600000 0.034254 -0.636870
v 0.600000 0.034254 -1.236870
v 0.600000 0.034254 -2.036870
v 0.600000 0.034254 -2.136870
v 0.600000 0.234255 -0.636870
v 0.600000 0.234255 -1.236870
v 0.600000 0.434254 -0.236870
v 0.600000 0.434254 -0.336870
v 0.600000 0.534254 -0.236870
v 0.600000 0.534254 -0.336870
v 0.700000 -0.265746 2.163130
v 0.700000 -0.265746 1.763130
v 0.700000 -0.165746 2.163130
v 0.700000 -0.165746 1.763130
v 0.700000 -0.065745 -2.136870
v 0.700000 -0.065745 -2.236870
v 0.700000 0.034254 -2.136870
v 0.700000 0.034254 -2.236870
v 0.800000 -0.265746 1.763130
v 0.800000 -0.265746 1.663130
v 0.800000 -0.165746 1.763130
v 0.800000 -0.165746 1.663130
v 0.800000 -0.065745 -2.236870
v 0.800000 -0.065745 -2.336870
v 0.800000 0.034254 -2.236870
v 0.800000 0.034255 -2.336870
v 0.800000 0.234255 -0.636870
v 0.800000 0.234255 -0.736870
v 0.800000 0.334255 -0.736870
v 0.800000 0.334255 -0.836870
v 0.800000 0.434255 -0.636870
v 0.800000 0.434255 -0.836870
v 0.900000 -0.265746 1.663130
v 0.900000 -0.265746 1.563130
v 0.900000 -0.165746 1.663130
v 0.900000 -0.165746 1.563130
v 0.900000 -0.065745 -2.336870
v 0.900000 -0.065745 -2.436870
v 0.900000 0.034255 -2.336870
v 0.900000 0.034255 -2.436870
v 1.000000 -0.265746 1.563130
v 1.000000 -0.265746 1.263130
v 1.000000 -0.265746 0.063130
v 1.000000 -0.265746 -0.036870
v 1.000000 -0.265745 -0.636870
v 1.000000 -0.265745 -0.736870
v 1.000000 -0.165746 1.563130
v 1.000000 -0.165746 1.263130
v 1.000000 -0.165746 0.063130
v 1.000000 -0.165746 -0.036870
v 1.000000 -0.165745 -0.636870
v 1.000000 -0.165745 -0.736870
v 1.000000 -0.165745 -2.336870
v 1.000000 -0.165745 -2.436870
v 1.000000 -0.065745 -2.336870
v 1.000000 -0.065745 -2.436870
v 1.100000 -0.165745 -2.236870
v 1.100000 -0.165745 -2.336870
v 1.100000 -0.165745 -2.436870
v 1.100000 -0.165745 -2.536870
v 1.100000 -0.065745 -2.236870
v 1.100000 -0.065745 -2.336870
v 1.100000 -0.065745 -2.536870
v 1.100000 -0.065745 -2.636870
v 1.100000 0.034255 -2.336870
v 1.100000 0.034255 -2.436870
v 1.100000 0.034255 -2.636870
v 1.100000 0.134255 -2.336870
v 1.100000 0.134255 -2.436870
v 1.200000 -0.165746 0.563130
v 1.200000 -0.165746 0.463130
v 1.200000 -0.165745 -1.536870
v 1.200000 -0.165745 -2.236870
v 1.200000 -0.065746 0.563130
v 1.200000 -0.065746 0.463130
v 1.200000 -0.065746 0.363130
v 1.200000 -0.065745 -1.536870
v 1.200000 -0.065745 -2.236870
v 1.200000 0.034254 0.463130
v 1.200000 0.034254 0.363130
v 1.200000 0.034254 -2.236870
v 1.200000 0.034255 -2.336870
v 1.200000 0.034255 -2.436870
v 1.200000 0.034255 -2.636870
v 1.200000 0.034255 -2.736870
v 1.200000 0.134255 -2.236870
v 1.200000 0.134255 -2.336870
v 1.200000 0.134255 -2.436870
v 1.200000 0.134255 -2.736870
v 1.200000 0.134255 -2.836870
v 1.200000 0.234255 -2.336870
v 1.200000 0.234255 -2.836870
v 1.300000 -0.365746 1.763130
v 1.300000 -0.365746 1.563130
v 1.300000 -0.265746 1.763130
v 1.300000 -0.265746 1.563130
v 1.300000 -0.165745 -2.236870
v 1.300000 -0.165745 -2.336870
v 1.300000 -0.065745 -2.236870
v 1.300000 -0.065745 -2.336870
v 1.400000 -0.365746 1.563130
v 1.400000 -0.365746 1.263130
v 1.400000 -0.265746 1.563130
v 1.400000 -0.265746 1.263130
v 1.400000 -0.265746 -0.036870
v 1.400000 -0.265746 -0.236870
v 1.400000 -0.265745 -0.336870
v 1.400000 -0.265745 -0.636870
v 1.400000 -0.265745 -1.836870
v 1.400000 -0.265745 -2.536870
v 1.400000 -0.165746 -0.036870
v 1.400000 -0.165746 -0.236870
v 1.400000 -0.165745 -0.336870
v 1.400000 -0.165745 -0.636870
v 1.400000 -0.165745 -1.836870
v 1.400000 -0.165745 -2.336870
v 1.400000 -0.165745 -2.536870
v 1.400000 0.034254 -0.036870
v 1.400000 0.034254 -0.136870
v 1.400000 0.134255 -0.036870
v 1.400000 0.134255 -0.136870
v 1.500000 -0.465746 1.563130
v 1.500000 -0.465746 1.063130
v 1.500000 -0.365746 1.563130
v 1.500000 -0.365746 1.263130
v 1.500000 -0.365746 1.063130
v 1.500000 -0.265745 -2.536870
v 1.500000 -0.265745 -2.636870
v 1.500000 -0.165746 0.663130
v 1.500000 -0.165746 0.563130
v 1.500000 -0.165745 -2.536870
v 1.500000 -0.165745 -2.636870
v 1.500000 -0.065746 0.663130
v 1.500000 -0.065746 0.563130
v 1.500000 -0.065746 0.463130
v 1.500000 0.034254 0.563130
v 1.500000 0.034254 0.463130
v 1.500000 0.034254 0.363130
v 1.500000 0.034254 -0.036870
v 1.500000 0.034254 -0.536870
v 1.500000 0.034254 -0.636870
v 1.500000 0.134255 0.363130
v 1.500000 0.134255 -0.036870
v 1.500000 0.134255 -0.536870
v 1.500000 0.134255 -0.636870
v 1.600000 -0.365745 -2.036870
v 1.600000 -0.365745 -2.736870
v 1.600000 -0.265745 -2.036870
v 1.600000 -0.265745 -2.636870
v 1.600000 -0.265745 -2.736870
v 1.600000 -0.165746 0.763130
v 1.600000 -0.165746 0.663130
v 1.600000 -0.065746 0.763130
v 1.600000 -0.065746 0.663130
v 1.600000 -0.065746 0.563130
v 1.600000 0.034254 0.663130
v 1.600000 0.034254 0.563130
v 1.600000 0.034254 0.463130
v 1.600000 0.034254 0.363130
v 1.600000 0.034254 -0.436870
v 1.600000 0.034254 -0.536870
v 1.600000 0.134255 0.463130
v 1.600000 0.134255 0.363130
v 1.600000 0.134255 -0.436869
v 1.600000 0.134255 -0.536870
v 1.700000 -0.365745 -2.736870
v 1.700000 -0.365745 -2.836870
v 1.700000 -0.265745 -2.736870
v 1.700000 -0.265745 -2.836870
v 1.800000 -0.465745 -2.236870
v 1.800000 -0.465745 -2.836870
v 1.800000 -0.365745 -2.236870
v 1.800000 -0.365745 -2.836870
v 1.800000 -0.265745 -2.536870
v 1.800000 -0.265745 -2.636870
v 1.800000 -0.265745 -2.736870
v 1.800000 -0.265745 -2.836870
v 1.800000 -0.165745 -2.536870
v 1.800000 -0.165745 -2.636870
v 1.800000 -0.165745 -2.736870
v 1.800000 -0.165745 -2.836870
v 1.800000 0.034254 -0.236870
v 1.800000 0.034254 -0.336870
v 1.800000 0.034254 -0.436870
v 1.800000 0.134255 -0.236870
v 1.800000 0.134255 -0.336870
v 1.800000 0.134255 -0.436869
v 1.900000 -0.665745 -2.536870
v 1.900000 -0.665745 -3.036870
v 1.900000 -0.565745 -2.436870
v 1.900000 -0.565745 -2.536870
v 1.900000 -0.565745 -2.936870
v 1.900000 -0.565745 -3.036870
v 1.900000 -0.465745 -2.436870
v 1.900000 -0.465745 -2.836870
v 1.900000 -0.465745 -2.936870
v 1.900000 -0.265746 0.163130
v 1.900000 -0.265746 0.063130
v 1.900000 -0.265746 -0.236870
v 1.900000 -0.265745 -2.436870
v 1.900000 -0.265745 -2.536870
v 1.900000 -0.265745 -2.636870
v 1.900000 -0.265745 -2.736870
v 1.900000 -0.265745 -2.836870
v 1.900000 -0.265745 -2.936870
v 1.900000 -0.165746 0.163130
v 1.900000 -0.165746 0.063130
v 1.900000 -0.165746 -0.236870
v 1.900000 -0.165745 -2.436870
v 1.900000 -0.165745 -2.536870
v 1.900000 -0.165745 -2.636870
v 1.900000 -0.165745 -2.736870
v 1.900000 -0.165745 -2.836870
v 1.900000 -0.165745 -2.936870
v 1.900000 -0.165745 -3.036870
v 1.900000 -0.065745 -2.536870
v 1.900000 -0.065745 -3.036870
v 2.000000 -0.265746 0.463130
v 2.000000 -0.265746 0.363130
v 2.000000 -0.165746 0.463130
v 2.000000 -0.165746 0.363130
v 2.000000 0.034254 0.263130
v 2.000000 0.034254 0.163130
v 2.000000 0.034254 -0.036870
v 2.000000 0.034254 -0.136870
v 2.000000 0.134255 0.263130
v 2.000000 0.134255 0.163130
v 2.000000 0.134255 -0.036870
v 2.000000 0.134255 -0.136870
v 2.100000 0.134255 0.263130
v 2.100000 0.134255 0.163130
v 2.100000 0.134255 -0.036870
v 2.100000 0.134255 -0.136870
v 2.100000 0.234254 0.263130
v 2.100000 0.234254 0.163130
v 2.100000 0.234254 -0.036870
v 2.100000 0.234254 -0.136870
v 2.200000 -0.365746 0.463130
v 2.200000 -0.365746 0.363130
v 2.200000 -0.365746 -0.036870
v 2.200000 -0.365746 -0.136870
v 2.200000 -0.265746 0.763130
v 2.200000 -0.265746 0.463130
v 2.200000 -0.265746 0.363130
v 2.200000 -0.265746 0.163130
v 2.200000 -0.265746 0.063130
v 2.200000 -0.265746 -0.036870
v 2.200000 -0.265746 -0.136870
v 2.200000 -0.265745 -0.636870
v 2.200000 -0.165746 0.763130
v 2.200000 -0.165746 0.463130
v 2.200000 -0.165746 0.363130
v 2.200000 -0.165746 0.163130
v 2.200000 -0.165746 0.063130
v 2.200000 -0.165746 -0.036870
v 2.200000 -0.165746 -0.136870
v 2.200000 -0.165745 -0.636870
v 2.200000 -0.065746 0.763130
v 2.200000 -0.065746 0.663130
v 2.200000 -0.065745 -0.536870
v 2.200000 -0.065745 -0.636870
v 2.200000 0.034254 0.663130
v 2.200000 0.034254 0.463130
v 2.200000 0.034254 0.363130
v 2.200000 0.034254 0.263130
v 2.200000 0.034254 0.163130
v 2.200000 0.034254 -0.036870
v 2.200000 0.034254 -0.136870
v 2.200000 0.034254 -0.236870
v 2.200000 0.034254 -0.336870
v 2.200000 0.034254 -0.536870
v 2.200000 0.134255 0.463130
v 2.200000 0.134255 0.363130
v 2.200000 0.134255 -0.236870
v 2.200000 0.134255 -0.336870
v 2.200000 0.234254 0.263130
v 2.200000 0.234254 0.163130
v 2.200000 0.234254 -0.036870
v 2.200000 0.234254 -0.136870
v 2.200000 0.234254 -0.236870
v 2.200000 0.234254 -0.336870
v 2.200000 0.334254 -0.236870
v 2.200000 0.334255 -0.336870
v 2.200000 0.434255 -0.636870
v 2.200000 0.434255 -0.836870
v 2.200000 0.534254 0.763130
v 2.200000 0.534254 -0.836870
v 2.300000 -0.465746 0.463130
v 2.300000 -0.465746 0.363130
v 2.300000 -0.465746 -0.036870
v 2.300000 -0.465746 -0.136870
v 2.300000 -0.365746 0.763130
v 2.300000 -0.365746 0.463130
v 2.300000 -0.365746 0.363130
v 2.300000 -0.365746 -0.036870
v 2.300000 -0.365746 -0.136870
v 2.300000 -0.365745 -0.636870
v 2.300000 -0.265746 0.763130
v 2.300000 -0.265746 0.463130
v 2.300000 -0.265746 0.363130
v 2.300000 -0.265746 -0.036870
v 2.300000 -0.265746 -0.136870
v 2.300000 -0.265745 -0.636870
v 2.300000 0.534254 0.763130
v 2.300000 0.534254 -0.836870
v 2.300000 0.634255 0.763130
v 2.300000 0.634255 -0.836870
v 2.400000 0.634255 0.263130
v 2.400000 0.634255 0.163130
v 2.400000 0.634255 0.063130
v 2.400000 0.634255 -0.036870
v 2.400000 0.734254 0.263130
v 2.400000 0.734254 0.163130
v 2.400000 0.734254 0.063130
v 2.400000 0.734254 -0.036870
v 2.500000 -0.765746 0.063130
v 2.500000 -0.765745 -0.436870
v 2.500000 -0.665746 0.163130
v 2.500000 -0.665746 0.063130
v 2.500000 -0.665745 -0.336870
v 2.500000 -0.665745 -0.436870
v 2.500000 -0.565746 0.263130
v 2.500000 -0.565746 0.163130
v 2.500000 -0.565745 -0.236870
v 2.500000 -0.565745 -0.336870
v 2.500000 -0.465746 0.363130
v 2.500000 -0.465746 0.263130
v 2.500000 -0.465746 -0.036870
v 2.500000 -0.465746 -0.136870
v 2.500000 -0.465746 -0.236870
v 2.500000 -0.365746 0.363130
v 2.500000 -0.365746 -0.036870
v 2.500000 0.634255 0.363130
v 2.500000 0.634255 0.263130
v 2.500000 0.634255 0.163130
v 2.500000 0.634255 0.063130
v 2.500000 0.634255 -0.036870
v 2.500000 0.634255 -0.136870
v 2.500000 0.734254 0.363130
v 2.500000 0.734254 0.263130
v 2.500000 0.734254 0.163130
v 2.500000 0.734254 0.063130
v 2.500000 0.734254 -0.036870
v 2.500000 0.734254 -0.136870
v 2.500000 0.734254 -0.236870
v 2.500000 0.834254 0.263130
v 2.500000 0.834254 0.163130
v 2.500000 0.834255 -0.236870
v 2.500000 0.834255 -0.336870
v 2.500000 0.934254 0.163130
v 2.500000 0.934254 0.063130
v 2.500000 0.934254 -0.336870
v 2.500000 0.934254 -0.436869
v 2.500000 1.034254 0.063130
v 2.500000 1.034255 -0.436869
v 2.600000 -0.165746 0.663130
v 2.600000 -0.165746 0.563130
v 2.600000 0.434254 0.663130
v 2.600000 0.434254 0.563130
v 2.700000 -0.265746 0.763130
v 2.700000 -0.265746 0.663130
v 2.700000 -0.265745 -0.536870
v 2.700000 -0.265745 -0.636870
v 2.700000 0.434255 -0.636870
v 2.700000 0.434255 -0.836870
v 2.700000 0.534254 0.763130
v 2.700000 0.534254 0.663130
v 2.700000 0.534254 -0.536870
v 2.700000 0.534254 -0.836870
v 2.800000 0.034254 0.963130
v 2.800000 0.034254 0.763130
v 2.800000 0.134255 0.963130
v 2.800000 0.134255 0.863130
v 2.800000 0.234254 0.863130
v 2.800000 0.234254 0.763130
v 3.000000 0.234254 0.363130
v 3.000000 0.234254 0.263130
v 3.000000 0.234254 0.063130
v 3.000000 0.234254 -0.036870
v 3.000000 0.334254 0.363130
v 3.000000 0.334254 0.263130
v 3.000000 0.334254 0.063130
v 3.000000 0.334254 -0.036870
v 3.300000 0.034254 0.963130
v 3.300000 0.034254 0.863130
v 3.300000 0.134255 0.963130
v 3.300000 0.134255 0.863130
v 3.300000 0.134255 0.763130
v 3.300000 0.234254 0.863130
v 3.300000 0.234254 0.763130
v 3.600000 0.134255 1.063130
v 3.600000 0.134255 0.963130
v 3.600000 0.134255 0.863130
v 3.600000 0.234254 1.063130
v 3.600000 0.234254 0.963130
v 3.600000 0.234254 0.863130
v 3.600000 0.234254 0.063130
v 3.600000 0.334254 0.963130
v 3.600000 0.334254 0.063130
v 3.700000 0.134255 1.163130
v 3.700000 0.134255 1.063130
v 3.700000 0.234254 1.163130
v 3.700000 0.234254 1.063130
v 3.700000 0.234254 0.963130
v 3.700000 0.334254 1.063130
v 3.700000 0.334254 0.963130
v 3.700000 0.334254 0.763130
v 3.700000 0.334254 0.663130
v 3.700000 0.334254 0.363130
v 3.700000 0.334254 0.263130
v 3.700000 0.434254 0.763130
v 3.700000 0.434254 0.663130
v 3.700000 0.434254 0.363130
v 3.700000 0.434254 0.263130
v 3.800000 0.234254 1.163130
v 3.800000 0.234254 1.063130
v 3.800000 0.234254 0.063130
v 3.800000 0.234254 -0.036870
v 3.800000 0.334254 1.163130
v 3.800000 0.334254 1.063130
v 3.800000 0.334254 0.763130
v 3.800000 0.334254 0.663130
v 3.800000 0.334254 0.363130
v 3.800000 0.334254 0.263130
v 3.800000 0.334254 0.063130
v 3.800000 0.434254 1.063130
v 3.800000 0.434254 0.763130
v 3.800000 0.434254 0.663130
v 3.800000 0.434254 0.363130
v 3.800000 0.434254 0.263130
v 3.800000 0.434254 -0.036870
v 3.900000 0.434254 0.963130
v 3.900000 0.434254 -0.036870
v 3.900000 0.434254 -0.136870
v 3.900000 0.534254 0.963130
v 3.900000 0.534254 0.863130
v 3.900000 0.534254 -0.136870
v 3.900000 0.534254 -0.236870
v 3.900000 0.634255 0.863130
v 3.900000 0.634255 -0.236870
v -3.900000 0.434254 0.963130
v -3.900000 0.434254 -0.036870
v -3.900000 0.434254 -0.136870
v -3.900000 0.534254 0.963130
v -3.900000 0.534254 0.863130
v -3.900000 0.534254 -0.136870
v -3.900000 0.534254 -0.236870
v -3.900000 0.634255 0.863130
v -3.900000 0.634255 -0.236870
v -3.800000 0.234254 1.163130
v -3.800000 0.234254 1.063130
v -3.800000 0.234254 0.063130
v -3.800000 0.234254 -0.036870
v -3.800000 0.334254 1.163130
v -3.800000 0.334254 1.063130
v -3.800000 0.334254 0.763130
v -3.800000 0.334254 0.663130
v -3.800000 0.334254 0.363130
v -3.800000 0.334254 0.263130
v -3.800000 0.334254 0.063130
v -3.800000 0.434254 1.063130
v -3.800000 0.434254 0.763130
v -3.800000 0.434254 0.663130
v -3.800000 0.434254 0.363130
v -3.800000 0.434254 0.263130
v -3.800000 0.434254 -0.036870
v -3.700000 0.134255 1.163130
v -3.700000 0.134255 1.063130
v -3.700000 0.234254 1.163130
v -3.700000 0.234254 1.063130
v -3.700000 0.234254 0.963130
v -3.700000 0.334254 1.063130
v -3.700000 0.334254 0.963130
v -3.700000 0.334254 0.763130
v -3.700000 0.334254 0.663130
v -3.700000 0.334254 0.363130
v -3.700000 0.334254 0.263130
v -3.700000 0.434254 0.763130
v -3.700000 0.434254 0.663130
v -3.700000 0.434254 0.363130
v -3.700000 0.434254 0.263130
v -3.600000 0.134255 1.063130
v -3.600000 0.134255 0.963130
v -3.600000 0.134255 0.863130
v -3.600000 0.234254 1.063130
v -3.600000 0.234254 0.963130
v -3.600000 0.234254 0.863130
v -3.600000 0.234254 0.063130
v -3.600000 0.334254 0.963130
v -3.600000 0.334254 0.063130
v -3.300000 0.034254 0.963130
v -3.300000 0.034254 0.863130
v -3.300000 0.134255 0.963130
v -3.300000 0.134255 0.863130
v -3.300000 0.134255 0.763130
v -3.300000 0.234254 0.863130
v -3.300000 0.234254 0.763130
v -3.000000 0.234254 0.363130
v -3.000000 0.234254 0.263130
v -3.000000 0.234254 0.063130
v -3.000000 0.234254 -0.036870
v -3.000000 0.334254 0.363130
v -3.000000 0.334254 0.263130
v -3.000000 0.334254 0.063130
v -3.000000 0.334254 -0.036870
v -2.800000 0.034254 0.963130
v -2.800000 0.034254 0.763130
v -2.800000 0.134255 0.963130
v -2.800000 0.134255 0.863130
v -2.800000 0.234254 0.863130
v -2.800000 0.234254 0.763130
v -2.700000 -0.265746 0.763130
v -2.700000 -0.265746 0.663130
v -2.700000 -0.265745 -0.536870
v -2.700000 -0.265745 -0.636870
v -2.700000 0.434255 -0.636870
v -2.700000 0.434255 -0.836870
v -2.700000 0.534254 0.763130
v -2.700000 0.534254 0.663130
v -2.700000 0.534254 -0.536870
v -2.700000 0.534254 -0.836870
v -2.600000 -0.165746 0.663130
v -2.600000 -0.165746 0.563130
v -2.600000 0.434254 0.663130
v -2.600000 0.434254 0.563130
v -2.500000 -0.765746 0.063130
v -2.500000 -0.765745 -0.436870
v -2.500000 -0.665746 0.163130
v -2.500000 -0.665746 0.063130
v -2.500000 -0.665745 -0.336870
v -2.500000 -0.665745 -0.436870
v -2.500000 -0.565746 0.263130
v -2.500000 -0.565746 0.163130
v -2.500000 -0.565745 -0.236870
v -2.500000 -0.565745 -0.336870
v -2.500000 -0.465746 0.363130
v -2.500000 -0.465746 0.263130
v -2.500000 -0.465746 -0.036870
v -2.500000 -0.465746 -0.136870
v -2.500000 -0.465746 -0.236870
v -2.500000 -0.365746 0.363130
v -2.500000 -0.365746 -0.036870
v -2.500000 0.634255 0.363130
v -2.500000 0.634255 0.263130
v -2.500000 0.634255 0.163130
v -2.500000 0.634255 0.063130
v -2.500000 0.634255 -0.036870
v -2.500000 0.634255 -0.136870
v -2.500000 0.734254 0.363130
v -2.500000 0.734254 0.263130
v -2.500000 0.734254 0.163130
v -2.500000 0.734254 0.063130
v -2.500000 0.734254 -0.036870
v -2.500000 0.734254 -0.136870
v -2.500000 0.734254 -0.236870
v -2.500000 0.834254 0.263130
v -2.500000 0.834254 0.163130
v -2.500000 0.834255 -0.236870
v -2.500000 0.834255 -0.336870
v -2.500000 0.934254 0.163130
v -2.500000 0.934254 0.063130
v -2.500000 0.934254 -0.336870
v -2.500000 0.934254 -0.436869
v -2.500000 1.034254 0.063130
v -2.500000 1.034255 -0.436869
v -2.400000 0.634255 0.263130
v -2.400000 0.634255 0.163130
v -2.400000 0.634255 0.063130
v -2.400000 0.634255 -0.036870
v -2.400000 0.734254 0.263130
v -2.400000 0.734254 0.163130
v -2.400000 0.734254 0.063130
v -2.400000 0.734254 -0.036870
v -2.300000 -0.465746 0.463130
v -2.300000 -0.465746 0.363130
v -2.300000 -0.465746 -0.036870
v -2.300000 -0.465746 -0.136870
v -2.300000 -0.365746 0.763130
v -2.300000 -0.365746 0.463130
v -2.300000 -0.365746 0.363130
v -2.300000 -0.365746 -0.036870
v -2.300000 -0.365746 -0.136870
v -2.300000 -0.365745 -0.636870
v -2.300000 -0.265746 0.763130
v -2.300000 -0.265746 0.463130
v -2.300000 -0.265746 0.363130
v -2.300000 -0.265746 -0.036870
v -2.300000 -0.265746 -0.136870
v -2.300000 -0.265745 -0.636870
v -2.300000 0.534254 0.763130
v -2.300000 0.534254 -0.836870
v -2.300000 0.634255 0.763130
v -2.300000 0.634255 -0.836870
v -2.200000 -0.365746 0.463130
v -2.200000 -0.365746 0.363130
v -2.200000 -0.365746 -0.036870
v -2.200000 -0.365746 -0.136870
v -2.200000 -0.265746 0.763130
v -2.200000 -0.265746 0.463130
v -2.200000 -0.265746 0.363130
v -2.200000 -0.265746 0.163130
v -2.200000 -0.265746 0.063130
v -2.200000 -0.265746 -0.036870
v -2.200000 -0.265746 -0.136870
v -2.200000 -0.265745 -0.636870
v -2.200000 -0.165746 0.763130
v -2.200000 -0.165746 0.463130
v -2.200000 -0.165746 0.363130
v -2.200000 -0.165746 0.163130
v -2.200000 -0.165746 0.063130
v -2.200000 -0.165746 -0.036870
v -2.200000 -0.165746 -0.136870
v -2.200000 -0.165745 -0.636870
v -2.200000 -0.065746 0.763130
v -2.200000 -0.065746 0.663130
v -2.200000 -0.065745 -0.536870
v -2.200000 -0.065745 -0.636870
v -2.200000 0.034254 0.663130
v -2.200000 0.034254 0.463130
v -2.200000 0.034254 0.363130
v -2.200000 0.034254 0.263130
v -2.200000 0.034254 0.163130
v -2.200000 0.034254 -0.036870
v -2.200000 0.034254 -0.136870
v -2.200000 0.034254 -0.236870
v -2.200000 0.034254 -0.336870
v -2.200000 0.034254 -0.536870
v -2.200000 0.134255 0.463130
v -2.200000 0.134255 0.363130
v -2.200000 0.134255 -0.236870
v -2.200000 0.134255 -0.336870
v -2.200000 0.234254 0.263130
v -2.200000 0.234254 0.163130
v -2.200000 0.234254 -0.036870
v -2.200000 0.234254 -0.136870
v -2.200000 0.234254 -0.236870
v -2.200000 0.234254 -0.336870
v -2.200000 0.334254 -0.236870
v -2.200000 0.334255 -0.336870
v -2.200000 0.434255 -0.636870
v -2.200000 0.434255 -0.836870
v -2.200000 0.534254 0.763130
v -2.200000 0.534254 -0.836870
v -2.100000 0.134255 0.263130
v -2.100000 0.134255 0.163130
v -2.100000 0.134255 -0.036870
v -2.100000 0.134255 -0.136870
v -2.100000 0.234254 0.263130
v -2.100000 0.234254 0.163130
v -2.100000 0.234254 -0.036870
v -2.100000 0.234254 -0.136870
v -2.000000 -0.265746 0.463130
v -2.000000 -0.265746 0.363130
v -2.000000 -0.165746 0.463130
v -2.000000 -0.165746 0.363130
v -2.000000 0.034254 0.263130
v -2.000000 0.034254 0.163130
v -2.000000 0.034254 -0.036870
v -2.000000 0.034254 -0.136870
v -2.000000 0.134255 0.263130
v -2.000000 0.134255 0.163130
v -2.000000 0.134255 -0.036870
v -2.000000 0.134255 -0.136870
v -1.900000 -0.665745 -2.536870
v -1.900000 -0.665745 -3.036870
v -1.900000 -0.565745 -2.436870
v -1.900000 -0.565745 -2.536870
v -1.900000 -0.565745 -2.936870
v -1.900000 -0.565745 -3.036870
v -1.900000 -0.465745 -2.436870
v -1.900000 -0.465745 -2.836870
v -1.900000 -0.465745 -2.936870
v -1.900000 -0.265746 0.163130
v -1.900000 -0.265746 0.063130
v -1.900000 -0.265746 -0.236870
v -1.900000 -0.265745 -2.436870
v -1.900000 -0.265745 -2.536870
v -1.900000 -0.265745 -2.636870
v -1.900000 -0.265745 -2.736870
v -1.900000 -0.265745 -2.836870
v -1.900000 -0.265745 -2.936870
v -1.900000 -0.165746 0.163130
v -1.900000 -0.165746 0.063130
v -1.900000 -0.165746 -0.236870
v -1.900000 -0.165745 -2.436870
v -1.900000 -0.165745 -2.536870
v -1.900000 -0.165745 -2.636870
v -1.900000 -0.165745 -2.736870
v -1.900000 -0.165745 -2.836870
v -1.900000 -0.165745 -2.936870
v -1.900000 -0.165745 -3.036870
v -1.900000 -0.065745 -2.536870
v -1.900000 -0.065745 -3.036870
v -1.800000 -0.465745 -2.236870
v -1.800000 -0.465745 -2.836870
v -1.800000 -0.365745 -2.236870
v -1.800000 -0.365745 -2.836870
v -1.800000 -0.265745 -2.536870
v -1.800000 -0.265745 -2.636870
v -1.800000 -0.265745 -2.736870
v -1.800000 -0.265745 -2.836870
v -1.800000 -0.165745 -2.536870
v -1.800000 -0.165745 -2.636870
v -1.800000 -0.165745 -2.736870
v -1.800000 -0.165745 -2.836870
v -1.800000 0.034254 -0.236870
v -1.800000 0.034254 -0.336870
v -1.800000 0.034254 -0.436870
v -1.800000 0.134255 -0.236870
v -1.800000 0.134255 -0.336870
v -1.800000 0.134255 -0.436869
v -1.700000 -0.365745 -2.736870
v -1.700000 -0.365745 -2.836870
v -1.700000 -0.265745 -2.736870
v -1.700000 -0.265745 -2.836870
v -1.600000 -0.365745 -2.036870
v -1.600000 -0.365745 -2.736870
v -1.600000 -0.265745 -2.036870
v -1.600000 -0.265745 -2.636870
v -1.600000 -0.265745 -2.736870
v -1.600000 -0.165746 0.763130
v -1.600000 -0.165746 0.663130
v -1.600000 -0.065746 0.763130
v -1.600000 -0.065746 0.663130
v -1.600000 -0.065746 0.563130
v -1.600000 0.034254 0.663130
v -1.600000 0.034254 0.563130
v -1.600000 0.034254 0.463130
v -1.600000 0.034254 0.363130
v -1.600000 0.034254 -0.436870
v -1.600000 0.034254 -0.536870
v -1.600000 0.134255 0.463130
v -1.600000 0.134255 0.363130
v -1.600000 0.134255 -0.436869
v -1.600000 0.134255 -0.536870
v -1.500000 -0.465746 1.563130
v -1.500000 -0.465746 1.063130
v -1.500000 -0.365746 1.563130
v -1.500000 -0.365746 1.263130
v -1.500000 -0.365746 1.063130
v -1.500000 -0.265745 -2.536870
v -1.500000 -0.265745 -2.636870
v -1.500000 -0.165746 0.663130
v -1.500000 -0.165746 0.563130
v -1.500000 -0.165745 -2.536870
v -1.500000 -0.165745 -2.636870
v -1.500000 -0.065746 0.663130
v -1.500000 -0.065746 0.563130
v -1.500000 -0.065746 0.463130
v -1.500000 0.034254 0.563130
v -1.500000 0.034254 0.463130
v -1.500000 0.034254 0.363130
v -1.500000 0.034254 -0.036870
v -1.500000 0.034254 -0.536870
v -1.500000 0.034254 -0.636870
v -1.500000 0.134255 0.363130
v -1.500000 0.134255 -0.036870
v -1.500000 0.134255 -0.536870
v -1.500000 0.134255 -0.636870
v -1.400000 -0.365746 1.563130
v -1.400000 -0.365746 1.263130
v -1.400000 -0.265746 1.563130
v -1.400000 -0.265746 1.263130
v -1.400000 -0.265746 -0.036870
v -1.400000 -0.265746 -0.236870
v -1.400000 -0.265745 -0.336870
v -1.400000 -0.265745 -0.636870
v -1.400000 -0.265745 -1.836870
v -1.400000 -0.265745 -2.536870
v -1.400000 -0.165746 -0.036870
v -1.400000 -0.165746 -0.236870
v -1.400000 -0.165745 -0.336870
v -1.400000 -0.165745 -0.636870
v -1.400000 -0.165745 -1.836870
v -1.400000 -0.165745 -2.336870
v -1.400000 -0.165745 -2.536870
v -1.400000 0.034254 -0.036870
v -1.400000 0.034254 -0.136870
v -1.400000 0.134255 -0.036870
v -1.400000 0.134255 -0.136870
v -1.300000 -0.365746 1.763130
v -1.300000 -0.365746 1.563130
v -1.300000 -0.265746 1.763130
v -1.300000 -0.265746 1.563130
v -1.300000 -0.165745 -2.236870
v -1.300000 -0.165745 -2.336870
v -1.300000 -0.065745 -2.236870
v -1.300000 -0.065745 -2.336870
v -1.200000 -0.165746 0.563130
v -1.200000 -0.165746 0.463130
v -1.200000 -0.165745 -1.536870
v -1.200000 -0.165745 -2.236870
v -1.200000 -0.065746 0.563130
v -1.200000 -0.065746 0.463130
v -1.200000 -0.065746 0.363130
v -1.200000 -0.065745 -1.536870
v -1.200000 -0.065745 -2.236870
v -1.200000 0.034254 0.463130
v -1.200000 0.034254 0.363130
v -1.200000 0.034254 -2.236870
v -1.200000 0.034255 -2.336870
v -1.200000 0.034255 -2.436870
v -1.200000 0.034255 -2.636870
v -1.200000 0.034255 -2.736870
v -1.200000 0.134255 -2.236870
v -1.200000 0.134255 -2.336870
v -1.200000 0.134255 -2.436870
v -1.200000 0.134255 -2.736870
v -1.200000 0.134255 -2.836870
v -1.200000 0.234255 -2.336870
v -1.200000 0.234255 -2.836870
v -1.100000 -0.165745 -2.236870
v -1.100000 -0.165745 -2.336870
v -1.100000 -0.165745 -2.436870
v -1.100000 -0.165745 -2.536870
v -1.100000 -0.065745 -2.236870
v -1.100000 -0.065745 -2.336870
v -1.100000 -0.065745 -2.536870
v -1.100000 -0.065745 -2.636870
v -1.100000 0.034255 -2.336870
v -1.100000 0.034255 -2.436870
v -1.100000 0.034255 -2.636870
v -1.100000 0.134255 -2.336870
v -1.100000 0.134255 -2.436870
v -1.000000 -0.265746 1.563130
v -1.000000 -0.265746 1.263130
v -1.000000 -0.265746 0.063130
v -1.000000 -0.265746 -0.036870
v -1.000000 -0.265745 -0.636870
v -1.000000 -0.265745 -0.736870
v -1.000000 -0.165746 1.563130
v -1.000000 -0.165746 1.263130
v -1.000000 -0.165746 0.063130
v -1.000000 -0.165746 -0.036870
v -1.000000 -0.165745 -0.636870
v -1.000000 -0.165745 -0.736870
v -1.000000 -0.165745 -2.336870
v -1.000000 -0.165745 -2.436870
v -1.000000 -0.065745 -2.336870
v -1.000000 -0.065745 -2.436870
v -0.900000 -0.265746 1.663130
v -0.900000 -0.265746 1.563130
v -0.900000 -0.165746 1.663130
v -0.900000 -0.165746 1.563130
v -0.900000 -0.065745 -2.336870
v -0.900000 -0.065745 -2.436870
v -0.900000 0.034255 -2.336870
v -0.900000 0.034255 -2.436870
v -0.800000 -0.265746 1.763130
v -0.800000 -0.265746 1.663130
v -0.800000 -0.165746 1.763130
v -0.800000 -0.165746 1.663130
v -0.800000 -0.065745 -2.236870
v -0.800000 -0.065745 -2.336870
v -0.800000 0.034254 -2.236870
v -0.800000 0.034255 -2.336870
v -0.800000 0.234255 -0.636870
v -0.800000 0.234255 -0.736870
v -0.800000 0.334255 -0.736870
v -0.800000 0.334255 -0.836870
v -0.800000 0.434255 -0.636870
v -0.800000 0.434255 -0.836870
v -0.700000 -0.265746 2.163130
v -0.700000 -0.265746 1.763130
v -0.700000 -0.165746 2.163130
v -0.700000 -0.165746 1.763130
v -0.700000 -0.065745 -2.136870
v -0.700000 -0.065745 -2.236870
v -0.700000 0.034254 -2.136870
v -0.700000 0.034254 -2.236870
v -0.600000 -0.065745 -2.036870
v -0.600000 -0.065745 -2.136870
v -0.600000 0.034254 -0.636870
v -0.600000 0.034254 -1.236870
v -0.600000 0.034254 -2.036870
v -0.600000 0.034254 -2.136870
v -0.600000 0.234255 -0.636870
v -0.600000 0.234255 -1.236870
v -0.600000 0.434254 -0.236870
v -0.600000 0.434254 -0.336870
v -0.600000 0.534254 -0.236870
v -0.600000 0.534254 -0.336870
v -0.500000 -0.365745 -1.936870
v -0.500000 -0.365745 -2.036870
v -0.500000 0.134255 -1.936870
v -0.500000 0.134255 -2.036870
v -0.500000 0.234255 -0.536870
v -0.500000 0.234255 -0.636870
v -0.500000 0.334255 -0.336870
v -0.500000 0.334255 -0.536870
v -0.500000 0.434254 -0.336870
v -0.500000 0.434255 -0.636870
v -0.400000 -0.565745 -1.436870
v -0.400000 -0.565745 -1.536870
v -0.400000 -0.465745 -1.436870
v -0.400000 -0.465745 -1.536870
v -0.400000 -0.365746 1.163130
v -0.400000 -0.365746 0.563130
v -0.400000 -0.365745 -1.736870
v -0.400000 -0.365745 -1.936870
v -0.400000 -0.165746 1.163130
v -0.400000 -0.165746 0.563130
v -0.400000 -0.165745 -1.736870
v -0.400000 -0.165745 -1.836870
v -0.400000 -0.065745 -1.736870
v -0.400000 -0.065745 -1.836870
v -0.400000 -0.065745 -1.936870
v -0.300000 0.234255 -1.836870
v -0.300000 0.234255 -2.036870
v -0.300000 0.434255 -1.836870
v -0.300000 0.434255 -2.036870
v -0.300000 0.434255 -2.136870
v -0.300000 0.534254 -2.136870
v -0.300000 0.534254 -2.236870
v -0.300000 0.634255 -1.836870
v -0.300000 0.634255 -2.036870
v -0.300000 0.634255 -2.236870
v -0.300000 0.634255 -2.336870
v -0.300000 0.734255 -1.836870
v -0.300000 0.734255 -2.336870
v -0.200000 0.334254 1.363130
v -0.200000 0.334254 0.963130
v -0.200000 0.434254 1.363130
v -0.200000 0.434254 0.963130
v -0.200000 0.434255 -1.936870
v -0.200000 0.434255 -2.036870
v -0.200000 0.534254 -1.836870
v -0.200000 0.534254 -1.936870
v -0.200000 0.634255 -1.836870
v -0.200000 0.634255 -2.036870
v -0.100000 -1.065746 3.163130
v -0.100000 -1.065746 3.063130
v -0.100000 -0.965746 3.163130
v -0.100000 -0.965746 3.063130
v -0.100000 -0.665746 0.663130
v -0.100000 -0.665746 0.363130
v -0.100000 -0.565746 0.563130
v -0.100000 -0.565746 0.363130
v -0.100000 -0.465746 0.663130
v -0.100000 -0.465746 0.563130
v -0.100000 0.434254 2.163130
v -0.100000 0.434254 2.063130
v -0.100000 0.534254 2.163130
v -0.100000 0.534254 2.063130
v 0.100000 -1.165746 3.163130
v 0.100000 -1.165746 2.863130
v 0.100000 -1.065746 3.163130
v 0.100000 -1.065746 2.863130
v 0.100000 -1.065746 2.363130
v 0.100000 -0.965746 3.163130
v 0.100000 -0.965746 2.863130
v 0.100000 -0.965746 2.463130
v 0.100000 -0.965746 2.363130
v 0.100000 -0.965746 2.263130
v 0.100000 -0.865746 3.163130
v 0.100000 -0.865746 2.863130
v 0.100000 -0.865746 2.763130
v 0.100000 -0.865746 2.463130
v 0.100000 -0.765746 2.763130
v 0.100000 -0.765746 2.563130
v 0.100000 -0.765746 2.263130
v 0.100000 -0.765746 2.163130
v 0.100000 -0.765746 0.163130
v 0.100000 -0.765746 0.063130
v 0.100000 -0.765745 -1.136870
v 0.100000 -0.765745 -1.236870
v 0.100000 -0.665746 0.163130
v 0.100000 -0.665746 0.063130
v 0.100000 -0.665745 -1.136870
v 0.100000 -0.665745 -1.236870
v 0.100000 -0.565746 2.163130
v 0.100000 -0.565746 1.763130
v 0.100000 -0.465746 2.463130
v 0.100000 -0.465746 2.363130
v 0.100000 -0.465746 2.263130
v 0.100000 -0.465746 2.163130
v 0.100000 -0.465746 1.863130
v 0.100000 -0.365746 2.563130
v 0.100000 -0.365746 2.463130
v 0.100000 -0.365746 2.363130
v 0.100000 -0.365746 2.263130
v 0.100000 -0.365746 1.863130
v 0.100000 -0.365746 1.763130
v 0.100000 0.334254 1.363130
v 0.100000 0.334254 0.963130
v 0.100000 0.434254 2.263130
v 0.100000 0.434254 2.163130
v 0.100000 0.434254 1.363130
v 0.100000 0.434254 1.063130
v 0.100000 0.434254 0.963130
v 0.100000 0.534254 2.263130
v 0.100000 0.534254 2.163130
v 0.100000 0.534254 1.063130
v 0.100000 0.534254 0.963130
v 0.100000 0.534254 -1.836870
v 0.100000 0.534254 -1.936870
v 0.100000 0.634255 -1.836870
v 0.100000 0.634255 -1.936870
v 0.100000 0.734254 0.663130
v 0.100000 0.734254 0.163130
v 0.100000 0.834254 0.663130
v 0.100000 0.834254 0.163130
v 0.200000 -1.065746 3.163130
v 0.200000 -1.065746 2.863130
v 0.200000 -0.965746 3.163130
v 0.200000 -0.965746 2.863130
v 0.200000 -0.865745 -0.236870
v 0.200000 -0.865745 -0.336870
v 0.200000 -0.865745 -0.736870
v 0.200000 -0.865745 -0.836870
v 0.200000 -0.765746 0.063130
v 0.200000 -0.765745 -0.236870
v 0.200000 -0.765745 -0.336870
v 0.200000 -0.765745 -0.736870
v 0.200000 -0.765745 -0.836870
v 0.200000 -0.765745 -1.136870
v 0.200000 -0.665746 0.663130
v 0.200000 -0.665746 0.363130
v 0.200000 -0.665746 0.163130
v 0.200000 -0.665746 0.063130
v 0.200000 -0.665746 -0.036870
v 0.200000 -0.665745 -0.236870
v 0.200000 -0.665745 -0.336870
v 0.200000 -0.665745 -0.736870
v 0.200000 -0.665745 -0.836870
v 0.200000 -0.665745 -1.036870
v 0.200000 -0.665745 -1.136870
v 0.200000 -0.665745 -1.236870
v 0.200000 -0.565746 0.563130
v 0.200000 -0.565746 0.363130
v 0.200000 -0.565746 0.163130
v 0.200000 -0.565746 -0.036870
v 0.200000 -0.565745 -1.036870
v 0.200000 -0.565745 -1.236870
v 0.200000 -0.565745 -1.436870
v 0.200000 -0.565745 -1.636870
v 0.200000 -0.465746 3.163130
v 0.200000 -0.465746 3.063130
v 0.200000 -0.465746 2.463130
v 0.200000 -0.465746 2.363130
v 0.200000 -0.465746 2.263130
v 0.200000 -0.465746 2.163130
v 0.200000 -0.465745 -1.436870
v 0.200000 -0.465745 -1.636870
v 0.200000 -0.365746 3.563130
v 0.200000 -0.365746 3.163130
v 0.200000 -0.365746 3.063130
v 0.200000 -0.365746 2.563130
v 0.200000 -0.365746 2.463130
v 0.200000 -0.365746 2.363130
v 0.200000 -0.365746 2.263130
v 0.200000 -0.365746 2.163130
v 0.200000 -0.365746 0.763130
v 0.200000 -0.365746 0.663130
v 0.200000 -0.365746 0.563130
v 0.200000 -0.265746 3.663130
v 0.200000 -0.265746 3.563130
v 0.200000 -0.265746 3.163130
v 0.200000 -0.265746 3.063130
v 0.200000 -0.265746 2.863130
v 0.200000 -0.265746 2.563130
v 0.200000 -0.165746 3.763130
v 0.200000 -0.165746 3.663130
v 0.200000 -0.165746 3.563130
v 0.200000 -0.165746 0.763130
v 0.200000 -0.165746 0.663130
v 0.200000 0.234254 3.763130
v 0.200000 0.234254 3.663130
v 0.200000 0.234254 3.563130
v 0.200000 0.234254 3.363130
v 0.200000 0.234254 2.463130
v 0.200000 0.234254 2.363130
v 0.200000 0.334254 3.563130
v 0.200000 0.334254 3.463130
v 0.200000 0.334254 3.363130
v 0.200000 0.334254 2.463130
v 0.200000 0.334254 2.363130
v 0.200000 0.334254 2.163130
v 0.200000 0.334254 2.063130
v 0.200000 0.334254 1.963130
v 0.200000 0.334254 1.663130
v 0.200000 0.334254 1.563130
v 0.200000 0.334254 1.363130
v 0.200000 0.334255 -0.536870
v 0.200000 0.334255 -0.636870
v 0.200000 0.434254 3.463130
v 0.200000 0.434254 2.463130
v 0.200000 0.434254 2.363130
v 0.200000 0.434254 2.163130
v 0.200000 0.434254 2.063130
v 0.200000 0.434254 1.363130
v 0.200000 0.434254 0.963130
v 0.200000 0.434254 0.863130
v 0.200000 0.434255 -0.536870
v 0.200000 0.434255 -0.636870
v 0.200000 0.534254 2.163130
v 0.200000 0.534254 2.063130
v 0.200000 0.534254 0.963130
v 0.200000 0.534254 0.863130
v 0.200000 0.534254 0.363130
v 0.200000 0.534254 -0.436869
v 0.200000 0.534254 -0.536870
v 0.200000 0.534254 -0.636870
v 0.200000 0.634255 0.963130
v 0.200000 0.634255 0.763130
v 0.200000 0.634255 0.363130
v 0.200000 0.634255 0.163130
v 0.200000 0.634255 -0.236870
v 0.200000 0.634255 -0.436869
v 0.200000 0.634255 -0.536870
v 0.200000 0.734254 0.763130
v 0.200000 0.734254 0.163130
v 0.200000 0.734254 -0.236870
v 0.200000 0.734254 -0.436869
v 0.300000 -0.765745 -0.236870
v 0.300000 -0.765745 -0.336870
v 0.300000 -0.765745 -0.736870
v 0.300000 -0.765745 -0.836870
v 0.300000 -0.665746 -0.036870
v 0.300000 -0.665746 -0.136870
v 0.300000 -0.665745 -0.236870
v 0.300000 -0.665745 -0.336870
v 0.300000 -0.665745 -0.436870
v 0.300000 -0.665745 -0.536870
v 0.300000 -0.665745 -0.736870
v 0.300000 -0.665745 -0.836870
v 0.300000 -0.665745 -1.036870
v 0.300000 -0.565746 -0.036870
v 0.300000 -0.565746 -0.136870
v 0.300000 -0.565745 -0.236870
v 0.300000 -0.565745 -0.436870
v 0.300000 -0.565745 -0.536870
v 0.300000 -0.565745 -1.036870
v 0.300000 -0.365746 3.163130
v 0.300000 -0.365746 3.063130
v 0.300000 -0.365746 0.663130
v 0.300000 -0.365746 0.563130
v 0.300000 -0.265746 3.563130
v 0.300000 -0.265746 3.163130
v 0.300000 -0.265746 3.063130
v 0.300000 -0.265746 2.863130
v 0.300000 -0.265746 2.563130
v 0.300000 -0.165746 3.663130
v 0.300000 -0.165746 3.563130
v 0.300000 -0.165746 3.163130
v 0.300000 -0.165746 3.063130
v 0.300000 -0.165746 2.863130
v 0.300000 -0.165746 2.563130
v 0.300000 -0.165746 0.663130
v 0.300000 -0.165746 0.563130
v 0.300000 0.034254 2.463130
v 0.300000 0.034254 2.363130
v 0.300000 0.134255 -0.636870
v 0.300000 0.134255 -0.836870
v 0.300000 0.134255 -1.036870
v 0.300000 0.234254 3.663130
v 0.300000 0.234254 3.563130
v 0.300000 0.234254 3.363130
v 0.300000 0.234254 3.163130
v 0.300000 0.234254 2.463130
v 0.300000 0.234254 2.363130
v 0.300000 0.234254 2.163130
v 0.300000 0.234254 1.963130
v 0.300000 0.234254 1.663130
v 0.300000 0.234254 1.563130
v 0.300000 0.234254 1.363130
v 0.300000 0.234255 -0.636870
v 0.300000 0.234255 -0.836870
v 0.300000 0.234255 -1.036870
v 0.300000 0.334254 3.363130
v 0.300000 0.334254 2.463130
v 0.300000 0.334254 2.363130
v 0.300000 0.334254 2.163130
v 0.300000 0.334254 2.063130
v 0.300000 0.334254 1.963130
v 0.300000 0.334254 1.663130
v 0.300000 0.334254 1.563130
v 0.300000 0.334254 1.363130
v 0.300000 0.334255 -1.136870
v 0.300000 0.334255 -1.236870
v 0.300000 0.434254 2.163130
v 0.300000 0.434254 2.063130
v 0.300000 0.434254 0.863130
v 0.300000 0.434254 0.363130
v 0.300000 0.434254 -0.436869
v 0.300000 0.434255 -0.536870
v 0.300000 0.434255 -1.136870
v 0.300000 0.434255 -1.236870
v 0.300000 0.434255 -1.336870
v 0.300000 0.434255 -1.536870
v 0.300000 0.434255 -1.736870
v 0.300000 0.534254 0.863130
v 0.300000 0.534254 0.363130
v 0.300000 0.534254 -0.436869
v 0.300000 0.534254 -0.536870
v 0.300000 0.534254 -1.236870
v 0.300000 0.534254 -1.336870
v 0.300000 0.534254 -1.436870
v 0.300000 0.534254 -1.536870
v 0.300000 0.534254 -1.736870
v 0.300000 0.634255 0.163130
v 0.300000 0.634255 -0.036870
v 0.300000 0.634255 -0.136870
v 0.300000 0.634255 -0.236870
v 0.300000 0.634255 -1.336870
v 0.300000 0.634255 -1.436870
v 0.300000 0.734254 0.163130
v 0.300000 0.734254 -0.036870
v 0.300000 0.734254 -0.136870
v 0.300000 0.734254 -0.236870
v 0.400000 -0.665746 -0.136870
v 0.400000 -0.665745 -0.236870
v 0.400000 -0.665745 -0.436870
v 0.400000 -0.665745 -0.536870
v 0.400000 -0.565746 0.563130
v 0.400000 -0.565746 0.263130
v 0.400000 -0.565746 -0.036870
v 0.400000 -0.565746 -0.136870
v 0.400000 -0.565745 -0.236870
v 0.400000 -0.565745 -0.436870
v 0.400000 -0.565745 -0.536870
v 0.400000 -0.565745 -0.636870
v 0.400000 -0.565745 -1.636870
v 0.400000 -0.565745 -1.836870
v 0.400000 -0.465746 0.363130
v 0.400000 -0.465746 0.263130
v 0.400000 -0.465745 -1.636870
v 0.400000 -0.465745 -1.736870
v 0.400000 -0.465745 -1.836870
v 0.400000 -0.365746 2.563130
v 0.400000 -0.365746 1.363130
v 0.400000 -0.365746 0.563130
v 0.400000 -0.365746 0.363130
v 0.400000 -0.365746 -0.136870
v 0.400000 -0.365746 -0.236870
v 0.400000 -0.365745 -0.436870
v 0.400000 -0.365745 -0.536870
v 0.400000 -0.365745 -1.636870
v 0.400000 -0.365745 -1.736870
v 0.400000 -0.265746 3.163130
v 0.400000 -0.265746 3.063130
v 0.400000 -0.265746 2.463130
v 0.400000 -0.265746 1.363130
v 0.400000 -0.265746 -0.036870
v 0.400000 -0.265746 -0.136870
v 0.400000 -0.265745 -0.536870
v 0.400000 -0.265745 -0.636870
v 0.400000 -0.165746 3.563130
v 0.400000 -0.165746 3.163130
v 0.400000 -0.165746 3.063130
v 0.400000 -0.165746 2.563130
v 0.400000 -0.165746 2.463130
v 0.400000 -0.065746 3.063130
v 0.400000 -0.065746 2.963130
v 0.400000 0.034254 3.363130
v 0.400000 0.034254 3.163130
v 0.400000 0.034254 2.963130
v 0.400000 0.034254 2.763130
v 0.400000 0.034254 2.663130
v 0.400000 0.034254 2.563130
v 0.400000 0.034254 2.463130
v 0.400000 0.034254 2.163130
v 0.400000 0.034254 1.963130
v 0.400000 0.034254 1.763130
v 0.400000 0.034254 1.663130
v 0.400000 0.034254 1.363130
v 0.400000 0.034254 -0.636870
v 0.400000 0.034254 -1.236870
v 0.400000 0.134254 3.163130
v 0.400000 0.134254 2.763130
v 0.400000 0.134254 2.663130
v 0.400000 0.134254 2.563130
v 0.400000 0.134254 2.163130
v 0.400000 0.134254 1.963130
v 0.400000 0.134255 1.563130
v 0.400000 0.134255 1.363130
v 0.400000 0.134255 -0.636870
v 0.400000 0.134255 -1.036870
v 0.400000 0.234254 3.563130
v 0.400000 0.234254 3.363130
v 0.400000 0.234254 3.163130
v 0.400000 0.234254 2.463130
v 0.400000 0.234254 2.163130
v 0.400000 0.234254 1.963130
v 0.400000 0.234254 1.763130
v 0.400000 0.234254 1.663130
v 0.400000 0.234254 1.563130
v 0.400000 0.234254 1.363130
v 0.400000 0.234254 1.263130
v 0.400000 0.234255 -0.536870
v 0.400000 0.234255 -0.636870
v 0.400000 0.234255 -1.036870
v 0.400000 0.234255 -1.236870
v 0.400000 0.234255 -1.836870
v 0.400000 0.234255 -2.036870
v 0.400000 0.334254 1.263130
v 0.400000 0.334254 0.363130
v 0.400000 0.334255 -0.336870
v 0.400000 0.334255 -0.536870
v 0.400000 0.334255 -0.636870
v 0.400000 0.334255 -1.036870
v 0.400000 0.334255 -1.236870
v 0.400000 0.434254 1.363130
v 0.400000 0.434254 0.363130
v 0.400000 0.434254 0.263130
v 0.400000 0.434254 -0.336870
v 0.400000 0.434254 -0.436869
v 0.400000 0.434255 -0.536870
v 0.400000 0.434255 -1.336870
v 0.400000 0.434255 -1.536870
v 0.400000 0.434255 -1.736870
v 0.400000 0.434255 -1.836870
v 0.400000 0.434255 -2.036870
v 0.400000 0.434255 -2.136870
v 0.400000 0.534254 0.363130
v 0.400000 0.534254 0.263130
v 0.400000 0.534254 -0.036870
v 0.400000 0.534254 -0.136870
v 0.400000 0.534254 -0.336870
v 0.400000 0.534254 -0.436869
v 0.400000 0.534254 -1.336870
v 0.400000 0.534254 -1.436870
v 0.400000 0.534254 -1.536870
v 0.400000 0.534254 -1.736870
v 0.400000 0.534254 -1.936870
v 0.400000 0.534254 -2.136870
v 0.400000 0.534254 -2.236870
v 0.400000 0.634255 0.363130
v 0.400000 0.634255 -0.036870
v 0.400000 0.634255 -0.136870
v 0.400000 0.634255 -0.436869
v 0.400000 0.634255 -1.436870
v 0.400000 0.634255 -1.836870
v 0.400000 0.634255 -1.936870
v 0.400000 0.634255 -2.136870
v 0.400000 0.634255 -2.236870
v 0.400000 0.634255 -2.336870
v 0.400000 0.734255 -1.836870
v 0.400000 0.734255 -2.336870
v 0.500000 -0.565746 0.263130
v 0.500000 -0.565746 -0.036870
v 0.500000 -0.565746 -0.136870
v 0.500000 -0.565745 -0.236870
v 0.500000 -0.565745 -0.436870
v 0.500000 -0.565745 -0.536870
v 0.500000 -0.565745 -0.636870
v 0.500000 -0.565745 -1.536870
v 0.500000 -0.465746 0.363130
v 0.500000 -0.465746 0.263130
v 0.500000 -0.465746 -0.036870
v 0.500000 -0.465745 -0.636870
v 0.500000 -0.465745 -1.536870
v 0.500000 -0.365746 0.363130
v 0.500000 -0.365746 0.263130
v 0.500000 -0.365746 -0.136870
v 0.500000 -0.365746 -0.236870
v 0.500000 -0.365745 -0.436870
v 0.500000 -0.365745 -0.536870
v 0.500000 -0.265746 2.463130
v 0.500000 -0.265746 1.363130
v 0.500000 -0.165746 3.163130
v 0.500000 -0.165746 3.063130
v 0.500000 -0.165746 2.563130
v 0.500000 -0.165746 2.463130
v 0.500000 -0.165746 1.363130
v 0.500000 -0.065746 3.063130
v 0.500000 -0.065746 2.963130
v 0.500000 0.034254 3.163130
v 0.500000 0.034254 2.963130
v 0.500000 0.034254 2.563130
v 0.500000 0.034254 2.463130
v 0.500000 0.034254 1.363130
v 0.500000 0.034254 1.263130
v 0.500000 0.134254 2.363130
v 0.500000 0.134254 2.163130
v 0.500000 0.134254 1.963130
v 0.500000 0.134254 1.763130
v 0.500000 0.134255 1.363130
v 0.500000 0.134255 1.263130
v 0.500000 0.234254 2.363130
v 0.500000 0.234254 2.163130
v 0.500000 0.234254 1.963130
v 0.500000 0.234254 1.763130
v 0.500000 0.234254 1.363130
v 0.500000 0.234254 1.263130
v 0.500000 0.234254 0.363130
v 0.500000 0.334254 1.263130
v 0.500000 0.334254 0.363130
v 0.500000 0.334254 0.263130
v 0.500000 0.334255 -1.236870
v 0.500000 0.334255 -1.836870
v 0.500000 0.434254 0.363130
v 0.500000 0.434254 0.263130
v 0.500000 0.434254 -0.136870
v 0.500000 0.434254 -0.236870
v 0.500000 0.434254 -0.336870
v 0.500000 0.434255 -1.236870
v 0.500000 0.434255 -1.836870
v 0.500000 0.534254 0.263130
v 0.500000 0.534254 -0.136870
v 0.500000 0.534254 -0.236870
v 0.500000 0.534254 -0.336870
v 0.500000 0.534254 -1.936870
v 0.500000 0.534254 -2.136870
v 0.500000 0.634255 -1.936870
v 0.500000 0.634255 -2.136870
v 0.600000 -0.465746 0.263130
v 0.600000 -0.465746 -0.036870
v 0.600000 -0.465745 -0.636870
v 0.600000 -0.465745 -1.636870
v 0.600000 -0.365746 1.363130
v 0.600000 -0.365746 0.563130
v 0.600000 -0.365746 0.263130
v 0.600000 -0.365745 -0.936870
v 0.600000 -0.365745 -1.636870
v 0.600000 -0.365745 -1.836870
v 0.600000 -0.365745 -2.036870
v 0.600000 -0.265746 0.263130
v 0.600000 -0.265746 0.163130
v 0.600000 -0.265746 -0.036870
v 0.600000 -0.265745 -0.636870
v 0.600000 -0.265745 -0.836870
v 0.600000 -0.265745 -0.936870
v 0.600000 -0.165746 2.463130
v 0.600000 -0.165746 2.363130
v 0.600000 -0.165746 1.563130
v 0.600000 -0.165746 1.363130
v 0.600000 -0.165746 0.963130
v 0.600000 -0.165746 0.563130
v 0.600000 -0.165746 0.163130
v 0.600000 -0.165746 -0.036870
v 0.600000 -0.165745 -0.636870
v 0.600000 -0.165745 -0.836870
v 0.600000 -0.165745 -1.836870
v 0.600000 -0.065745 -1.836870
v 0.600000 -0.065745 -2.036870
v 0.600000 0.034254 2.463130
v 0.600000 0.034254 2.363130
v 0.600000 0.034254 2.163130
v 0.600000 0.034254 1.963130
v 0.600000 0.034254 1.763130
v 0.600000 0.034254 1.563130
v 0.600000 0.034254 1.263130
v 0.600000 0.034254 1.163130
v 0.600000 0.034254 1.063130
v 0.600000 0.034254 0.963130
v 0.600000 0.034254 0.863130
v 0.600000 0.034254 0.763130
v 0.600000 0.034254 -1.936870
v 0.600000 0.034254 -2.036870
v 0.600000 0.134254 2.363130
v 0.600000 0.134254 2.163130
v 0.600000 0.134254 1.963130
v 0.600000 0.134254 1.763130
v 0.600000 0.134255 1.163130
v 0.600000 0.134255 1.063130
v 0.600000 0.134255 0.863130
v 0.600000 0.134255 0.763130
v 0.600000 0.134255 -1.836870
v 0.600000 0.134255 -1.936870
v 0.600000 0.234254 1.263130
v 0.600000 0.234254 0.763130
v 0.600000 0.234254 0.363130
v 0.600000 0.234254 0.263130
v 0.600000 0.234255 -1.236870
v 0.600000 0.234255 -1.836870
v 0.600000 0.234255 -2.036870
v 0.600000 0.334254 0.363130
v 0.600000 0.334254 0.263130
v 0.600000 0.334254 0.163130
v 0.600000 0.334255 -1.236870
v 0.600000 0.334255 -1.836870
v 0.600000 0.434254 0.263130
v 0.600000 0.434254 0.163130
v 0.600000 0.434254 -0.136870
v 0.600000 0.434254 -0.236870
v 0.600000 0.534254 -0.136870
v 0.600000 0.534254 -0.236870
v 0.700000 -0.365745 -1.636870
v 0.700000 -0.365745 -1.836870
v 0.700000 -0.265745 -1.636870
v 0.700000 -0.265745 -1.836870
v 0.700000 -0.165746 2.363130
v 0.700000 -0.165746 2.263130
v 0.700000 -0.165746 1.663130
v 0.700000 -0.165746 1.563130
v 0.700000 -0.165746 0.963130
v 0.700000 -0.165746 0.863130
v 0.700000 0.034254 2.363130
v 0.700000 0.034254 2.263130
v 0.700000 0.034254 1.663130
v 0.700000 0.034254 1.563130
v 0.700000 0.034254 0.963130
v 0.700000 0.034254 0.863130
v 0.700000 0.134255 0.763130
v 0.700000 0.134255 0.363130
v 0.700000 0.234254 0.763130
v 0.700000 0.234254 0.363130
v 0.700000 0.234254 0.263130
v 0.700000 0.234254 0.163130
v 0.700000 0.334254 0.263130
v 0.700000 0.334254 0.163130
v 0.700000 0.334254 0.063130
v 0.700000 0.434254 0.163130
v 0.700000 0.434254 0.063130
v 0.700000 0.434254 -0.236870
v 0.700000 0.434254 -0.336870
v 0.700000 0.534254 -0.236870
v 0.700000 0.534254 -0.336870
v 0.800000 -0.365746 0.563130
v 0.800000 -0.365746 0.463130
v 0.800000 -0.365745 -1.536870
v 0.800000 -0.365745 -1.636870
v 0.800000 -0.265746 0.563130
v 0.800000 -0.265746 0.463130
v 0.800000 -0.265745 -1.536870
v 0.800000 -0.265745 -1.636870
v 0.800000 -0.265745 -1.836870
v 0.800000 -0.165746 2.263130
v 0.800000 -0.165746 2.163130
v 0.800000 -0.165746 0.863130
v 0.800000 -0.165746 0.563130
v 0.800000 -0.165745 -1.636870
v 0.800000 -0.165745 -1.836870
v 0.800000 -0.065746 2.163130
v 0.800000 -0.065746 1.663130
v 0.800000 -0.065746 0.563130
v 0.800000 -0.065746 0.463130
v 0.800000 -0.065745 -1.636870
v 0.800000 -0.065745 -1.836870
v 0.800000 0.034254 2.263130
v 0.800000 0.034254 1.663130
v 0.800000 0.034254 0.863130
v 0.800000 0.034254 0.763130
v 0.800000 0.034254 0.563130
v 0.800000 0.034254 0.463130
v 0.800000 0.034254 0.363130
v 0.800000 0.034254 -1.836870
v 0.800000 0.034254 -1.936870
v 0.800000 0.134255 0.763130
v 0.800000 0.134255 0.363130
v 0.800000 0.134255 0.263130
v 0.800000 0.134255 -1.236870
v 0.800000 0.134255 -1.836870
v 0.800000 0.134255 -1.936870
v 0.800000 0.234254 0.363130
v 0.800000 0.234254 0.263130
v 0.800000 0.234254 0.163130
v 0.800000 0.234254 0.063130
v 0.800000 0.234255 -1.236870
v 0.800000 0.234255 -1.836870
v 0.800000 0.334254 0.163130
v 0.800000 0.334254 0.063130
v 0.800000 0.334254 -0.036870
v 0.800000 0.434254 0.063130
v 0.800000 0.434254 -0.036870
v 0.900000 -0.365746 0.463130
v 0.900000 -0.365746 0.263130
v 0.900000 -0.365746 -0.136870
v 0.900000 -0.365745 -0.536870
v 0.900000 -0.365745 -0.936870
v 0.900000 -0.365745 -1.536870
v 0.900000 -0.265746 2.163130
v 0.900000 -0.265746 2.063130
v 0.900000 -0.265746 0.463130
v 0.900000 -0.265746 0.263130
v 0.900000 -0.265746 0.163130
v 0.900000 -0.265746 -0.136870
v 0.900000 -0.265745 -0.536870
v 0.900000 -0.265745 -0.836870
v 0.900000 -0.265745 -0.936870
v 0.900000 -0.265745 -1.536870
v 0.900000 -0.265745 -1.636870
v 0.900000 -0.165746 2.063130
v 0.900000 -0.165746 1.663130
v 0.900000 -0.165746 0.263130
v 0.900000 -0.165746 0.163130
v 0.900000 -0.165745 -0.836870
v 0.900000 -0.165745 -0.936870
v 0.900000 -0.165745 -1.536870
v 0.900000 -0.165745 -1.636870
v 0.900000 -0.065746 2.163130
v 0.900000 -0.065746 1.663130
v 0.900000 -0.065745 -1.536870
v 0.900000 -0.065745 -1.636870
v 0.900000 0.034254 0.363130
v 0.900000 0.034254 0.263130
v 0.900000 0.034254 -1.236870
v 0.900000 0.034254 -1.836870
v 0.900000 0.134255 0.363130
v 0.900000 0.134255 0.263130
v 0.900000 0.134255 -0.036870
v 0.900000 0.134255 -0.836870
v 0.900000 0.134255 -1.236870
v 0.900000 0.134255 -1.836870
v 0.900000 0.234254 0.263130
v 0.900000 0.234254 0.063130
v 0.900000 0.234254 -0.036870
v 0.900000 0.234255 -0.836870
v 0.900000 0.234255 -1.236870
v 0.900000 0.334254 0.063130
v 0.900000 0.334254 -0.036870
v 0.900000 0.334255 -0.736870
v 0.900000 0.334255 -0.836870
v 0.900000 0.434254 -0.036870
v 0.900000 0.434255 -0.836870
v 1.000000 -0.265746 2.063130
v 1.000000 -0.265746 1.963130
v 1.000000 -0.265746 0.563130
v 1.000000 -0.265746 0.263130
v 1.000000 -0.265746 -0.036870
v 1.000000 -0.265745 -0.636870
v 1.000000 -0.265745 -0.936870
v 1.000000 -0.265745 -1.536870
v 1.000000 -0.165746 2.063130
v 1.000000 -0.165746 1.963130
v 1.000000 -0.165746 0.563130
v 1.000000 -0.165746 0.263130
v 1.000000 -0.165746 -0.036870
v 1.000000 -0.165745 -0.336870
v 1.000000 -0.165745 -0.436870
v 1.000000 -0.165745 -0.636870
v 1.000000 -0.165745 -0.936870
v 1.000000 -0.165745 -1.036870
v 1.000000 -0.165745 -1.536870
v 1.000000 -0.065745 -0.936870
v 1.000000 -0.065745 -1.036870
v 1.000000 -0.065745 -1.236870
v 1.000000 -0.065745 -1.536870
v 1.000000 0.034254 0.263130
v 1.000000 0.034254 -0.036870
v 1.000000 0.034254 -0.136870
v 1.000000 0.034254 -0.236870
v 1.000000 0.034254 -0.636870
v 1.000000 0.034254 -0.736870
v 1.000000 0.034254 -0.836870
v 1.000000 0.034254 -0.936870
v 1.000000 0.034254 -1.236870
v 1.000000 0.134255 0.263130
v 1.000000 0.134255 -0.036870
v 1.000000 0.134255 -0.136870
v 1.000000 0.134255 -0.236870
v 1.000000 0.134255 -0.636870
v 1.000000 0.134255 -0.736870
v 1.000000 0.134255 -0.836870
v 1.000000 0.134255 -1.236870
v 1.000000 0.234254 -0.036870
v 1.000000 0.234255 -0.736870
v 1.000000 0.234255 -0.836870
v 1.000000 0.334254 -0.036870
v 1.000000 0.334255 -0.736870
v 1.100000 -0.265746 1.363130
v 1.100000 -0.265746 1.263130
v 1.100000 -0.165746 1.363130
v 1.100000 -0.165746 1.263130
v 1.100000 -0.165746 0.563130
v 1.100000 -0.165746 0.463130
v 1.100000 -0.065746 0.563130
v 1.100000 -0.065746 0.463130
v 1.100000 -0.065746 0.363130
v 1.100000 -0.065745 -1.236870
v 1.100000 -0.065745 -1.336870
v 1.100000 0.034254 0.463130
v 1.100000 0.034254 0.363130
v 1.100000 0.034254 -1.236870
v 1.100000 0.034254 -1.336870
v 1.200000 -0.265746 1.463130
v 1.200000 -0.265746 1.363130
v 1.200000 -0.165746 1.463130
v 1.200000 -0.165746 1.363130
v 1.200000 -0.165745 -2.236870
v 1.200000 -0.165745 -2.536870
v 1.200000 -0.065745 -1.336870
v 1.200000 -0.065745 -1.536870
v 1.200000 -0.065745 -2.236870
v 1.200000 -0.065745 -2.536870
v 1.200000 -0.065745 -2.636870
v 1.200000 0.034254 -1.336870
v 1.200000 0.034254 -2.236870
v 1.200000 0.034255 -2.636870
v 1.300000 -0.265746 1.963130
v 1.300000 -0.265746 1.863130
v 1.300000 -0.265746 1.563130
v 1.300000 -0.265746 1.463130
v 1.300000 -0.165746 1.963130
v 1.300000 -0.165746 1.863130
v 1.300000 -0.165746 1.563130
v 1.300000 -0.165746 1.463130
v 1.300000 -0.165745 -1.536870
v 1.300000 -0.165745 -1.636870
v 1.300000 -0.065745 -1.536870
v 1.300000 -0.065745 -1.636870
v 1.300000 0.034254 -2.236870
v 1.300000 0.034255 -2.736870
v 1.300000 0.134255 -2.236870
v 1.300000 0.134255 -2.336870
v 1.300000 0.134255 -2.736870
v 1.300000 0.134255 -2.836870
v 1.300000 0.234255 -2.336870
v 1.300000 0.234255 -2.836870
v 1.400000 -0.265746 1.863130
v 1.400000 -0.265746 1.763130
v 1.400000 -0.265746 1.563130
v 1.400000 -0.265746 0.063130
v 1.400000 -0.265746 -0.036870
v 1.400000 -0.265745 -0.636870
v 1.400000 -0.265745 -0.736870
v 1.400000 -0.165746 1.863130
v 1.400000 -0.165746 1.563130
v 1.400000 -0.165746 0.063130
v 1.400000 -0.165746 -0.036870
v 1.400000 -0.165745 -0.636870
v 1.400000 -0.165745 -0.736870
v 1.400000 -0.165745 -1.636870
v 1.400000 -0.165745 -1.836870
v 1.400000 -0.165745 -2.336870
v 1.400000 -0.065745 -1.636870
v 1.400000 -0.065745 -2.336870
v 1.400000 0.034254 -0.136870
v 1.400000 0.034254 -0.236870
v 1.400000 0.134255 -0.136870
v 1.400000 0.134255 -0.236870
v 1.500000 -0.365746 1.763130
v 1.500000 -0.365746 1.563130
v 1.500000 -0.365746 1.263130
v 1.500000 -0.265746 1.763130
v 1.500000 -0.265746 1.263130
v 1.500000 -0.265746 -0.036870
v 1.500000 -0.265746 -0.236870
v 1.500000 -0.265745 -0.336870
v 1.500000 -0.265745 -0.636870
v 1.500000 -0.265745 -1.836870
v 1.500000 -0.265745 -1.936870
v 1.500000 -0.165746 -0.036870
v 1.500000 -0.165746 -0.236870
v 1.500000 -0.165745 -0.336870
v 1.500000 -0.165745 -0.636870
v 1.500000 -0.165745 -0.936870
v 1.500000 -0.165745 -1.036870
v 1.500000 -0.165745 -1.836870
v 1.500000 -0.165745 -1.936870
v 1.500000 -0.065745 -0.836870
v 1.500000 -0.065745 -0.936870
v 1.500000 -0.065745 -1.036870
v 1.500000 0.034254 -0.036870
v 1.500000 0.034254 -0.136870
v 1.500000 0.034254 -0.836870
v 1.500000 0.034254 -0.936870
v 1.500000 0.134255 -0.036870
v 1.500000 0.134255 -0.136870
v 1.600000 -0.465746 1.563130
v 1.600000 -0.465746 1.063130
v 1.600000 -0.365746 1.563130
v 1.600000 -0.365746 1.063130
v 1.600000 -0.265745 -1.936870
v 1.600000 -0.265745 -2.036870
v 1.600000 -0.265745 -2.636870
v 1.600000 -0.165745 -0.836870
v 1.600000 -0.165745 -0.936870
v 1.600000 -0.165745 -1.936870
v 1.600000 -0.165745 -2.636870
v 1.600000 -0.065745 -0.736870
v 1.600000 -0.065745 -0.836870
v 1.600000 -0.065745 -0.936870
v 1.600000 0.034254 0.363130
v 1.600000 0.034254 -0.036870
v 1.600000 0.034254 -0.536870
v 1.600000 0.034254 -0.636870
v 1.600000 0.034254 -0.736870
v 1.600000 0.034254 -0.836870
v 1.600000 0.134255 0.363130
v 1.600000 0.134255 -0.036870
v 1.600000 0.134255 -0.536870
v 1.600000 0.134255 -0.636870
v 1.600000 0.134255 -0.736870
v 1.700000 -0.365745 -2.036870
v 1.700000 -0.365745 -2.136870
v 1.700000 -0.265745 -2.036870
v 1.700000 -0.265745 -2.136870
v 1.800000 -0.365745 -2.136870
v 1.800000 -0.365745 -2.236870
v 1.800000 -0.365745 -2.336870
v 1.800000 -0.265745 -2.136870
v 1.800000 -0.265745 -2.336870
v 1.800000 0.034254 -0.436870
v 1.800000 0.034254 -0.536870
v 1.800000 0.134255 -0.436869
v 1.800000 0.134255 -0.536870
v 1.900000 -0.465745 -2.236870
v 1.900000 -0.465745 -2.436870
v 1.900000 -0.465745 -2.836870
v 1.900000 -0.365745 -2.236870
v 1.900000 -0.365745 -2.336870
v 1.900000 -0.265745 -2.336870
v 1.900000 -0.265745 -2.436870
v 1.900000 -0.265745 -2.836870
v 1.900000 -0.165745 -0.736870
v 1.900000 -0.165745 -0.836870
v 1.900000 -0.065745 -0.636870
v 1.900000 -0.065745 -0.736870
v 1.900000 -0.065745 -0.836870
v 1.900000 0.034254 -0.336870
v 1.900000 0.034254 -0.436870
v 1.900000 0.034254 -0.636870
v 1.900000 0.034254 -0.736870
v 1.900000 0.134255 -0.336870
v 1.900000 0.134255 -0.436869
v 2.000000 -0.665745 -2.536870
v 2.000000 -0.665745 -3.036870
v 2.000000 -0.565745 -2.436870
v 2.000000 -0.565745 -2.536870
v 2.000000 -0.565745 -2.936870
v 2.000000 -0.565745 -3.036870
v 2.000000 -0.465745 -2.436870
v 2.000000 -0.465745 -2.936870
v 2.000000 -0.265746 0.063130
v 2.000000 -0.265746 -0.036870
v 2.000000 -0.265746 -0.136870
v 2.000000 -0.265746 -0.236870
v 2.000000 -0.265745 -0.336870
v 2.000000 -0.265745 -2.436870
v 2.000000 -0.265745 -2.936870
v 2.000000 -0.165746 0.063130
v 2.000000 -0.165746 -0.036870
v 2.000000 -0.165746 -0.136870
v 2.000000 -0.165746 -0.236870
v 2.000000 -0.165745 -0.336870
v 2.000000 -0.165745 -0.636870
v 2.000000 -0.165745 -0.736870
v 2.000000 -0.165745 -2.436870
v 2.000000 -0.165745 -2.536870
v 2.000000 -0.165745 -2.936870
v 2.000000 -0.165745 -3.036870
v 2.000000 -0.065745 -0.536870
v 2.000000 -0.065745 -0.636870
v 2.000000 -0.065745 -0.736870
v 2.000000 -0.065745 -2.536870
v 2.000000 -0.065745 -3.036870
v 2.000000 0.034254 -0.536870
v 2.000000 0.034254 -0.636870
v 2.300000 -0.265746 0.763130
v 2.300000 -0.265746 0.663130
v 2.300000 -0.265745 -0.536870
v 2.300000 -0.265745 -0.636870
v 2.300000 0.434255 -0.636870
v 2.300000 0.434255 -0.836870
v 2.300000 0.534254 0.763130
v 2.300000 0.534254 0.663130
v 2.300000 0.534254 -0.536870
v 2.300000 0.534254 -0.836870
v 2.400000 -0.165746 0.663130
v 2.400000 -0.165746 0.563130
v 2.400000 0.434254 0.663130
v 2.400000 0.434254 0.563130
v 2.600000 -0.765746 0.063130
v 2.600000 -0.765745 -0.436870
v 2.600000 -0.665746 0.163130
v 2.600000 -0.665746 0.063130
v 2.600000 -0.665745 -0.336870
v 2.600000 -0.665745 -0.436870
v 2.600000 -0.565746 0.263130
v 2.600000 -0.565746 0.163130
v 2.600000 -0.565745 -0.236870
v 2.600000 -0.565745 -0.336870
v 2.600000 -0.465746 0.363130
v 2.600000 -0.465746 0.263130
v 2.600000 -0.465746 -0.036870
v 2.600000 -0.465746 -0.136870
v 2.600000 -0.465746 -0.236870
v 2.600000 -0.365746 0.363130
v 2.600000 -0.365746 -0.036870
v 2.600000 0.634255 0.363130
v 2.600000 0.634255 0.263130
v 2.600000 0.634255 0.163130
v 2.600000 0.634255 0.063130
v 2.600000 0.634255 -0.036870
v 2.600000 0.634255 -0.136870
v 2.600000 0.734254 0.363130
v 2.600000 0.734254 0.263130
v 2.600000 0.734254 0.163130
v 2.600000 0.734254 0.063130
v 2.600000 0.734254 -0.036870
v 2.600000 0.734254 -0.136870
v 2.600000 0.734254 -0.236870
v 2.600000 0.834254 0.263130
v 2.600000 0.834254 0.163130
v 2.600000 0.834255 -0.236870
v 2.600000 0.834255 -0.336870
v 2.600000 0.934254 0.163130
v 2.600000 0.934254 0.063130
v 2.600000 0.934254 -0.336870
v 2.600000 0.934254 -0.436869
v 2.600000 1.034254 0.063130
v 2.600000 1.034255 -0.436869
v 2.700000 -0.465746 0.463130
v 2.700000 -0.465746 0.363130
v 2.700000 -0.465746 -0.036870
v 2.700000 -0.465746 -0.136870
v 2.700000 -0.365746 0.763130
v 2.700000 -0.365746 0.463130
v 2.700000 -0.365746 0.363130
v 2.700000 -0.365746 -0.036870
v 2.700000 -0.365746 -0.136870
v 2.700000 -0.365745 -0.636870
v 2.700000 -0.265746 0.763130
v 2.700000 -0.265746 0.463130
v 2.700000 -0.265746 0.363130
v 2.700000 -0.265746 -0.036870
v 2.700000 -0.265746 -0.136870
v 2.700000 -0.265745 -0.636870
v 2.700000 0.534254 0.763130
v 2.700000 0.534254 -0.836870
v 2.700000 0.634255 0.763130
v 2.700000 0.634255 0.263130
v 2.700000 0.634255 0.163130
v 2.700000 0.634255 0.063130
v 2.700000 0.634255 -0.036870
v 2.700000 0.634255 -0.836870
v 2.700000 0.734254 0.263130
v 2.700000 0.734254 0.163130
v 2.700000 0.734254 0.063130
v 2.700000 0.734254 -0.036870
v 2.800000 -0.365746 0.463130
v 2.800000 -0.365746 0.363130
v 2.800000 -0.365746 -0.036870
v 2.800000 -0.365746 -0.136870
v 2.800000 -0.265746 0.763130
v 2.800000 -0.265746 0.463130
v 2.800000 -0.265746 0.363130
v 2.800000 -0.265746 -0.036870
v 2.800000 -0.265746 -0.136870
v 2.800000 -0.265745 -0.636870
v 2.800000 0.034254 0.763130
v 2.800000 0.034254 0.463130
v 2.800000 0.034254 0.363130
v 2.800000 0.034254 -0.036870
v 2.800000 0.034254 -0.136870
v 2.800000 0.034254 -0.436870
v 2.800000 0.134255 -0.336870
v 2.800000 0.134255 -0.436869
v 2.800000 0.234254 0.763130
v 2.800000 0.234254 0.663130
v 2.800000 0.234254 0.563130
v 2.800000 0.234254 0.463130
v 2.800000 0.234254 0.363130
v 2.800000 0.234254 -0.036870
v 2.800000 0.234254 -0.136870
v 2.800000 0.234254 -0.336870
v 2.800000 0.334254 0.663130
v 2.800000 0.334254 0.563130
v 2.800000 0.334254 0.463130
v 2.800000 0.334254 0.363130
v 2.800000 0.334254 -0.036870
v 2.800000 0.334254 -0.136870
v 2.800000 0.434255 -0.636870
v 2.800000 0.434255 -0.836870
v 2.800000 0.534254 0.763130
v 2.800000 0.534254 -0.836870
v 2.900000 -0.265746 0.463130
v 2.900000 -0.265746 0.363130
v 2.900000 -0.265746 -0.036870
v 2.900000 -0.265746 -0.136870
v 2.900000 -0.065746 0.463130
v 2.900000 -0.065746 0.363130
v 2.900000 -0.065746 -0.036870
v 2.900000 -0.065746 -0.136870
v 2.900000 0.234254 0.663130
v 2.900000 0.234254 0.563130
v 2.900000 0.334254 0.663130
v 2.900000 0.334254 0.563130
v 3.000000 -0.065746 0.463130
v 3.000000 -0.065746 0.363130
v 3.000000 -0.065746 -0.036870
v 3.000000 -0.065746 -0.136870
v 3.000000 0.034254 0.463130
v 3.000000 0.034254 0.363130
v 3.000000 0.034254 -0.036870
v 3.000000 0.034254 -0.136870
v 3.000000 0.234254 0.463130
v 3.000000 0.234254 0.363130
v 3.000000 0.234254 -0.036870
v 3.000000 0.234254 -0.136870
v 3.000000 0.334254 0.463130
v 3.000000 0.334254 0.363130
v 3.000000 0.334254 -0.036870
v 3.000000 0.334254 -0.136870
v 3.100000 0.034254 -0.336870
v 3.100000 0.034254 -0.436870
v 3.100000 0.134255 -0.236870
v 3.100000 0.134255 -0.336870
v 3.100000 0.134255 -0.436869
v 3.100000 0.234254 0.363130
v 3.100000 0.234254 0.263130
v 3.100000 0.234254 0.063130
v 3.100000 0.234254 -0.036870
v 3.100000 0.234254 -0.236870
v 3.100000 0.234254 -0.336870
v 3.100000 0.334254 0.363130
v 3.100000 0.334254 0.263130
v 3.100000 0.334254 0.063130
v 3.100000 0.334254 -0.036870
v 3.200000 0.034254 0.963130
v 3.200000 0.034254 0.863130
v 3.200000 0.034254 -0.236870
v 3.200000 0.034254 -0.336870
v 3.200000 0.134255 0.963130
v 3.200000 0.134255 0.863130
v 3.200000 0.134255 0.763130
v 3.200000 0.134255 -0.136870
v 3.200000 0.134255 -0.236870
v 3.200000 0.134255 -0.336870
v 3.200000 0.234254 0.863130
v 3.200000 0.234254 0.763130
v 3.200000 0.234254 -0.136870
v 3.200000 0.234254 -0.236870
v 3.500000 0.034254 -0.136870
v 3.500000 0.034254 -0.236870
v 3.500000 0.134255 -0.036870
v 3.500000 0.134255 -0.136870
v 3.500000 0.134255 -0.236870
v 3.500000 0.234254 -0.036870
v 3.500000 0.234254 -0.136870
v 3.600000 0.034254 0.963130
v 3.600000 0.034254 -0.136870
v 3.600000 0.134255 0.963130
v 3.600000 0.134255 -0.036870
v 3.600000 0.134255 -0.136870
v 3.800000 0.134255 1.163130
v 3.800000 0.134255 -0.036870
v 3.800000 0.234254 1.163130
v 3.800000 0.234254 -0.036870
v 3.900000 0.234254 1.163130
v 3.900000 0.234254 -0.036870
v 3.900000 0.334254 1.163130
v 3.900000 0.334254 1.063130
v 3.900000 0.434254 1.063130
v 3.900000 0.434254 0.963130
v 3.900000 0.434254 -0.036870
v 4.000000 0.434254 0.963130
v 4.000000 0.434254 -0.136870
v 4.000000 0.534254 0.963130
v 4.000000 0.534254 0.863130
v 4.000000 0.534254 -0.136870
v 4.000000 0.534254 -0.236870
v 4.000000 0.634255 0.863130
v 4.000000 0.634255 -0.236870
v -0.200000 -0.165746 3.763130
v -0.200000 0.234254 3.763130
v -0.100000 -0.165746 3.763130
v -0.100000 -0.065746 3.763130
v -0.100000 0.134254 3.763130
v -0.100000 0.234254 3.763130
v 0.100000 -0.165746 3.763130
v 0.100000 -0.065746 3.763130
v 0.100000 0.134254 3.763130
v 0.100000 0.234254 3.763130
v 0.200000 -0.165746 3.763130
v 0.200000 0.234254 3.763130
v -0.300000 -0.165746 3.663130
v -0.300000 0.234254 3.663130
v -0.200000 -0.265746 3.663130
v -0.200000 -0.165746 3.663130
v -0.200000 0.234254 3.663130
v -0.100000 -0.165746 3.663130
v 0.100000 -0.165746 3.663130
v 0.200000 -0.265746 3.663130
v 0.200000 -0.165746 3.663130
v 0.200000 0.234254 3.663130
v 0.300000 -0.165746 3.663130
v 0.300000 0.234254 3.663130
v -0.400000 -0.165746 3.563130
v -0.400000 0.234254 3.563130
v -0.300000 -0.265746 3.563130
v -0.300000 -0.165746 3.563130
v -0.300000 0.234254 3.563130
v -0.200000 -0.365746 3.563130
v -0.200000 -0.265746 3.563130
v -0.200000 -0.165746 3.563130
v -0.200000 0.234254 3.563130
v -0.200000 0.334254 3.563130
v -0.100000 0.234254 3.563130
v 0.100000 0.234254 3.563130
v 0.200000 -0.365746 3.563130
v 0.200000 -0.265746 3.563130
v 0.200000 -0.165746 3.563130
v 0.200000 0.234254 3.563130
v 0.200000 0.334254 3.563130
v 0.300000 -0.265746 3.563130
v 0.300000 -0.165746 3.563130
v 0.300000 0.234254 3.563130
v 0.400000 -0.165746 3.563130
v 0.400000 0.234254 3.563130
v -0.200000 0.334254 3.463130
v -0.200000 0.434254 3.463130
v 0.200000 0.334254 3.463130
v 0.200000 0.434254 3.463130
v -0.300000 0.234254 3.363130
v -0.300000 0.334254 3.363130
v -0.200000 0.234254 3.363130
v -0.200000 0.334254 3.363130
v 0.200000 0.234254 3.363130
v 0.200000 0.334254 3.363130
v 0.300000 0.234254 3.363130
v 0.300000 0.334254 3.363130
v -0.500000 -0.165746 3.163130
v -0.500000 0.034254 3.163130
v -0.400000 -0.265746 3.163130
v -0.400000 -0.165746 3.163130
v -0.400000 0.034254 3.163130
v -0.300000 -0.365746 3.163130
v -0.300000 -0.265746 3.163130
v -0.300000 -0.165746 3.163130
v -0.200000 -1.065746 3.163130
v -0.200000 -0.965746 3.163130
v -0.200000 -0.465746 3.163130
v -0.200000 -0.365746 3.163130
v -0.200000 -0.265746 3.163130
v -0.100000 -1.165746 3.163130
v -0.100000 -1.065746 3.163130
v -0.100000 -0.965746 3.163130
v -0.100000 -0.865746 3.163130
v 0.100000 -1.165746 3.163130
v 0.100000 -1.065746 3.163130
v 0.100000 -0.965746 3.163130
v 0.100000 -0.865746 3.163130
v 0.200000 -1.065746 3.163130
v 0.200000 -0.965746 3.163130
v 0.200000 -0.465746 3.163130
v 0.200000 -0.365746 3.163130
v 0.200000 -0.265746 3.163130
v 0.300000 -0.365746 3.163130
v 0.300000 -0.265746 3.163130
v 0.300000 -0.165746 3.163130
v 0.400000 -0.265746 3.163130
v 0.400000 -0.165746 3.163130
v 0.400000 0.034254 3.163130
v 0.500000 -0.165746 3.163130
v 0.500000 0.034254 3.163130
v -0.100000 -1.065746 3.063130
v -0.100000 -0.965746 3.063130
v 0.100000 -1.065746 3.063130
v 0.100000 -0.965746 3.063130
v -0.100000 -0.865746 2.763130
v -0.100000 -0.765746 2.763130
v 0.100000 -0.865746 2.763130
v 0.100000 -0.765746 2.763130
v -0.500000 -0.165746 2.563130
v -0.500000 0.034254 2.563130
v -0.400000 -0.365746 2.563130
v -0.400000 -0.165746 2.563130
v -0.400000 0.034254 2.563130
v -0.300000 -0.265746 2.563130
v -0.300000 -0.165746 2.563130
v -0.200000 -0.365746 2.563130
v -0.200000 -0.265746 2.563130
v -0.100000 -0.765746 2.563130
v -0.100000 -0.365746 2.563130
v 0.100000 -0.765746 2.563130
v 0.100000 -0.365746 2.563130
v 0.200000 -0.365746 2.563130
v 0.200000 -0.265746 2.563130
v 0.300000 -0.265746 2.563130
v 0.300000 -0.165746 2.563130
v 0.400000 -0.365746 2.563130
v 0.400000 -0.165746 2.563130
v 0.400000 0.034254 2.563130
v 0.500000 -0.165746 2.563130
v 0.500000 0.034254 2.563130
v -0.600000 -0.165746 2.463130
v -0.600000 0.034254 2.463130
v -0.500000 -0.265746 2.463130
v -0.500000 -0.165746 2.463130
v -0.500000 0.034254 2.463130
v -0.400000 -0.265746 2.463130
v -0.400000 -0.165746 2.463130
v -0.200000 -0.465746 2.463130
v -0.200000 -0.365746 2.463130
v -0.100000 -0.965746 2.463130
v -0.100000 -0.865746 2.463130
v -0.100000 -0.465746 2.463130
v -0.100000 -0.365746 2.463130
v 0.100000 -0.965746 2.463130
v 0.100000 -0.865746 2.463130
v 0.100000 -0.465746 2.463130
v 0.100000 -0.365746 2.463130
v 0.200000 -0.465746 2.463130
v 0.200000 -0.365746 2.463130
v 0.400000 -0.265746 2.463130
v 0.400000 -0.165746 2.463130
v 0.500000 -0.265746 2.463130
v 0.500000 -0.165746 2.463130
v 0.500000 0.034254 2.463130
v 0.600000 -0.165746 2.463130
v 0.600000 0.034254 2.463130
v -0.700000 -0.165746 2.363130
v -0.700000 0.034254 2.363130
v -0.600000 -0.165746 2.363130
v -0.600000 0.034254 2.363130
v -0.600000 0.134254 2.363130
v -0.500000 0.134254 2.363130
v -0.500000 0.234254 2.363130
v -0.300000 0.034254 2.363130
v -0.300000 0.234254 2.363130
v -0.300000 0.334254 2.363130
v -0.200000 0.234254 2.363130
v -0.200000 0.334254 2.363130
v -0.200000 0.434254 2.363130
v 0.200000 0.234254 2.363130
v 0.200000 0.334254 2.363130
v 0.200000 0.434254 2.363130
v 0.300000 0.034254 2.363130
v 0.300000 0.234254 2.363130
v 0.300000 0.334254 2.363130
v 0.500000 0.134254 2.363130
v 0.500000 0.234254 2.363130
v 0.600000 -0.165746 2.363130
v 0.600000 0.034254 2.363130
v 0.600000 0.134254 2.363130
v 0.700000 -0.165746 2.363130
v 0.700000 0.034254 2.363130
v -0.800000 -0.165746 2.263130
v -0.800000 0.034254 2.263130
v -0.700000 -0.165746 2.263130
v -0.700000 0.034254 2.263130
v -0.200000 -0.465746 2.263130
v -0.200000 -0.365746 2.263130
v -0.100000 -0.465746 2.263130
v -0.100000 -0.365746 2.263130
v -0.100000 0.434254 2.263130
v -0.100000 0.534254 2.263130
v 0.100000 -0.465746 2.263130
v 0.100000 -0.365746 2.263130
v 0.100000 0.434254 2.263130
v 0.100000 0.534254 2.263130
v 0.200000 -0.465746 2.263130
v 0.200000 -0.365746 2.263130
v 0.700000 -0.165746 2.263130
v 0.700000 0.034254 2.263130
v 0.800000 -0.165746 2.263130
v 0.800000 0.034254 2.263130
v -0.900000 -0.265746 2.163130
v -0.900000 -0.065746 2.163130
v -0.800000 -0.165746 2.163130
v -0.800000 -0.065746 2.163130
v -0.700000 -0.265746 2.163130
v -0.700000 -0.165746 2.163130
v -0.300000 0.334254 2.163130
v -0.300000 0.434254 2.163130
v -0.200000 0.334254 2.163130
v -0.200000 0.434254 2.163130
v -0.200000 0.534254 2.163130
v -0.100000 0.434254 2.163130
v -0.100000 0.534254 2.163130
v 0.100000 0.434254 2.163130
v 0.100000 0.534254 2.163130
v 0.200000 0.334254 2.163130
v 0.200000 0.434254 2.163130
v 0.200000 0.534254 2.163130
v 0.300000 0.334254 2.163130
v 0.300000 0.434254 2.163130
v 0.700000 -0.265746 2.163130
v 0.700000 -0.165746 2.163130
v 0.800000 -0.165746 2.163130
v 0.800000 -0.065746 2.163130
v 0.900000 -0.265746 2.163130
v 0.900000 -0.065746 2.163130
v -1.000000 -0.265746 2.063130
v -1.000000 -0.165746 2.063130
v -0.900000 -0.265746 2.063130
v -0.900000 -0.165746 2.063130
v 0.900000 -0.265746 2.063130
v 0.900000 -0.165746 2.063130
v 1.000000 -0.265746 2.063130
v 1.000000 -0.165746 2.063130
v -1.300000 -0.265746 1.963130
v -1.300000 -0.165746 1.963130
v -1.000000 -0.265746 1.963130
v -1.000000 -0.165746 1.963130
v -0.600000 0.034254 1.963130
v -0.600000 0.134254 1.963130
v -0.500000 0.134254 1.963130
v -0.500000 0.234254 1.963130
v -0.400000 0.034254 1.963130
v -0.400000 0.134254 1.963130
v -0.400000 0.234254 1.963130
v 0.400000 0.034254 1.963130
v 0.400000 0.134254 1.963130
v 0.400000 0.234254 1.963130
v 0.500000 0.134254 1.963130
v 0.500000 0.234254 1.963130
v 0.600000 0.034254 1.963130
v 0.600000 0.134254 1.963130
v 1.000000 -0.265746 1.963130
v 1.000000 -0.165746 1.963130
v 1.300000 -0.265746 1.963130
v 1.300000 -0.165746 1.963130
v -1.400000 -0.265746 1.863130
v -1.400000 -0.165746 1.863130
v -1.300000 -0.265746 1.863130
v -1.300000 -0.165746 1.863130
v -0.100000 -0.465746 1.863130
v -0.100000 -0.365746 1.863130
v 0.100000 -0.465746 1.863130
v 0.100000 -0.365746 1.863130
v 1.300000 -0.265746 1.863130
v 1.300000 -0.165746 1.863130
v 1.400000 -0.265746 1.863130
v 1.400000 -0.165746 1.863130
v -1.500000 -0.365746 1.763130
v -1.500000 -0.265746 1.763130
v -1.400000 -0.265746 1.763130
v -1.300000 -0.365746 1.763130
v -1.300000 -0.265746 1.763130
v 1.300000 -0.365746 1.763130
v 1.300000 -0.265746 1.763130
v 1.400000 -0.265746 1.763130
v 1.500000 -0.365746 1.763130
v 1.500000 -0.265746 1.763130
v -1.600000 -0.465746 1.563130
v -1.600000 -0.365746 1.563130
v -1.500000 -0.465746 1.563130
v -1.500000 -0.365746 1.563130
v 1.500000 -0.465746 1.563130
v 1.500000 -0.365746 1.563130
v 1.600000 -0.465746 1.563130
v 1.600000 -0.365746 1.563130
v -0.600000 -0.365746 1.363130
v -0.600000 -0.165746 1.363130
v -0.500000 -0.265746 1.363130
v -0.500000 -0.165746 1.363130
v -0.500000 0.034254 1.363130
v -0.500000 0.134255 1.363130
v -0.500000 0.234254 1.363130
v -0.400000 -0.365746 1.363130
v -0.400000 -0.265746 1.363130
v -0.400000 0.034254 1.363130
v -0.400000 0.134255 1.363130
v -0.400000 0.234254 1.363130
v -0.400000 0.434254 1.363130
v -0.300000 0.234254 1.363130
v -0.300000 0.334254 1.363130
v -0.200000 0.334254 1.363130
v -0.200000 0.434254 1.363130
v 0.200000 0.334254 1.363130
v 0.200000 0.434254 1.363130
v 0.300000 0.234254 1.363130
v 0.300000 0.334254 1.363130
v 0.400000 -0.365746 1.363130
v 0.400000 -0.265746 1.363130
v 0.400000 0.034254 1.363130
v 0.400000 0.134255 1.363130
v 0.400000 0.234254 1.363130
v 0.400000 0.434254 1.363130
v 0.500000 -0.265746 1.363130
v 0.500000 -0.165746 1.363130
v 0.500000 0.034254 1.363130
v 0.500000 0.134255 1.363130
v 0.500000 0.234254 1.363130
v 0.600000 -0.365746 1.363130
v 0.600000 -0.165746 1.363130
v -0.600000 0.034254 1.263130
v -0.600000 0.234254 1.263130
v -0.500000 0.034254 1.263130
v -0.500000 0.134255 1.263130
v -0.500000 0.234254 1.263130
v -0.500000 0.334254 1.263130
v -0.400000 0.234254 1.263130
v -0.400000 0.334254 1.263130
v 0.400000 0.234254 1.263130
v 0.400000 0.334254 1.263130
v 0.500000 0.034254 1.263130
v 0.500000 0.134255 1.263130
v 0.500000 0.234254 1.263130
v 0.500000 0.334254 1.263130
v 0.600000 0.034254 1.263130
v 0.600000 0.234254 1.263130
v -3.900000 0.234254 1.163130
v -3.900000 0.334254 1.163130
v -3.800000 0.134255 1.163130
v -3.800000 0.234254 1.163130
v -3.800000 0.334254 1.163130
v -3.700000 0.134255 1.163130
v -3.700000 0.234254 1.163130
v 3.700000 0.134255 1.163130
v 3.700000 0.234254 1.163130
v 3.800000 0.134255 1.163130
v 3.800000 0.234254 1.163130
v 3.800000 0.334254 1.163130
v 3.900000 0.234254 1.163130
v 3.900000 0.334254 1.163130
v -3.900000 0.334254 1.063130
v -3.900000 0.434254 1.063130
v -3.800000 0.234254 1.063130
v -3.800000 0.334254 1.063130
v -3.800000 0.434254 1.063130
v -3.700000 0.134255 1.063130
v -3.700000 0.234254 1.063130
v -3.700000 0.334254 1.063130
v -3.600000 0.134255 1.063130
v -3.600000 0.234254 1.063130
v -0.100000 0.434254 1.063130
v -0.100000 0.534254 1.063130
v 0.100000 0.434254 1.063130
v 0.100000 0.534254 1.063130
v 3.600000 0.134255 1.063130
v 3.600000 0.234254 1.063130
v 3.700000 0.134255 1.063130
v 3.700000 0.234254 1.063130
v 3.700000 0.334254 1.063130
v 3.800000 0.234254 1.063130
v 3.800000 0.334254 1.063130
v 3.800000 0.434254 1.063130
v 3.900000 0.334254 1.063130
v 3.900000 0.434254 1.063130
v -4.000000 0.434254 0.963130
v -4.000000 0.534254 0.963130
v -3.900000 0.434254 0.963130
v -3.900000 0.534254 0.963130
v -3.700000 0.234254 0.963130
v -3.700000 0.334254 0.963130
v -3.600000 0.034254 0.963130
v -3.600000 0.134255 0.963130
v -3.600000 0.234254 0.963130
v -3.600000 0.334254 0.963130
v -3.300000 0.034254 0.963130
v -3.300000 0.134255 0.963130
v -3.200000 0.034254 0.963130
v -3.200000 0.134255 0.963130
v -2.800000 0.034254 0.963130
v -2.800000 0.134255 0.963130
v -0.700000 -0.165746 0.963130
v -0.700000 0.034254 0.963130
v -0.600000 -0.165746 0.963130
v -0.600000 0.034254 0.963130
v -0.200000 0.334254 0.963130
v -0.200000 0.434254 0.963130
v -0.200000 0.534254 0.963130
v -0.200000 0.634255 0.963130
v -0.100000 0.334254 0.963130
v -0.100000 0.434254 0.963130
v -0.100000 0.534254 0.963130
v 0.100000 0.334254 0.963130
v 0.100000 0.434254 0.963130
v 0.100000 0.534254 0.963130
v 0.200000 0.334254 0.963130
v 0.200000 0.434254 0.963130
v 0.200000 0.534254 0.963130
v 0.200000 0.634255 0.963130
v 0.600000 -0.165746 0.963130
v 0.600000 0.034254 0.963130
v 0.700000 -0.165746 0.963130
v 0.700000 0.034254 0.963130
v 2.800000 0.034254 0.963130
v 2.800000 0.134255 0.963130
v 3.200000 0.034254 0.963130
v 3.200000 0.134255 0.963130
v 3.300000 0.034254 0.963130
v 3.300000 0.134255 0.963130
v 3.600000 0.034254 0.963130
v 3.600000 0.134255 0.963130
v 3.600000 0.234254 0.963130
v 3.600000 0.334254 0.963130
v 3.700000 0.234254 0.963130
v 3.700000 0.334254 0.963130
v 3.900000 0.434254 0.963130
v 3.900000 0.534254 0.963130
v 4.000000 0.434254 0.963130
v 4.000000 0.534254 0.963130
v -4.000000 0.534254 0.863130
v -4.000000 0.634255 0.863130
v -3.900000 0.534254 0.863130
v -3.900000 0.634255 0.863130
v -3.600000 0.134255 0.863130
v -3.600000 0.234254 0.863130
v -3.300000 0.034254 0.863130
v -3.300000 0.134255 0.863130
v -3.300000 0.234254 0.863130
v -3.200000 0.034254 0.863130
v -3.200000 0.134255 0.863130
v -3.200000 0.234254 0.863130
v -2.800000 0.134255 0.863130
v -2.800000 0.234254 0.863130
v -0.800000 -0.165746 0.863130
v -0.800000 0.034254 0.863130
v -0.700000 -0.165746 0.863130
v -0.700000 0.034254 0.863130
v -0.300000 0.434254 0.863130
v -0.300000 0.534254 0.863130
v -0.200000 0.434254 0.863130
v -0.200000 0.534254 0.863130
v 0.200000 0.434254 0.863130
v 0.200000 0.534254 0.863130
v 0.300000 0.434254 0.863130
v 0.300000 0.534254 0.863130
v 0.700000 -0.165746 0.863130
v 0.700000 0.034254 0.863130
v 0.800000 -0.165746 0.863130
v 0.800000 0.034254 0.863130
v 2.800000 0.134255 0.863130
v 2.800000 0.234254 0.863130
v 3.200000 0.034254 0.863130
v 3.200000 0.134255 0.863130
v 3.200000 0.234254 0.863130
v 3.300000 0.034254 0.863130
v 3.300000 0.134255 0.863130
v 3.300000 0.234254 0.863130
v 3.600000 0.134255 0.863130
v 3.600000 0.234254 0.863130
v 3.900000 0.534254 0.863130
v 3.900000 0.634255 0.863130
v 4.000000 0.534254 0.863130
v 4.000000 0.634255 0.863130
v -3.800000 0.334254 0.763130
v -3.800000 0.434254 0.763130
v -3.700000 0.334254 0.763130
v -3.700000 0.434254 0.763130
v -3.300000 0.134255 0.763130
v -3.300000 0.234254 0.763130
v -3.200000 0.134255 0.763130
v -3.200000 0.234254 0.763130
v -2.800000 -0.265746 0.763130
v -2.800000 0.034254 0.763130
v -2.800000 0.234254 0.763130
v -2.800000 0.534254 0.763130
v -2.700000 -0.365746 0.763130
v -2.700000 -0.265746 0.763130
v -2.700000 0.534254 0.763130
v -2.700000 0.634255 0.763130
v -2.300000 -0.365746 0.763130
v -2.300000 -0.265746 0.763130
v -2.300000 0.534254 0.763130
v -2.300000 0.634255 0.763130
v -2.200000 -0.265746 0.763130
v -2.200000 -0.165746 0.763130
v -2.200000 -0.065746 0.763130
v -2.200000 0.534254 0.763130
v -1.600000 -0.165746 0.763130
v -1.600000 -0.065746 0.763130
v -0.800000 0.034254 0.763130
v -0.800000 0.134255 0.763130
v -0.700000 0.134255 0.763130
v -0.700000 0.234254 0.763130
v -0.600000 0.034254 0.763130
v -0.600000 0.134255 0.763130
v -0.600000 0.234254 0.763130
v -0.200000 -0.365746 0.763130
v -0.200000 -0.165746 0.763130
v -0.200000 0.634255 0.763130
v -0.200000 0.734254 0.763130
v -0.100000 0.634255 0.763130
v -0.100000 0.734254 0.763130
v 0.100000 0.634255 0.763130
v 0.100000 0.734254 0.763130
v 0.200000 -0.365746 0.763130
v 0.200000 -0.165746 0.763130
v 0.200000 0.634255 0.763130
v 0.200000 0.734254 0.763130
v 0.600000 0.034254 0.763130
v 0.600000 0.134255 0.763130
v 0.600000 0.234254 0.763130
v 0.700000 0.134255 0.763130
v 0.700000 0.234254 0.763130
v 0.800000 0.034254 0.763130
v 0.800000 0.134255 0.763130
v 1.600000 -0.165746 0.763130
v 1.600000 -0.065746 0.763130
v 2.200000 -0.265746 0.763130
v 2.200000 -0.165746 0.763130
v 2.200000 -0.065746 0.763130
v 2.200000 0.534254 0.763130
v 2.300000 -0.365746 0.763130
v 2.300000 -0.265746 0.763130
v 2.300000 0.534254 0.763130
v 2.300000 0.634255 0.763130
v 2.700000 -0.365746 0.763130
v 2.700000 -0.265746 0.763130
v 2.700000 0.534254 0.763130
v 2.700000 0.634255 0.763130
v 2.800000 -0.265746 0.763130
v 2.800000 0.034254 0.763130
v 2.800000 0.234254 0.763130
v 2.800000 0.534254 0.763130
v 3.200000 0.134255 0.763130
v 3.200000 0.234254 0.763130
v 3.300000 0.134255 0.763130
v 3.300000 0.234254 0.763130
v 3.700000 0.334254 0.763130
v 3.700000 0.434254 0.763130
v 3.800000 0.334254 0.763130
v 3.800000 0.434254 0.763130
v -2.900000 0.234254 0.663130
v -2.900000 0.334254 0.663130
v -2.800000 0.234254 0.663130
v -2.800000 0.334254 0.663130
v -2.700000 -0.265746 0.663130
v -2.700000 0.534254 0.663130
v -2.600000 -0.165746 0.663130
v -2.600000 0.434254 0.663130
v -2.400000 -0.165746 0.663130
v -2.400000 0.434254 0.663130
v -2.300000 -0.265746 0.663130
v -2.300000 0.534254 0.663130
v -2.200000 -0.065746 0.663130
v -2.200000 0.034254 0.663130
v -1.600000 -0.165746 0.663130
v -1.600000 -0.065746 0.663130
v -1.600000 0.034254 0.663130
v -1.500000 -0.165746 0.663130
v -1.500000 -0.065746 0.663130
v -0.300000 -0.365746 0.663130
v -0.300000 -0.165746 0.663130
v -0.200000 -0.665746 0.663130
v -0.200000 -0.365746 0.663130
v -0.200000 -0.165746 0.663130
v -0.100000 -0.665746 0.663130
v -0.100000 -0.465746 0.663130
v -0.100000 0.734254 0.663130
v -0.100000 0.834254 0.663130
v 0.100000 -0.665746 0.663130
v 0.100000 -0.465746 0.663130
v 0.100000 0.734254 0.663130
v 0.100000 0.834254 0.663130
v 0.200000 -0.665746 0.663130
v 0.200000 -0.365746 0.663130
v 0.200000 -0.165746 0.663130
v 0.300000 -0.365746 0.663130
v 0.300000 -0.165746 0.663130
v 1.500000 -0.165746 0.663130
v 1.500000 -0.065746 0.663130
v 1.600000 -0.165746 0.663130
v 1.600000 -0.065746 0.663130
v 1.600000 0.034254 0.663130
v 2.200000 -0.065746 0.663130
v 2.200000 0.034254 0.663130
v 2.300000 -0.265746 0.663130
v 2.300000 0.534254 0.663130
v 2.400000 -0.165746 0.663130
v 2.400000 0.434254 0.663130
v 2.600000 -0.165746 0.663130
v 2.600000 0.434254 0.663130
v 2.700000 -0.265746 0.663130
v 2.700000 0.534254 0.663130
v 2.800000 0.234254 0.663130
v 2.800000 0.334254 0.663130
v 2.900000 0.234254 0.663130
v 2.900000 0.334254 0.663130
v -2.600000 -0.165746 0.563130
v -2.600000 0.434254 0.563130
v -2.400000 -0.165746 0.563130
v -2.400000 0.434254 0.563130
v -1.600000 -0.065746 0.563130
v -1.600000 0.034254 0.563130
v -1.500000 -0.165746 0.563130
v -1.500000 -0.065746 0.563130
v -1.500000 0.034254 0.563130
v -1.200000 -0.165746 0.563130
v -1.200000 -0.065746 0.563130
v -1.100000 -0.165746 0.563130
v -1.100000 -0.065746 0.563130
v -1.000000 -0.265746 0.563130
v -1.000000 -0.165746 0.563130
v -0.800000 -0.365746 0.563130
v -0.800000 -0.265746 0.563130
v -0.800000 -0.165746 0.563130
v -0.800000 -0.065746 0.563130
v -0.600000 -0.365746 0.563130
v -0.600000 -0.165746 0.563130
v -0.400000 -0.565746 0.563130
v -0.400000 -0.365746 0.563130
v -0.400000 -0.165746 0.563130
v -0.300000 -0.365746 0.563130
v -0.300000 -0.165746 0.563130
v -0.200000 -0.565746 0.563130
v -0.200000 -0.365746 0.563130
v -0.100000 -0.565746 0.563130
v -0.100000 -0.465746 0.563130
v 0.100000 -0.565746 0.563130
v 0.100000 -0.465746 0.563130
v 0.200000 -0.565746 0.563130
v 0.200000 -0.365746 0.563130
v 0.300000 -0.365746 0.563130
v 0.300000 -0.165746 0.563130
v 0.400000 -0.565746 0.563130
v 0.400000 -0.365746 0.563130
v 0.400000 -0.165746 0.563130
v 0.600000 -0.365746 0.563130
v 0.600000 -0.165746 0.563130
v 0.800000 -0.365746 0.563130
v 0.800000 -0.265746 0.563130
v 0.800000 -0.165746 0.563130
v 0.800000 -0.065746 0.563130
v 1.000000 -0.265746 0.563130
v 1.000000 -0.165746 0.563130
v 1.100000 -0.165746 0.563130
v 1.100000 -0.065746 0.563130
v 1.200000 -0.165746 0.563130
v 1.200000 -0.065746 0.563130
v 1.500000 -0.165746 0.563130
v 1.500000 -0.065746 0.563130
v 1.500000 0.034254 0.563130
v 1.600000 -0.065746 0.563130
v 1.600000 0.034254 0.563130
v 2.400000 -0.165746 0.563130
v 2.400000 0.434254 0.563130
v 2.600000 -0.165746 0.563130
v 2.600000 0.434254 0.563130
v -3.000000 -0.065746 0.463130
v -3.000000 0.034254 0.463130
v -3.000000 0.234254 0.463130
v -3.000000 0.334254 0.463130
v -2.900000 -0.265746 0.463130
v -2.900000 -0.065746 0.463130
v -2.800000 -0.365746 0.463130
v -2.800000 -0.265746 0.463130
v -2.800000 0.034254 0.463130
v -2.800000 0.234254 0.463130
v -2.800000 0.334254 0.463130
v -2.700000 -0.465746 0.463130
v -2.700000 -0.365746 0.463130
v -2.700000 -0.265746 0.463130
v -2.300000 -0.465746 0.463130
v -2.300000 -0.365746 0.463130
v -2.300000 -0.265746 0.463130
v -2.200000 -0.365746 0.463130
v -2.200000 -0.265746 0.463130
v -2.200000 -0.165746 0.463130
v -2.200000 0.034254 0.463130
v -2.200000 0.134255 0.463130
v -2.000000 -0.265746 0.463130
v -2.000000 -0.165746 0.463130
v -2.000000 0.034254 0.463130
v -2.000000 0.134255 0.463130
v -1.700000 0.034254 0.463130
v -1.700000 0.134255 0.463130
v -1.600000 0.034254 0.463130
v -1.600000 0.134255 0.463130
v -1.500000 -0.065746 0.463130
v -1.500000 0.034254 0.463130
v -1.200000 -0.165746 0.463130
v -1.200000 -0.065746 0.463130
v -1.200000 0.034254 0.463130
v -1.100000 -0.165746 0.463130
v -1.100000 -0.065746 0.463130
v -1.100000 0.034254 0.463130
v -0.900000 -0.365746 0.463130
v -0.900000 -0.265746 0.463130
v -0.800000 -0.365746 0.463130
v -0.800000 -0.265746 0.463130
v -0.800000 -0.065746 0.463130
v -0.800000 0.034254 0.463130
v 0.800000 -0.365746 0.463130
v 0.800000 -0.265746 0.463130
v 0.800000 -0.065746 0.463130
v 0.800000 0.034254 0.463130
v 0.900000 -0.365746 0.463130
v 0.900000 -0.265746 0.463130
v 1.100000 -0.165746 0.463130
v 1.100000 -0.065746 0.463130
v 1.100000 0.034254 0.463130
v 1.200000 -0.165746 0.463130
v 1.200000 -0.065746 0.463130
v 1.200000 0.034254 0.463130
v 1.500000 -0.065746 0.463130
v 1.500000 0.034254 0.463130
v 1.600000 0.034254 0.463130
v 1.600000 0.134255 0.463130
v 1.700000 0.034254 0.463130
v 1.700000 0.134255 0.463130
v 2.000000 -0.265746 0.463130
v 2.000000 -0.165746 0.463130
v 2.000000 0.034254 0.463130
v 2.000000 0.134255 0.463130
v 2.200000 -0.365746 0.463130
v 2.200000 -0.265746 0.463130
v 2.200000 -0.165746 0.463130
v 2.200000 0.034254 0.463130
v 2.200000 0.134255 0.463130
v 2.300000 -0.465746 0.463130
v 2.300000 -0.365746 0.463130
v 2.300000 -0.265746 0.463130
v 2.700000 -0.465746 0.463130
v 2.700000 -0.365746 0.463130
v 2.700000 -0.265746 0.463130
v 2.800000 -0.365746 0.463130
v 2.800000 -0.265746 0.463130
v 2.800000 0.034254 0.463130
v 2.800000 0.234254 0.463130
v 2.800000 0.334254 0.463130
v 2.900000 -0.265746 0.463130
v 2.900000 -0.065746 0.463130
v 3.000000 -0.065746 0.463130
v 3.000000 0.034254 0.463130
v 3.000000 0.234254 0.463130
v 3.000000 0.334254 0.463130
v -3.800000 0.334254 0.363130
v -3.800000 0.434254 0.363130
v -3.700000 0.334254 0.363130
v -3.700000 0.434254 0.363130
v -3.100000 0.234254 0.363130
v -3.100000 0.334254 0.363130
v -3.000000 0.234254 0.363130
v -3.000000 0.334254 0.363130
v -2.600000 0.634255 0.363130
v -2.600000 0.734254 0.363130
v -2.500000 0.634255 0.363130
v -2.500000 0.734254 0.363130
v -1.600000 0.034254 0.363130
v -1.600000 0.134255 0.363130
v -1.500000 0.034254 0.363130
v -1.500000 0.134255 0.363130
v -1.200000 -0.065746 0.363130
v -1.200000 0.034254 0.363130
v -1.100000 -0.065746 0.363130
v -1.100000 0.034254 0.363130
v -0.900000 0.034254 0.363130
v -0.900000 0.134255 0.363130
v -0.800000 0.034254 0.363130
v -0.800000 0.134255 0.363130
v -0.800000 0.234254 0.363130
v -0.700000 0.134255 0.363130
v -0.700000 0.234254 0.363130
v -0.600000 0.234254 0.363130
v -0.600000 0.334254 0.363130
v -0.500000 -0.465746 0.363130
v -0.500000 -0.365746 0.363130
v -0.500000 0.234254 0.363130
v -0.500000 0.334254 0.363130
v -0.500000 0.434254 0.363130
v -0.400000 -0.465746 0.363130
v -0.400000 -0.365746 0.363130
v -0.400000 0.334254 0.363130
v -0.400000 0.434254 0.363130
v -0.400000 0.534254 0.363130
v -0.400000 0.634255 0.363130
v -0.300000 0.434254 0.363130
v -0.300000 0.534254 0.363130
v -0.200000 0.534254 0.363130
v -0.200000 0.634255 0.363130
v 0.200000 0.534254 0.363130
v 0.200000 0.634255 0.363130
v 0.300000 0.434254 0.363130
v 0.300000 0.534254 0.363130
v 0.400000 -0.465746 0.363130
v 0.400000 -0.365746 0.363130
v 0.400000 0.334254 0.363130
v 0.400000 0.434254 0.363130
v 0.400000 0.534254 0.363130
v 0.400000 0.634255 0.363130
v 0.500000 -0.465746 0.363130
v 0.500000 -0.365746 0.363130
v 0.500000 0.234254 0.363130
v 0.500000 0.334254 0.363130
v 0.500000 0.434254 0.363130
v 0.600000 0.234254 0.363130
v 0.600000 0.334254 0.363130
v 0.700000 0.134255 0.363130
v 0.700000 0.234254 0.363130
v 0.800000 0.034254 0.363130
v 0.800000 0.134255 0.363130
v 0.800000 0.234254 0.363130
v 0.900000 0.034254 0.363130
v 0.900000 0.134255 0.363130
v 1.100000 -0.065746 0.363130
v 1.100000 0.034254 0.363130
v 1.200000 -0.065746 0.363130
v 1.200000 0.034254 0.363130
v 1.500000 0.034254 0.363130
v 1.500000 0.134255 0.363130
v 1.600000 0.034254 0.363130
v 1.600000 0.134255 0.363130
v 2.500000 0.634255 0.363130
v 2.500000 0.734254 0.363130
v 2.600000 0.634255 0.363130
v 2.600000 0.734254 0.363130
v 3.000000 0.234254 0.363130
v 3.000000 0.334254 0.363130
v 3.100000 0.234254 0.363130
v 3.100000 0.334254 0.363130
v 3.700000 0.334254 0.363130
v 3.700000 0.434254 0.363130
v 3.800000 0.334254 0.363130
v 3.800000 0.434254 0.363130
v -2.700000 0.634255 0.263130
v -2.700000 0.734254 0.263130
v -2.600000 -0.565746 0.263130
v -2.600000 -0.465746 0.263130
v -2.600000 0.634255 0.263130
v -2.600000 0.734254 0.263130
v -2.600000 0.834254 0.263130
v -2.500000 -0.565746 0.263130
v -2.500000 -0.465746 0.263130
v -2.500000 0.634255 0.263130
v -2.500000 0.734254 0.263130
v -2.500000 0.834254 0.263130
v -2.400000 0.634255 0.263130
v -2.400000 0.734254 0.263130
v -2.200000 0.034254 0.263130
v -2.200000 0.234254 0.263130
v -2.100000 0.134255 0.263130
v -2.100000 0.234254 0.263130
v -2.000000 0.034254 0.263130
v -2.000000 0.134255 0.263130
v -1.000000 0.034254 0.263130
v -1.000000 0.134255 0.263130
v -0.900000 0.034254 0.263130
v -0.900000 0.134255 0.263130
v -0.900000 0.234254 0.263130
v -0.800000 0.134255 0.263130
v -0.800000 0.234254 0.263130
v -0.700000 0.234254 0.263130
v -0.700000 0.334254 0.263130
v -0.600000 -0.465746 0.263130
v -0.600000 -0.365746 0.263130
v -0.600000 0.234254 0.263130
v -0.600000 0.334254 0.263130
v -0.600000 0.434254 0.263130
v -0.500000 -0.565746 0.263130
v -0.500000 -0.465746 0.263130
v -0.500000 -0.365746 0.263130
v -0.500000 0.334254 0.263130
v -0.500000 0.434254 0.263130
v -0.500000 0.534254 0.263130
v -0.400000 -0.565746 0.263130
v -0.400000 -0.465746 0.263130
v -0.400000 0.434254 0.263130
v -0.400000 0.534254 0.263130
v 0.400000 -0.565746 0.263130
v 0.400000 -0.465746 0.263130
v 0.400000 0.434254 0.263130
v 0.400000 0.534254 0.263130
v 0.500000 -0.565746 0.263130
v 0.500000 -0.465746 0.263130
v 0.500000 -0.365746 0.263130
v 0.500000 0.334254 0.263130
v 0.500000 0.434254 0.263130
v 0.500000 0.534254 0.263130
v 0.600000 -0.465746 0.263130
v 0.600000 -0.365746 0.263130
v 0.600000 0.234254 0.263130
v 0.600000 0.334254 0.263130
v 0.600000 0.434254 0.263130
v 0.700000 0.234254 0.263130
v 0.700000 0.334254 0.263130
v 0.800000 0.134255 0.263130
v 0.800000 0.234254 0.263130
v 0.900000 0.034254 0.263130
v 0.900000 0.134255 0.263130
v 0.900000 0.234254 0.263130
v 1.000000 0.034254 0.263130
v 1.000000 0.134255 0.263130
v 2.000000 0.034254 0.263130
v 2.000000 0.134255 0.263130
v 2.100000 0.134255 0.263130
v 2.100000 0.234254 0.263130
v 2.200000 0.034254 0.263130
v 2.200000 0.234254 0.263130
v 2.400000 0.634255 0.263130
v 2.400000 0.734254 0.263130
v 2.500000 -0.565746 0.263130
v 2.500000 -0.465746 0.263130
v 2.500000 0.634255 0.263130
v 2.500000 0.734254 0.263130
v 2.500000 0.834254 0.263130
v 2.600000 -0.565746 0.263130
v 2.600000 -0.465746 0.263130
v 2.600000 0.634255 0.263130
v 2.600000 0.734254 0.263130
v 2.600000 0.834254 0.263130
v 2.700000 0.634255 0.263130
v 2.700000 0.734254 0.263130
v -2.600000 -0.665746 0.163130
v -2.600000 -0.565746 0.163130
v -2.600000 0.834254 0.163130
v -2.600000 0.934254 0.163130
v -2.500000 -0.665746 0.163130
v -2.500000 -0.565746 0.163130
v -2.500000 0.834254 0.163130
v -2.500000 0.934254 0.163130
v -2.200000 -0.265746 0.163130
v -2.200000 -0.165746 0.163130
v -1.900000 -0.265746 0.163130
v -1.900000 -0.165746 0.163130
v -0.800000 0.234254 0.163130
v -0.800000 0.334254 0.163130
v -0.700000 0.234254 0.163130
v -0.700000 0.334254 0.163130
v -0.700000 0.434254 0.163130
v -0.600000 0.334254 0.163130
v -0.600000 0.434254 0.163130
v -0.300000 0.634255 0.163130
v -0.300000 0.734254 0.163130
v -0.200000 -0.665746 0.163130
v -0.200000 -0.565746 0.163130
v -0.200000 0.634255 0.163130
v -0.200000 0.734254 0.163130
v -0.100000 -0.765746 0.163130
v -0.100000 -0.665746 0.163130
v 0.100000 -0.765746 0.163130
v 0.100000 -0.665746 0.163130
v 0.200000 -0.665746 0.163130
v 0.200000 -0.565746 0.163130
v 0.200000 0.634255 0.163130
v 0.200000 0.734254 0.163130
v 0.300000 0.634255 0.163130
v 0.300000 0.734254 0.163130
v 0.600000 0.334254 0.163130
v 0.600000 0.434254 0.163130
v 0.700000 0.234254 0.163130
v 0.700000 0.334254 0.163130
v 0.700000 0.434254 0.163130
v 0.800000 0.234254 0.163130
v 0.800000 0.334254 0.163130
v 1.900000 -0.265746 0.163130
v 1.900000 -0.165746 0.163130
v 2.200000 -0.265746 0.163130
v 2.200000 -0.165746 0.163130
v 2.500000 -0.665746 0.163130
v 2.500000 -0.565746 0.163130
v 2.500000 0.834254 0.163130
v 2.500000 0.934254 0.163130
v 2.600000 -0.665746 0.163130
v 2.600000 -0.565746 0.163130
v 2.600000 0.834254 0.163130
v 2.600000 0.934254 0.163130
v -2.700000 0.634255 0.063130
v -2.700000 0.734254 0.063130
v -2.600000 -0.765746 0.063130
v -2.600000 -0.665746 0.063130
v -2.600000 0.634255 0.063130
v -2.600000 0.734254 0.063130
v -2.600000 0.934254 0.063130
v -2.600000 1.034254 0.063130
v -2.500000 -0.765746 0.063130
v -2.500000 -0.665746 0.063130
v -2.500000 0.634255 0.063130
v -2.500000 0.734254 0.063130
v -2.500000 0.934254 0.063130
v -2.500000 1.034254 0.063130
v -2.400000 0.634255 0.063130
v -2.400000 0.734254 0.063130
v -1.400000 -0.265746 0.063130
v -1.400000 -0.165746 0.063130
v -1.300000 -0.265746 0.063130
v -1.300000 -0.165746 0.063130
v -1.200000 -0.265746 0.063130
v -1.200000 -0.165746 0.063130
v -1.000000 -0.265746 0.063130
v -1.000000 -0.165746 0.063130
v -0.900000 0.234254 0.063130
v -0.900000 0.334254 0.063130
v -0.800000 0.234254 0.063130
v -0.800000 0.334254 0.063130
v -0.800000 0.434254 0.063130
v -0.700000 0.334254 0.063130
v -0.700000 0.434254 0.063130
v -0.200000 -0.765746 0.063130
v -0.200000 -0.665746 0.063130
v -0.100000 -0.765746 0.063130
v -0.100000 -0.665746 0.063130
v 0.100000 -0.765746 0.063130
v 0.100000 -0.665746 0.063130
v 0.200000 -0.765746 0.063130
v 0.200000 -0.665746 0.063130
v 0.700000 0.334254 0.063130
v 0.700000 0.434254 0.063130
v 0.800000 0.234254 0.063130
v 0.800000 0.334254 0.063130
v 0.800000 0.434254 0.063130
v 0.900000 0.234254 0.063130
v 0.900000 0.334254 0.063130
v 1.000000 -0.265746 0.063130
v 1.000000 -0.165746 0.063130
v 1.200000 -0.265746 0.063130
v 1.200000 -0.165746 0.063130
v 1.300000 -0.265746 0.063130
v 1.300000 -0.165746 0.063130
v 1.400000 -0.265746 0.063130
v 1.400000 -0.165746 0.063130
v 2.400000 0.634255 0.063130
v 2.400000 0.734254 0.063130
v 2.500000 -0.765746 0.063130
v 2.500000 -0.665746 0.063130
v 2.500000 0.634255 0.063130
v 2.500000 0.734254 0.063130
v 2.500000 0.934254 0.063130
v 2.500000 1.034254 0.063130
v 2.600000 -0.765746 0.063130
v 2.600000 -0.665746 0.063130
v 2.600000 0.634255 0.063130
v 2.600000 0.734254 0.063130
v 2.600000 0.934254 0.063130
v 2.600000 1.034254 0.063130
v 2.700000 0.634255 0.063130
v 2.700000 0.734254 0.063130
v -3.000000 -0.065746 -0.036870
v -3.000000 0.034254 -0.036870
v -3.000000 0.234254 -0.036870
v -3.000000 0.334254 -0.036870
v -2.900000 -0.265746 -0.036870
v -2.900000 -0.065746 -0.036870
v -2.800000 -0.365746 -0.036870
v -2.800000 -0.265746 -0.036870
v -2.800000 0.034254 -0.036870
v -2.800000 0.234254 -0.036870
v -2.800000 0.334254 -0.036870
v -2.700000 -0.465746 -0.036870
v -2.700000 -0.365746 -0.036870
v -2.700000 -0.265746 -0.036870
v -2.600000 -0.465746 -0.036870
v -2.600000 -0.365746 -0.036870
v -2.500000 -0.465746 -0.036870
v -2.500000 -0.365746 -0.036870
v -2.300000 -0.465746 -0.036870
v -2.300000 -0.365746 -0.036870
v -2.300000 -0.265746 -0.036870
v -2.200000 -0.365746 -0.036870
v -2.200000 -0.265746 -0.036870
v -2.200000 -0.165746 -0.036870
v -2.200000 0.034254 -0.036870
v -2.200000 0.234254 -0.036870
v -2.100000 0.134255 -0.036870
v -2.100000 0.234254 -0.036870
v -2.000000 -0.265746 -0.036870
v -2.000000 -0.165746 -0.036870
v -2.000000 0.034254 -0.036870
v -2.000000 0.134255 -0.036870
v -1.500000 -0.265746 -0.036870
v -1.500000 -0.165746 -0.036870
v -1.500000 0.034254 -0.036870
v -1.500000 0.134255 -0.036870
v -1.400000 -0.265746 -0.036870
v -1.400000 -0.165746 -0.036870
v -1.400000 0.034254 -0.036870
v -1.400000 0.134255 -0.036870
v -1.000000 -0.265746 -0.036870
v -1.000000 -0.165746 -0.036870
v -1.000000 0.134255 -0.036870
v -1.000000 0.234254 -0.036870
v -1.000000 0.334254 -0.036870
v -0.900000 0.134255 -0.036870
v -0.900000 0.234254 -0.036870
v -0.900000 0.334254 -0.036870
v -0.900000 0.434254 -0.036870
v -0.800000 0.334254 -0.036870
v -0.800000 0.434254 -0.036870
v -0.600000 -0.265746 -0.036870
v -0.600000 -0.165746 -0.036870
v -0.300000 -0.665746 -0.036870
v -0.300000 -0.565746 -0.036870
v -0.200000 -0.665746 -0.036870
v -0.200000 -0.565746 -0.036870
v 0.200000 -0.665746 -0.036870
v 0.200000 -0.565746 -0.036870
v 0.300000 -0.665746 -0.036870
v 0.300000 -0.565746 -0.036870
v 0.600000 -0.265746 -0.036870
v 0.600000 -0.165746 -0.036870
v 0.800000 0.334254 -0.036870
v 0.800000 0.434254 -0.036870
v 0.900000 0.134255 -0.036870
v 0.900000 0.234254 -0.036870
v 0.900000 0.334254 -0.036870
v 0.900000 0.434254 -0.036870
v 1.000000 -0.265746 -0.036870
v 1.000000 -0.165746 -0.036870
v 1.000000 0.134255 -0.036870
v 1.000000 0.234254 -0.036870
v 1.000000 0.334254 -0.036870
v 1.400000 -0.265746 -0.036870
v 1.400000 -0.165746 -0.036870
v 1.400000 0.034254 -0.036870
v 1.400000 0.134255 -0.036870
v 1.500000 -0.265746 -0.036870
v 1.500000 -0.165746 -0.036870
v 1.500000 0.034254 -0.036870
v 1.500000 0.134255 -0.036870
v 2.000000 -0.265746 -0.036870
v 2.000000 -0.165746 -0.036870
v 2.000000 0.034254 -0.036870
v 2.000000 0.134255 -0.036870
v 2.100000 0.134255 -0.036870
v 2.100000 0.234254 -0.036870
v 2.200000 -0.365746 -0.036870
v 2.200000 -0.265746 -0.036870
v 2.200000 -0.165746 -0.036870
v 2.200000 0.034254 -0.036870
v 2.200000 0.234254 -0.036870
v 2.300000 -0.465746 -0.036870
v 2.300000 -0.365746 -0.036870
v 2.300000 -0.265746 -0.036870
v 2.500000 -0.465746 -0.036870
v 2.500000 -0.365746 -0.036870
v 2.600000 -0.465746 -0.036870
v 2.600000 -0.365746 -0.036870
v 2.700000 -0.465746 -0.036870
v 2.700000 -0.365746 -0.036870
v 2.700000 -0.265746 -0.036870
v 2.800000 -0.365746 -0.036870
v 2.800000 -0.265746 -0.036870
v 2.800000 0.034254 -0.036870
v 2.800000 0.234254 -0.036870
v 2.800000 0.334254 -0.036870
v 2.900000 -0.265746 -0.036870
v 2.900000 -0.065746 -0.036870
v 3.000000 -0.065746 -0.036870
v 3.000000 0.034254 -0.036870
v 3.000000 0.234254 -0.036870
v 3.000000 0.334254 -0.036870
v -1.400000 0.034254 -0.136870
v -1.400000 0.134255 -0.136870
v -1.000000 0.034254 -0.136870
v -1.000000 0.134255 -0.136870
v -0.900000 -0.365746 -0.136870
v -0.900000 -0.265746 -0.136870
v -0.600000 0.434254 -0.136870
v -0.600000 0.534254 -0.136870
v -0.500000 -0.565746 -0.136870
v -0.500000 -0.365746 -0.136870
v -0.500000 -0.265746 -0.136870
v -0.500000 0.434254 -0.136870
v -0.500000 0.534254 -0.136870
v -0.400000 -0.665746 -0.136870
v -0.400000 -0.565746 -0.136870
v -0.400000 -0.365746 -0.136870
v -0.400000 -0.265746 -0.136870
v -0.300000 -0.665746 -0.136870
v -0.300000 -0.565746 -0.136870
v 0.300000 -0.665746 -0.136870
v 0.300000 -0.565746 -0.136870
v 0.400000 -0.665746 -0.136870
v 0.400000 -0.565746 -0.136870
v 0.400000 -0.365746 -0.136870
v 0.400000 -0.265746 -0.136870
v 0.500000 -0.565746 -0.136870
v 0.500000 -0.365746 -0.136870
v 0.500000 -0.265746 -0.136870
v 0.500000 0.434254 -0.136870
v 0.500000 0.534254 -0.136870
v 0.600000 0.434254 -0.136870
v 0.600000 0.534254 -0.136870
v 0.900000 -0.365746 -0.136870
v 0.900000 -0.265746 -0.136870
v 1.000000 0.034254 -0.136870
v 1.000000 0.134255 -0.136870
v 1.400000 0.034254 -0.136870
v 1.400000 0.134255 -0.136870
v -2.200000 0.034254 -0.236870
v -2.200000 0.134255 -0.236870
v -2.000000 0.034254 -0.236870
v -2.000000 0.134255 -0.236870
v -1.900000 -0.265746 -0.236870
v -1.900000 -0.165746 -0.236870
v -1.900000 0.034254 -0.236870
v -1.900000 0.134255 -0.236870
v -1.800000 0.034254 -0.236870
v -1.800000 0.134255 -0.236870
v -1.500000 -0.265746 -0.236870
v -1.500000 -0.165746 -0.236870
v -0.700000 0.434254 -0.236870
v -0.700000 0.534254 -0.236870
v -0.600000 0.434254 -0.236870
v -0.600000 0.534254 -0.236870
v -0.300000 -0.765745 -0.236870
v -0.300000 -0.665745 -0.236870
v -0.200000 -0.865745 -0.236870
v -0.200000 -0.765745 -0.236870
v -0.200000 -0.665745 -0.236870
v 0.200000 -0.865745 -0.236870
v 0.200000 -0.765745 -0.236870
v 0.200000 -0.665745 -0.236870
v 0.300000 -0.765745 -0.236870
v 0.300000 -0.665745 -0.236870
v 0.600000 0.434254 -0.236870
v 0.600000 0.534254 -0.236870
v 0.700000 0.434254 -0.236870
v 0.700000 0.534254 -0.236870
v 1.500000 -0.265746 -0.236870
v 1.500000 -0.165746 -0.236870
v 1.800000 0.034254 -0.236870
v 1.800000 0.134255 -0.236870
v 1.900000 -0.265746 -0.236870
v 1.900000 -0.165746 -0.236870
v 1.900000 0.034254 -0.236870
v 1.900000 0.134255 -0.236870
v 2.000000 0.034254 -0.236870
v 2.000000 0.134255 -0.236870
v 2.200000 0.034254 -0.236870
v 2.200000 0.134255 -0.236870
v -1.800000 0.034254 -0.436870
v -1.800000 0.134255 -0.436869
v -1.600000 0.034254 -0.436870
v -1.600000 0.134255 -0.436869
v -0.500000 -0.565745 -0.436870
v -0.500000 -0.365745 -0.436870
v -0.400000 -0.665745 -0.436870
v -0.400000 -0.565745 -0.436870
v -0.400000 -0.365745 -0.436870
v -0.300000 -0.665745 -0.436870
v -0.300000 -0.565745 -0.436870
v 0.300000 -0.665745 -0.436870
v 0.300000 -0.565745 -0.436870
v 0.400000 -0.665745 -0.436870
v 0.400000 -0.565745 -0.436870
v 0.400000 -0.365745 -0.436870
v 0.500000 -0.565745 -0.436870
v 0.500000 -0.365745 -0.436870
v 1.600000 0.034254 -0.436870
v 1.600000 0.134255 -0.436869
v 1.800000 0.034254 -0.436870
v 1.800000 0.134255 -0.436869
v -1.600000 0.034254 -0.536870
v -1.600000 0.134255 -0.536870
v -1.500000 0.034254 -0.536870
v -1.500000 0.134255 -0.536870
v 1.500000 0.034254 -0.536870
v 1.500000 0.134255 -0.536870
v 1.600000 0.034254 -0.536870
v 1.600000 0.134255 -0.536870
v -1.500000 0.034254 -0.636870
v -1.500000 0.134255 -0.636870
v -1.400000 -0.265745 -0.636870
v -1.400000 -0.165745 -0.636870
v -1.300000 -0.265745 -0.636870
v -1.300000 -0.165745 -0.636870
v -1.200000 -0.265745 -0.636870
v -1.200000 -0.165745 -0.636870
v -1.000000 -0.265745 -0.636870
v -1.000000 -0.165745 -0.636870
v -1.000000 0.034254 -0.636870
v -1.000000 0.134255 -0.636870
v -0.600000 -0.465745 -0.636870
v -0.600000 -0.265745 -0.636870
v -0.500000 -0.565745 -0.636870
v -0.500000 -0.465745 -0.636870
v -0.400000 -0.565745 -0.636870
v -0.400000 -0.265745 -0.636870
v 0.400000 -0.565745 -0.636870
v 0.400000 -0.265745 -0.636870
v 0.500000 -0.565745 -0.636870
v 0.500000 -0.465745 -0.636870
v 0.600000 -0.465745 -0.636870
v 0.600000 -0.265745 -0.636870
v 1.000000 -0.265745 -0.636870
v 1.000000 -0.165745 -0.636870
v 1.000000 0.034254 -0.636870
v 1.000000 0.134255 -0.636870
v 1.200000 -0.265745 -0.636870
v 1.200000 -0.165745 -0.636870
v 1.300000 -0.265745 -0.636870
v 1.300000 -0.165745 -0.636870
v 1.400000 -0.265745 -0.636870
v 1.400000 -0.165745 -0.636870
v 1.500000 0.034254 -0.636870
v 1.500000 0.134255 -0.636870
v -0.300000 -0.765745 -0.736870
v -0.300000 -0.665745 -0.736870
v -0.200000 -0.865745 -0.736870
v -0.200000 -0.765745 -0.736870
v -0.200000 -0.665745 -0.736870
v 0.200000 -0.865745 -0.736870
v 0.200000 -0.765745 -0.736870
v 0.200000 -0.665745 -0.736870
v 0.300000 -0.765745 -0.736870
v 0.300000 -0.665745 -0.736870
v -0.900000 -0.265745 -0.836870
v -0.900000 -0.165745 -0.836870
v -0.600000 -0.265745 -0.836870
v -0.600000 -0.165745 -0.836870
v 0.600000 -0.265745 -0.836870
v 0.600000 -0.165745 -0.836870
v 0.900000 -0.265745 -0.836870
v 0.900000 -0.165745 -0.836870
v -1.000000 -0.265745 -0.936870
v -1.000000 -0.165745 -0.936870
v -0.900000 -0.365745 -0.936870
v -0.900000 -0.265745 -0.936870
v -0.900000 -0.165745 -0.936870
v -0.600000 -0.365745 -0.936870
v -0.600000 -0.265745 -0.936870
v 0.600000 -0.365745 -0.936870
v 0.600000 -0.265745 -0.936870
v 0.900000 -0.365745 -0.936870
v 0.900000 -0.265745 -0.936870
v 0.900000 -0.165745 -0.936870
v 1.000000 -0.265745 -0.936870
v 1.000000 -0.165745 -0.936870
v -0.400000 0.134255 -1.036870
v -0.400000 0.234255 -1.036870
v -0.400000 0.334255 -1.036870
v -0.300000 0.134255 -1.036870
v -0.300000 0.234255 -1.036870
v 0.300000 0.134255 -1.036870
v 0.300000 0.234255 -1.036870
v 0.400000 0.134255 -1.036870
v 0.400000 0.234255 -1.036870
v 0.400000 0.334255 -1.036870
v -0.300000 0.334255 -1.136870
v -0.300000 0.434255 -1.136870
v 0.300000 0.334255 -1.136870
v 0.300000 0.434255 -1.136870
v -1.100000 -0.065745 -1.236870
v -1.100000 0.034254 -1.236870
v -1.000000 -0.065745 -1.236870
v -1.000000 0.034254 -1.236870
v -0.600000 0.034254 -1.236870
v -0.600000 0.234255 -1.236870
v -0.600000 0.334255 -1.236870
v -0.500000 0.334255 -1.236870
v -0.500000 0.434255 -1.236870
v -0.400000 0.034254 -1.236870
v -0.400000 0.234255 -1.236870
v -0.400000 0.334255 -1.236870
v -0.300000 0.334255 -1.236870
v -0.300000 0.434255 -1.236870
v -0.300000 0.534254 -1.236870
v 0.300000 0.334255 -1.236870
v 0.300000 0.434255 -1.236870
v 0.300000 0.534254 -1.236870
v 0.400000 0.034254 -1.236870
v 0.400000 0.234255 -1.236870
v 0.400000 0.334255 -1.236870
v 0.500000 0.334255 -1.236870
v 0.500000 0.434255 -1.236870
v 0.600000 0.034254 -1.236870
v 0.600000 0.234255 -1.236870
v 0.600000 0.334255 -1.236870
v 1.000000 -0.065745 -1.236870
v 1.000000 0.034254 -1.236870
v 1.100000 -0.065745 -1.236870
v 1.100000 0.034254 -1.236870
v -1.200000 -0.065745 -1.336870
v -1.200000 0.034254 -1.336870
v -1.100000 -0.065745 -1.336870
v -1.100000 0.034254 -1.336870
v -0.400000 0.434255 -1.336870
v -0.400000 0.534254 -1.336870
v -0.300000 0.434255 -1.336870
v -0.300000 0.534254 -1.336870
v -0.300000 0.634255 -1.336870
v 0.300000 0.434255 -1.336870
v 0.300000 0.534254 -1.336870
v 0.300000 0.634255 -1.336870
v 0.400000 0.434255 -1.336870
v 0.400000 0.534254 -1.336870
v 1.100000 -0.065745 -1.336870
v 1.100000 0.034254 -1.336870
v 1.200000 -0.065745 -1.336870
v 1.200000 0.034254 -1.336870
v -0.400000 0.534254 -1.436870
v -0.400000 0.634255 -1.436870
v -0.300000 0.534254 -1.436870
v -0.300000 0.634255 -1.436870
v 0.300000 0.534254 -1.436870
v 0.300000 0.634255 -1.436870
v 0.400000 0.534254 -1.436870
v 0.400000 0.634255 -1.436870
v -1.300000 -0.165745 -1.536870
v -1.300000 -0.065745 -1.536870
v -1.200000 -0.165745 -1.536870
v -1.200000 -0.065745 -1.536870
v 1.200000 -0.165745 -1.536870
v 1.200000 -0.065745 -1.536870
v 1.300000 -0.165745 -1.536870
v 1.300000 -0.065745 -1.536870
v -1.400000 -0.165745 -1.636870
v -1.400000 -0.065745 -1.636870
v -1.300000 -0.165745 -1.636870
v -1.300000 -0.065745 -1.636870
v -0.400000 -0.565745 -1.636870
v -0.400000 -0.465745 -1.636870
v -0.200000 -0.565745 -1.636870
v -0.200000 -0.465745 -1.636870
v 0.200000 -0.565745 -1.636870
v 0.200000 -0.465745 -1.636870
v 0.400000 -0.565745 -1.636870
v 0.400000 -0.465745 -1.636870
v 1.300000 -0.165745 -1.636870
v 1.300000 -0.065745 -1.636870
v 1.400000 -0.165745 -1.636870
v 1.400000 -0.065745 -1.636870
v -0.400000 0.434255 -1.736870
v -0.400000 0.534254 -1.736870
v -0.300000 0.434255 -1.736870
v -0.300000 0.534254 -1.736870
v 0.300000 0.434255 -1.736870
v 0.300000 0.534254 -1.736870
v 0.400000 0.434255 -1.736870
v 0.400000 0.534254 -1.736870
v -1.500000 -0.265745 -1.836870
v -1.500000 -0.165745 -1.836870
v -1.400000 -0.265745 -1.836870
v -1.400000 -0.165745 -1.836870
v -0.400000 0.634255 -1.836870
v -0.400000 0.734255 -1.836870
v -0.300000 0.634255 -1.836870
v -0.300000 0.734255 -1.836870
v 0.300000 0.634255 -1.836870
v 0.300000 0.734255 -1.836870
v 0.400000 0.634255 -1.836870
v 0.400000 0.734255 -1.836870
v 1.400000 -0.265745 -1.836870
v 1.400000 -0.165745 -1.836870
v 1.500000 -0.265745 -1.836870
v 1.500000 -0.165745 -1.836870
v -1.600000 -0.265745 -1.936870
v -1.600000 -0.165745 -1.936870
v -1.500000 -0.265745 -1.936870
v -1.500000 -0.165745 -1.936870
v -0.500000 0.534254 -1.936870
v -0.500000 0.634255 -1.936870
v -0.400000 0.534254 -1.936870
v -0.400000 0.634255 -1.936870
v 0.400000 0.534254 -1.936870
v 0.400000 0.634255 -1.936870
v 0.500000 0.534254 -1.936870
v 0.500000 0.634255 -1.936870
v 1.500000 -0.265745 -1.936870
v 1.500000 -0.165745 -1.936870
v 1.600000 -0.265745 -1.936870
v 1.600000 -0.165745 -1.936870
v -1.700000 -0.365745 -2.036870
v -1.700000 -0.265745 -2.036870
v -1.600000 -0.365745 -2.036870
v -1.600000 -0.265745 -2.036870
v 1.600000 -0.365745 -2.036870
v 1.600000 -0.265745 -2.036870
v 1.700000 -0.365745 -2.036870
v 1.700000 -0.265745 -2.036870
v -1.800000 -0.365745 -2.136870
v -1.800000 -0.265745 -2.136870
v -1.700000 -0.365745 -2.136870
v -1.700000 -0.265745 -2.136870
v 1.700000 -0.365745 -2.136870
v 1.700000 -0.265745 -2.136870
v 1.800000 -0.365745 -2.136870
v 1.800000 -0.265745 -2.136870
v -1.900000 -0.465745 -2.236870
v -1.900000 -0.365745 -2.236870
v -1.800000 -0.465745 -2.236870
v -1.800000 -0.365745 -2.236870
v -1.300000 0.034254 -2.236870
v -1.300000 0.134255 -2.236870
v -1.200000 -0.165745 -2.236870
v -1.200000 -0.065745 -2.236870
v -1.200000 0.034254 -2.236870
v -1.200000 0.134255 -2.236870
v -1.100000 -0.165745 -2.236870
v -1.100000 -0.065745 -2.236870
v 1.100000 -0.165745 -2.236870
v 1.100000 -0.065745 -2.236870
v 1.200000 -0.165745 -2.236870
v 1.200000 -0.065745 -2.236870
v 1.200000 0.034254 -2.236870
v 1.200000 0.134255 -2.236870
v 1.300000 0.034254 -2.236870
v 1.300000 0.134255 -2.236870
v 1.800000 -0.465745 -2.236870
v 1.800000 -0.365745 -2.236870
v 1.900000 -0.465745 -2.236870
v 1.900000 -0.365745 -2.236870
v -1.900000 -0.365745 -2.336870
v -1.900000 -0.265745 -2.336870
v -1.800000 -0.365745 -2.336870
v -1.800000 -0.265745 -2.336870
v -1.300000 0.134255 -2.336870
v -1.300000 0.234255 -2.336870
v -1.200000 0.034255 -2.336870
v -1.200000 0.134255 -2.336870
v -1.200000 0.234255 -2.336870
v -1.100000 -0.165745 -2.336870
v -1.100000 -0.065745 -2.336870
v -1.100000 0.034255 -2.336870
v -1.100000 0.134255 -2.336870
v -1.000000 -0.165745 -2.336870
v -1.000000 -0.065745 -2.336870
v 1.000000 -0.165745 -2.336870
v 1.000000 -0.065745 -2.336870
v 1.100000 -0.165745 -2.336870
v 1.100000 -0.065745 -2.336870
v 1.100000 0.034255 -2.336870
v 1.100000 0.134255 -2.336870
v 1.200000 0.034255 -2.336870
v 1.200000 0.134255 -2.336870
v 1.200000 0.234255 -2.336870
v 1.300000 0.134255 -2.336870
v 1.300000 0.234255 -2.336870
v 1.800000 -0.365745 -2.336870
v 1.800000 -0.265745 -2.336870
v 1.900000 -0.365745 -2.336870
v 1.900000 -0.265745 -2.336870
v -2.000000 -0.565745 -2.436870
v -2.000000 -0.465745 -2.436870
v -2.000000 -0.265745 -2.436870
v -2.000000 -0.165745 -2.436870
v -1.900000 -0.565745 -2.436870
v -1.900000 -0.465745 -2.436870
v -1.900000 -0.265745 -2.436870
v -1.900000 -0.165745 -2.436870
v 1.900000 -0.565745 -2.436870
v 1.900000 -0.465745 -2.436870
v 1.900000 -0.265745 -2.436870
v 1.900000 -0.165745 -2.436870
v 2.000000 -0.565745 -2.436870
v 2.000000 -0.465745 -2.436870
v 2.000000 -0.265745 -2.436870
v 2.000000 -0.165745 -2.436870
v -2.000000 -0.665745 -2.536870
v -2.000000 -0.565745 -2.536870
v -2.000000 -0.165745 -2.536870
v -2.000000 -0.065745 -2.536870
v -1.900000 -0.665745 -2.536870
v -1.900000 -0.565745 -2.536870
v -1.900000 -0.265745 -2.536870
v -1.900000 -0.165745 -2.536870
v -1.900000 -0.065745 -2.536870
v -1.800000 -0.265745 -2.536870
v -1.800000 -0.165745 -2.536870
v 1.800000 -0.265745 -2.536870
v 1.800000 -0.165745 -2.536870
v 1.900000 -0.665745 -2.536870
v 1.900000 -0.565745 -2.536870
v 1.900000 -0.265745 -2.536870
v 1.900000 -0.165745 -2.536870
v 1.900000 -0.065745 -2.536870
v 2.000000 -0.665745 -2.536870
v 2.000000 -0.565745 -2.536870
v 2.000000 -0.165745 -2.536870
v 2.000000 -0.065745 -2.536870
v -1.900000 -0.265745 -2.736870
v -1.900000 -0.165745 -2.736870
v -1.800000 -0.265745 -2.736870
v -1.800000 -0.165745 -2.736870
v 1.800000 -0.265745 -2.736870
v 1.800000 -0.165745 -2.736870
v 1.900000 -0.265745 -2.736870
v 1.900000 -0.165745 -2.736870
v -0.500000 -0.165746 3.063130
v -0.500000 -0.065746 3.063130
v -0.400000 -0.265746 3.063130
v -0.400000 -0.165746 3.063130
v -0.400000 -0.065746 3.063130
v -0.300000 -0.365746 3.063130
v -0.300000 -0.265746 3.063130
v -0.300000 -0.165746 3.063130
v -0.200000 -0.465746 3.063130
v -0.200000 -0.365746 3.063130
v -0.200000 -0.265746 3.063130
v 0.200000 -0.465746 3.063130
v 0.200000 -0.365746 3.063130
v 0.200000 -0.265746 3.063130
v 0.300000 -0.365746 3.063130
v 0.300000 -0.265746 3.063130
v 0.300000 -0.165746 3.063130
v 0.400000 -0.265746 3.063130
v 0.400000 -0.165746 3.063130
v 0.400000 -0.065746 3.063130
v 0.500000 -0.165746 3.063130
v 0.500000 -0.065746 3.063130
v -0.500000 -0.065746 2.963130
v -0.500000 0.034254 2.963130
v -0.400000 -0.065746 2.963130
v -0.400000 0.034254 2.963130
v 0.400000 -0.065746 2.963130
v 0.400000 0.034254 2.963130
v 0.500000 -0.065746 2.963130
v 0.500000 0.034254 2.963130
v -0.200000 -1.065746 2.863130
v -0.200000 -0.965746 2.863130
v -0.100000 -1.165746 2.863130
v -0.100000 -1.065746 2.863130
v -0.100000 -0.965746 2.863130
v -0.100000 -0.865746 2.863130
v 0.100000 -1.165746 2.863130
v 0.100000 -1.065746 2.863130
v 0.100000 -0.965746 2.863130
v 0.100000 -0.865746 2.863130
v 0.200000 -1.065746 2.863130
v 0.200000 -0.965746 2.863130
v -0.400000 0.034254 2.463130
v -0.400000 0.234254 2.463130
v -0.300000 0.034254 2.463130
v -0.300000 0.234254 2.463130
v -0.300000 0.334254 2.463130
v -0.200000 0.234254 2.463130
v -0.200000 0.334254 2.463130
v -0.200000 0.434254 2.463130
v 0.200000 0.234254 2.463130
v 0.200000 0.334254 2.463130
v 0.200000 0.434254 2.463130
v 0.300000 0.034254 2.463130
v 0.300000 0.234254 2.463130
v 0.300000 0.334254 2.463130
v 0.400000 0.034254 2.463130
v 0.400000 0.234254 2.463130
v -0.200000 -0.465746 2.363130
v -0.200000 -0.365746 2.363130
v -0.100000 -1.065746 2.363130
v -0.100000 -0.965746 2.363130
v -0.100000 -0.465746 2.363130
v -0.100000 -0.365746 2.363130
v 0.100000 -1.065746 2.363130
v 0.100000 -0.965746 2.363130
v 0.100000 -0.465746 2.363130
v 0.100000 -0.365746 2.363130
v 0.200000 -0.465746 2.363130
v 0.200000 -0.365746 2.363130
v -0.100000 -0.965746 2.263130
v -0.100000 -0.765746 2.263130
v 0.100000 -0.965746 2.263130
v 0.100000 -0.765746 2.263130
v -0.600000 0.034254 2.163130
v -0.600000 0.134254 2.163130
v -0.500000 0.134254 2.163130
v -0.500000 0.234254 2.163130
v -0.400000 0.034254 2.163130
v -0.400000 0.134254 2.163130
v -0.400000 0.234254 2.163130
v -0.200000 -0.465746 2.163130
v -0.200000 -0.365746 2.163130
v -0.100000 -0.765746 2.163130
v -0.100000 -0.565746 2.163130
v -0.100000 -0.465746 2.163130
v -0.100000 0.434254 2.163130
v -0.100000 0.534254 2.163130
v 0.100000 -0.765746 2.163130
v 0.100000 -0.565746 2.163130
v 0.100000 -0.465746 2.163130
v 0.100000 0.434254 2.163130
v 0.100000 0.534254 2.163130
v 0.200000 -0.465746 2.163130
v 0.200000 -0.365746 2.163130
v 0.400000 0.034254 2.163130
v 0.400000 0.134254 2.163130
v 0.400000 0.234254 2.163130
v 0.500000 0.134254 2.163130
v 0.500000 0.234254 2.163130
v 0.600000 0.034254 2.163130
v 0.600000 0.134254 2.163130
v -0.300000 0.334254 2.063130
v -0.300000 0.434254 2.063130
v -0.200000 0.334254 2.063130
v -0.200000 0.434254 2.063130
v -0.200000 0.534254 2.063130
v -0.100000 0.434254 2.063130
v -0.100000 0.534254 2.063130
v 0.100000 0.434254 2.063130
v 0.100000 0.534254 2.063130
v 0.200000 0.334254 2.063130
v 0.200000 0.434254 2.063130
v 0.200000 0.534254 2.063130
v 0.300000 0.334254 2.063130
v 0.300000 0.434254 2.063130
v -0.800000 -0.265746 1.763130
v -0.800000 -0.165746 1.763130
v -0.700000 -0.265746 1.763130
v -0.700000 -0.165746 1.763130
v -0.600000 0.034254 1.763130
v -0.600000 0.134254 1.763130
v -0.500000 0.134254 1.763130
v -0.500000 0.234254 1.763130
v -0.400000 0.034254 1.763130
v -0.400000 0.234254 1.763130
v -0.100000 -0.565746 1.763130
v -0.100000 -0.365746 1.763130
v 0.100000 -0.565746 1.763130
v 0.100000 -0.365746 1.763130
v 0.400000 0.034254 1.763130
v 0.400000 0.234254 1.763130
v 0.500000 0.134254 1.763130
v 0.500000 0.234254 1.763130
v 0.600000 0.034254 1.763130
v 0.600000 0.134254 1.763130
v 0.700000 -0.265746 1.763130
v 0.700000 -0.165746 1.763130
v 0.800000 -0.265746 1.763130
v 0.800000 -0.165746 1.763130
v -0.900000 -0.265746 1.663130
v -0.900000 -0.165746 1.663130
v -0.900000 -0.065746 1.663130
v -0.800000 -0.265746 1.663130
v -0.800000 -0.165746 1.663130
v -0.800000 -0.065746 1.663130
v -0.800000 0.034254 1.663130
v -0.700000 -0.165746 1.663130
v -0.700000 0.034254 1.663130
v 0.700000 -0.165746 1.663130
v 0.700000 0.034254 1.663130
v 0.800000 -0.265746 1.663130
v 0.800000 -0.165746 1.663130
v 0.800000 -0.065746 1.663130
v 0.800000 0.034254 1.663130
v 0.900000 -0.265746 1.663130
v 0.900000 -0.165746 1.663130
v 0.900000 -0.065746 1.663130
v -1.400000 -0.365746 1.563130
v -1.400000 -0.265746 1.563130
v -1.400000 -0.165746 1.563130
v -1.300000 -0.365746 1.563130
v -1.300000 -0.265746 1.563130
v -1.300000 -0.165746 1.563130
v -1.000000 -0.265746 1.563130
v -1.000000 -0.165746 1.563130
v -0.900000 -0.265746 1.563130
v -0.900000 -0.165746 1.563130
v -0.700000 -0.165746 1.563130
v -0.700000 0.034254 1.563130
v -0.600000 -0.165746 1.563130
v -0.600000 0.034254 1.563130
v 0.600000 -0.165746 1.563130
v 0.600000 0.034254 1.563130
v 0.700000 -0.165746 1.563130
v 0.700000 0.034254 1.563130
v 0.900000 -0.265746 1.563130
v 0.900000 -0.165746 1.563130
v 1.000000 -0.265746 1.563130
v 1.000000 -0.165746 1.563130
v 1.300000 -0.365746 1.563130
v 1.300000 -0.265746 1.563130
v 1.300000 -0.165746 1.563130
v 1.400000 -0.365746 1.563130
v 1.400000 -0.265746 1.563130
v 1.400000 -0.165746 1.563130
v -1.300000 -0.265746 1.463130
v -1.300000 -0.165746 1.463130
v -1.200000 -0.265746 1.463130
v -1.200000 -0.165746 1.463130
v 1.200000 -0.265746 1.463130
v 1.200000 -0.165746 1.463130
v 1.300000 -0.265746 1.463130
v 1.300000 -0.165746 1.463130
v -1.200000 -0.265746 1.363130
v -1.200000 -0.165746 1.363130
v -1.100000 -0.265746 1.363130
v -1.100000 -0.165746 1.363130
v -0.200000 0.334254 1.363130
v -0.200000 0.434254 1.363130
v -0.100000 0.334254 1.363130
v -0.100000 0.434254 1.363130
v 0.100000 0.334254 1.363130
v 0.100000 0.434254 1.363130
v 0.200000 0.334254 1.363130
v 0.200000 0.434254 1.363130
v 1.100000 -0.265746 1.363130
v 1.100000 -0.165746 1.363130
v 1.200000 -0.265746 1.363130
v 1.200000 -0.165746 1.363130
v -1.500000 -0.365746 1.263130
v -1.500000 -0.265746 1.263130
v -1.400000 -0.365746 1.263130
v -1.400000 -0.265746 1.263130
v -1.100000 -0.265746 1.263130
v -1.100000 -0.165746 1.263130
v -1.000000 -0.265746 1.263130
v -1.000000 -0.165746 1.263130
v 1.000000 -0.265746 1.263130
v 1.000000 -0.165746 1.263130
v 1.100000 -0.265746 1.263130
v 1.100000 -0.165746 1.263130
v 1.400000 -0.365746 1.263130
v 1.400000 -0.265746 1.263130
v 1.500000 -0.365746 1.263130
v 1.500000 -0.265746 1.263130
v -0.400000 -0.365746 1.163130
v -0.400000 -0.165746 1.163130
v 0.400000 -0.365746 1.163130
v 0.400000 -0.165746 1.163130
v -1.600000 -0.465746 1.063130
v -1.600000 -0.365746 1.063130
v -1.500000 -0.465746 1.063130
v -1.500000 -0.365746 1.063130
v 1.500000 -0.465746 1.063130
v 1.500000 -0.365746 1.063130
v 1.600000 -0.465746 1.063130
v 1.600000 -0.365746 1.063130
v -3.800000 0.334254 0.663130
v -3.800000 0.434254 0.663130
v -3.700000 0.334254 0.663130
v -3.700000 0.434254 0.663130
v 3.700000 0.334254 0.663130
v 3.700000 0.434254 0.663130
v 3.800000 0.334254 0.663130
v 3.800000 0.434254 0.663130
v -2.900000 0.234254 0.563130
v -2.900000 0.334254 0.563130
v -2.800000 0.234254 0.563130
v -2.800000 0.334254 0.563130
v 2.800000 0.234254 0.563130
v 2.800000 0.334254 0.563130
v 2.900000 0.234254 0.563130
v 2.900000 0.334254 0.563130
v -3.000000 -0.065746 0.363130
v -3.000000 0.034254 0.363130
v -3.000000 0.234254 0.363130
v -3.000000 0.334254 0.363130
v -2.900000 -0.265746 0.363130
v -2.900000 -0.065746 0.363130
v -2.800000 -0.365746 0.363130
v -2.800000 -0.265746 0.363130
v -2.800000 0.034254 0.363130
v -2.800000 0.234254 0.363130
v -2.800000 0.334254 0.363130
v -2.700000 -0.465746 0.363130
v -2.700000 -0.365746 0.363130
v -2.700000 -0.265746 0.363130
v -2.600000 -0.465746 0.363130
v -2.600000 -0.365746 0.363130
v -2.500000 -0.465746 0.363130
v -2.500000 -0.365746 0.363130
v -2.300000 -0.465746 0.363130
v -2.300000 -0.365746 0.363130
v -2.300000 -0.265746 0.363130
v -2.200000 -0.365746 0.363130
v -2.200000 -0.265746 0.363130
v -2.200000 -0.165746 0.363130
v -2.200000 0.034254 0.363130
v -2.200000 0.134255 0.363130
v -2.000000 -0.265746 0.363130
v -2.000000 -0.165746 0.363130
v -2.000000 0.034254 0.363130
v -2.000000 0.134255 0.363130
v -1.700000 0.034254 0.363130
v -1.700000 0.134255 0.363130
v -1.600000 0.034254 0.363130
v -1.600000 0.134255 0.363130
v -0.200000 -0.665746 0.363130
v -0.200000 -0.565746 0.363130
v -0.100000 -0.665746 0.363130
v -0.100000 -0.565746 0.363130
v 0.100000 -0.665746 0.363130
v 0.100000 -0.565746 0.363130
v 0.200000 -0.665746 0.363130
v 0.200000 -0.565746 0.363130
v 1.600000 0.034254 0.363130
v 1.600000 0.134255 0.363130
v 1.700000 0.034254 0.363130
v 1.700000 0.134255 0.363130
v 2.000000 -0.265746 0.363130
v 2.000000 -0.165746 0.363130
v 2.000000 0.034254 0.363130
v 2.000000 0.134255 0.363130
v 2.200000 -0.365746 0.363130
v 2.200000 -0.265746 0.363130
v 2.200000 -0.165746 0.363130
v 2.200000 0.034254 0.363130
v 2.200000 0.134255 0.363130
v 2.300000 -0.465746 0.363130
v 2.300000 -0.365746 0.363130
v 2.300000 -0.265746 0.363130
v 2.500000 -0.465746 0.363130
v 2.500000 -0.365746 0.363130
v 2.600000 -0.465746 0.363130
v 2.600000 -0.365746 0.363130
v 2.700000 -0.465746 0.363130
v 2.700000 -0.365746 0.363130
v 2.700000 -0.265746 0.363130
v 2.800000 -0.365746 0.363130
v 2.800000 -0.265746 0.363130
v 2.800000 0.034254 0.363130
v 2.800000 0.234254 0.363130
v 2.800000 0.334254 0.363130
v 2.900000 -0.265746 0.363130
v 2.900000 -0.065746 0.363130
v 3.000000 -0.065746 0.363130
v 3.000000 0.034254 0.363130
v 3.000000 0.234254 0.363130
v 3.000000 0.334254 0.363130
v -3.800000 0.334254 0.263130
v -3.800000 0.434254 0.263130
v -3.700000 0.334254 0.263130
v -3.700000 0.434254 0.263130
v -1.000000 -0.265746 0.263130
v -1.000000 -0.165746 0.263130
v -0.900000 -0.365746 0.263130
v -0.900000 -0.265746 0.263130
v -0.900000 -0.165746 0.263130
v -0.600000 -0.365746 0.263130
v -0.600000 -0.265746 0.263130
v 0.600000 -0.365746 0.263130
v 0.600000 -0.265746 0.263130
v 0.900000 -0.365746 0.263130
v 0.900000 -0.265746 0.263130
v 0.900000 -0.165746 0.263130
v 1.000000 -0.265746 0.263130
v 1.000000 -0.165746 0.263130
v 3.700000 0.334254 0.263130
v 3.700000 0.434254 0.263130
v 3.800000 0.334254 0.263130
v 3.800000 0.434254 0.263130
v -2.700000 0.634255 0.163130
v -2.700000 0.734254 0.163130
v -2.600000 0.634255 0.163130
v -2.600000 0.734254 0.163130
v -2.500000 0.634255 0.163130
v -2.500000 0.734254 0.163130
v -2.400000 0.634255 0.163130
v -2.400000 0.734254 0.163130
v -2.200000 0.034254 0.163130
v -2.200000 0.234254 0.163130
v -2.100000 0.134255 0.163130
v -2.100000 0.234254 0.163130
v -2.000000 0.034254 0.163130
v -2.000000 0.134255 0.163130
v -0.900000 -0.265746 0.163130
v -0.900000 -0.165746 0.163130
v -0.600000 -0.265746 0.163130
v -0.600000 -0.165746 0.163130
v -0.100000 0.734254 0.163130
v -0.100000 0.834254 0.163130
v 0.100000 0.734254 0.163130
v 0.100000 0.834254 0.163130
v 0.600000 -0.265746 0.163130
v 0.600000 -0.165746 0.163130
v 0.900000 -0.265746 0.163130
v 0.900000 -0.165746 0.163130
v 2.000000 0.034254 0.163130
v 2.000000 0.134255 0.163130
v 2.100000 0.134255 0.163130
v 2.100000 0.234254 0.163130
v 2.200000 0.034254 0.163130
v 2.200000 0.234254 0.163130
v 2.400000 0.634255 0.163130
v 2.400000 0.734254 0.163130
v 2.500000 0.634255 0.163130
v 2.500000 0.734254 0.163130
v 2.600000 0.634255 0.163130
v 2.600000 0.734254 0.163130
v 2.700000 0.634255 0.163130
v 2.700000 0.734254 0.163130
v -3.800000 0.234254 0.063130
v -3.800000 0.334254 0.063130
v -3.600000 0.234254 0.063130
v -3.600000 0.334254 0.063130
v -2.200000 -0.265746 0.063130
v -2.200000 -0.165746 0.063130
v -2.000000 -0.265746 0.063130
v -2.000000 -0.165746 0.063130
v 2.000000 -0.265746 0.063130
v 2.000000 -0.165746 0.063130
v 2.200000 -0.265746 0.063130
v 2.200000 -0.165746 0.063130
v 3.600000 0.234254 0.063130
v 3.600000 0.334254 0.063130
v 3.800000 0.234254 0.063130
v 3.800000 0.334254 0.063130
v -3.900000 0.234254 -0.036870
v -3.900000 0.434254 -0.036870
v -3.800000 0.134255 -0.036870
v -3.800000 0.234254 -0.036870
v -3.800000 0.434254 -0.036870
v -3.600000 0.134255 -0.036870
v -3.500000 0.134255 -0.036870
v -3.500000 0.234254 -0.036870
v -3.100000 0.234254 -0.036870
v -3.100000 0.334254 -0.036870
v -3.000000 0.234254 -0.036870
v -3.000000 0.334254 -0.036870
v -2.700000 0.634255 -0.036870
v -2.700000 0.734254 -0.036870
v -2.600000 0.634255 -0.036870
v -2.600000 0.734254 -0.036870
v -2.500000 0.634255 -0.036870
v -2.500000 0.734254 -0.036870
v -2.400000 0.634255 -0.036870
v -2.400000 0.734254 -0.036870
v -1.600000 0.034254 -0.036870
v -1.600000 0.134255 -0.036870
v -1.500000 0.034254 -0.036870
v -1.500000 0.134255 -0.036870
v -1.400000 -0.265746 -0.036870
v -1.400000 -0.165746 -0.036870
v -1.300000 -0.265746 -0.036870
v -1.300000 -0.165746 -0.036870
v -1.200000 -0.265746 -0.036870
v -1.200000 -0.165746 -0.036870
v -1.000000 -0.265746 -0.036870
v -1.000000 -0.165746 -0.036870
v -0.600000 -0.465746 -0.036870
v -0.600000 -0.265746 -0.036870
v -0.500000 -0.565746 -0.036870
v -0.500000 -0.465746 -0.036870
v -0.400000 -0.565746 -0.036870
v -0.400000 -0.265746 -0.036870
v 0.400000 -0.565746 -0.036870
v 0.400000 -0.265746 -0.036870
v 0.500000 -0.565746 -0.036870
v 0.500000 -0.465746 -0.036870
v 0.600000 -0.465746 -0.036870
v 0.600000 -0.265746 -0.036870
v 1.000000 -0.265746 -0.036870
v 1.000000 -0.165746 -0.036870
v 1.200000 -0.265746 -0.036870
v 1.200000 -0.165746 -0.036870
v 1.300000 -0.265746 -0.036870
v 1.300000 -0.165746 -0.036870
v 1.400000 -0.265746 -0.036870
v 1.400000 -0.165746 -0.036870
v 1.500000 0.034254 -0.036870
v 1.500000 0.134255 -0.036870
v 1.600000 0.034254 -0.036870
v 1.600000 0.134255 -0.036870
v 2.400000 0.634255 -0.036870
v 2.400000 0.734254 -0.036870
v 2.500000 0.634255 -0.036870
v 2.500000 0.734254 -0.036870
v 2.600000 0.634255 -0.036870
v 2.600000 0.734254 -0.036870
v 2.700000 0.634255 -0.036870
v 2.700000 0.734254 -0.036870
v 3.000000 0.234254 -0.036870
v 3.000000 0.334254 -0.036870
v 3.100000 0.234254 -0.036870
v 3.100000 0.334254 -0.036870
v 3.500000 0.134255 -0.036870
v 3.500000 0.234254 -0.036870
v 3.600000 0.134255 -0.036870
v 3.800000 0.134255 -0.036870
v 3.800000 0.234254 -0.036870
v 3.800000 0.434254 -0.036870
v 3.900000 0.234254 -0.036870
v 3.900000 0.434254 -0.036870
v -4.000000 0.434254 -0.136870
v -4.000000 0.534254 -0.136870
v -3.900000 0.434254 -0.136870
v -3.900000 0.534254 -0.136870
v -3.600000 0.034254 -0.136870
v -3.600000 0.134255 -0.136870
v -3.500000 0.034254 -0.136870
v -3.500000 0.134255 -0.136870
v -3.500000 0.234254 -0.136870
v -3.200000 0.134255 -0.136870
v -3.200000 0.234254 -0.136870
v -3.000000 -0.065746 -0.136870
v -3.000000 0.034254 -0.136870
v -3.000000 0.234254 -0.136870
v -3.000000 0.334254 -0.136870
v -2.900000 -0.265746 -0.136870
v -2.900000 -0.065746 -0.136870
v -2.800000 -0.365746 -0.136870
v -2.800000 -0.265746 -0.136870
v -2.800000 0.034254 -0.136870
v -2.800000 0.234254 -0.136870
v -2.800000 0.334254 -0.136870
v -2.700000 -0.465746 -0.136870
v -2.700000 -0.365746 -0.136870
v -2.700000 -0.265746 -0.136870
v -2.600000 -0.465746 -0.136870
v -2.600000 -0.365746 -0.136870
v -2.600000 0.634255 -0.136870
v -2.600000 0.734254 -0.136870
v -2.500000 -0.465746 -0.136870
v -2.500000 -0.365746 -0.136870
v -2.500000 0.634255 -0.136870
v -2.500000 0.734254 -0.136870
v -2.300000 -0.465746 -0.136870
v -2.300000 -0.365746 -0.136870
v -2.300000 -0.265746 -0.136870
v -2.200000 -0.365746 -0.136870
v -2.200000 -0.265746 -0.136870
v -2.200000 -0.165746 -0.136870
v -2.200000 0.034254 -0.136870
v -2.200000 0.234254 -0.136870
v -2.100000 0.134255 -0.136870
v -2.100000 0.234254 -0.136870
v -2.000000 -0.265746 -0.136870
v -2.000000 -0.165746 -0.136870
v -2.000000 0.034254 -0.136870
v -2.000000 0.134255 -0.136870
v -1.500000 0.034254 -0.136870
v -1.500000 0.134255 -0.136870
v -1.400000 0.034254 -0.136870
v -1.400000 0.134255 -0.136870
v 1.400000 0.034254 -0.136870
v 1.400000 0.134255 -0.136870
v 1.500000 0.034254 -0.136870
v 1.500000 0.134255 -0.136870
v 2.000000 -0.265746 -0.136870
v 2.000000 -0.165746 -0.136870
v 2.000000 0.034254 -0.136870
v 2.000000 0.134255 -0.136870
v 2.100000 0.134255 -0.136870
v 2.100000 0.234254 -0.136870
v 2.200000 -0.365746 -0.136870
v 2.200000 -0.265746 -0.136870
v 2.200000 -0.165746 -0.136870
v 2.200000 0.034254 -0.136870
v 2.200000 0.234254 -0.136870
v 2.300000 -0.465746 -0.136870
v 2.300000 -0.365746 -0.136870
v 2.300000 -0.265746 -0.136870
v 2.500000 -0.465746 -0.136870
v 2.500000 -0.365746 -0.136870
v 2.500000 0.634255 -0.136870
v 2.500000 0.734254 -0.136870
v 2.600000 -0.465746 -0.136870
v 2.600000 -0.365746 -0.136870
v 2.600000 0.634255 -0.136870
v 2.600000 0.734254 -0.136870
v 2.700000 -0.465746 -0.136870
v 2.700000 -0.365746 -0.136870
v 2.700000 -0.265746 -0.136870
v 2.800000 -0.365746 -0.136870
v 2.800000 -0.265746 -0.136870
v 2.800000 0.034254 -0.136870
v 2.800000 0.234254 -0.136870
v 2.800000 0.334254 -0.136870
v 2.900000 -0.265746 -0.136870
v 2.900000 -0.065746 -0.136870
v 3.000000 -0.065746 -0.136870
v 3.000000 0.034254 -0.136870
v 3.000000 0.234254 -0.136870
v 3.000000 0.334254 -0.136870
v 3.200000 0.134255 -0.136870
v 3.200000 0.234254 -0.136870
v 3.500000 0.034254 -0.136870
v 3.500000 0.134255 -0.136870
v 3.500000 0.234254 -0.136870
v 3.600000 0.034254 -0.136870
v 3.600000 0.134255 -0.136870
v 3.900000 0.434254 -0.136870
v 3.900000 0.534254 -0.136870
v 4.000000 0.434254 -0.136870
v 4.000000 0.534254 -0.136870
v -4.000000 0.534254 -0.236870
v -4.000000 0.634255 -0.236870
v -3.900000 0.534254 -0.236870
v -3.900000 0.634255 -0.236870
v -3.500000 0.034254 -0.236870
v -3.500000 0.134255 -0.236870
v -3.200000 0.034254 -0.236870
v -3.200000 0.134255 -0.236870
v -3.200000 0.234254 -0.236870
v -3.100000 0.134255 -0.236870
v -3.100000 0.234254 -0.236870
v -2.600000 -0.565745 -0.236870
v -2.600000 -0.465746 -0.236870
v -2.600000 0.734254 -0.236870
v -2.600000 0.834255 -0.236870
v -2.500000 -0.565745 -0.236870
v -2.500000 -0.465746 -0.236870
v -2.500000 0.734254 -0.236870
v -2.500000 0.834255 -0.236870
v -1.400000 0.034254 -0.236870
v -1.400000 0.134255 -0.236870
v -1.200000 0.034254 -0.236870
v -1.100000 0.034254 -0.236870
v -1.000000 0.034254 -0.236870
v -1.000000 0.134255 -0.236870
v -0.600000 0.434254 -0.236870
v -0.600000 0.534254 -0.236870
v -0.500000 -0.565745 -0.236870
v -0.500000 -0.365746 -0.236870
v -0.500000 0.434254 -0.236870
v -0.500000 0.534254 -0.236870
v -0.400000 -0.665745 -0.236870
v -0.400000 -0.565745 -0.236870
v -0.400000 -0.365746 -0.236870
v -0.300000 -0.665745 -0.236870
v -0.300000 -0.565745 -0.236870
v -0.300000 0.634255 -0.236870
v -0.300000 0.734254 -0.236870
v -0.200000 0.634255 -0.236870
v -0.200000 0.734254 -0.236870
v 0.200000 0.634255 -0.236870
v 0.200000 0.734254 -0.236870
v 0.300000 -0.665745 -0.236870
v 0.300000 -0.565745 -0.236870
v 0.300000 0.634255 -0.236870
v 0.300000 0.734254 -0.236870
v 0.400000 -0.665745 -0.236870
v 0.400000 -0.565745 -0.236870
v 0.400000 -0.365746 -0.236870
v 0.500000 -0.565745 -0.236870
v 0.500000 -0.365746 -0.236870
v 0.500000 0.434254 -0.236870
v 0.500000 0.534254 -0.236870
v 0.600000 0.434254 -0.236870
v 0.600000 0.534254 -0.236870
v 1.000000 0.034254 -0.236870
v 1.000000 0.134255 -0.236870
v 1.100000 0.034254 -0.236870
v 1.200000 0.034254 -0.236870
v 1.400000 0.034254 -0.236870
v 1.400000 0.134255 -0.236870
v 2.500000 -0.565745 -0.236870
v 2.500000 -0.465746 -0.236870
v 2.500000 0.734254 -0.236870
v 2.500000 0.834255 -0.236870
v 2.600000 -0.565745 -0.236870
v 2.600000 -0.465746 -0.236870
v 2.600000 0.734254 -0.236870
v 2.600000 0.834255 -0.236870
v 3.100000 0.134255 -0.236870
v 3.100000 0.234254 -0.236870
v 3.200000 0.034254 -0.236870
v 3.200000 0.134255 -0.236870
v 3.200000 0.234254 -0.236870
v 3.500000 0.034254 -0.236870
v 3.500000 0.134255 -0.236870
v 3.900000 0.534254 -0.236870
v 3.900000 0.634255 -0.236870
v 4.000000 0.534254 -0.236870
v 4.000000 0.634255 -0.236870
v -3.200000 0.034254 -0.336870
v -3.200000 0.134255 -0.336870
v -3.100000 0.034254 -0.336870
v -3.100000 0.134255 -0.336870
v -3.100000 0.234254 -0.336870
v -2.800000 0.134255 -0.336870
v -2.800000 0.234254 -0.336870
v -2.600000 -0.665745 -0.336870
v -2.600000 -0.565745 -0.336870
v -2.600000 0.834255 -0.336870
v -2.600000 0.934254 -0.336870
v -2.500000 -0.665745 -0.336870
v -2.500000 -0.565745 -0.336870
v -2.500000 0.834255 -0.336870
v -2.500000 0.934254 -0.336870
v -2.200000 0.034254 -0.336870
v -2.200000 0.134255 -0.336870
v -2.000000 -0.265745 -0.336870
v -2.000000 -0.165745 -0.336870
v -2.000000 0.034254 -0.336870
v -2.000000 0.134255 -0.336870
v -1.900000 -0.265745 -0.336870
v -1.900000 -0.165745 -0.336870
v -1.900000 0.034254 -0.336870
v -1.900000 0.134255 -0.336870
v -1.500000 -0.265745 -0.336870
v -1.500000 -0.165745 -0.336870
v -0.700000 0.434254 -0.336870
v -0.700000 0.534254 -0.336870
v -0.600000 0.434254 -0.336870
v -0.600000 0.534254 -0.336870
v -0.500000 0.334255 -0.336870
v -0.500000 0.434254 -0.336870
v -0.500000 0.534254 -0.336870
v -0.400000 0.334255 -0.336870
v -0.400000 0.434254 -0.336870
v -0.400000 0.534254 -0.336870
v -0.300000 -0.765745 -0.336870
v -0.300000 -0.665745 -0.336870
v -0.200000 -0.865745 -0.336870
v -0.200000 -0.765745 -0.336870
v -0.200000 -0.665745 -0.336870
v 0.200000 -0.865745 -0.336870
v 0.200000 -0.765745 -0.336870
v 0.200000 -0.665745 -0.336870
v 0.300000 -0.765745 -0.336870
v 0.300000 -0.665745 -0.336870
v 0.400000 0.334255 -0.336870
v 0.400000 0.434254 -0.336870
v 0.400000 0.534254 -0.336870
v 0.500000 0.334255 -0.336870
v 0.500000 0.434254 -0.336870
v 0.500000 0.534254 -0.336870
v 0.600000 0.434254 -0.336870
v 0.600000 0.534254 -0.336870
v 0.700000 0.434254 -0.336870
v 0.700000 0.534254 -0.336870
v 1.500000 -0.265745 -0.336870
v 1.500000 -0.165745 -0.336870
v 1.900000 -0.265745 -0.336870
v 1.900000 -0.165745 -0.336870
v 1.900000 0.034254 -0.336870
v 1.900000 0.134255 -0.336870
v 2.000000 -0.265745 -0.336870
v 2.000000 -0.165745 -0.336870
v 2.000000 0.034254 -0.336870
v 2.000000 0.134255 -0.336870
v 2.200000 0.034254 -0.336870
v 2.200000 0.134255 -0.336870
v 2.500000 -0.665745 -0.336870
v 2.500000 -0.565745 -0.336870
v 2.500000 0.834255 -0.336870
v 2.500000 0.934254 -0.336870
v 2.600000 -0.665745 -0.336870
v 2.600000 -0.565745 -0.336870
v 2.600000 0.834255 -0.336870
v 2.600000 0.934254 -0.336870
v 2.800000 0.134255 -0.336870
v 2.800000 0.234254 -0.336870
v 3.100000 0.034254 -0.336870
v 3.100000 0.134255 -0.336870
v 3.100000 0.234254 -0.336870
v 3.200000 0.034254 -0.336870
v 3.200000 0.134255 -0.336870
v -3.100000 0.034254 -0.436870
v -3.100000 0.134255 -0.436869
v -2.800000 0.034254 -0.436870
v -2.800000 0.134255 -0.436869
v -2.600000 -0.765745 -0.436870
v -2.600000 -0.665745 -0.436870
v -2.600000 0.934254 -0.436869
v -2.600000 1.034255 -0.436869
v -2.500000 -0.765745 -0.436870
v -2.500000 -0.665745 -0.436870
v -2.500000 0.934254 -0.436869
v -2.500000 1.034255 -0.436869
v -1.900000 0.034254 -0.436870
v -1.900000 0.134255 -0.436869
v -1.800000 0.034254 -0.436870
v -1.800000 0.134255 -0.436869
v -0.400000 0.434254 -0.436869
v -0.400000 0.534254 -0.436869
v -0.400000 0.634255 -0.436869
v -0.300000 0.434254 -0.436869
v -0.300000 0.534254 -0.436869
v -0.200000 0.534254 -0.436869
v -0.200000 0.634255 -0.436869
v -0.200000 0.734254 -0.436869
v 0.200000 0.534254 -0.436869
v 0.200000 0.634255 -0.436869
v 0.200000 0.734254 -0.436869
v 0.300000 0.434254 -0.436869
v 0.300000 0.534254 -0.436869
v 0.400000 0.434254 -0.436869
v 0.400000 0.534254 -0.436869
v 0.400000 0.634255 -0.436869
v 1.800000 0.034254 -0.436870
v 1.800000 0.134255 -0.436869
v 1.900000 0.034254 -0.436870
v 1.900000 0.134255 -0.436869
v 2.500000 -0.765745 -0.436870
v 2.500000 -0.665745 -0.436870
v 2.500000 0.934254 -0.436869
v 2.500000 1.034255 -0.436869
v 2.600000 -0.765745 -0.436870
v 2.600000 -0.665745 -0.436870
v 2.600000 0.934254 -0.436869
v 2.600000 1.034255 -0.436869
v 2.800000 0.034254 -0.436870
v 2.800000 0.134255 -0.436869
v 3.100000 0.034254 -0.436870
v 3.100000 0.134255 -0.436869
v -2.700000 -0.265745 -0.536870
v -2.700000 0.534254 -0.536870
v -2.600000 -0.165745 -0.536870
v -2.600000 0.334255 -0.536870
v -2.600000 0.434255 -0.536870
v -2.400000 -0.165745 -0.536870
v -2.400000 0.334255 -0.536870
v -2.400000 0.434255 -0.536870
v -2.300000 -0.265745 -0.536870
v -2.300000 0.534254 -0.536870
v -2.200000 -0.065745 -0.536870
v -2.200000 0.034254 -0.536870
v -2.000000 -0.065745 -0.536870
v -2.000000 0.034254 -0.536870
v -1.800000 0.034254 -0.536870
v -1.800000 0.134255 -0.536870
v -1.600000 0.034254 -0.536870
v -1.600000 0.134255 -0.536870
v -0.900000 -0.365745 -0.536870
v -0.900000 -0.265745 -0.536870
v -0.500000 -0.565745 -0.536870
v -0.500000 -0.365745 -0.536870
v -0.500000 -0.265745 -0.536870
v -0.500000 0.234255 -0.536870
v -0.500000 0.334255 -0.536870
v -0.400000 -0.665745 -0.536870
v -0.400000 -0.565745 -0.536870
v -0.400000 -0.365745 -0.536870
v -0.400000 -0.265745 -0.536870
v -0.400000 0.234255 -0.536870
v -0.400000 0.334255 -0.536870
v -0.400000 0.434255 -0.536870
v -0.300000 -0.665745 -0.536870
v -0.300000 -0.565745 -0.536870
v -0.300000 0.434255 -0.536870
v -0.300000 0.534254 -0.536870
v -0.200000 0.334255 -0.536870
v -0.200000 0.434255 -0.536870
v -0.200000 0.534254 -0.536870
v -0.200000 0.634255 -0.536870
v 0.200000 0.334255 -0.536870
v 0.200000 0.434255 -0.536870
v 0.200000 0.534254 -0.536870
v 0.200000 0.634255 -0.536870
v 0.300000 -0.665745 -0.536870
v 0.300000 -0.565745 -0.536870
v 0.300000 0.434255 -0.536870
v 0.300000 0.534254 -0.536870
v 0.400000 -0.665745 -0.536870
v 0.400000 -0.565745 -0.536870
v 0.400000 -0.365745 -0.536870
v 0.400000 -0.265745 -0.536870
v 0.400000 0.234255 -0.536870
v 0.400000 0.334255 -0.536870
v 0.400000 0.434255 -0.536870
v 0.500000 -0.565745 -0.536870
v 0.500000 -0.365745 -0.536870
v 0.500000 -0.265745 -0.536870
v 0.500000 0.234255 -0.536870
v 0.500000 0.334255 -0.536870
v 0.900000 -0.365745 -0.536870
v 0.900000 -0.265745 -0.536870
v 1.600000 0.034254 -0.536870
v 1.600000 0.134255 -0.536870
v 1.800000 0.034254 -0.536870
v 1.800000 0.134255 -0.536870
v 2.000000 -0.065745 -0.536870
v 2.000000 0.034254 -0.536870
v 2.200000 -0.065745 -0.536870
v 2.200000 0.034254 -0.536870
v 2.300000 -0.265745 -0.536870
v 2.300000 0.534254 -0.536870
v 2.400000 -0.165745 -0.536870
v 2.400000 0.334255 -0.536870
v 2.400000 0.434255 -0.536870
v 2.600000 -0.165745 -0.536870
v 2.600000 0.334255 -0.536870
v 2.600000 0.434255 -0.536870
v 2.700000 -0.265745 -0.536870
v 2.700000 0.534254 -0.536870
v -2.800000 -0.265745 -0.636870
v -2.800000 0.434255 -0.636870
v -2.700000 -0.365745 -0.636870
v -2.700000 -0.265745 -0.636870
v -2.700000 0.434255 -0.636870
v -2.300000 -0.365745 -0.636870
v -2.300000 -0.265745 -0.636870
v -2.300000 0.434255 -0.636870
v -2.200000 -0.265745 -0.636870
v -2.200000 -0.165745 -0.636870
v -2.200000 -0.065745 -0.636870
v -2.200000 0.434255 -0.636870
v -2.000000 -0.165745 -0.636870
v -2.000000 -0.065745 -0.636870
v -2.000000 0.034254 -0.636870
v -1.900000 -0.065745 -0.636870
v -1.900000 0.034254 -0.636870
v -1.500000 -0.265745 -0.636870
v -1.500000 -0.165745 -0.636870
v -1.400000 -0.265745 -0.636870
v -1.400000 -0.165745 -0.636870
v -1.000000 -0.265745 -0.636870
v -1.000000 -0.165745 -0.636870
v -0.800000 0.234255 -0.636870
v -0.800000 0.434255 -0.636870
v -0.600000 -0.265745 -0.636870
v -0.600000 -0.165745 -0.636870
v -0.600000 0.034254 -0.636870
v -0.600000 0.234255 -0.636870
v -0.500000 0.234255 -0.636870
v -0.500000 0.434255 -0.636870
v -0.400000 0.034254 -0.636870
v -0.400000 0.134255 -0.636870
v -0.400000 0.234255 -0.636870
v -0.400000 0.334255 -0.636870
v -0.300000 0.134255 -0.636870
v -0.300000 0.234255 -0.636870
v -0.200000 0.234255 -0.636870
v -0.200000 0.334255 -0.636870
v -0.200000 0.434255 -0.636870
v -0.200000 0.534254 -0.636870
v 0.200000 0.234255 -0.636870
v 0.200000 0.334255 -0.636870
v 0.200000 0.434255 -0.636870
v 0.200000 0.534254 -0.636870
v 0.300000 0.134255 -0.636870
v 0.300000 0.234255 -0.636870
v 0.400000 0.034254 -0.636870
v 0.400000 0.134255 -0.636870
v 0.400000 0.234255 -0.636870
v 0.400000 0.334255 -0.636870
v 0.500000 0.234255 -0.636870
v 0.500000 0.434255 -0.636870
v 0.600000 -0.265745 -0.636870
v 0.600000 -0.165745 -0.636870
v 0.600000 0.034254 -0.636870
v 0.600000 0.234255 -0.636870
v 0.800000 0.234255 -0.636870
v 0.800000 0.434255 -0.636870
v 1.000000 -0.265745 -0.636870
v 1.000000 -0.165745 -0.636870
v 1.400000 -0.265745 -0.636870
v 1.400000 -0.165745 -0.636870
v 1.500000 -0.265745 -0.636870
v 1.500000 -0.165745 -0.636870
v 1.900000 -0.065745 -0.636870
v 1.900000 0.034254 -0.636870
v 2.000000 -0.165745 -0.636870
v 2.000000 -0.065745 -0.636870
v 2.000000 0.034254 -0.636870
v 2.200000 -0.265745 -0.636870
v 2.200000 -0.165745 -0.636870
v 2.200000 -0.065745 -0.636870
v 2.200000 0.434255 -0.636870
v 2.300000 -0.365745 -0.636870
v 2.300000 -0.265745 -0.636870
v 2.300000 0.434255 -0.636870
v 2.700000 -0.365745 -0.636870
v 2.700000 -0.265745 -0.636870
v 2.700000 0.434255 -0.636870
v 2.800000 -0.265745 -0.636870
v 2.800000 0.434255 -0.636870
v -2.000000 -0.165745 -0.736870
v -2.000000 -0.065745 -0.736870
v -1.900000 -0.165745 -0.736870
v -1.900000 -0.065745 -0.736870
v -1.900000 0.034254 -0.736870
v -1.600000 -0.065745 -0.736870
v -1.600000 0.034254 -0.736870
v -1.600000 0.134255 -0.736870
v -1.400000 -0.265745 -0.736870
v -1.400000 -0.165745 -0.736870
v -1.300000 -0.265745 -0.736870
v -1.300000 -0.165745 -0.736870
v -1.200000 -0.265745 -0.736870
v -1.200000 -0.165745 -0.736870
v -1.000000 -0.265745 -0.736870
v -1.000000 -0.165745 -0.736870
v -1.000000 0.034254 -0.736870
v -1.000000 0.134255 -0.736870
v -1.000000 0.234255 -0.736870
v -1.000000 0.334255 -0.736870
v -0.900000 0.334255 -0.736870
v -0.800000 0.234255 -0.736870
v -0.800000 0.334255 -0.736870
v 0.800000 0.234255 -0.736870
v 0.800000 0.334255 -0.736870
v 0.900000 0.334255 -0.736870
v 1.000000 -0.265745 -0.736870
v 1.000000 -0.165745 -0.736870
v 1.000000 0.034254 -0.736870
v 1.000000 0.134255 -0.736870
v 1.000000 0.234255 -0.736870
v 1.000000 0.334255 -0.736870
v 1.200000 -0.265745 -0.736870
v 1.200000 -0.165745 -0.736870
v 1.300000 -0.265745 -0.736870
v 1.300000 -0.165745 -0.736870
v 1.400000 -0.265745 -0.736870
v 1.400000 -0.165745 -0.736870
v 1.600000 -0.065745 -0.736870
v 1.600000 0.034254 -0.736870
v 1.600000 0.134255 -0.736870
v 1.900000 -0.165745 -0.736870
v 1.900000 -0.065745 -0.736870
v 1.900000 0.034254 -0.736870
v 2.000000 -0.165745 -0.736870
v 2.000000 -0.065745 -0.736870
v -2.800000 0.434255 -0.836870
v -2.800000 0.534254 -0.836870
v -2.700000 0.434255 -0.836870
v -2.700000 0.534254 -0.836870
v -2.700000 0.634255 -0.836870
v -2.300000 0.434255 -0.836870
v -2.300000 0.534254 -0.836870
v -2.300000 0.634255 -0.836870
v -2.200000 0.434255 -0.836870
v -2.200000 0.534254 -0.836870
v -1.900000 -0.165745 -0.836870
v -1.900000 -0.065745 -0.836870
v -1.600000 -0.165745 -0.836870
v -1.600000 -0.065745 -0.836870
v -1.600000 0.034254 -0.836870
v -1.500000 -0.065745 -0.836870
v -1.500000 0.034254 -0.836870
v -1.000000 0.134255 -0.836870
v -1.000000 0.234255 -0.836870
v -0.900000 0.134255 -0.836870
v -0.900000 0.234255 -0.836870
v -0.900000 0.334255 -0.836870
v -0.900000 0.434255 -0.836870
v -0.800000 0.334255 -0.836870
v -0.800000 0.434255 -0.836870
v -0.300000 -0.765745 -0.836870
v -0.300000 -0.665745 -0.836870
v -0.200000 -0.865745 -0.836870
v -0.200000 -0.765745 -0.836870
v -0.200000 -0.665745 -0.836870
v 0.200000 -0.865745 -0.836870
v 0.200000 -0.765745 -0.836870
v 0.200000 -0.665745 -0.836870
v 0.300000 -0.765745 -0.836870
v 0.300000 -0.665745 -0.836870
v 0.800000 0.334255 -0.836870
v 0.800000 0.434255 -0.836870
v 0.900000 0.134255 -0.836870
v 0.900000 0.234255 -0.836870
v 0.900000 0.334255 -0.836870
v 0.900000 0.434255 -0.836870
v 1.000000 0.134255 -0.836870
v 1.000000 0.234255 -0.836870
v 1.500000 -0.065745 -0.836870
v 1.500000 0.034254 -0.836870
v 1.600000 -0.165745 -0.836870
v 1.600000 -0.065745 -0.836870
v 1.600000 0.034254 -0.836870
v 1.900000 -0.165745 -0.836870
v 1.900000 -0.065745 -0.836870
v 2.200000 0.434255 -0.836870
v 2.200000 0.534254 -0.836870
v 2.300000 0.434255 -0.836870
v 2.300000 0.534254 -0.836870
v 2.300000 0.634255 -0.836870
v 2.700000 0.434255 -0.836870
v 2.700000 0.534254 -0.836870
v 2.700000 0.634255 -0.836870
v 2.800000 0.434255 -0.836870
v 2.800000 0.534254 -0.836870
v -1.600000 -0.165745 -0.936870
v -1.600000 -0.065745 -0.936870
v -1.500000 -0.165745 -0.936870
v -1.500000 -0.065745 -0.936870
v -1.500000 0.034254 -0.936870
v -1.000000 -0.065745 -0.936870
v -1.000000 0.034254 -0.936870
v 1.000000 -0.065745 -0.936870
v 1.000000 0.034254 -0.936870
v 1.500000 -0.165745 -0.936870
v 1.500000 -0.065745 -0.936870
v 1.500000 0.034254 -0.936870
v 1.600000 -0.165745 -0.936870
v 1.600000 -0.065745 -0.936870
v -1.500000 -0.165745 -1.036870
v -1.500000 -0.065745 -1.036870
v -1.000000 -0.165745 -1.036870
v -1.000000 -0.065745 -1.036870
v -0.300000 -0.665745 -1.036870
v -0.300000 -0.565745 -1.036870
v -0.200000 -0.665745 -1.036870
v -0.200000 -0.565745 -1.036870
v 0.200000 -0.665745 -1.036870
v 0.200000 -0.565745 -1.036870
v 0.300000 -0.665745 -1.036870
v 0.300000 -0.565745 -1.036870
v 1.000000 -0.165745 -1.036870
v 1.000000 -0.065745 -1.036870
v 1.500000 -0.165745 -1.036870
v 1.500000 -0.065745 -1.036870
v -0.200000 -0.765745 -1.136870
v -0.200000 -0.665745 -1.136870
v -0.100000 -0.765745 -1.136870
v -0.100000 -0.665745 -1.136870
v 0.100000 -0.765745 -1.136870
v 0.100000 -0.665745 -1.136870
v 0.200000 -0.765745 -1.136870
v 0.200000 -0.665745 -1.136870
v -1.000000 0.034254 -1.236870
v -1.000000 0.134255 -1.236870
v -0.900000 0.034254 -1.236870
v -0.900000 0.134255 -1.236870
v -0.900000 0.234255 -1.236870
v -0.800000 0.134255 -1.236870
v -0.800000 0.234255 -1.236870
v -0.200000 -0.665745 -1.236870
v -0.200000 -0.565745 -1.236870
v -0.100000 -0.765745 -1.236870
v -0.100000 -0.665745 -1.236870
v 0.100000 -0.765745 -1.236870
v 0.100000 -0.665745 -1.236870
v 0.200000 -0.665745 -1.236870
v 0.200000 -0.565745 -1.236870
v 0.800000 0.134255 -1.236870
v 0.800000 0.234255 -1.236870
v 0.900000 0.034254 -1.236870
v 0.900000 0.134255 -1.236870
v 0.900000 0.234255 -1.236870
v 1.000000 0.034254 -1.236870
v 1.000000 0.134255 -1.236870
v -0.400000 -0.565745 -1.436870
v -0.400000 -0.465745 -1.436870
v -0.200000 -0.565745 -1.436870
v -0.200000 -0.465745 -1.436870
v 0.200000 -0.565745 -1.436870
v 0.200000 -0.465745 -1.436870
v 0.400000 -0.565745 -1.436870
v 0.400000 -0.465745 -1.436870
v -1.000000 -0.265745 -1.536870
v -1.000000 -0.165745 -1.536870
v -1.000000 -0.065745 -1.536870
v -0.900000 -0.365745 -1.536870
v -0.900000 -0.265745 -1.536870
v -0.900000 -0.165745 -1.536870
v -0.900000 -0.065745 -1.536870
v -0.800000 -0.365745 -1.536870
v -0.800000 -0.265745 -1.536870
v -0.500000 -0.565745 -1.536870
v -0.500000 -0.465745 -1.536870
v -0.400000 -0.565745 -1.536870
v -0.400000 -0.465745 -1.536870
v -0.400000 0.434255 -1.536870
v -0.400000 0.534254 -1.536870
v -0.300000 0.434255 -1.536870
v -0.300000 0.534254 -1.536870
v 0.300000 0.434255 -1.536870
v 0.300000 0.534254 -1.536870
v 0.400000 -0.565745 -1.536870
v 0.400000 -0.465745 -1.536870
v 0.400000 0.434255 -1.536870
v 0.400000 0.534254 -1.536870
v 0.500000 -0.565745 -1.536870
v 0.500000 -0.465745 -1.536870
v 0.800000 -0.365745 -1.536870
v 0.800000 -0.265745 -1.536870
v 0.900000 -0.365745 -1.536870
v 0.900000 -0.265745 -1.536870
v 0.900000 -0.165745 -1.536870
v 0.900000 -0.065745 -1.536870
v 1.000000 -0.265745 -1.536870
v 1.000000 -0.165745 -1.536870
v 1.000000 -0.065745 -1.536870
v -0.900000 -0.265745 -1.636870
v -0.900000 -0.165745 -1.636870
v -0.900000 -0.065745 -1.636870
v -0.800000 -0.365745 -1.636870
v -0.800000 -0.265745 -1.636870
v -0.800000 -0.165745 -1.636870
v -0.800000 -0.065745 -1.636870
v -0.700000 -0.365745 -1.636870
v -0.700000 -0.265745 -1.636870
v -0.600000 -0.465745 -1.636870
v -0.600000 -0.365745 -1.636870
v -0.400000 -0.465745 -1.636870
v -0.400000 -0.365745 -1.636870
v 0.400000 -0.465745 -1.636870
v 0.400000 -0.365745 -1.636870
v 0.600000 -0.465745 -1.636870
v 0.600000 -0.365745 -1.636870
v 0.700000 -0.365745 -1.636870
v 0.700000 -0.265745 -1.636870
v 0.800000 -0.365745 -1.636870
v 0.800000 -0.265745 -1.636870
v 0.800000 -0.165745 -1.636870
v 0.800000 -0.065745 -1.636870
v 0.900000 -0.265745 -1.636870
v 0.900000 -0.165745 -1.636870
v 0.900000 -0.065745 -1.636870
v -0.400000 -0.465745 -1.736870
v -0.400000 -0.365745 -1.736870
v -0.400000 -0.165745 -1.736870
v -0.400000 -0.065745 -1.736870
v 0.400000 -0.465745 -1.736870
v 0.400000 -0.365745 -1.736870
v 0.400000 -0.165745 -1.736870
v 0.400000 -0.065745 -1.736870
v -0.900000 0.034254 -1.836870
v -0.900000 0.134255 -1.836870
v -0.800000 -0.265745 -1.836870
v -0.800000 -0.165745 -1.836870
v -0.800000 -0.065745 -1.836870
v -0.800000 0.034254 -1.836870
v -0.800000 0.134255 -1.836870
v -0.800000 0.234255 -1.836870
v -0.700000 -0.365745 -1.836870
v -0.700000 -0.265745 -1.836870
v -0.600000 -0.365745 -1.836870
v -0.600000 -0.165745 -1.836870
v -0.600000 -0.065745 -1.836870
v -0.600000 0.134255 -1.836870
v -0.600000 0.234255 -1.836870
v -0.600000 0.334255 -1.836870
v -0.500000 0.334255 -1.836870
v -0.500000 0.434255 -1.836870
v -0.400000 -0.565745 -1.836870
v -0.400000 -0.465745 -1.836870
v -0.400000 0.234255 -1.836870
v -0.400000 0.434255 -1.836870
v -0.300000 0.234255 -1.836870
v -0.300000 0.434255 -1.836870
v -0.200000 0.534254 -1.836870
v -0.200000 0.634255 -1.836870
v -0.100000 0.534254 -1.836870
v -0.100000 0.634255 -1.836870
v 0.100000 0.534254 -1.836870
v 0.100000 0.634255 -1.836870
v 0.200000 0.534254 -1.836870
v 0.200000 0.634255 -1.836870
v 0.300000 0.234255 -1.836870
v 0.300000 0.434255 -1.836870
v 0.400000 -0.565745 -1.836870
v 0.400000 -0.465745 -1.836870
v 0.400000 0.234255 -1.836870
v 0.400000 0.434255 -1.836870
v 0.500000 0.334255 -1.836870
v 0.500000 0.434255 -1.836870
v 0.600000 -0.365745 -1.836870
v 0.600000 -0.165745 -1.836870
v 0.600000 -0.065745 -1.836870
v 0.600000 0.134255 -1.836870
v 0.600000 0.234255 -1.836870
v 0.600000 0.334255 -1.836870
v 0.700000 -0.365745 -1.836870
v 0.700000 -0.265745 -1.836870
v 0.800000 -0.265745 -1.836870
v 0.800000 -0.165745 -1.836870
v 0.800000 -0.065745 -1.836870
v 0.800000 0.034254 -1.836870
v 0.800000 0.134255 -1.836870
v 0.800000 0.234255 -1.836870
v 0.900000 0.034254 -1.836870
v 0.900000 0.134255 -1.836870
v -0.800000 0.034254 -1.936870
v -0.800000 0.134255 -1.936870
v -0.600000 0.034254 -1.936870
v -0.600000 0.134255 -1.936870
v -0.500000 -0.365745 -1.936870
v -0.500000 0.134255 -1.936870
v -0.400000 -0.365745 -1.936870
v -0.400000 -0.065745 -1.936870
v -0.400000 0.034254 -1.936870
v -0.200000 0.434255 -1.936870
v -0.200000 0.534254 -1.936870
v -0.100000 0.534254 -1.936870
v -0.100000 0.634255 -1.936870
v 0.100000 0.534254 -1.936870
v 0.100000 0.634255 -1.936870
v 0.200000 0.434255 -1.936870
v 0.200000 0.534254 -1.936870
v 0.400000 -0.365745 -1.936870
v 0.400000 -0.065745 -1.936870
v 0.400000 0.034254 -1.936870
v 0.500000 -0.365745 -1.936870
v 0.500000 0.134255 -1.936870
v 0.600000 0.034254 -1.936870
v 0.600000 0.134255 -1.936870
v 0.800000 0.034254 -1.936870
v 0.800000 0.134255 -1.936870
v -0.600000 -0.365745 -2.036870
v -0.600000 -0.065745 -2.036870
v -0.600000 0.034254 -2.036870
v -0.600000 0.234255 -2.036870
v -0.500000 -0.365745 -2.036870
v -0.500000 0.134255 -2.036870
v -0.400000 0.234255 -2.036870
v -0.400000 0.434255 -2.036870
v -0.300000 0.234255 -2.036870
v -0.300000 0.434255 -2.036870
v -0.300000 0.634255 -2.036870
v -0.200000 0.434255 -2.036870
v -0.200000 0.634255 -2.036870
v 0.200000 0.434255 -2.036870
v 0.200000 0.634255 -2.036870
v 0.300000 0.234255 -2.036870
v 0.300000 0.434255 -2.036870
v 0.300000 0.634255 -2.036870
v 0.400000 0.234255 -2.036870
v 0.400000 0.434255 -2.036870
v 0.500000 -0.365745 -2.036870
v 0.500000 0.134255 -2.036870
v 0.600000 -0.365745 -2.036870
v 0.600000 -0.065745 -2.036870
v 0.600000 0.034254 -2.036870
v 0.600000 0.234255 -2.036870
v -0.700000 -0.065745 -2.136870
v -0.700000 0.034254 -2.136870
v -0.600000 -0.065745 -2.136870
v -0.600000 0.034254 -2.136870
v -0.500000 0.534254 -2.136870
v -0.500000 0.634255 -2.136870
v -0.400000 0.434255 -2.136870
v -0.400000 0.534254 -2.136870
v -0.400000 0.634255 -2.136870
v -0.300000 0.434255 -2.136870
v -0.300000 0.534254 -2.136870
v 0.300000 0.434255 -2.136870
v 0.300000 0.534254 -2.136870
v 0.400000 0.434255 -2.136870
v 0.400000 0.534254 -2.136870
v 0.400000 0.634255 -2.136870
v 0.500000 0.534254 -2.136870
v 0.500000 0.634255 -2.136870
v 0.600000 -0.065745 -2.136870
v 0.600000 0.034254 -2.136870
v 0.700000 -0.065745 -2.136870
v 0.700000 0.034254 -2.136870
v -1.300000 -0.165745 -2.236870
v -1.300000 -0.065745 -2.236870
v -1.200000 -0.165745 -2.236870
v -1.200000 -0.065745 -2.236870
v -0.800000 -0.065745 -2.236870
v -0.800000 0.034254 -2.236870
v -0.700000 -0.065745 -2.236870
v -0.700000 0.034254 -2.236870
v -0.400000 0.534254 -2.236870
v -0.400000 0.634255 -2.236870
v -0.300000 0.534254 -2.236870
v -0.300000 0.634255 -2.236870
v 0.300000 0.534254 -2.236870
v 0.300000 0.634255 -2.236870
v 0.400000 0.534254 -2.236870
v 0.400000 0.634255 -2.236870
v 0.700000 -0.065745 -2.236870
v 0.700000 0.034254 -2.236870
v 0.800000 -0.065745 -2.236870
v 0.800000 0.034254 -2.236870
v 1.200000 -0.165745 -2.236870
v 1.200000 -0.065745 -2.236870
v 1.300000 -0.165745 -2.236870
v 1.300000 -0.065745 -2.236870
v -1.400000 -0.165745 -2.336870
v -1.400000 -0.065745 -2.336870
v -1.300000 -0.165745 -2.336870
v -1.300000 -0.065745 -2.336870
v -0.900000 -0.065745 -2.336870
v -0.900000 0.034255 -2.336870
v -0.800000 -0.065745 -2.336870
v -0.800000 0.034255 -2.336870
v -0.400000 0.634255 -2.336870
v -0.400000 0.734255 -2.336870
v -0.300000 0.634255 -2.336870
v -0.300000 0.734255 -2.336870
v 0.300000 0.634255 -2.336870
v 0.300000 0.734255 -2.336870
v 0.400000 0.634255 -2.336870
v 0.400000 0.734255 -2.336870
v 0.800000 -0.065745 -2.336870
v 0.800000 0.034255 -2.336870
v 0.900000 -0.065745 -2.336870
v 0.900000 0.034255 -2.336870
v 1.300000 -0.165745 -2.336870
v 1.300000 -0.065745 -2.336870
v 1.400000 -0.165745 -2.336870
v 1.400000 -0.065745 -2.336870
v -1.200000 0.034255 -2.436870
v -1.200000 0.134255 -2.436870
v -1.100000 -0.165745 -2.436870
v -1.100000 0.034255 -2.436870
v -1.100000 0.134255 -2.436870
v -1.000000 -0.165745 -2.436870
v -1.000000 -0.065745 -2.436870
v -1.000000 0.034255 -2.436870
v -0.900000 -0.065745 -2.436870
v -0.900000 0.034255 -2.436870
v 0.900000 -0.065745 -2.436870
v 0.900000 0.034255 -2.436870
v 1.000000 -0.165745 -2.436870
v 1.000000 -0.065745 -2.436870
v 1.000000 0.034255 -2.436870
v 1.100000 -0.165745 -2.436870
v 1.100000 0.034255 -2.436870
v 1.100000 0.134255 -2.436870
v 1.200000 0.034255 -2.436870
v 1.200000 0.134255 -2.436870
v -1.500000 -0.265745 -2.536870
v -1.500000 -0.165745 -2.536870
v -1.400000 -0.265745 -2.536870
v -1.400000 -0.165745 -2.536870
v -1.200000 -0.165745 -2.536870
v -1.200000 -0.065745 -2.536870
v -1.100000 -0.165745 -2.536870
v -1.100000 -0.065745 -2.536870
v 1.100000 -0.165745 -2.536870
v 1.100000 -0.065745 -2.536870
v 1.200000 -0.165745 -2.536870
v 1.200000 -0.065745 -2.536870
v 1.400000 -0.265745 -2.536870
v 1.400000 -0.165745 -2.536870
v 1.500000 -0.265745 -2.536870
v 1.500000 -0.165745 -2.536870
v -1.900000 -0.265745 -2.636870
v -1.900000 -0.165745 -2.636870
v -1.800000 -0.265745 -2.636870
v -1.800000 -0.165745 -2.636870
v -1.600000 -0.265745 -2.636870
v -1.600000 -0.165745 -2.636870
v -1.500000 -0.265745 -2.636870
v -1.500000 -0.165745 -2.636870
v -1.200000 -0.065745 -2.636870
v -1.200000 0.034255 -2.636870
v -1.100000 -0.065745 -2.636870
v -1.100000 0.034255 -2.636870
v 1.100000 -0.065745 -2.636870
v 1.100000 0.034255 -2.636870
v 1.200000 -0.065745 -2.636870
v 1.200000 0.034255 -2.636870
v 1.500000 -0.265745 -2.636870
v 1.500000 -0.165745 -2.636870
v 1.600000 -0.265745 -2.636870
v 1.600000 -0.165745 -2.636870
v 1.800000 -0.265745 -2.636870
v 1.800000 -0.165745 -2.636870
v 1.900000 -0.265745 -2.636870
v 1.900000 -0.165745 -2.636870
v -1.700000 -0.365745 -2.736870
v -1.700000 -0.265745 -2.736870
v -1.600000 -0.365745 -2.736870
v -1.600000 -0.265745 -2.736870
v -1.300000 0.034255 -2.736870
v -1.300000 0.134255 -2.736870
v -1.200000 0.034255 -2.736870
v -1.200000 0.134255 -2.736870
v 1.200000 0.034255 -2.736870
v 1.200000 0.134255 -2.736870
v 1.300000 0.034255 -2.736870
v 1.300000 0.134255 -2.736870
v 1.600000 -0.365745 -2.736870
v 1.600000 -0.265745 -2.736870
v 1.700000 -0.365745 -2.736870
v 1.700000 -0.265745 -2.736870
v -1.900000 -0.465745 -2.836870
v -1.900000 -0.265745 -2.836870
v -1.900000 -0.165745 -2.836870
v -1.800000 -0.465745 -2.836870
v -1.800000 -0.365745 -2.836870
v -1.800000 -0.265745 -2.836870
v -1.800000 -0.165745 -2.836870
v -1.700000 -0.365745 -2.836870
v -1.700000 -0.265745 -2.836870
v -1.300000 0.134255 -2.836870
v -1.300000 0.234255 -2.836870
v -1.200000 0.134255 -2.836870
v -1.200000 0.234255 -2.836870
v 1.200000 0.134255 -2.836870
v 1.200000 0.234255 -2.836870
v 1.300000 0.134255 -2.836870
v 1.300000 0.234255 -2.836870
v 1.700000 -0.365745 -2.836870
v 1.700000 -0.265745 -2.836870
v 1.800000 -0.465745 -2.836870
v 1.800000 -0.365745 -2.836870
v 1.800000 -0.265745 -2.836870
v 1.800000 -0.165745 -2.836870
v 1.900000 -0.465745 -2.836870
v 1.900000 -0.265745 -2.836870
v 1.900000 -0.165745 -2.836870
v -2.000000 -0.565745 -2.936870
v -2.000000 -0.465745 -2.936870
v -2.000000 -0.265745 -2.936870
v -2.000000 -0.165745 -2.936870
v -1.900000 -0.565745 -2.936870
v -1.900000 -0.465745 -2.936870
v -1.900000 -0.265745 -2.936870
v -1.900000 -0.165745 -2.936870
v 1.900000 -0.565745 -2.936870
v 1.900000 -0.465745 -2.936870
v 1.900000 -0.265745 -2.936870
v 1.900000 -0.165745 -2.936870
v 2.000000 -0.565745 -2.936870
v 2.000000 -0.465745 -2.936870
v 2.000000 -0.265745 -2.936870
v 2.000000 -0.165745 -2.936870
v -2.000000 -0.665745 -3.036870
v -2.000000 -0.565745 -3.036870
v -2.000000 -0.165745 -3.036870
v -2.000000 -0.065745 -3.036870
v -1.900000 -0.665745 -3.036870
v -1.900000 -0.565745 -3.036870
v -1.900000 -0.165745 -3.036870
v -1.900000 -0.065745 -3.036870
v 1.900000 -0.665745 -3.036870
v 1.900000 -0.565745 -3.036870
v 1.900000 -0.165745 -3.036870
v 1.900000 -0.065745 -3.036870
v 2.000000 -0.665745 -3.036870
v 2.000000 -0.565745 -3.036870
v 2.000000 -0.165745 -3.036870
v 2.000000 -0.065745 -3.036870
v -0.100000 -1.165746 3.163130
v 0.100000 -1.165746 3.163130
v -0.100000 -1.165746 2.863130
v 0.100000 -1.165746 2.863130
v -0.200000 -1.065746 3.163130
v -0.100000 -1.065746 3.163130
v 0.100000 -1.065746 3.163130
v 0.200000 -1.065746 3.163130
v -0.200000 -1.065746 2.863130
v -0.100000 -1.065746 2.863130
v 0.100000 -1.065746 2.863130
v 0.200000 -1.065746 2.863130
v -0.100000 -1.065746 2.363130
v 0.100000 -1.065746 2.363130
v -0.100000 -0.965746 3.163130
v 0.100000 -0.965746 3.163130
v -0.100000 -0.965746 3.063130
v 0.100000 -0.965746 3.063130
v -0.100000 -0.965746 2.363130
v 0.100000 -0.965746 2.363130
v -0.100000 -0.965746 2.263130
v 0.100000 -0.965746 2.263130
v -0.100000 -0.865746 2.763130
v 0.100000 -0.865746 2.763130
v -0.100000 -0.865746 2.463130
v 0.100000 -0.865746 2.463130
v -0.200000 -0.865745 -0.236870
v 0.200000 -0.865745 -0.236870
v -0.200000 -0.865745 -0.336870
v 0.200000 -0.865745 -0.336870
v -0.200000 -0.865745 -0.736870
v 0.200000 -0.865745 -0.736870
v -0.200000 -0.865745 -0.836870
v 0.200000 -0.865745 -0.836870
v -0.100000 -0.765746 2.263130
v 0.100000 -0.765746 2.263130
v -0.100000 -0.765746 2.163130
v 0.100000 -0.765746 2.163130
v -0.100000 -0.765746 0.163130
v 0.100000 -0.765746 0.163130
v -2.600000 -0.765746 0.063130
v -2.500000 -0.765746 0.063130
v -0.200000 -0.765746 0.063130
v -0.100000 -0.765746 0.063130
v 0.100000 -0.765746 0.063130
v 0.200000 -0.765746 0.063130
v 2.500000 -0.765746 0.063130
v 2.600000 -0.765746 0.063130
v -0.300000 -0.765745 -0.236870
v -0.200000 -0.765745 -0.236870
v 0.200000 -0.765745 -0.236870
v 0.300000 -0.765745 -0.236870
v -0.300000 -0.765745 -0.336870
v -0.200000 -0.765745 -0.336870
v 0.200000 -0.765745 -0.336870
v 0.300000 -0.765745 -0.336870
v -2.600000 -0.765745 -0.436870
v -2.500000 -0.765745 -0.436870
v 2.500000 -0.765745 -0.436870
v 2.600000 -0.765745 -0.436870
v -0.300000 -0.765745 -0.736870
v -0.200000 -0.765745 -0.736870
v 0.200000 -0.765745 -0.736870
v 0.300000 -0.765745 -0.736870
v -0.300000 -0.765745 -0.836870
v -0.200000 -0.765745 -0.836870
v 0.200000 -0.765745 -0.836870
v 0.300000 -0.765745 -0.836870
v -0.200000 -0.765745 -1.136870
v -0.100000 -0.765745 -1.136870
v 0.100000 -0.765745 -1.136870
v 0.200000 -0.765745 -1.136870
v -0.100000 -0.765745 -1.236870
v 0.100000 -0.765745 -1.236870
v -0.200000 -0.665746 0.663130
v -0.100000 -0.665746 0.663130
v 0.100000 -0.665746 0.663130
v 0.200000 -0.665746 0.663130
v -0.200000 -0.665746 0.363130
v -0.100000 -0.665746 0.363130
v 0.100000 -0.665746 0.363130
v 0.200000 -0.665746 0.363130
v -2.600000 -0.665746 0.163130
v -2.500000 -0.665746 0.163130
v -0.200000 -0.665746 0.163130
v -0.100000 -0.665746 0.163130
v 0.100000 -0.665746 0.163130
v 0.200000 -0.665746 0.163130
v 2.500000 -0.665746 0.163130
v 2.600000 -0.665746 0.163130
v -2.600000 -0.665746 0.063130
v -2.500000 -0.665746 0.063130
v -0.200000 -0.665746 0.063130
v -0.100000 -0.665746 0.063130
v 0.100000 -0.665746 0.063130
v 0.200000 -0.665746 0.063130
v 2.500000 -0.665746 0.063130
v 2.600000 -0.665746 0.063130
v -0.300000 -0.665746 -0.036870
v -0.200000 -0.665746 -0.036870
v 0.200000 -0.665746 -0.036870
v 0.300000 -0.665746 -0.036870
v -0.400000 -0.665746 -0.136870
v -0.300000 -0.665746 -0.136870
v 0.300000 -0.665746 -0.136870
v 0.400000 -0.665746 -0.136870
v -0.400000 -0.665745 -0.236870
v -0.300000 -0.665745 -0.236870
v -0.200000 -0.665745 -0.236870
v 0.200000 -0.665745 -0.236870
v 0.300000 -0.665745 -0.236870
v 0.400000 -0.665745 -0.236870
v -0.300000 -0.665745 -0.336870
v -0.200000 -0.665745 -0.336870
v 0.200000 -0.665745 -0.336870
v 0.300000 -0.665745 -0.336870
v -0.400000 -0.665745 -0.436870
v -0.300000 -0.665745 -0.436870
v 0.300000 -0.665745 -0.436870
v 0.400000 -0.665745 -0.436870
v -0.400000 -0.665745 -0.536870
v -0.300000 -0.665745 -0.536870
v 0.300000 -0.665745 -0.536870
v 0.400000 -0.665745 -0.536870
v -0.300000 -0.665745 -0.736870
v -0.200000 -0.665745 -0.736870
v 0.200000 -0.665745 -0.736870
v 0.300000 -0.665745 -0.736870
v -0.300000 -0.665745 -0.836870
v -0.200000 -0.665745 -0.836870
v 0.200000 -0.665745 -0.836870
v 0.300000 -0.665745 -0.836870
v -0.300000 -0.665745 -1.036870
v -0.200000 -0.665745 -1.036870
v 0.200000 -0.665745 -1.036870
v 0.300000 -0.665745 -1.036870
v -0.200000 -0.665745 -1.136870
v -0.100000 -0.665745 -1.136870
v 0.100000 -0.665745 -1.136870
v 0.200000 -0.665745 -1.136870
v -0.200000 -0.665745 -1.236870
v -0.100000 -0.665745 -1.236870
v 0.100000 -0.665745 -1.236870
v 0.200000 -0.665745 -1.236870
v -2.000000 -0.665745 -2.536870
v -1.900000 -0.665745 -2.536870
v 1.900000 -0.665745 -2.536870
v 2.000000 -0.665745 -2.536870
v -2.000000 -0.665745 -3.036870
v -1.900000 -0.665745 -3.036870
v 1.900000 -0.665745 -3.036870
v 2.000000 -0.665745 -3.036870
v -0.100000 -0.565746 2.163130
v 0.100000 -0.565746 2.163130
v -0.100000 -0.565746 1.763130
v 0.100000 -0.565746 1.763130
v -0.400000 -0.565746 0.563130
v -0.200000 -0.565746 0.563130
v -0.100000 -0.565746 0.563130
v 0.100000 -0.565746 0.563130
v 0.200000 -0.565746 0.563130
v 0.400000 -0.565746 0.563130
v -0.200000 -0.565746 0.363130
v -0.100000 -0.565746 0.363130
v 0.100000 -0.565746 0.363130
v 0.200000 -0.565746 0.363130
v -2.600000 -0.565746 0.263130
v -2.500000 -0.565746 0.263130
v -0.500000 -0.565746 0.263130
v -0.400000 -0.565746 0.263130
v 0.400000 -0.565746 0.263130
v 0.500000 -0.565746 0.263130
v 2.500000 -0.565746 0.263130
v 2.600000 -0.565746 0.263130
v -2.600000 -0.565746 0.163130
v -2.500000 -0.565746 0.163130
v -0.200000 -0.565746 0.163130
v 0.200000 -0.565746 0.163130
v 2.500000 -0.565746 0.163130
v 2.600000 -0.565746 0.163130
v -0.500000 -0.565746 -0.036870
v -0.400000 -0.565746 -0.036870
v -0.300000 -0.565746 -0.036870
v -0.200000 -0.565746 -0.036870
v 0.200000 -0.565746 -0.036870
v 0.300000 -0.565746 -0.036870
v 0.400000 -0.565746 -0.036870
v 0.500000 -0.565746 -0.036870
v -0.500000 -0.565746 -0.136870
v -0.400000 -0.565746 -0.136870
v -0.300000 -0.565746 -0.136870
v 0.300000 -0.565746 -0.136870
v 0.400000 -0.565746 -0.136870
v 0.500000 -0.565746 -0.136870
v -0.500000 -0.565745 -0.236870
v -0.400000 -0.565745 -0.236870
v -0.300000 -0.565745 -0.236870
v 0.300000 -0.565745 -0.236870
v 0.400000 -0.565745 -0.236870
v 0.500000 -0.565745 -0.236870
v -0.500000 -0.565745 -0.436870
v -0.400000 -0.565745 -0.436870
v -0.300000 -0.565745 -0.436870
v 0.300000 -0.565745 -0.436870
v 0.400000 -0.565745 -0.436870
v 0.500000 -0.565745 -0.436870
v -0.500000 -0.565745 -0.536870
v -0.400000 -0.565745 -0.536870
v -0.300000 -0.565745 -0.536870
v 0.300000 -0.565745 -0.536870
v 0.400000 -0.565745 -0.536870
v 0.500000 -0.565745 -0.536870
v -0.500000 -0.565745 -0.636870
v -0.400000 -0.565745 -0.636870
v 0.400000 -0.565745 -0.636870
v 0.500000 -0.565745 -0.636870
v -0.300000 -0.565745 -1.036870
v -0.200000 -0.565745 -1.036870
v 0.200000 -0.565745 -1.036870
v 0.300000 -0.565745 -1.036870
v -0.200000 -0.565745 -1.236870
v 0.200000 -0.565745 -1.236870
v -0.400000 -0.565745 -1.436870
v -0.200000 -0.565745 -1.436870
v 0.200000 -0.565745 -1.436870
v 0.400000 -0.565745 -1.436870
v -0.500000 -0.565745 -1.536870
v -0.400000 -0.565745 -1.536870
v 0.400000 -0.565745 -1.536870
v 0.500000 -0.565745 -1.536870
v -0.400000 -0.565745 -1.636870
v -0.200000 -0.565745 -1.636870
v 0.200000 -0.565745 -1.636870
v 0.400000 -0.565745 -1.636870
v -0.400000 -0.565745 -1.836870
v 0.400000 -0.565745 -1.836870
v -2.000000 -0.565745 -2.436870
v -1.900000 -0.565745 -2.436870
v 1.900000 -0.565745 -2.436870
v 2.000000 -0.565745 -2.436870
v -2.000000 -0.565745 -2.536870
v -1.900000 -0.565745 -2.536870
v 1.900000 -0.565745 -2.536870
v 2.000000 -0.565745 -2.536870
v -0.200000 -0.465746 3.163130
v 0.200000 -0.465746 3.163130
v -0.200000 -0.465746 3.063130
v 0.200000 -0.465746 3.063130
v -0.200000 -0.465746 2.463130
v -0.100000 -0.465746 2.463130
v 0.100000 -0.465746 2.463130
v 0.200000 -0.465746 2.463130
v -0.200000 -0.465746 2.363130
v -0.100000 -0.465746 2.363130
v 0.100000 -0.465746 2.363130
v 0.200000 -0.465746 2.363130
v -0.200000 -0.465746 2.263130
v -0.100000 -0.465746 2.263130
v 0.100000 -0.465746 2.263130
v 0.200000 -0.465746 2.263130
v -0.200000 -0.465746 2.163130
v -0.100000 -0.465746 2.163130
v 0.100000 -0.465746 2.163130
v 0.200000 -0.465746 2.163130
v -1.600000 -0.465746 1.563130
v -1.500000 -0.465746 1.563130
v 1.500000 -0.465746 1.563130
v 1.600000 -0.465746 1.563130
v -1.600000 -0.465746 1.063130
v -1.500000 -0.465746 1.063130
v 1.500000 -0.465746 1.063130
v 1.600000 -0.465746 1.063130
v -0.100000 -0.465746 0.663130
v 0.100000 -0.465746 0.663130
v -0.100000 -0.465746 0.563130
v 0.100000 -0.465746 0.563130
v -2.700000 -0.465746 0.463130
v -2.300000 -0.465746 0.463130
v 2.300000 -0.465746 0.463130
v 2.700000 -0.465746 0.463130
v -2.700000 -0.465746 0.363130
v -2.600000 -0.465746 0.363130
v -2.500000 -0.465746 0.363130
v -2.300000 -0.465746 0.363130
v -0.500000 -0.465746 0.363130
v -0.400000 -0.465746 0.363130
v 0.400000 -0.465746 0.363130
v 0.500000 -0.465746 0.363130
v 2.300000 -0.465746 0.363130
v 2.500000 -0.465746 0.363130
v 2.600000 -0.465746 0.363130
v 2.700000 -0.465746 0.363130
v -2.600000 -0.465746 0.263130
v -2.500000 -0.465746 0.263130
v -0.600000 -0.465746 0.263130
v -0.500000 -0.465746 0.263130
v -0.400000 -0.465746 0.263130
v 0.400000 -0.465746 0.263130
v 0.500000 -0.465746 0.263130
v 0.600000 -0.465746 0.263130
v 2.500000 -0.465746 0.263130
v 2.600000 -0.465746 0.263130
v -2.700000 -0.465746 -0.036870
v -2.600000 -0.465746 -0.036870
v -2.500000 -0.465746 -0.036870
v -2.300000 -0.465746 -0.036870
v -0.600000 -0.465746 -0.036870
v -0.500000 -0.465746 -0.036870
v 0.500000 -0.465746 -0.036870
v 0.600000 -0.465746 -0.036870
v 2.300000 -0.465746 -0.036870
v 2.500000 -0.465746 -0.036870
v 2.600000 -0.465746 -0.036870
v 2.700000 -0.465746 -0.036870
v -2.700000 -0.465746 -0.136870
v -2.600000 -0.465746 -0.136870
v -2.500000 -0.465746 -0.136870
v -2.300000 -0.465746 -0.136870
v 2.300000 -0.465746 -0.136870
v 2.500000 -0.465746 -0.136870
v 2.600000 -0.465746 -0.136870
v 2.700000 -0.465746 -0.136870
v -0.600000 -0.465745 -0.636870
v -0.500000 -0.465745 -0.636870
v 0.500000 -0.465745 -0.636870
v 0.600000 -0.465745 -0.636870
v -0.400000 -0.465745 -1.436870
v -0.200000 -0.465745 -1.436870
v 0.200000 -0.465745 -1.436870
v 0.400000 -0.465745 -1.436870
v -0.500000 -0.465745 -1.536870
v -0.400000 -0.465745 -1.536870
v 0.400000 -0.465745 -1.536870
v 0.500000 -0.465745 -1.536870
v -0.600000 -0.465745 -1.636870
v -0.400000 -0.465745 -1.636870
v -0.200000 -0.465745 -1.636870
v 0.200000 -0.465745 -1.636870
v 0.400000 -0.465745 -1.636870
v 0.600000 -0.465745 -1.636870
v -1.900000 -0.465745 -2.236870
v -1.800000 -0.465745 -2.236870
v 1.800000 -0.465745 -2.236870
v 1.900000 -0.465745 -2.236870
v -1.900000 -0.465745 -2.436870
v 1.900000 -0.465745 -2.436870
v -1.900000 -0.465745 -2.836870
v -1.800000 -0.465745 -2.836870
v 1.800000 -0.465745 -2.836870
v 1.900000 -0.465745 -2.836870
v -0.200000 -0.365746 3.563130
v 0.200000 -0.365746 3.563130
v -0.300000 -0.365746 3.163130
v -0.200000 -0.365746 3.163130
v 0.200000 -0.365746 3.163130
v 0.300000 -0.365746 3.163130
v -0.300000 -0.365746 3.063130
v -0.200000 -0.365746 3.063130
v 0.200000 -0.365746 3.063130
v 0.300000 -0.365746 3.063130
v -0.400000 -0.365746 2.563130
v -0.200000 -0.365746 2.563130
v -0.100000 -0.365746 2.563130
v 0.100000 -0.365746 2.563130
v 0.200000 -0.365746 2.563130
v 0.400000 -0.365746 2.563130
v -0.200000 -0.365746 2.463130
v -0.100000 -0.365746 2.463130
v 0.100000 -0.365746 2.463130
v 0.200000 -0.365746 2.463130
v -0.200000 -0.365746 2.363130
v -0.100000 -0.365746 2.363130
v 0.100000 -0.365746 2.363130
v 0.200000 -0.365746 2.363130
v -0.200000 -0.365746 2.263130
v -0.100000 -0.365746 2.263130
v 0.100000 -0.365746 2.263130
v 0.200000 -0.365746 2.263130
v -0.200000 -0.365746 2.163130
v 0.200000 -0.365746 2.163130
v -0.100000 -0.365746 1.863130
v 0.100000 -0.365746 1.863130
v -1.500000 -0.365746 1.763130
v -1.300000 -0.365746 1.763130
v -0.100000 -0.365746 1.763130
v 0.100000 -0.365746 1.763130
v 1.300000 -0.365746 1.763130
v 1.500000 -0.365746 1.763130
v -1.500000 -0.365746 1.563130
v -1.400000 -0.365746 1.563130
v -1.300000 -0.365746 1.563130
v 1.300000 -0.365746 1.563130
v 1.400000 -0.365746 1.563130
v 1.500000 -0.365746 1.563130
v -0.600000 -0.365746 1.363130
v -0.400000 -0.365746 1.363130
v 0.400000 -0.365746 1.363130
v 0.600000 -0.365746 1.363130
v -1.500000 -0.365746 1.263130
v -1.400000 -0.365746 1.263130
v 1.400000 -0.365746 1.263130
v 1.500000 -0.365746 1.263130
v -0.400000 -0.365746 1.163130
v 0.400000 -0.365746 1.163130
v -2.700000 -0.365746 0.763130
v -2.300000 -0.365746 0.763130
v -0.200000 -0.365746 0.763130
v 0.200000 -0.365746 0.763130
v 2.300000 -0.365746 0.763130
v 2.700000 -0.365746 0.763130
v -0.300000 -0.365746 0.663130
v -0.200000 -0.365746 0.663130
v 0.200000 -0.365746 0.663130
v 0.300000 -0.365746 0.663130
v -0.800000 -0.365746 0.563130
v -0.600000 -0.365746 0.563130
v -0.400000 -0.365746 0.563130
v -0.300000 -0.365746 0.563130
v -0.200000 -0.365746 0.563130
v 0.200000 -0.365746 0.563130
v 0.300000 -0.365746 0.563130
v 0.400000 -0.365746 0.563130
v 0.600000 -0.365746 0.563130
v 0.800000 -0.365746 0.563130
v -2.800000 -0.365746 0.463130
v -2.700000 -0.365746 0.463130
v -2.300000 -0.365746 0.463130
v -2.200000 -0.365746 0.463130
v -0.900000 -0.365746 0.463130
v -0.800000 -0.365746 0.463130
v 0.800000 -0.365746 0.463130
v 0.900000 -0.365746 0.463130
v 2.200000 -0.365746 0.463130
v 2.300000 -0.365746 0.463130
v 2.700000 -0.365746 0.463130
v 2.800000 -0.365746 0.463130
v -2.800000 -0.365746 0.363130
v -2.700000 -0.365746 0.363130
v -2.600000 -0.365746 0.363130
v -2.500000 -0.365746 0.363130
v -2.300000 -0.365746 0.363130
v -2.200000 -0.365746 0.363130
v -0.500000 -0.365746 0.363130
v -0.400000 -0.365746 0.363130
v 0.400000 -0.365746 0.363130
v 0.500000 -0.365746 0.363130
v 2.200000 -0.365746 0.363130
v 2.300000 -0.365746 0.363130
v 2.500000 -0.365746 0.363130
v 2.600000 -0.365746 0.363130
v 2.700000 -0.365746 0.363130
v 2.800000 -0.365746 0.363130
v -0.900000 -0.365746 0.263130
v -0.600000 -0.365746 0.263130
v -0.500000 -0.365746 0.263130
v 0.500000 -0.365746 0.263130
v 0.600000 -0.365746 0.263130
v 0.900000 -0.365746 0.263130
v -2.800000 -0.365746 -0.036870
v -2.700000 -0.365746 -0.036870
v -2.600000 -0.365746 -0.036870
v -2.500000 -0.365746 -0.036870
v -2.300000 -0.365746 -0.036870
v -2.200000 -0.365746 -0.036870
v 2.200000 -0.365746 -0.036870
v 2.300000 -0.365746 -0.036870
v 2.500000 -0.365746 -0.036870
v 2.600000 -0.365746 -0.036870
v 2.700000 -0.365746 -0.036870
v 2.800000 -0.365746 -0.036870
v -2.800000 -0.365746 -0.136870
v -2.700000 -0.365746 -0.136870
v -2.600000 -0.365746 -0.136870
v -2.500000 -0.365746 -0.136870
v -2.300000 -0.365746 -0.136870
v -2.200000 -0.365746 -0.136870
v -0.900000 -0.365746 -0.136870
v -0.500000 -0.365746 -0.136870
v 0.500000 -0.365746 -0.136870
v 0.900000 -0.365746 -0.136870
v 2.200000 -0.365746 -0.136870
v 2.300000 -0.365746 -0.136870
v 2.500000 -0.365746 -0.136870
v 2.600000 -0.365746 -0.136870
v 2.700000 -0.365746 -0.136870
v 2.800000 -0.365746 -0.136870
v -0.500000 -0.365746 -0.236870
v -0.400000 -0.365746 -0.236870
v 0.400000 -0.365746 -0.236870
v 0.500000 -0.365746 -0.236870
v -0.500000 -0.365745 -0.436870
v -0.400000 -0.365745 -0.436870
v 0.400000 -0.365745 -0.436870
v 0.500000 -0.365745 -0.436870
v -0.900000 -0.365745 -0.536870
v -0.500000 -0.365745 -0.536870
v 0.500000 -0.365745 -0.536870
v 0.900000 -0.365745 -0.536870
v -2.700000 -0.365745 -0.636870
v -2.300000 -0.365745 -0.636870
v 2.300000 -0.365745 -0.636870
v 2.700000 -0.365745 -0.636870
v -0.900000 -0.365745 -0.936870
v -0.600000 -0.365745 -0.936870
v 0.600000 -0.365745 -0.936870
v 0.900000 -0.365745 -0.936870
v -0.900000 -0.365745 -1.536870
v -0.800000 -0.365745 -1.536870
v 0.800000 -0.365745 -1.536870
v 0.900000 -0.365745 -1.536870
v -0.800000 -0.365745 -1.636870
v -0.700000 -0.365745 -1.636870
v -0.600000 -0.365745 -1.636870
v -0.400000 -0.365745 -1.636870
v 0.400000 -0.365745 -1.636870
v 0.600000 -0.365745 -1.636870
v 0.700000 -0.365745 -1.636870
v 0.800000 -0.365745 -1.636870
v -0.400000 -0.365745 -1.736870
v 0.400000 -0.365745 -1.736870
v -0.700000 -0.365745 -1.836870
v -0.600000 -0.365745 -1.836870
v 0.600000 -0.365745 -1.836870
v 0.700000 -0.365745 -1.836870
v -0.500000 -0.365745 -1.936870
v -0.400000 -0.365745 -1.936870
v 0.400000 -0.365745 -1.936870
v 0.500000 -0.365745 -1.936870
v -1.700000 -0.365745 -2.036870
v -1.600000 -0.365745 -2.036870
v -0.600000 -0.365745 -2.036870
v -0.500000 -0.365745 -2.036870
v 0.500000 -0.365745 -2.036870
v 0.600000 -0.365745 -2.036870
v 1.600000 -0.365745 -2.036870
v 1.700000 -0.365745 -2.036870
v -1.800000 -0.365745 -2.136870
v -1.700000 -0.365745 -2.136870
v 1.700000 -0.365745 -2.136870
v 1.800000 -0.365745 -2.136870
v -1.800000 -0.365745 -2.236870
v 1.800000 -0.365745 -2.236870
v -1.700000 -0.365745 -2.736870
v -1.600000 -0.365745 -2.736870
v 1.600000 -0.365745 -2.736870
v 1.700000 -0.365745 -2.736870
v -1.800000 -0.365745 -2.836870
v -1.700000 -0.365745 -2.836870
v 1.700000 -0.365745 -2.836870
v 1.800000 -0.365745 -2.836870
v -0.200000 -0.265746 3.663130
v 0.200000 -0.265746 3.663130
v -0.300000 -0.265746 3.563130
v -0.200000 -0.265746 3.563130
v 0.200000 -0.265746 3.563130
v 0.300000 -0.265746 3.563130
v -0.400000 -0.265746 3.163130
v -0.300000 -0.265746 3.163130
v -0.200000 -0.265746 3.163130
v 0.200000 -0.265746 3.163130
v 0.300000 -0.265746 3.163130
v 0.400000 -0.265746 3.163130
v -0.400000 -0.265746 3.063130
v -0.300000 -0.265746 3.063130
v -0.200000 -0.265746 3.063130
v 0.200000 -0.265746 3.063130
v 0.300000 -0.265746 3.063130
v 0.400000 -0.265746 3.063130
v -0.300000 -0.265746 2.863130
v -0.200000 -0.265746 2.863130
v 0.200000 -0.265746 2.863130
v 0.300000 -0.265746 2.863130
v -0.300000 -0.265746 2.563130
v -0.200000 -0.265746 2.563130
v 0.200000 -0.265746 2.563130
v 0.300000 -0.265746 2.563130
v -0.500000 -0.265746 2.463130
v -0.400000 -0.265746 2.463130
v 0.400000 -0.265746 2.463130
v 0.500000 -0.265746 2.463130
v -0.900000 -0.265746 2.163130
v -0.700000 -0.265746 2.163130
v 0.700000 -0.265746 2.163130
v 0.900000 -0.265746 2.163130
v -1.000000 -0.265746 2.063130
v -0.900000 -0.265746 2.063130
v 0.900000 -0.265746 2.063130
v 1.000000 -0.265746 2.063130
v -1.300000 -0.265746 1.963130
v -1.000000 -0.265746 1.963130
v 1.000000 -0.265746 1.963130
v 1.300000 -0.265746 1.963130
v -1.400000 -0.265746 1.863130
v -1.300000 -0.265746 1.863130
v 1.300000 -0.265746 1.863130
v 1.400000 -0.265746 1.863130
v -1.400000 -0.265746 1.763130
v -1.300000 -0.265746 1.763130
v -0.800000 -0.265746 1.763130
v -0.700000 -0.265746 1.763130
v 0.700000 -0.265746 1.763130
v 0.800000 -0.265746 1.763130
v 1.300000 -0.265746 1.763130
v 1.400000 -0.265746 1.763130
v -0.900000 -0.265746 1.663130
v -0.800000 -0.265746 1.663130
v 0.800000 -0.265746 1.663130
v 0.900000 -0.265746 1.663130
v -1.300000 -0.265746 1.563130
v -1.000000 -0.265746 1.563130
v -0.900000 -0.265746 1.563130
v 0.900000 -0.265746 1.563130
v 1.000000 -0.265746 1.563130
v 1.300000 -0.265746 1.563130
v -1.300000 -0.265746 1.463130
v -1.200000 -0.265746 1.463130
v 1.200000 -0.265746 1.463130
v 1.300000 -0.265746 1.463130
v -1.200000 -0.265746 1.363130
v -1.100000 -0.265746 1.363130
v -0.500000 -0.265746 1.363130
v -0.400000 -0.265746 1.363130
v 0.400000 -0.265746 1.363130
v 0.500000 -0.265746 1.363130
v 1.100000 -0.265746 1.363130
v 1.200000 -0.265746 1.363130
v -1.100000 -0.265746 1.263130
v -1.000000 -0.265746 1.263130
v 1.000000 -0.265746 1.263130
v 1.100000 -0.265746 1.263130
v -2.800000 -0.265746 0.763130
v -2.700000 -0.265746 0.763130
v -2.300000 -0.265746 0.763130
v -2.200000 -0.265746 0.763130
v 2.200000 -0.265746 0.763130
v 2.300000 -0.265746 0.763130
v 2.700000 -0.265746 0.763130
v 2.800000 -0.265746 0.763130
v -1.000000 -0.265746 0.563130
v -0.800000 -0.265746 0.563130
v 0.800000 -0.265746 0.563130
v 1.000000 -0.265746 0.563130
v -2.900000 -0.265746 0.463130
v -2.800000 -0.265746 0.463130
v -2.700000 -0.265746 0.463130
v -2.300000 -0.265746 0.463130
v -2.200000 -0.265746 0.463130
v -2.000000 -0.265746 0.463130
v -0.900000 -0.265746 0.463130
v -0.800000 -0.265746 0.463130
v 0.800000 -0.265746 0.463130
v 0.900000 -0.265746 0.463130
v 2.000000 -0.265746 0.463130
v 2.200000 -0.265746 0.463130
v 2.300000 -0.265746 0.463130
v 2.700000 -0.265746 0.463130
v 2.800000 -0.265746 0.463130
v 2.900000 -0.265746 0.463130
v -2.900000 -0.265746 0.363130
v -2.800000 -0.265746 0.363130
v -2.700000 -0.265746 0.363130
v -2.300000 -0.265746 0.363130
v -2.200000 -0.265746 0.363130
v -2.000000 -0.265746 0.363130
v 2.000000 -0.265746 0.363130
v 2.200000 -0.265746 0.363130
v 2.300000 -0.265746 0.363130
v 2.700000 -0.265746 0.363130
v 2.800000 -0.265746 0.363130
v 2.900000 -0.265746 0.363130
v -1.000000 -0.265746 0.263130
v -0.900000 -0.265746 0.263130
v -0.600000 -0.265746 0.263130
v 0.600000 -0.265746 0.263130
v 0.900000 -0.265746 0.263130
v 1.000000 -0.265746 0.263130
v -2.200000 -0.265746 0.163130
v -1.900000 -0.265746 0.163130
v -0.900000 -0.265746 0.163130
v -0.600000 -0.265746 0.163130
v 0.600000 -0.265746 0.163130
v 0.900000 -0.265746 0.163130
v 1.900000 -0.265746 0.163130
v 2.200000 -0.265746 0.163130
v -2.200000 -0.265746 0.063130
v -2.000000 -0.265746 0.063130
v -1.900000 -0.265746 0.063130
v -1.400000 -0.265746 0.063130
v -1.300000 -0.265746 0.063130
v -1.200000 -0.265746 0.063130
v -1.000000 -0.265746 0.063130
v 1.000000 -0.265746 0.063130
v 1.200000 -0.265746 0.063130
v 1.300000 -0.265746 0.063130
v 1.400000 -0.265746 0.063130
v 1.900000 -0.265746 0.063130
v 2.000000 -0.265746 0.063130
v 2.200000 -0.265746 0.063130
v -2.900000 -0.265746 -0.036870
v -2.800000 -0.265746 -0.036870
v -2.700000 -0.265746 -0.036870
v -2.300000 -0.265746 -0.036870
v -2.200000 -0.265746 -0.036870
v -2.000000 -0.265746 -0.036870
v -1.500000 -0.265746 -0.036870
v -1.400000 -0.265746 -0.036870
v -1.300000 -0.265746 -0.036870
v -1.200000 -0.265746 -0.036870
v -1.000000 -0.265746 -0.036870
v -0.600000 -0.265746 -0.036870
v -0.400000 -0.265746 -0.036870
v 0.400000 -0.265746 -0.036870
v 0.600000 -0.265746 -0.036870
v 1.000000 -0.265746 -0.036870
v 1.200000 -0.265746 -0.036870
v 1.300000 -0.265746 -0.036870
v 1.400000 -0.265746 -0.036870
v 1.500000 -0.265746 -0.036870
v 2.000000 -0.265746 -0.036870
v 2.200000 -0.265746 -0.036870
v 2.300000 -0.265746 -0.036870
v 2.700000 -0.265746 -0.036870
v 2.800000 -0.265746 -0.036870
v 2.900000 -0.265746 -0.036870
v -2.900000 -0.265746 -0.136870
v -2.800000 -0.265746 -0.136870
v -2.700000 -0.265746 -0.136870
v -2.300000 -0.265746 -0.136870
v -2.200000 -0.265746 -0.136870
v -2.000000 -0.265746 -0.136870
v -0.900000 -0.265746 -0.136870
v -0.500000 -0.265746 -0.136870
v -0.400000 -0.265746 -0.136870
v 0.400000 -0.265746 -0.136870
v 0.500000 -0.265746 -0.136870
v 0.900000 -0.265746 -0.136870
v 2.000000 -0.265746 -0.136870
v 2.200000 -0.265746 -0.136870
v 2.300000 -0.265746 -0.136870
v 2.700000 -0.265746 -0.136870
v 2.800000 -0.265746 -0.136870
v 2.900000 -0.265746 -0.136870
v -2.000000 -0.265746 -0.236870
v -1.900000 -0.265746 -0.236870
v -1.500000 -0.265746 -0.236870
v -1.400000 -0.265746 -0.236870
v 1.400000 -0.265746 -0.236870
v 1.500000 -0.265746 -0.236870
v 1.900000 -0.265746 -0.236870
v 2.000000 -0.265746 -0.236870
v -2.000000 -0.265745 -0.336870
v -1.900000 -0.265745 -0.336870
v -1.500000 -0.265745 -0.336870
v -1.400000 -0.265745 -0.336870
v 1.400000 -0.265745 -0.336870
v 1.500000 -0.265745 -0.336870
v 1.900000 -0.265745 -0.336870
v 2.000000 -0.265745 -0.336870
v -0.900000 -0.265745 -0.536870
v -0.500000 -0.265745 -0.536870
v -0.400000 -0.265745 -0.536870
v 0.400000 -0.265745 -0.536870
v 0.500000 -0.265745 -0.536870
v 0.900000 -0.265745 -0.536870
v -2.800000 -0.265745 -0.636870
v -2.700000 -0.265745 -0.636870
v -2.300000 -0.265745 -0.636870
v -2.200000 -0.265745 -0.636870
v -1.500000 -0.265745 -0.636870
v -1.400000 -0.265745 -0.636870
v -1.300000 -0.265745 -0.636870
v -1.200000 -0.265745 -0.636870
v -1.000000 -0.265745 -0.636870
v -0.600000 -0.265745 -0.636870
v -0.400000 -0.265745 -0.636870
v 0.400000 -0.265745 -0.636870
v 0.600000 -0.265745 -0.636870
v 1.000000 -0.265745 -0.636870
v 1.200000 -0.265745 -0.636870
v 1.300000 -0.265745 -0.636870
v 1.400000 -0.265745 -0.636870
v 1.500000 -0.265745 -0.636870
v 2.200000 -0.265745 -0.636870
v 2.300000 -0.265745 -0.636870
v 2.700000 -0.265745 -0.636870
v 2.800000 -0.265745 -0.636870
v -1.400000 -0.265745 -0.736870
v -1.300000 -0.265745 -0.736870
v -1.200000 -0.265745 -0.736870
v -1.000000 -0.265745 -0.736870
v 1.000000 -0.265745 -0.736870
v 1.200000 -0.265745 -0.736870
v 1.300000 -0.265745 -0.736870
v 1.400000 -0.265745 -0.736870
v -0.900000 -0.265745 -0.836870
v -0.600000 -0.265745 -0.836870
v 0.600000 -0.265745 -0.836870
v 0.900000 -0.265745 -0.836870
v -1.000000 -0.265745 -0.936870
v -0.900000 -0.265745 -0.936870
v -0.600000 -0.265745 -0.936870
v 0.600000 -0.265745 -0.936870
v 0.900000 -0.265745 -0.936870
v 1.000000 -0.265745 -0.936870
v -1.000000 -0.265745 -1.536870
v -0.900000 -0.265745 -1.536870
v -0.800000 -0.265745 -1.536870
v 0.800000 -0.265745 -1.536870
v 0.900000 -0.265745 -1.536870
v 1.000000 -0.265745 -1.536870
v -0.900000 -0.265745 -1.636870
v -0.800000 -0.265745 -1.636870
v -0.700000 -0.265745 -1.636870
v 0.700000 -0.265745 -1.636870
v 0.800000 -0.265745 -1.636870
v 0.900000 -0.265745 -1.636870
v -1.500000 -0.265745 -1.836870
v -1.400000 -0.265745 -1.836870
v -0.800000 -0.265745 -1.836870
v -0.700000 -0.265745 -1.836870
v 0.700000 -0.265745 -1.836870
v 0.800000 -0.265745 -1.836870
v 1.400000 -0.265745 -1.836870
v 1.500000 -0.265745 -1.836870
v -1.600000 -0.265745 -1.936870
v -1.500000 -0.265745 -1.936870
v 1.500000 -0.265745 -1.936870
v 1.600000 -0.265745 -1.936870
v -1.600000 -0.265745 -2.036870
v 1.600000 -0.265745 -2.036870
v -2.000000 -0.265745 -2.436870
v -1.900000 -0.265745 -2.436870
v 1.900000 -0.265745 -2.436870
v 2.000000 -0.265745 -2.436870
v -1.500000 -0.265745 -2.536870
v -1.400000 -0.265745 -2.536870
v 1.400000 -0.265745 -2.536870
v 1.500000 -0.265745 -2.536870
v -1.600000 -0.265745 -2.636870
v -1.500000 -0.265745 -2.636870
v 1.500000 -0.265745 -2.636870
v 1.600000 -0.265745 -2.636870
v -1.900000 -0.265745 -2.836870
v 1.900000 -0.265745 -2.836870
v -2.000000 -0.265745 -2.936870
v -1.900000 -0.265745 -2.936870
v 1.900000 -0.265745 -2.936870
v 2.000000 -0.265745 -2.936870
v -0.200000 -0.165746 3.763130
v -0.100000 -0.165746 3.763130
v 0.100000 -0.165746 3.763130
v 0.200000 -0.165746 3.763130
v -0.300000 -0.165746 3.663130
v -0.200000 -0.165746 3.663130
v -0.100000 -0.165746 3.663130
v 0.100000 -0.165746 3.663130
v 0.200000 -0.165746 3.663130
v 0.300000 -0.165746 3.663130
v -0.400000 -0.165746 3.563130
v -0.300000 -0.165746 3.563130
v -0.200000 -0.165746 3.563130
v 0.200000 -0.165746 3.563130
v 0.300000 -0.165746 3.563130
v 0.400000 -0.165746 3.563130
v -0.500000 -0.165746 3.163130
v -0.400000 -0.165746 3.163130
v -0.300000 -0.165746 3.163130
v 0.300000 -0.165746 3.163130
v 0.400000 -0.165746 3.163130
v 0.500000 -0.165746 3.163130
v -0.500000 -0.165746 3.063130
v -0.400000 -0.165746 3.063130
v -0.300000 -0.165746 3.063130
v 0.300000 -0.165746 3.063130
v 0.400000 -0.165746 3.063130
v 0.500000 -0.165746 3.063130
v -0.300000 -0.165746 2.863130
v 0.300000 -0.165746 2.863130
v -0.500000 -0.165746 2.563130
v -0.400000 -0.165746 2.563130
v -0.300000 -0.165746 2.563130
v 0.300000 -0.165746 2.563130
v 0.400000 -0.165746 2.563130
v 0.500000 -0.165746 2.563130
v -0.600000 -0.165746 2.463130
v -0.500000 -0.165746 2.463130
v -0.400000 -0.165746 2.463130
v 0.400000 -0.165746 2.463130
v 0.500000 -0.165746 2.463130
v 0.600000 -0.165746 2.463130
v -0.700000 -0.165746 2.363130
v -0.600000 -0.165746 2.363130
v 0.600000 -0.165746 2.363130
v 0.700000 -0.165746 2.363130
v -0.800000 -0.165746 2.263130
v -0.700000 -0.165746 2.263130
v 0.700000 -0.165746 2.263130
v 0.800000 -0.165746 2.263130
v -0.800000 -0.165746 2.163130
v -0.700000 -0.165746 2.163130
v 0.700000 -0.165746 2.163130
v 0.800000 -0.165746 2.163130
v -0.800000 -0.165746 1.763130
v -0.700000 -0.165746 1.763130
v 0.700000 -0.165746 1.763130
v 0.800000 -0.165746 1.763130
v -0.800000 -0.165746 1.663130
v -0.700000 -0.165746 1.663130
v 0.700000 -0.165746 1.663130
v 0.800000 -0.165746 1.663130
v -0.700000 -0.165746 1.563130
v -0.600000 -0.165746 1.563130
v 0.600000 -0.165746 1.563130
v 0.700000 -0.165746 1.563130
v -0.600000 -0.165746 1.363130
v -0.500000 -0.165746 1.363130
v 0.500000 -0.165746 1.363130
v 0.600000 -0.165746 1.363130
v -0.400000 -0.165746 1.163130
v 0.400000 -0.165746 1.163130
v -0.700000 -0.165746 0.963130
v -0.600000 -0.165746 0.963130
v 0.600000 -0.165746 0.963130
v 0.700000 -0.165746 0.963130
v -0.800000 -0.165746 0.863130
v -0.700000 -0.165746 0.863130
v 0.700000 -0.165746 0.863130
v 0.800000 -0.165746 0.863130
v -2.200000 -0.165746 0.763130
v -1.600000 -0.165746 0.763130
v -0.200000 -0.165746 0.763130
v 0.200000 -0.165746 0.763130
v 1.600000 -0.165746 0.763130
v 2.200000 -0.165746 0.763130
v -1.600000 -0.165746 0.663130
v -1.500000 -0.165746 0.663130
v -0.300000 -0.165746 0.663130
v -0.200000 -0.165746 0.663130
v 0.200000 -0.165746 0.663130
v 0.300000 -0.165746 0.663130
v 1.500000 -0.165746 0.663130
v 1.600000 -0.165746 0.663130
v -1.500000 -0.165746 0.563130
v -1.200000 -0.165746 0.563130
v -1.100000 -0.165746 0.563130
v -1.000000 -0.165746 0.563130
v -0.800000 -0.165746 0.563130
v -0.600000 -0.165746 0.563130
v -0.400000 -0.165746 0.563130
v -0.300000 -0.165746 0.563130
v 0.300000 -0.165746 0.563130
v 0.400000 -0.165746 0.563130
v 0.600000 -0.165746 0.563130
v 0.800000 -0.165746 0.563130
v 1.000000 -0.165746 0.563130
v 1.100000 -0.165746 0.563130
v 1.200000 -0.165746 0.563130
v 1.500000 -0.165746 0.563130
v -2.200000 -0.165746 0.463130
v -2.000000 -0.165746 0.463130
v -1.200000 -0.165746 0.463130
v -1.100000 -0.165746 0.463130
v 1.100000 -0.165746 0.463130
v 1.200000 -0.165746 0.463130
v 2.000000 -0.165746 0.463130
v 2.200000 -0.165746 0.463130
v -2.200000 -0.165746 0.363130
v -2.000000 -0.165746 0.363130
v 2.000000 -0.165746 0.363130
v 2.200000 -0.165746 0.363130
v -1.000000 -0.165746 0.263130
v -0.900000 -0.165746 0.263130
v 0.900000 -0.165746 0.263130
v 1.000000 -0.165746 0.263130
v -2.200000 -0.165746 0.163130
v -1.900000 -0.165746 0.163130
v -0.900000 -0.165746 0.163130
v -0.600000 -0.165746 0.163130
v 0.600000 -0.165746 0.163130
v 0.900000 -0.165746 0.163130
v 1.900000 -0.165746 0.163130
v 2.200000 -0.165746 0.163130
v -2.200000 -0.165746 0.063130
v -2.000000 -0.165746 0.063130
v -1.900000 -0.165746 0.063130
v -1.400000 -0.165746 0.063130
v -1.300000 -0.165746 0.063130
v -1.200000 -0.165746 0.063130
v -1.000000 -0.165746 0.063130
v 1.000000 -0.165746 0.063130
v 1.200000 -0.165746 0.063130
v 1.300000 -0.165746 0.063130
v 1.400000 -0.165746 0.063130
v 1.900000 -0.165746 0.063130
v 2.000000 -0.165746 0.063130
v 2.200000 -0.165746 0.063130
v -2.200000 -0.165746 -0.036870
v -2.000000 -0.165746 -0.036870
v -1.500000 -0.165746 -0.036870
v -1.400000 -0.165746 -0.036870
v -1.300000 -0.165746 -0.036870
v -1.200000 -0.165746 -0.036870
v -1.000000 -0.165746 -0.036870
v -0.600000 -0.165746 -0.036870
v 0.600000 -0.165746 -0.036870
v 1.000000 -0.165746 -0.036870
v 1.200000 -0.165746 -0.036870
v 1.300000 -0.165746 -0.036870
v 1.400000 -0.165746 -0.036870
v 1.500000 -0.165746 -0.036870
v 2.000000 -0.165746 -0.036870
v 2.200000 -0.165746 -0.036870
v -2.200000 -0.165746 -0.136870
v -2.000000 -0.165746 -0.136870
v 2.000000 -0.165746 -0.136870
v 2.200000 -0.165746 -0.136870
v -2.000000 -0.165746 -0.236870
v -1.900000 -0.165746 -0.236870
v -1.500000 -0.165746 -0.236870
v -1.400000 -0.165746 -0.236870
v 1.400000 -0.165746 -0.236870
v 1.500000 -0.165746 -0.236870
v 1.900000 -0.165746 -0.236870
v 2.000000 -0.165746 -0.236870
v -2.000000 -0.165745 -0.336870
v -1.900000 -0.165745 -0.336870
v -1.500000 -0.165745 -0.336870
v -1.400000 -0.165745 -0.336870
v -1.100000 -0.165745 -0.336870
v -1.000000 -0.165745 -0.336870
v 1.000000 -0.165745 -0.336870
v 1.100000 -0.165745 -0.336870
v 1.400000 -0.165745 -0.336870
v 1.500000 -0.165745 -0.336870
v 1.900000 -0.165745 -0.336870
v 2.000000 -0.165745 -0.336870
v -1.100000 -0.165745 -0.436870
v -1.000000 -0.165745 -0.436870
v 1.000000 -0.165745 -0.436870
v 1.100000 -0.165745 -0.436870
v -2.200000 -0.165745 -0.636870
v -2.000000 -0.165745 -0.636870
v -1.500000 -0.165745 -0.636870
v -1.400000 -0.165745 -0.636870
v -1.300000 -0.165745 -0.636870
v -1.200000 -0.165745 -0.636870
v -1.000000 -0.165745 -0.636870
v -0.600000 -0.165745 -0.636870
v 0.600000 -0.165745 -0.636870
v 1.000000 -0.165745 -0.636870
v 1.200000 -0.165745 -0.636870
v 1.300000 -0.165745 -0.636870
v 1.400000 -0.165745 -0.636870
v 1.500000 -0.165745 -0.636870
v 2.000000 -0.165745 -0.636870
v 2.200000 -0.165745 -0.636870
v -2.000000 -0.165745 -0.736870
v -1.900000 -0.165745 -0.736870
v -1.400000 -0.165745 -0.736870
v -1.300000 -0.165745 -0.736870
v -1.200000 -0.165745 -0.736870
v -1.000000 -0.165745 -0.736870
v 1.000000 -0.165745 -0.736870
v 1.200000 -0.165745 -0.736870
v 1.300000 -0.165745 -0.736870
v 1.400000 -0.165745 -0.736870
v 1.900000 -0.165745 -0.736870
v 2.000000 -0.165745 -0.736870
v -1.900000 -0.165745 -0.836870
v -1.600000 -0.165745 -0.836870
v -0.900000 -0.165745 -0.836870
v -0.600000 -0.165745 -0.836870
v 0.600000 -0.165745 -0.836870
v 0.900000 -0.165745 -0.836870
v 1.600000 -0.165745 -0.836870
v 1.900000 -0.165745 -0.836870
v -1.600000 -0.165745 -0.936870
v -1.500000 -0.165745 -0.936870
v -1.000000 -0.165745 -0.936870
v -0.900000 -0.165745 -0.936870
v 0.900000 -0.165745 -0.936870
v 1.000000 -0.165745 -0.936870
v 1.500000 -0.165745 -0.936870
v 1.600000 -0.165745 -0.936870
v -1.500000 -0.165745 -1.036870
v -1.000000 -0.165745 -1.036870
v 1.000000 -0.165745 -1.036870
v 1.500000 -0.165745 -1.036870
v -1.300000 -0.165745 -1.536870
v -1.200000 -0.165745 -1.536870
v 1.200000 -0.165745 -1.536870
v 1.300000 -0.165745 -1.536870
v -1.400000 -0.165745 -1.636870
v -1.300000 -0.165745 -1.636870
v 1.300000 -0.165745 -1.636870
v 1.400000 -0.165745 -1.636870
v -1.400000 -0.165745 -1.836870
v 1.400000 -0.165745 -1.836870
v -1.300000 -0.165745 -2.236870
v -1.200000 -0.165745 -2.236870
v -1.100000 -0.165745 -2.236870
v 1.100000 -0.165745 -2.236870
v 1.200000 -0.165745 -2.236870
v 1.300000 -0.165745 -2.236870
v -1.400000 -0.165745 -2.336870
v -1.300000 -0.165745 -2.336870
v -1.100000 -0.165745 -2.336870
v -1.000000 -0.165745 -2.336870
v 1.000000 -0.165745 -2.336870
v 1.100000 -0.165745 -2.336870
v 1.300000 -0.165745 -2.336870
v 1.400000 -0.165745 -2.336870
v -1.100000 -0.165745 -2.436870
v -1.000000 -0.165745 -2.436870
v 1.000000 -0.165745 -2.436870
v 1.100000 -0.165745 -2.436870
v -1.200000 -0.165745 -2.536870
v -1.100000 -0.165745 -2.536870
v 1.100000 -0.165745 -2.536870
v 1.200000 -0.165745 -2.536870
v -2.000000 -0.165745 -2.936870
v -1.900000 -0.165745 -2.936870
v 1.900000 -0.165745 -2.936870
v 2.000000 -0.165745 -2.936870
v -2.000000 -0.165745 -3.036870
v -1.900000 -0.165745 -3.036870
v 1.900000 -0.165745 -3.036870
v 2.000000 -0.165745 -3.036870
v -0.500000 -0.065746 3.063130
v -0.400000 -0.065746 3.063130
v 0.400000 -0.065746 3.063130
v 0.500000 -0.065746 3.063130
v -0.500000 -0.065746 2.963130
v -0.400000 -0.065746 2.963130
v 0.400000 -0.065746 2.963130
v 0.500000 -0.065746 2.963130
v -3.000000 -0.065746 0.463130
v -2.900000 -0.065746 0.463130
v 2.900000 -0.065746 0.463130
v 3.000000 -0.065746 0.463130
v -3.000000 -0.065746 0.363130
v -2.900000 -0.065746 0.363130
v 2.900000 -0.065746 0.363130
v 3.000000 -0.065746 0.363130
v -3.000000 -0.065746 -0.036870
v -2.900000 -0.065746 -0.036870
v 2.900000 -0.065746 -0.036870
v 3.000000 -0.065746 -0.036870
v -3.000000 -0.065746 -0.136870
v -2.900000 -0.065746 -0.136870
v 2.900000 -0.065746 -0.136870
v 3.000000 -0.065746 -0.136870
v -1.100000 -0.065745 -1.236870
v -1.000000 -0.065745 -1.236870
v 1.000000 -0.065745 -1.236870
v 1.100000 -0.065745 -1.236870
v -1.200000 -0.065745 -1.336870
v -1.100000 -0.065745 -1.336870
v 1.100000 -0.065745 -1.336870
v 1.200000 -0.065745 -1.336870
v -1.200000 -0.065745 -1.536870
v -1.000000 -0.065745 -1.536870
v -0.900000 -0.065745 -1.536870
v 0.900000 -0.065745 -1.536870
v 1.000000 -0.065745 -1.536870
v 1.200000 -0.065745 -1.536870
v -0.900000 -0.065745 -1.636870
v -0.800000 -0.065745 -1.636870
v 0.800000 -0.065745 -1.636870
v 0.900000 -0.065745 -1.636870
v -0.400000 -0.065745 -1.736870
v 0.400000 -0.065745 -1.736870
v -0.800000 -0.065745 -1.836870
v -0.600000 -0.065745 -1.836870
v -0.400000 -0.065745 -1.836870
v 0.400000 -0.065745 -1.836870
v 0.600000 -0.065745 -1.836870
v 0.800000 -0.065745 -1.836870
v -0.400000 -0.065745 -1.936870
v 0.400000 -0.065745 -1.936870
v -0.600000 -0.065745 -2.036870
v 0.600000 -0.065745 -2.036870
v -0.700000 -0.065745 -2.136870
v -0.600000 -0.065745 -2.136870
v 0.600000 -0.065745 -2.136870
v 0.700000 -0.065745 -2.136870
v -1.200000 -0.065745 -2.236870
v -1.100000 -0.065745 -2.236870
v -0.800000 -0.065745 -2.236870
v -0.700000 -0.065745 -2.236870
v 0.700000 -0.065745 -2.236870
v 0.800000 -0.065745 -2.236870
v 1.100000 -0.065745 -2.236870
v 1.200000 -0.065745 -2.236870
v -1.100000 -0.065745 -2.336870
v -1.000000 -0.065745 -2.336870
v -0.900000 -0.065745 -2.336870
v -0.800000 -0.065745 -2.336870
v 0.800000 -0.065745 -2.336870
v 0.900000 -0.065745 -2.336870
v 1.000000 -0.065745 -2.336870
v 1.100000 -0.065745 -2.336870
v -1.000000 -0.065745 -2.436870
v -0.900000 -0.065745 -2.436870
v 0.900000 -0.065745 -2.436870
v 1.000000 -0.065745 -2.436870
v -1.200000 -0.065745 -2.536870
v -1.100000 -0.065745 -2.536870
v 1.100000 -0.065745 -2.536870
v 1.200000 -0.065745 -2.536870
v -1.200000 -0.065745 -2.636870
v -1.100000 -0.065745 -2.636870
v 1.100000 -0.065745 -2.636870
v 1.200000 -0.065745 -2.636870
v -3.600000 0.034254 0.963130
v -3.300000 0.034254 0.963130
v -3.200000 0.034254 0.963130
v -2.800000 0.034254 0.963130
v 2.800000 0.034254 0.963130
v 3.200000 0.034254 0.963130
v 3.300000 0.034254 0.963130
v 3.600000 0.034254 0.963130
v -3.300000 0.034254 0.863130
v -3.200000 0.034254 0.863130
v 3.200000 0.034254 0.863130
v 3.300000 0.034254 0.863130
v -2.800000 0.034254 0.763130
v 2.800000 0.034254 0.763130
v -3.000000 0.034254 0.463130
v -2.800000 0.034254 0.463130
v 2.800000 0.034254 0.463130
v 3.000000 0.034254 0.463130
v -3.000000 0.034254 0.363130
v -2.800000 0.034254 0.363130
v 2.800000 0.034254 0.363130
v 3.000000 0.034254 0.363130
v -3.000000 0.034254 -0.036870
v -2.800000 0.034254 -0.036870
v 2.800000 0.034254 -0.036870
v 3.000000 0.034254 -0.036870
v -3.600000 0.034254 -0.136870
v -3.500000 0.034254 -0.136870
v -3.000000 0.034254 -0.136870
v -2.800000 0.034254 -0.136870
v 2.800000 0.034254 -0.136870
v 3.000000 0.034254 -0.136870
v 3.500000 0.034254 -0.136870
v 3.600000 0.034254 -0.136870
v -3.500000 0.034254 -0.236870
v -3.200000 0.034254 -0.236870
v 3.200000 0.034254 -0.236870
v 3.500000 0.034254 -0.236870
v -3.200000 0.034254 -0.336870
v -3.100000 0.034254 -0.336870
v 3.100000 0.034254 -0.336870
v 3.200000 0.034254 -0.336870
v -3.100000 0.034254 -0.436870
v -2.800000 0.034254 -0.436870
v 2.800000 0.034254 -0.436870
v 3.100000 0.034254 -0.436870
v -1.300000 0.034254 -2.236870
v -1.200000 0.034254 -2.236870
v 1.200000 0.034254 -2.236870
v 1.300000 0.034254 -2.236870
v -1.200000 0.034255 -2.636870
v 1.200000 0.034255 -2.636870
v -1.300000 0.034255 -2.736870
v -1.200000 0.034255 -2.736870
v 1.200000 0.034255 -2.736870
v 1.300000 0.034255 -2.736870
v -3.800000 0.134255 1.163130
v -3.700000 0.134255 1.163130
v 3.700000 0.134255 1.163130
v 3.800000 0.134255 1.163130
v -3.700000 0.134255 1.063130
v -3.600000 0.134255 1.063130
v 3.600000 0.134255 1.063130
v 3.700000 0.134255 1.063130
v -3.600000 0.134255 0.963130
v 3.600000 0.134255 0.963130
v -3.800000 0.134255 -0.036870
v -3.600000 0.134255 -0.036870
v 3.600000 0.134255 -0.036870
v 3.800000 0.134255 -0.036870
v -0.500000 0.134255 -1.936870
v 0.500000 0.134255 -1.936870
v -0.500000 0.134255 -2.036870
v 0.500000 0.134255 -2.036870
v -1.300000 0.134255 -2.736870
v -1.200000 0.134255 -2.736870
v 1.200000 0.134255 -2.736870
v 1.300000 0.134255 -2.736870
v -1.300000 0.134255 -2.836870
v -1.200000 0.134255 -2.836870
v 1.200000 0.134255 -2.836870
v 1.300000 0.134255 -2.836870
v -3.900000 0.234254 1.163130
v -3.800000 0.234254 1.163130
v 3.800000 0.234254 1.163130
v 3.900000 0.234254 1.163130
v -3.900000 0.234254 -0.036870
v -3.800000 0.234254 -0.036870
v 3.800000 0.234254 -0.036870
v 3.900000 0.234254 -0.036870
v -0.900000 0.334255 -0.736870
v -0.800000 0.334255 -0.736870
v 0.800000 0.334255 -0.736870
v 0.900000 0.334255 -0.736870
v -0.900000 0.334255 -0.836870
v -0.800000 0.334255 -0.836870
v 0.800000 0.334255 -0.836870
v 0.900000 0.334255 -0.836870
v -4.000000 0.434254 0.963130
v -3.900000 0.434254 0.963130
v 3.900000 0.434254 0.963130
v 4.000000 0.434254 0.963130
v -2.600000 0.434254 0.663130
v -2.400000 0.434254 0.663130
v 2.400000 0.434254 0.663130
v 2.600000 0.434254 0.663130
v -2.600000 0.434254 0.563130
v -2.400000 0.434254 0.563130
v 2.400000 0.434254 0.563130
v 2.600000 0.434254 0.563130
v -3.900000 0.434254 -0.036870
v 3.900000 0.434254 -0.036870
v -4.000000 0.434254 -0.136870
v -3.900000 0.434254 -0.136870
v 3.900000 0.434254 -0.136870
v 4.000000 0.434254 -0.136870
v -2.800000 0.434255 -0.636870
v -2.700000 0.434255 -0.636870
v -2.300000 0.434255 -0.636870
v -2.200000 0.434255 -0.636870
v 2.200000 0.434255 -0.636870
v 2.300000 0.434255 -0.636870
v 2.700000 0.434255 -0.636870
v 2.800000 0.434255 -0.636870
v -2.800000 0.434255 -0.836870
v -2.700000 0.434255 -0.836870
v -2.300000 0.434255 -0.836870
v -2.200000 0.434255 -0.836870
v 2.200000 0.434255 -0.836870
v 2.300000 0.434255 -0.836870
v 2.700000 0.434255 -0.836870
v 2.800000 0.434255 -0.836870
v -0.300000 0.434255 -1.836870
v 0.300000 0.434255 -1.836870
v -0.200000 0.434255 -1.936870
v 0.200000 0.434255 -1.936870
v -0.400000 0.434255 -2.036870
v -0.300000 0.434255 -2.036870
v -0.200000 0.434255 -2.036870
v 0.200000 0.434255 -2.036870
v 0.300000 0.434255 -2.036870
v 0.400000 0.434255 -2.036870
v -0.400000 0.434255 -2.136870
v -0.300000 0.434255 -2.136870
v 0.300000 0.434255 -2.136870
v 0.400000 0.434255 -2.136870
v -2.700000 0.534254 0.763130
v -2.300000 0.534254 0.763130
v 2.300000 0.534254 0.763130
v 2.700000 0.534254 0.763130
v -2.700000 0.534254 0.663130
v -2.300000 0.534254 0.663130
v 2.300000 0.534254 0.663130
v 2.700000 0.534254 0.663130
v -4.000000 0.534254 -0.136870
v -3.900000 0.534254 -0.136870
v 3.900000 0.534254 -0.136870
v 4.000000 0.534254 -0.136870
v -4.000000 0.534254 -0.236870
v -3.900000 0.534254 -0.236870
v 3.900000 0.534254 -0.236870
v 4.000000 0.534254 -0.236870
v -2.700000 0.534254 -0.536870
v -2.300000 0.534254 -0.536870
v 2.300000 0.534254 -0.536870
v 2.700000 0.534254 -0.536870
v -2.700000 0.534254 -0.836870
v -2.300000 0.534254 -0.836870
v 2.300000 0.534254 -0.836870
v 2.700000 0.534254 -0.836870
v -0.400000 0.534254 -1.536870
v -0.300000 0.534254 -1.536870
v 0.300000 0.534254 -1.536870
v 0.400000 0.534254 -1.536870
v -0.400000 0.534254 -1.736870
v -0.300000 0.534254 -1.736870
v 0.300000 0.534254 -1.736870
v 0.400000 0.534254 -1.736870
v -0.500000 0.534254 -1.936870
v -0.400000 0.534254 -1.936870
v 0.400000 0.534254 -1.936870
v 0.500000 0.534254 -1.936870
v -0.500000 0.534254 -2.136870
v -0.400000 0.534254 -2.136870
v -0.300000 0.534254 -2.136870
v 0.300000 0.534254 -2.136870
v 0.400000 0.534254 -2.136870
v 0.500000 0.534254 -2.136870
v -0.400000 0.534254 -2.236870
v -0.300000 0.534254 -2.236870
v 0.300000 0.534254 -2.236870
v 0.400000 0.534254 -2.236870
v -0.400000 0.634255 -2.236870
v -0.300000 0.634255 -2.236870
v 0.300000 0.634255 -2.236870
v 0.400000 0.634255 -2.236870
v -0.400000 0.634255 -2.336870
v -0.300000 0.634255 -2.336870
v 0.300000 0.634255 -2.336870
v 0.400000 0.634255 -2.336870
v -2.600000 0.734254 -0.136870
v -2.500000 0.734254 -0.136870
v 2.500000 0.734254 -0.136870
v 2.600000 0.734254 -0.136870
v -2.600000 0.734254 -0.236870
v -2.500000 0.734254 -0.236870
v 2.500000 0.734254 -0.236870
v 2.600000 0.734254 -0.236870
v -2.600000 0.834255 -0.236870
v -2.500000 0.834255 -0.236870
v 2.500000 0.834255 -0.236870
v 2.600000 0.834255 -0.236870
v -2.600000 0.834255 -0.336870
v -2.500000 0.834255 -0.336870
v 2.500000 0.834255 -0.336870
v 2.600000 0.834255 -0.336870
v -2.600000 0.934254 -0.336870
v -2.500000 0.934254 -0.336870
v 2.500000 0.934254 -0.336870
v 2.600000 0.934254 -0.336870
v -2.600000 0.934254 -0.436869
v -2.500000 0.934254 -0.436869
v 2.500000 0.934254 -0.436869
v 2.600000 0.934254 -0.436869
v -0.100000 -1.065746 3.163130
v 0.100000 -1.065746 3.163130
v -0.100000 -1.065746 3.063130
v 0.100000 -1.065746 3.063130
v -0.200000 -0.965746 3.163130
v -0.100000 -0.965746 3.163130
v 0.100000 -0.965746 3.163130
v 0.200000 -0.965746 3.163130
v -0.200000 -0.965746 2.863130
v -0.100000 -0.965746 2.863130
v 0.100000 -0.965746 2.863130
v 0.200000 -0.965746 2.863130
v -0.100000 -0.965746 2.463130
v 0.100000 -0.965746 2.463130
v -0.100000 -0.865746 3.163130
v 0.100000 -0.865746 3.163130
v -0.100000 -0.865746 2.863130
v 0.100000 -0.865746 2.863130
v -0.100000 -0.765746 2.763130
v 0.100000 -0.765746 2.763130
v -0.100000 -0.765746 2.563130
v 0.100000 -0.765746 2.563130
v -2.600000 -0.665745 -0.336870
v -2.500000 -0.665745 -0.336870
v 2.500000 -0.665745 -0.336870
v 2.600000 -0.665745 -0.336870
v -2.600000 -0.665745 -0.436870
v -2.500000 -0.665745 -0.436870
v 2.500000 -0.665745 -0.436870
v 2.600000 -0.665745 -0.436870
v -2.600000 -0.565745 -0.236870
v -2.500000 -0.565745 -0.236870
v 2.500000 -0.565745 -0.236870
v 2.600000 -0.565745 -0.236870
v -2.600000 -0.565745 -0.336870
v -2.500000 -0.565745 -0.336870
v 2.500000 -0.565745 -0.336870
v 2.600000 -0.565745 -0.336870
v -2.000000 -0.565745 -2.936870
v -1.900000 -0.565745 -2.936870
v 1.900000 -0.565745 -2.936870
v 2.000000 -0.565745 -2.936870
v -2.000000 -0.565745 -3.036870
v -1.900000 -0.565745 -3.036870
v 1.900000 -0.565745 -3.036870
v 2.000000 -0.565745 -3.036870
v -0.100000 -0.465746 2.163130
v 0.100000 -0.465746 2.163130
v -0.100000 -0.465746 1.863130
v 0.100000 -0.465746 1.863130
v -2.600000 -0.465746 -0.136870
v -2.500000 -0.465746 -0.136870
v 2.500000 -0.465746 -0.136870
v 2.600000 -0.465746 -0.136870
v -2.600000 -0.465746 -0.236870
v -2.500000 -0.465746 -0.236870
v 2.500000 -0.465746 -0.236870
v 2.600000 -0.465746 -0.236870
v -0.400000 -0.465745 -1.736870
v 0.400000 -0.465745 -1.736870
v -0.400000 -0.465745 -1.836870
v 0.400000 -0.465745 -1.836870
v -2.000000 -0.465745 -2.436870
v -1.900000 -0.465745 -2.436870
v 1.900000 -0.465745 -2.436870
v 2.000000 -0.465745 -2.436870
v -1.900000 -0.465745 -2.836870
v 1.900000 -0.465745 -2.836870
v -2.000000 -0.465745 -2.936870
v -1.900000 -0.465745 -2.936870
v 1.900000 -0.465745 -2.936870
v 2.000000 -0.465745 -2.936870
v -1.600000 -0.365746 1.563130
v -1.500000 -0.365746 1.563130
v 1.500000 -0.365746 1.563130
v 1.600000 -0.365746 1.563130
v -1.500000 -0.365746 1.263130
v 1.500000 -0.365746 1.263130
v -1.600000 -0.365746 1.063130
v -1.500000 -0.365746 1.063130
v 1.500000 -0.365746 1.063130
v 1.600000 -0.365746 1.063130
v -1.900000 -0.365745 -2.236870
v -1.800000 -0.365745 -2.236870
v 1.800000 -0.365745 -2.236870
v 1.900000 -0.365745 -2.236870
v -1.900000 -0.365745 -2.336870
v -1.800000 -0.365745 -2.336870
v 1.800000 -0.365745 -2.336870
v 1.900000 -0.365745 -2.336870
v -1.500000 -0.265746 1.763130
v -1.400000 -0.265746 1.763130
v 1.400000 -0.265746 1.763130
v 1.500000 -0.265746 1.763130
v -1.400000 -0.265746 1.563130
v 1.400000 -0.265746 1.563130
v -1.500000 -0.265746 1.263130
v -1.400000 -0.265746 1.263130
v 1.400000 -0.265746 1.263130
v 1.500000 -0.265746 1.263130
v -2.700000 -0.265746 0.763130
v -2.300000 -0.265746 0.763130
v 2.300000 -0.265746 0.763130
v 2.700000 -0.265746 0.763130
v -2.700000 -0.265746 0.663130
v -2.300000 -0.265746 0.663130
v 2.300000 -0.265746 0.663130
v 2.700000 -0.265746 0.663130
v -2.700000 -0.265745 -0.536870
v -2.300000 -0.265745 -0.536870
v 2.300000 -0.265745 -0.536870
v 2.700000 -0.265745 -0.536870
v -2.700000 -0.265745 -0.636870
v -2.300000 -0.265745 -0.636870
v 2.300000 -0.265745 -0.636870
v 2.700000 -0.265745 -0.636870
v -1.700000 -0.265745 -2.036870
v -1.600000 -0.265745 -2.036870
v 1.600000 -0.265745 -2.036870
v 1.700000 -0.265745 -2.036870
v -1.800000 -0.265745 -2.136870
v -1.700000 -0.265745 -2.136870
v 1.700000 -0.265745 -2.136870
v 1.800000 -0.265745 -2.136870
v -1.900000 -0.265745 -2.336870
v -1.800000 -0.265745 -2.336870
v 1.800000 -0.265745 -2.336870
v 1.900000 -0.265745 -2.336870
v -1.900000 -0.265745 -2.436870
v 1.900000 -0.265745 -2.436870
v -1.900000 -0.265745 -2.536870
v -1.800000 -0.265745 -2.536870
v 1.800000 -0.265745 -2.536870
v 1.900000 -0.265745 -2.536870
v -1.900000 -0.265745 -2.636870
v -1.800000 -0.265745 -2.636870
v -1.600000 -0.265745 -2.636870
v 1.600000 -0.265745 -2.636870
v 1.800000 -0.265745 -2.636870
v 1.900000 -0.265745 -2.636870
v -1.900000 -0.265745 -2.736870
v -1.800000 -0.265745 -2.736870
v -1.700000 -0.265745 -2.736870
v -1.600000 -0.265745 -2.736870
v 1.600000 -0.265745 -2.736870
v 1.700000 -0.265745 -2.736870
v 1.800000 -0.265745 -2.736870
v 1.900000 -0.265745 -2.736870
v -1.800000 -0.265745 -2.836870
v -1.700000 -0.265745 -2.836870
v 1.700000 -0.265745 -2.836870
v 1.800000 -0.265745 -2.836870
v -1.000000 -0.165746 2.063130
v -0.900000 -0.165746 2.063130
v 0.900000 -0.165746 2.063130
v 1.000000 -0.165746 2.063130
v -1.300000 -0.165746 1.963130
v -1.000000 -0.165746 1.963130
v 1.000000 -0.165746 1.963130
v 1.300000 -0.165746 1.963130
v -1.400000 -0.165746 1.863130
v -1.300000 -0.165746 1.863130
v 1.300000 -0.165746 1.863130
v 1.400000 -0.165746 1.863130
v -0.900000 -0.165746 1.663130
v 0.900000 -0.165746 1.663130
v -1.400000 -0.165746 1.563130
v -1.300000 -0.165746 1.563130
v -1.000000 -0.165746 1.563130
v -0.900000 -0.165746 1.563130
v 0.900000 -0.165746 1.563130
v 1.000000 -0.165746 1.563130
v 1.300000 -0.165746 1.563130
v 1.400000 -0.165746 1.563130
v -1.300000 -0.165746 1.463130
v -1.200000 -0.165746 1.463130
v 1.200000 -0.165746 1.463130
v 1.300000 -0.165746 1.463130
v -1.200000 -0.165746 1.363130
v -1.100000 -0.165746 1.363130
v 1.100000 -0.165746 1.363130
v 1.200000 -0.165746 1.363130
v -1.100000 -0.165746 1.263130
v -1.000000 -0.165746 1.263130
v 1.000000 -0.165746 1.263130
v 1.100000 -0.165746 1.263130
v -2.600000 -0.165746 0.663130
v -2.400000 -0.165746 0.663130
v 2.400000 -0.165746 0.663130
v 2.600000 -0.165746 0.663130
v -2.600000 -0.165746 0.563130
v -2.400000 -0.165746 0.563130
v 2.400000 -0.165746 0.563130
v 2.600000 -0.165746 0.563130
v -1.500000 -0.165745 -1.836870
v -1.400000 -0.165745 -1.836870
v 1.400000 -0.165745 -1.836870
v 1.500000 -0.165745 -1.836870
v -1.600000 -0.165745 -1.936870
v -1.500000 -0.165745 -1.936870
v 1.500000 -0.165745 -1.936870
v 1.600000 -0.165745 -1.936870
v -1.400000 -0.165745 -2.336870
v 1.400000 -0.165745 -2.336870
v -2.000000 -0.165745 -2.436870
v -1.900000 -0.165745 -2.436870
v 1.900000 -0.165745 -2.436870
v 2.000000 -0.165745 -2.436870
v -2.000000 -0.165745 -2.536870
v -1.900000 -0.165745 -2.536870
v -1.800000 -0.165745 -2.536870
v -1.500000 -0.165745 -2.536870
v -1.400000 -0.165745 -2.536870
v 1.400000 -0.165745 -2.536870
v 1.500000 -0.165745 -2.536870
v 1.800000 -0.165745 -2.536870
v 1.900000 -0.165745 -2.536870
v 2.000000 -0.165745 -2.536870
v -1.900000 -0.165745 -2.636870
v -1.800000 -0.165745 -2.636870
v -1.600000 -0.165745 -2.636870
v -1.500000 -0.165745 -2.636870
v 1.500000 -0.165745 -2.636870
v 1.600000 -0.165745 -2.636870
v 1.800000 -0.165745 -2.636870
v 1.900000 -0.165745 -2.636870
v -1.900000 -0.165745 -2.736870
v -1.800000 -0.165745 -2.736870
v 1.800000 -0.165745 -2.736870
v 1.900000 -0.165745 -2.736870
v -1.900000 -0.165745 -2.836870
v -1.800000 -0.165745 -2.836870
v 1.800000 -0.165745 -2.836870
v 1.900000 -0.165745 -2.836870
v -0.900000 -0.065746 2.163130
v -0.800000 -0.065746 2.163130
v 0.800000 -0.065746 2.163130
v 0.900000 -0.065746 2.163130
v -0.900000 -0.065746 1.663130
v -0.800000 -0.065746 1.663130
v 0.800000 -0.065746 1.663130
v 0.900000 -0.065746 1.663130
v -2.200000 -0.065746 0.763130
v -1.600000 -0.065746 0.763130
v 1.600000 -0.065746 0.763130
v 2.200000 -0.065746 0.763130
v -2.200000 -0.065746 0.663130
v -1.600000 -0.065746 0.663130
v -1.500000 -0.065746 0.663130
v 1.500000 -0.065746 0.663130
v 1.600000 -0.065746 0.663130
v 2.200000 -0.065746 0.663130
v -1.600000 -0.065746 0.563130
v -1.500000 -0.065746 0.563130
v -1.200000 -0.065746 0.563130
v -1.100000 -0.065746 0.563130
v -0.800000 -0.065746 0.563130
v 0.800000 -0.065746 0.563130
v 1.100000 -0.065746 0.563130
v 1.200000 -0.065746 0.563130
v 1.500000 -0.065746 0.563130
v 1.600000 -0.065746 0.563130
v -1.500000 -0.065746 0.463130
v -1.200000 -0.065746 0.463130
v -1.100000 -0.065746 0.463130
v -0.800000 -0.065746 0.463130
v 0.800000 -0.065746 0.463130
v 1.100000 -0.065746 0.463130
v 1.200000 -0.065746 0.463130
v 1.500000 -0.065746 0.463130
v -1.200000 -0.065746 0.363130
v -1.100000 -0.065746 0.363130
v 1.100000 -0.065746 0.363130
v 1.200000 -0.065746 0.363130
v -2.200000 -0.065745 -0.536870
v -2.000000 -0.065745 -0.536870
v 2.000000 -0.065745 -0.536870
v 2.200000 -0.065745 -0.536870
v -2.200000 -0.065745 -0.636870
v -2.000000 -0.065745 -0.636870
v -1.900000 -0.065745 -0.636870
v 1.900000 -0.065745 -0.636870
v 2.000000 -0.065745 -0.636870
v 2.200000 -0.065745 -0.636870
v -2.000000 -0.065745 -0.736870
v -1.900000 -0.065745 -0.736870
v -1.600000 -0.065745 -0.736870
v 1.600000 -0.065745 -0.736870
v 1.900000 -0.065745 -0.736870
v 2.000000 -0.065745 -0.736870
v -1.900000 -0.065745 -0.836870
v -1.600000 -0.065745 -0.836870
v -1.500000 -0.065745 -0.836870
v 1.500000 -0.065745 -0.836870
v 1.600000 -0.065745 -0.836870
v 1.900000 -0.065745 -0.836870
v -1.600000 -0.065745 -0.936870
v -1.500000 -0.065745 -0.936870
v -1.000000 -0.065745 -0.936870
v 1.000000 -0.065745 -0.936870
v 1.500000 -0.065745 -0.936870
v 1.600000 -0.065745 -0.936870
v -1.500000 -0.065745 -1.036870
v -1.000000 -0.065745 -1.036870
v 1.000000 -0.065745 -1.036870
v 1.500000 -0.065745 -1.036870
v -1.300000 -0.065745 -1.536870
v -1.200000 -0.065745 -1.536870
v 1.200000 -0.065745 -1.536870
v 1.300000 -0.065745 -1.536870
v -1.400000 -0.065745 -1.636870
v -1.300000 -0.065745 -1.636870
v 1.300000 -0.065745 -1.636870
v 1.400000 -0.065745 -1.636870
v -1.300000 -0.065745 -2.236870
v -1.200000 -0.065745 -2.236870
v 1.200000 -0.065745 -2.236870
v 1.300000 -0.065745 -2.236870
v -1.400000 -0.065745 -2.336870
v -1.300000 -0.065745 -2.336870
v 1.300000 -0.065745 -2.336870
v 1.400000 -0.065745 -2.336870
v -2.000000 -0.065745 -2.536870
v -1.900000 -0.065745 -2.536870
v 1.900000 -0.065745 -2.536870
v 2.000000 -0.065745 -2.536870
v -2.000000 -0.065745 -3.036870
v -1.900000 -0.065745 -3.036870
v 1.900000 -0.065745 -3.036870
v 2.000000 -0.065745 -3.036870
v -0.500000 0.034254 3.163130
v -0.400000 0.034254 3.163130
v 0.400000 0.034254 3.163130
v 0.500000 0.034254 3.163130
v -0.500000 0.034254 2.963130
v -0.400000 0.034254 2.963130
v 0.400000 0.034254 2.963130
v 0.500000 0.034254 2.963130
v -0.500000 0.034254 2.563130
v -0.400000 0.034254 2.563130
v 0.400000 0.034254 2.563130
v 0.500000 0.034254 2.563130
v -0.600000 0.034254 2.463130
v -0.500000 0.034254 2.463130
v -0.400000 0.034254 2.463130
v -0.300000 0.034254 2.463130
v 0.300000 0.034254 2.463130
v 0.400000 0.034254 2.463130
v 0.500000 0.034254 2.463130
v 0.600000 0.034254 2.463130
v -0.700000 0.034254 2.363130
v -0.600000 0.034254 2.363130
v -0.300000 0.034254 2.363130
v 0.300000 0.034254 2.363130
v 0.600000 0.034254 2.363130
v 0.700000 0.034254 2.363130
v -0.800000 0.034254 2.263130
v -0.700000 0.034254 2.263130
v 0.700000 0.034254 2.263130
v 0.800000 0.034254 2.263130
v -0.600000 0.034254 2.163130
v -0.400000 0.034254 2.163130
v 0.400000 0.034254 2.163130
v 0.600000 0.034254 2.163130
v -0.600000 0.034254 1.963130
v -0.400000 0.034254 1.963130
v 0.400000 0.034254 1.963130
v 0.600000 0.034254 1.963130
v -0.600000 0.034254 1.763130
v -0.400000 0.034254 1.763130
v 0.400000 0.034254 1.763130
v 0.600000 0.034254 1.763130
v -0.800000 0.034254 1.663130
v -0.700000 0.034254 1.663130
v -0.400000 0.034254 1.663130
v 0.400000 0.034254 1.663130
v 0.700000 0.034254 1.663130
v 0.800000 0.034254 1.663130
v -0.700000 0.034254 1.563130
v -0.600000 0.034254 1.563130
v 0.600000 0.034254 1.563130
v 0.700000 0.034254 1.563130
v -0.500000 0.034254 1.363130
v -0.400000 0.034254 1.363130
v 0.400000 0.034254 1.363130
v 0.500000 0.034254 1.363130
v -0.600000 0.034254 1.263130
v -0.500000 0.034254 1.263130
v 0.500000 0.034254 1.263130
v 0.600000 0.034254 1.263130
v -0.700000 0.034254 0.963130
v -0.600000 0.034254 0.963130
v 0.600000 0.034254 0.963130
v 0.700000 0.034254 0.963130
v -0.800000 0.034254 0.863130
v -0.700000 0.034254 0.863130
v -0.600000 0.034254 0.863130
v 0.600000 0.034254 0.863130
v 0.700000 0.034254 0.863130
v 0.800000 0.034254 0.863130
v -0.800000 0.034254 0.763130
v -0.600000 0.034254 0.763130
v 0.600000 0.034254 0.763130
v 0.800000 0.034254 0.763130
v -2.200000 0.034254 0.663130
v -1.600000 0.034254 0.663130
v 1.600000 0.034254 0.663130
v 2.200000 0.034254 0.663130
v -1.600000 0.034254 0.563130
v -1.500000 0.034254 0.563130
v 1.500000 0.034254 0.563130
v 1.600000 0.034254 0.563130
v -2.200000 0.034254 0.463130
v -2.000000 0.034254 0.463130
v -1.700000 0.034254 0.463130
v -1.600000 0.034254 0.463130
v -1.500000 0.034254 0.463130
v -1.200000 0.034254 0.463130
v -1.100000 0.034254 0.463130
v -0.800000 0.034254 0.463130
v 0.800000 0.034254 0.463130
v 1.100000 0.034254 0.463130
v 1.200000 0.034254 0.463130
v 1.500000 0.034254 0.463130
v 1.600000 0.034254 0.463130
v 1.700000 0.034254 0.463130
v 2.000000 0.034254 0.463130
v 2.200000 0.034254 0.463130
v -2.200000 0.034254 0.363130
v -2.000000 0.034254 0.363130
v -1.700000 0.034254 0.363130
v -1.600000 0.034254 0.363130
v -1.500000 0.034254 0.363130
v -1.200000 0.034254 0.363130
v -1.100000 0.034254 0.363130
v -0.900000 0.034254 0.363130
v -0.800000 0.034254 0.363130
v 0.800000 0.034254 0.363130
v 0.900000 0.034254 0.363130
v 1.100000 0.034254 0.363130
v 1.200000 0.034254 0.363130
v 1.500000 0.034254 0.363130
v 1.600000 0.034254 0.363130
v 1.700000 0.034254 0.363130
v 2.000000 0.034254 0.363130
v 2.200000 0.034254 0.363130
v -2.200000 0.034254 0.263130
v -2.000000 0.034254 0.263130
v -1.000000 0.034254 0.263130
v -0.900000 0.034254 0.263130
v 0.900000 0.034254 0.263130
v 1.000000 0.034254 0.263130
v 2.000000 0.034254 0.263130
v 2.200000 0.034254 0.263130
v -2.200000 0.034254 0.163130
v -2.000000 0.034254 0.163130
v 2.000000 0.034254 0.163130
v 2.200000 0.034254 0.163130
v -2.200000 0.034254 -0.036870
v -2.000000 0.034254 -0.036870
v -1.600000 0.034254 -0.036870
v -1.500000 0.034254 -0.036870
v -1.400000 0.034254 -0.036870
v -1.000000 0.034254 -0.036870
v 1.000000 0.034254 -0.036870
v 1.400000 0.034254 -0.036870
v 1.500000 0.034254 -0.036870
v 1.600000 0.034254 -0.036870
v 2.000000 0.034254 -0.036870
v 2.200000 0.034254 -0.036870
v -2.200000 0.034254 -0.136870
v -2.000000 0.034254 -0.136870
v -1.500000 0.034254 -0.136870
v -1.400000 0.034254 -0.136870
v -1.000000 0.034254 -0.136870
v 1.000000 0.034254 -0.136870
v 1.400000 0.034254 -0.136870
v 1.500000 0.034254 -0.136870
v 2.000000 0.034254 -0.136870
v 2.200000 0.034254 -0.136870
v -2.200000 0.034254 -0.236870
v -2.000000 0.034254 -0.236870
v -1.900000 0.034254 -0.236870
v -1.800000 0.034254 -0.236870
v -1.400000 0.034254 -0.236870
v -1.200000 0.034254 -0.236870
v -1.100000 0.034254 -0.236870
v -1.000000 0.034254 -0.236870
v 1.000000 0.034254 -0.236870
v 1.100000 0.034254 -0.236870
v 1.200000 0.034254 -0.236870
v 1.400000 0.034254 -0.236870
v 1.800000 0.034254 -0.236870
v 1.900000 0.034254 -0.236870
v 2.000000 0.034254 -0.236870
v 2.200000 0.034254 -0.236870
v -2.200000 0.034254 -0.336870
v -2.000000 0.034254 -0.336870
v -1.900000 0.034254 -0.336870
v -1.800000 0.034254 -0.336870
v -1.200000 0.034254 -0.336870
v -1.100000 0.034254 -0.336870
v 1.100000 0.034254 -0.336870
v 1.200000 0.034254 -0.336870
v 1.800000 0.034254 -0.336870
v 1.900000 0.034254 -0.336870
v 2.000000 0.034254 -0.336870
v 2.200000 0.034254 -0.336870
v -1.900000 0.034254 -0.436870
v -1.800000 0.034254 -0.436870
v -1.600000 0.034254 -0.436870
v 1.600000 0.034254 -0.436870
v 1.800000 0.034254 -0.436870
v 1.900000 0.034254 -0.436870
v -2.200000 0.034254 -0.536870
v -2.000000 0.034254 -0.536870
v -1.800000 0.034254 -0.536870
v -1.600000 0.034254 -0.536870
v -1.500000 0.034254 -0.536870
v 1.500000 0.034254 -0.536870
v 1.600000 0.034254 -0.536870
v 1.800000 0.034254 -0.536870
v 2.000000 0.034254 -0.536870
v 2.200000 0.034254 -0.536870
v -2.000000 0.034254 -0.636870
v -1.900000 0.034254 -0.636870
v -1.600000 0.034254 -0.636870
v -1.500000 0.034254 -0.636870
v -1.000000 0.034254 -0.636870
v -0.600000 0.034254 -0.636870
v -0.400000 0.034254 -0.636870
v 0.400000 0.034254 -0.636870
v 0.600000 0.034254 -0.636870
v 1.000000 0.034254 -0.636870
v 1.500000 0.034254 -0.636870
v 1.600000 0.034254 -0.636870
v 1.900000 0.034254 -0.636870
v 2.000000 0.034254 -0.636870
v -1.900000 0.034254 -0.736870
v -1.600000 0.034254 -0.736870
v -1.000000 0.034254 -0.736870
v 1.000000 0.034254 -0.736870
v 1.600000 0.034254 -0.736870
v 1.900000 0.034254 -0.736870
v -1.600000 0.034254 -0.836870
v -1.500000 0.034254 -0.836870
v -1.000000 0.034254 -0.836870
v 1.000000 0.034254 -0.836870
v 1.500000 0.034254 -0.836870
v 1.600000 0.034254 -0.836870
v -1.500000 0.034254 -0.936870
v -1.000000 0.034254 -0.936870
v 1.000000 0.034254 -0.936870
v 1.500000 0.034254 -0.936870
v -1.100000 0.034254 -1.236870
v -1.000000 0.034254 -1.236870
v -0.900000 0.034254 -1.236870
v -0.600000 0.034254 -1.236870
v -0.400000 0.034254 -1.236870
v 0.400000 0.034254 -1.236870
v 0.600000 0.034254 -1.236870
v 0.900000 0.034254 -1.236870
v 1.000000 0.034254 -1.236870
v 1.100000 0.034254 -1.236870
v -1.200000 0.034254 -1.336870
v -1.100000 0.034254 -1.336870
v 1.100000 0.034254 -1.336870
v 1.200000 0.034254 -1.336870
v -0.900000 0.034254 -1.836870
v -0.800000 0.034254 -1.836870
v 0.800000 0.034254 -1.836870
v 0.900000 0.034254 -1.836870
v -0.800000 0.034254 -1.936870
v -0.600000 0.034254 -1.936870
v 0.600000 0.034254 -1.936870
v 0.800000 0.034254 -1.936870
v -0.600000 0.034254 -2.036870
v 0.600000 0.034254 -2.036870
v -0.700000 0.034254 -2.136870
v -0.600000 0.034254 -2.136870
v 0.600000 0.034254 -2.136870
v 0.700000 0.034254 -2.136870
v -1.200000 0.034254 -2.236870
v -1.100000 0.034254 -2.236870
v -0.800000 0.034254 -2.236870
v -0.700000 0.034254 -2.236870
v 0.700000 0.034254 -2.236870
v 0.800000 0.034254 -2.236870
v 1.100000 0.034254 -2.236870
v 1.200000 0.034254 -2.236870
v -1.200000 0.034255 -2.336870
v -1.100000 0.034255 -2.336870
v -1.000000 0.034255 -2.336870
v -0.900000 0.034255 -2.336870
v -0.800000 0.034255 -2.336870
v 0.800000 0.034255 -2.336870
v 0.900000 0.034255 -2.336870
v 1.000000 0.034255 -2.336870
v 1.100000 0.034255 -2.336870
v 1.200000 0.034255 -2.336870
v -1.200000 0.034255 -2.436870
v -1.100000 0.034255 -2.436870
v -1.000000 0.034255 -2.436870
v -0.900000 0.034255 -2.436870
v 0.900000 0.034255 -2.436870
v 1.000000 0.034255 -2.436870
v 1.100000 0.034255 -2.436870
v 1.200000 0.034255 -2.436870
v -1.200000 0.034255 -2.636870
v -1.100000 0.034255 -2.636870
v 1.100000 0.034255 -2.636870
v 1.200000 0.034255 -2.636870
v -0.600000 0.134254 2.363130
v -0.500000 0.134254 2.363130
v 0.500000 0.134254 2.363130
v 0.600000 0.134254 2.363130
v -0.600000 0.134254 2.163130
v -0.500000 0.134254 2.163130
v 0.500000 0.134254 2.163130
v 0.600000 0.134254 2.163130
v -0.600000 0.134254 1.963130
v -0.500000 0.134254 1.963130
v 0.500000 0.134254 1.963130
v 0.600000 0.134254 1.963130
v -0.600000 0.134254 1.763130
v -0.500000 0.134254 1.763130
v 0.500000 0.134254 1.763130
v 0.600000 0.134254 1.763130
v -3.600000 0.134255 0.963130
v -3.300000 0.134255 0.963130
v -3.200000 0.134255 0.963130
v -2.800000 0.134255 0.963130
v 2.800000 0.134255 0.963130
v 3.200000 0.134255 0.963130
v 3.300000 0.134255 0.963130
v 3.600000 0.134255 0.963130
v -3.600000 0.134255 0.863130
v -3.300000 0.134255 0.863130
v -3.200000 0.134255 0.863130
v -2.800000 0.134255 0.863130
v 2.800000 0.134255 0.863130
v 3.200000 0.134255 0.863130
v 3.300000 0.134255 0.863130
v 3.600000 0.134255 0.863130
v -3.300000 0.134255 0.763130
v -3.200000 0.134255 0.763130
v -0.800000 0.134255 0.763130
v -0.700000 0.134255 0.763130
v 0.700000 0.134255 0.763130
v 0.800000 0.134255 0.763130
v 3.200000 0.134255 0.763130
v 3.300000 0.134255 0.763130
v -2.200000 0.134255 0.463130
v -2.000000 0.134255 0.463130
v -1.700000 0.134255 0.463130
v -1.600000 0.134255 0.463130
v 1.600000 0.134255 0.463130
v 1.700000 0.134255 0.463130
v 2.000000 0.134255 0.463130
v 2.200000 0.134255 0.463130
v -2.200000 0.134255 0.363130
v -2.000000 0.134255 0.363130
v -1.700000 0.134255 0.363130
v -1.600000 0.134255 0.363130
v -1.500000 0.134255 0.363130
v -0.900000 0.134255 0.363130
v -0.800000 0.134255 0.363130
v -0.700000 0.134255 0.363130
v 0.700000 0.134255 0.363130
v 0.800000 0.134255 0.363130
v 0.900000 0.134255 0.363130
v 1.500000 0.134255 0.363130
v 1.600000 0.134255 0.363130
v 1.700000 0.134255 0.363130
v 2.000000 0.134255 0.363130
v 2.200000 0.134255 0.363130
v -2.100000 0.134255 0.263130
v -2.000000 0.134255 0.263130
v -1.000000 0.134255 0.263130
v -0.900000 0.134255 0.263130
v -0.800000 0.134255 0.263130
v 0.800000 0.134255 0.263130
v 0.900000 0.134255 0.263130
v 1.000000 0.134255 0.263130
v 2.000000 0.134255 0.263130
v 2.100000 0.134255 0.263130
v -2.100000 0.134255 0.163130
v -2.000000 0.134255 0.163130
v 2.000000 0.134255 0.163130
v 2.100000 0.134255 0.163130
v -3.600000 0.134255 -0.036870
v -3.500000 0.134255 -0.036870
v -2.100000 0.134255 -0.036870
v -2.000000 0.134255 -0.036870
v -1.600000 0.134255 -0.036870
v -1.500000 0.134255 -0.036870
v -1.400000 0.134255 -0.036870
v -1.000000 0.134255 -0.036870
v -0.900000 0.134255 -0.036870
v 0.900000 0.134255 -0.036870
v 1.000000 0.134255 -0.036870
v 1.400000 0.134255 -0.036870
v 1.500000 0.134255 -0.036870
v 1.600000 0.134255 -0.036870
v 2.000000 0.134255 -0.036870
v 2.100000 0.134255 -0.036870
v 3.500000 0.134255 -0.036870
v 3.600000 0.134255 -0.036870
v -3.600000 0.134255 -0.136870
v -3.500000 0.134255 -0.136870
v -3.200000 0.134255 -0.136870
v -2.100000 0.134255 -0.136870
v -2.000000 0.134255 -0.136870
v -1.500000 0.134255 -0.136870
v -1.400000 0.134255 -0.136870
v -1.000000 0.134255 -0.136870
v 1.000000 0.134255 -0.136870
v 1.400000 0.134255 -0.136870
v 1.500000 0.134255 -0.136870
v 2.000000 0.134255 -0.136870
v 2.100000 0.134255 -0.136870
v 3.200000 0.134255 -0.136870
v 3.500000 0.134255 -0.136870
v 3.600000 0.134255 -0.136870
v -3.500000 0.134255 -0.236870
v -3.200000 0.134255 -0.236870
v -3.100000 0.134255 -0.236870
v -2.200000 0.134255 -0.236870
v -2.000000 0.134255 -0.236870
v -1.900000 0.134255 -0.236870
v -1.800000 0.134255 -0.236870
v -1.400000 0.134255 -0.236870
v -1.000000 0.134255 -0.236870
v 1.000000 0.134255 -0.236870
v 1.400000 0.134255 -0.236870
v 1.800000 0.134255 -0.236870
v 1.900000 0.134255 -0.236870
v 2.000000 0.134255 -0.236870
v 2.200000 0.134255 -0.236870
v 3.100000 0.134255 -0.236870
v 3.200000 0.134255 -0.236870
v 3.500000 0.134255 -0.236870
v -3.200000 0.134255 -0.336870
v -3.100000 0.134255 -0.336870
v -2.800000 0.134255 -0.336870
v -2.200000 0.134255 -0.336870
v -2.000000 0.134255 -0.336870
v -1.900000 0.134255 -0.336870
v -1.800000 0.134255 -0.336870
v 1.800000 0.134255 -0.336870
v 1.900000 0.134255 -0.336870
v 2.000000 0.134255 -0.336870
v 2.200000 0.134255 -0.336870
v 2.800000 0.134255 -0.336870
v 3.100000 0.134255 -0.336870
v 3.200000 0.134255 -0.336870
v -3.100000 0.134255 -0.436869
v -2.800000 0.134255 -0.436869
v -1.900000 0.134255 -0.436869
v -1.800000 0.134255 -0.436869
v -1.600000 0.134255 -0.436869
v 1.600000 0.134255 -0.436869
v 1.800000 0.134255 -0.436869
v 1.900000 0.134255 -0.436869
v 2.800000 0.134255 -0.436869
v 3.100000 0.134255 -0.436869
v -1.800000 0.134255 -0.536870
v -1.600000 0.134255 -0.536870
v -1.500000 0.134255 -0.536870
v 1.500000 0.134255 -0.536870
v 1.600000 0.134255 -0.536870
v 1.800000 0.134255 -0.536870
v -1.600000 0.134255 -0.636870
v -1.500000 0.134255 -0.636870
v -1.000000 0.134255 -0.636870
v -0.400000 0.134255 -0.636870
v -0.300000 0.134255 -0.636870
v 0.300000 0.134255 -0.636870
v 0.400000 0.134255 -0.636870
v 1.000000 0.134255 -0.636870
v 1.500000 0.134255 -0.636870
v 1.600000 0.134255 -0.636870
v -1.600000 0.134255 -0.736870
v -1.000000 0.134255 -0.736870
v 1.000000 0.134255 -0.736870
v 1.600000 0.134255 -0.736870
v -1.000000 0.134255 -0.836870
v -0.900000 0.134255 -0.836870
v -0.300000 0.134255 -0.836870
v 0.300000 0.134255 -0.836870
v 0.900000 0.134255 -0.836870
v 1.000000 0.134255 -0.836870
v -0.400000 0.134255 -1.036870
v -0.300000 0.134255 -1.036870
v 0.300000 0.134255 -1.036870
v 0.400000 0.134255 -1.036870
v -1.000000 0.134255 -1.236870
v -0.900000 0.134255 -1.236870
v -0.800000 0.134255 -1.236870
v 0.800000 0.134255 -1.236870
v 0.900000 0.134255 -1.236870
v 1.000000 0.134255 -1.236870
v -0.900000 0.134255 -1.836870
v -0.800000 0.134255 -1.836870
v -0.600000 0.134255 -1.836870
v 0.600000 0.134255 -1.836870
v 0.800000 0.134255 -1.836870
v 0.900000 0.134255 -1.836870
v -0.800000 0.134255 -1.936870
v -0.600000 0.134255 -1.936870
v 0.600000 0.134255 -1.936870
v 0.800000 0.134255 -1.936870
v -1.300000 0.134255 -2.236870
v -1.200000 0.134255 -2.236870
v 1.200000 0.134255 -2.236870
v 1.300000 0.134255 -2.236870
v -1.300000 0.134255 -2.336870
v -1.200000 0.134255 -2.336870
v -1.100000 0.134255 -2.336870
v 1.100000 0.134255 -2.336870
v 1.200000 0.134255 -2.336870
v 1.300000 0.134255 -2.336870
v -1.200000 0.134255 -2.436870
v -1.100000 0.134255 -2.436870
v 1.100000 0.134255 -2.436870
v 1.200000 0.134255 -2.436870
v -0.200000 0.234254 3.763130
v -0.100000 0.234254 3.763130
v 0.100000 0.234254 3.763130
v 0.200000 0.234254 3.763130
v -0.300000 0.234254 3.663130
v -0.200000 0.234254 3.663130
v 0.200000 0.234254 3.663130
v 0.300000 0.234254 3.663130
v -0.400000 0.234254 3.563130
v -0.300000 0.234254 3.563130
v -0.200000 0.234254 3.563130
v -0.100000 0.234254 3.563130
v 0.100000 0.234254 3.563130
v 0.200000 0.234254 3.563130
v 0.300000 0.234254 3.563130
v 0.400000 0.234254 3.563130
v -0.400000 0.234254 3.363130
v -0.300000 0.234254 3.363130
v -0.200000 0.234254 3.363130
v 0.200000 0.234254 3.363130
v 0.300000 0.234254 3.363130
v 0.400000 0.234254 3.363130
v -0.400000 0.234254 3.163130
v -0.300000 0.234254 3.163130
v 0.300000 0.234254 3.163130
v 0.400000 0.234254 3.163130
v -0.400000 0.234254 2.463130
v -0.300000 0.234254 2.463130
v -0.200000 0.234254 2.463130
v 0.200000 0.234254 2.463130
v 0.300000 0.234254 2.463130
v 0.400000 0.234254 2.463130
v -0.500000 0.234254 2.363130
v -0.300000 0.234254 2.363130
v -0.200000 0.234254 2.363130
v 0.200000 0.234254 2.363130
v 0.300000 0.234254 2.363130
v 0.500000 0.234254 2.363130
v -0.500000 0.234254 2.163130
v -0.400000 0.234254 2.163130
v -0.300000 0.234254 2.163130
v 0.300000 0.234254 2.163130
v 0.400000 0.234254 2.163130
v 0.500000 0.234254 2.163130
v -0.500000 0.234254 1.963130
v -0.400000 0.234254 1.963130
v -0.300000 0.234254 1.963130
v 0.300000 0.234254 1.963130
v 0.400000 0.234254 1.963130
v 0.500000 0.234254 1.963130
v -0.500000 0.234254 1.763130
v -0.400000 0.234254 1.763130
v 0.400000 0.234254 1.763130
v 0.500000 0.234254 1.763130
v -0.400000 0.234254 1.663130
v -0.300000 0.234254 1.663130
v 0.300000 0.234254 1.663130
v 0.400000 0.234254 1.663130
v -0.400000 0.234254 1.563130
v -0.300000 0.234254 1.563130
v 0.300000 0.234254 1.563130
v 0.400000 0.234254 1.563130
v -0.500000 0.234254 1.363130
v -0.400000 0.234254 1.363130
v -0.300000 0.234254 1.363130
v 0.300000 0.234254 1.363130
v 0.400000 0.234254 1.363130
v 0.500000 0.234254 1.363130
v -0.600000 0.234254 1.263130
v -0.500000 0.234254 1.263130
v -0.400000 0.234254 1.263130
v 0.400000 0.234254 1.263130
v 0.500000 0.234254 1.263130
v 0.600000 0.234254 1.263130
v -3.800000 0.234254 1.163130
v -3.700000 0.234254 1.163130
v 3.700000 0.234254 1.163130
v 3.800000 0.234254 1.163130
v -3.800000 0.234254 1.063130
v -3.700000 0.234254 1.063130
v -3.600000 0.234254 1.063130
v 3.600000 0.234254 1.063130
v 3.700000 0.234254 1.063130
v 3.800000 0.234254 1.063130
v -3.700000 0.234254 0.963130
v -3.600000 0.234254 0.963130
v 3.600000 0.234254 0.963130
v 3.700000 0.234254 0.963130
v -3.600000 0.234254 0.863130
v -3.300000 0.234254 0.863130
v -3.200000 0.234254 0.863130
v -2.800000 0.234254 0.863130
v 2.800000 0.234254 0.863130
v 3.200000 0.234254 0.863130
v 3.300000 0.234254 0.863130
v 3.600000 0.234254 0.863130
v -3.300000 0.234254 0.763130
v -3.200000 0.234254 0.763130
v -2.800000 0.234254 0.763130
v -0.700000 0.234254 0.763130
v -0.600000 0.234254 0.763130
v 0.600000 0.234254 0.763130
v 0.700000 0.234254 0.763130
v 2.800000 0.234254 0.763130
v 3.200000 0.234254 0.763130
v 3.300000 0.234254 0.763130
v -2.900000 0.234254 0.663130
v -2.800000 0.234254 0.663130
v 2.800000 0.234254 0.663130
v 2.900000 0.234254 0.663130
v -2.900000 0.234254 0.563130
v -2.800000 0.234254 0.563130
v 2.800000 0.234254 0.563130
v 2.900000 0.234254 0.563130
v -3.000000 0.234254 0.463130
v -2.800000 0.234254 0.463130
v 2.800000 0.234254 0.463130
v 3.000000 0.234254 0.463130
v -3.100000 0.234254 0.363130
v -3.000000 0.234254 0.363130
v -2.800000 0.234254 0.363130
v -0.800000 0.234254 0.363130
v -0.700000 0.234254 0.363130
v -0.600000 0.234254 0.363130
v -0.500000 0.234254 0.363130
v 0.500000 0.234254 0.363130
v 0.600000 0.234254 0.363130
v 0.700000 0.234254 0.363130
v 0.800000 0.234254 0.363130
v 2.800000 0.234254 0.363130
v 3.000000 0.234254 0.363130
v 3.100000 0.234254 0.363130
v -3.100000 0.234254 0.263130
v -3.000000 0.234254 0.263130
v -2.200000 0.234254 0.263130
v -2.100000 0.234254 0.263130
v -0.900000 0.234254 0.263130
v -0.800000 0.234254 0.263130
v -0.700000 0.234254 0.263130
v -0.600000 0.234254 0.263130
v 0.600000 0.234254 0.263130
v 0.700000 0.234254 0.263130
v 0.800000 0.234254 0.263130
v 0.900000 0.234254 0.263130
v 2.100000 0.234254 0.263130
v 2.200000 0.234254 0.263130
v 3.000000 0.234254 0.263130
v 3.100000 0.234254 0.263130
v -2.200000 0.234254 0.163130
v -2.100000 0.234254 0.163130
v -0.800000 0.234254 0.163130
v -0.700000 0.234254 0.163130
v 0.700000 0.234254 0.163130
v 0.800000 0.234254 0.163130
v 2.100000 0.234254 0.163130
v 2.200000 0.234254 0.163130
v -3.800000 0.234254 0.063130
v -3.600000 0.234254 0.063130
v -3.100000 0.234254 0.063130
v -3.000000 0.234254 0.063130
v -0.900000 0.234254 0.063130
v -0.800000 0.234254 0.063130
v 0.800000 0.234254 0.063130
v 0.900000 0.234254 0.063130
v 3.000000 0.234254 0.063130
v 3.100000 0.234254 0.063130
v 3.600000 0.234254 0.063130
v 3.800000 0.234254 0.063130
v -3.800000 0.234254 -0.036870
v -3.500000 0.234254 -0.036870
v -3.100000 0.234254 -0.036870
v -3.000000 0.234254 -0.036870
v -2.800000 0.234254 -0.036870
v -2.200000 0.234254 -0.036870
v -2.100000 0.234254 -0.036870
v 2.100000 0.234254 -0.036870
v 2.200000 0.234254 -0.036870
v 2.800000 0.234254 -0.036870
v 3.000000 0.234254 -0.036870
v 3.100000 0.234254 -0.036870
v 3.500000 0.234254 -0.036870
v 3.800000 0.234254 -0.036870
v -3.500000 0.234254 -0.136870
v -3.200000 0.234254 -0.136870
v -3.000000 0.234254 -0.136870
v -2.800000 0.234254 -0.136870
v -2.200000 0.234254 -0.136870
v -2.100000 0.234254 -0.136870
v 2.100000 0.234254 -0.136870
v 2.200000 0.234254 -0.136870
v 2.800000 0.234254 -0.136870
v 3.000000 0.234254 -0.136870
v 3.200000 0.234254 -0.136870
v 3.500000 0.234254 -0.136870
v -3.200000 0.234254 -0.236870
v -3.100000 0.234254 -0.236870
v 3.100000 0.234254 -0.236870
v 3.200000 0.234254 -0.236870
v -3.100000 0.234254 -0.336870
v -2.800000 0.234254 -0.336870
v 2.800000 0.234254 -0.336870
v 3.100000 0.234254 -0.336870
v -0.500000 0.234255 -0.536870
v -0.400000 0.234255 -0.536870
v 0.400000 0.234255 -0.536870
v 0.500000 0.234255 -0.536870
v -0.800000 0.234255 -0.636870
v -0.600000 0.234255 -0.636870
v -0.500000 0.234255 -0.636870
v -0.400000 0.234255 -0.636870
v -0.300000 0.234255 -0.636870
v -0.200000 0.234255 -0.636870
v 0.200000 0.234255 -0.636870
v 0.300000 0.234255 -0.636870
v 0.400000 0.234255 -0.636870
v 0.500000 0.234255 -0.636870
v 0.600000 0.234255 -0.636870
v 0.800000 0.234255 -0.636870
v -1.000000 0.234255 -0.736870
v -0.800000 0.234255 -0.736870
v 0.800000 0.234255 -0.736870
v 1.000000 0.234255 -0.736870
v -1.000000 0.234255 -0.836870
v -0.900000 0.234255 -0.836870
v -0.800000 0.234255 -0.836870
v -0.300000 0.234255 -0.836870
v -0.200000 0.234255 -0.836870
v 0.200000 0.234255 -0.836870
v 0.300000 0.234255 -0.836870
v 0.800000 0.234255 -0.836870
v 0.900000 0.234255 -0.836870
v 1.000000 0.234255 -0.836870
v -0.300000 0.234255 -1.036870
v 0.300000 0.234255 -1.036870
v -0.900000 0.234255 -1.236870
v -0.800000 0.234255 -1.236870
v -0.600000 0.234255 -1.236870
v 0.600000 0.234255 -1.236870
v 0.800000 0.234255 -1.236870
v 0.900000 0.234255 -1.236870
v -0.800000 0.234255 -1.836870
v -0.600000 0.234255 -1.836870
v -0.400000 0.234255 -1.836870
v -0.300000 0.234255 -1.836870
v 0.300000 0.234255 -1.836870
v 0.400000 0.234255 -1.836870
v 0.600000 0.234255 -1.836870
v 0.800000 0.234255 -1.836870
v -0.600000 0.234255 -2.036870
v -0.400000 0.234255 -2.036870
v -0.300000 0.234255 -2.036870
v 0.300000 0.234255 -2.036870
v 0.400000 0.234255 -2.036870
v 0.600000 0.234255 -2.036870
v -1.300000 0.234255 -2.336870
v -1.200000 0.234255 -2.336870
v 1.200000 0.234255 -2.336870
v 1.300000 0.234255 -2.336870
v -1.300000 0.234255 -2.836870
v -1.200000 0.234255 -2.836870
v 1.200000 0.234255 -2.836870
v 1.300000 0.234255 -2.836870
v -0.200000 0.334254 3.563130
v 0.200000 0.334254 3.563130
v -0.200000 0.334254 3.463130
v 0.200000 0.334254 3.463130
v -0.300000 0.334254 3.363130
v -0.200000 0.334254 3.363130
v 0.200000 0.334254 3.363130
v 0.300000 0.334254 3.363130
v -0.300000 0.334254 2.463130
v -0.200000 0.334254 2.463130
v 0.200000 0.334254 2.463130
v 0.300000 0.334254 2.463130
v -0.300000 0.334254 2.363130
v -0.200000 0.334254 2.363130
v 0.200000 0.334254 2.363130
v 0.300000 0.334254 2.363130
v -0.300000 0.334254 2.163130
v -0.200000 0.334254 2.163130
v 0.200000 0.334254 2.163130
v 0.300000 0.334254 2.163130
v -0.300000 0.334254 2.063130
v -0.200000 0.334254 2.063130
v 0.200000 0.334254 2.063130
v 0.300000 0.334254 2.063130
v -0.300000 0.334254 1.963130
v -0.200000 0.334254 1.963130
v 0.200000 0.334254 1.963130
v 0.300000 0.334254 1.963130
v -0.300000 0.334254 1.663130
v -0.200000 0.334254 1.663130
v 0.200000 0.334254 1.663130
v 0.300000 0.334254 1.663130
v -0.300000 0.334254 1.563130
v -0.200000 0.334254 1.563130
v 0.200000 0.334254 1.563130
v 0.300000 0.334254 1.563130
v -0.300000 0.334254 1.363130
v -0.200000 0.334254 1.363130
v -0.100000 0.334254 1.363130
v 0.100000 0.334254 1.363130
v 0.200000 0.334254 1.363130
v 0.300000 0.334254 1.363130
v -0.500000 0.334254 1.263130
v -0.400000 0.334254 1.263130
v 0.400000 0.334254 1.263130
v 0.500000 0.334254 1.263130
v -3.900000 0.334254 1.163130
v -3.800000 0.334254 1.163130
v 3.800000 0.334254 1.163130
v 3.900000 0.334254 1.163130
v -3.900000 0.334254 1.063130
v -3.800000 0.334254 1.063130
v -3.700000 0.334254 1.063130
v 3.700000 0.334254 1.063130
v 3.800000 0.334254 1.063130
v 3.900000 0.334254 1.063130
v -3.700000 0.334254 0.963130
v -3.600000 0.334254 0.963130
v -0.200000 0.334254 0.963130
v -0.100000 0.334254 0.963130
v 0.100000 0.334254 0.963130
v 0.200000 0.334254 0.963130
v 3.600000 0.334254 0.963130
v 3.700000 0.334254 0.963130
v -3.800000 0.334254 0.763130
v -3.700000 0.334254 0.763130
v 3.700000 0.334254 0.763130
v 3.800000 0.334254 0.763130
v -3.800000 0.334254 0.663130
v -3.700000 0.334254 0.663130
v -2.900000 0.334254 0.663130
v -2.800000 0.334254 0.663130
v 2.800000 0.334254 0.663130
v 2.900000 0.334254 0.663130
v 3.700000 0.334254 0.663130
v 3.800000 0.334254 0.663130
v -2.900000 0.334254 0.563130
v -2.800000 0.334254 0.563130
v 2.800000 0.334254 0.563130
v 2.900000 0.334254 0.563130
v -3.000000 0.334254 0.463130
v -2.800000 0.334254 0.463130
v 2.800000 0.334254 0.463130
v 3.000000 0.334254 0.463130
v -3.800000 0.334254 0.363130
v -3.700000 0.334254 0.363130
v -3.100000 0.334254 0.363130
v -3.000000 0.334254 0.363130
v -2.800000 0.334254 0.363130
v -0.600000 0.334254 0.363130
v -0.500000 0.334254 0.363130
v -0.400000 0.334254 0.363130
v 0.400000 0.334254 0.363130
v 0.500000 0.334254 0.363130
v 0.600000 0.334254 0.363130
v 2.800000 0.334254 0.363130
v 3.000000 0.334254 0.363130
v 3.100000 0.334254 0.363130
v 3.700000 0.334254 0.363130
v 3.800000 0.334254 0.363130
v -3.800000 0.334254 0.263130
v -3.700000 0.334254 0.263130
v -3.100000 0.334254 0.263130
v -3.000000 0.334254 0.263130
v -0.700000 0.334254 0.263130
v -0.600000 0.334254 0.263130
v -0.500000 0.334254 0.263130
v 0.500000 0.334254 0.263130
v 0.600000 0.334254 0.263130
v 0.700000 0.334254 0.263130
v 3.000000 0.334254 0.263130
v 3.100000 0.334254 0.263130
v 3.700000 0.334254 0.263130
v 3.800000 0.334254 0.263130
v -0.800000 0.334254 0.163130
v -0.700000 0.334254 0.163130
v -0.600000 0.334254 0.163130
v 0.600000 0.334254 0.163130
v 0.700000 0.334254 0.163130
v 0.800000 0.334254 0.163130
v -3.800000 0.334254 0.063130
v -3.600000 0.334254 0.063130
v -3.100000 0.334254 0.063130
v -3.000000 0.334254 0.063130
v -0.900000 0.334254 0.063130
v -0.800000 0.334254 0.063130
v -0.700000 0.334254 0.063130
v 0.700000 0.334254 0.063130
v 0.800000 0.334254 0.063130
v 0.900000 0.334254 0.063130
v 3.000000 0.334254 0.063130
v 3.100000 0.334254 0.063130
v 3.600000 0.334254 0.063130
v 3.800000 0.334254 0.063130
v -3.100000 0.334254 -0.036870
v -3.000000 0.334254 -0.036870
v -2.800000 0.334254 -0.036870
v -1.000000 0.334254 -0.036870
v -0.900000 0.334254 -0.036870
v -0.800000 0.334254 -0.036870
v 0.800000 0.334254 -0.036870
v 0.900000 0.334254 -0.036870
v 1.000000 0.334254 -0.036870
v 2.800000 0.334254 -0.036870
v 3.000000 0.334254 -0.036870
v 3.100000 0.334254 -0.036870
v -3.000000 0.334254 -0.136870
v -2.800000 0.334254 -0.136870
v 2.800000 0.334254 -0.136870
v 3.000000 0.334254 -0.136870
v -0.500000 0.334255 -0.336870
v -0.400000 0.334255 -0.336870
v 0.400000 0.334255 -0.336870
v 0.500000 0.334255 -0.336870
v -0.500000 0.334255 -0.536870
v -0.400000 0.334255 -0.536870
v -0.200000 0.334255 -0.536870
v 0.200000 0.334255 -0.536870
v 0.400000 0.334255 -0.536870
v 0.500000 0.334255 -0.536870
v -0.400000 0.334255 -0.636870
v -0.200000 0.334255 -0.636870
v 0.200000 0.334255 -0.636870
v 0.400000 0.334255 -0.636870
v -1.000000 0.334255 -0.736870
v -0.900000 0.334255 -0.736870
v 0.900000 0.334255 -0.736870
v 1.000000 0.334255 -0.736870
v -0.400000 0.334255 -1.036870
v 0.400000 0.334255 -1.036870
v -0.300000 0.334255 -1.136870
v 0.300000 0.334255 -1.136870
v -0.600000 0.334255 -1.236870
v -0.500000 0.334255 -1.236870
v -0.400000 0.334255 -1.236870
v -0.300000 0.334255 -1.236870
v 0.300000 0.334255 -1.236870
v 0.400000 0.334255 -1.236870
v 0.500000 0.334255 -1.236870
v 0.600000 0.334255 -1.236870
v -0.600000 0.334255 -1.836870
v -0.500000 0.334255 -1.836870
v 0.500000 0.334255 -1.836870
v 0.600000 0.334255 -1.836870
v -0.200000 0.434254 3.463130
v 0.200000 0.434254 3.463130
v -0.200000 0.434254 2.463130
v 0.200000 0.434254 2.463130
v -0.200000 0.434254 2.363130
v 0.200000 0.434254 2.363130
v -0.100000 0.434254 2.263130
v 0.100000 0.434254 2.263130
v -0.300000 0.434254 2.163130
v -0.200000 0.434254 2.163130
v -0.100000 0.434254 2.163130
v 0.100000 0.434254 2.163130
v 0.200000 0.434254 2.163130
v 0.300000 0.434254 2.163130
v -0.300000 0.434254 2.063130
v -0.200000 0.434254 2.063130
v -0.100000 0.434254 2.063130
v 0.100000 0.434254 2.063130
v 0.200000 0.434254 2.063130
v 0.300000 0.434254 2.063130
v -0.400000 0.434254 1.363130
v -0.200000 0.434254 1.363130
v -0.100000 0.434254 1.363130
v 0.100000 0.434254 1.363130
v 0.200000 0.434254 1.363130
v 0.400000 0.434254 1.363130
v -3.900000 0.434254 1.063130
v -3.800000 0.434254 1.063130
v -0.100000 0.434254 1.063130
v 0.100000 0.434254 1.063130
v 3.800000 0.434254 1.063130
v 3.900000 0.434254 1.063130
v -3.900000 0.434254 0.963130
v -0.200000 0.434254 0.963130
v 0.200000 0.434254 0.963130
v 3.900000 0.434254 0.963130
v -0.300000 0.434254 0.863130
v -0.200000 0.434254 0.863130
v 0.200000 0.434254 0.863130
v 0.300000 0.434254 0.863130
v -3.800000 0.434254 0.763130
v -3.700000 0.434254 0.763130
v 3.700000 0.434254 0.763130
v 3.800000 0.434254 0.763130
v -3.800000 0.434254 0.663130
v -3.700000 0.434254 0.663130
v 3.700000 0.434254 0.663130
v 3.800000 0.434254 0.663130
v -3.800000 0.434254 0.363130
v -3.700000 0.434254 0.363130
v -0.500000 0.434254 0.363130
v -0.400000 0.434254 0.363130
v -0.300000 0.434254 0.363130
v 0.300000 0.434254 0.363130
v 0.400000 0.434254 0.363130
v 0.500000 0.434254 0.363130
v 3.700000 0.434254 0.363130
v 3.800000 0.434254 0.363130
v -3.800000 0.434254 0.263130
v -3.700000 0.434254 0.263130
v -0.600000 0.434254 0.263130
v -0.500000 0.434254 0.263130
v -0.400000 0.434254 0.263130
v 0.400000 0.434254 0.263130
v 0.500000 0.434254 0.263130
v 0.600000 0.434254 0.263130
v 3.700000 0.434254 0.263130
v 3.800000 0.434254 0.263130
v -0.700000 0.434254 0.163130
v -0.600000 0.434254 0.163130
v 0.600000 0.434254 0.163130
v 0.700000 0.434254 0.163130
v -0.800000 0.434254 0.063130
v -0.700000 0.434254 0.063130
v 0.700000 0.434254 0.063130
v 0.800000 0.434254 0.063130
v -3.900000 0.434254 -0.036870
v -3.800000 0.434254 -0.036870
v -0.900000 0.434254 -0.036870
v -0.800000 0.434254 -0.036870
v 0.800000 0.434254 -0.036870
v 0.900000 0.434254 -0.036870
v 3.800000 0.434254 -0.036870
v 3.900000 0.434254 -0.036870
v -0.600000 0.434254 -0.136870
v -0.500000 0.434254 -0.136870
v 0.500000 0.434254 -0.136870
v 0.600000 0.434254 -0.136870
v -0.700000 0.434254 -0.236870
v -0.600000 0.434254 -0.236870
v -0.500000 0.434254 -0.236870
v 0.500000 0.434254 -0.236870
v 0.600000 0.434254 -0.236870
v 0.700000 0.434254 -0.236870
v -0.700000 0.434254 -0.336870
v -0.600000 0.434254 -0.336870
v -0.500000 0.434254 -0.336870
v 0.500000 0.434254 -0.336870
v 0.600000 0.434254 -0.336870
v 0.700000 0.434254 -0.336870
v -0.400000 0.434254 -0.436869
v -0.300000 0.434254 -0.436869
v 0.300000 0.434254 -0.436869
v 0.400000 0.434254 -0.436869
v -0.400000 0.434255 -0.536870
v -0.300000 0.434255 -0.536870
v 0.300000 0.434255 -0.536870
v 0.400000 0.434255 -0.536870
v -0.800000 0.434255 -0.636870
v -0.500000 0.434255 -0.636870
v 0.500000 0.434255 -0.636870
v 0.800000 0.434255 -0.636870
v -0.900000 0.434255 -0.836870
v -0.800000 0.434255 -0.836870
v 0.800000 0.434255 -0.836870
v 0.900000 0.434255 -0.836870
v -0.300000 0.434255 -1.136870
v 0.300000 0.434255 -1.136870
v -0.500000 0.434255 -1.236870
v -0.300000 0.434255 -1.236870
v 0.300000 0.434255 -1.236870
v 0.500000 0.434255 -1.236870
v -0.400000 0.434255 -1.336870
v -0.300000 0.434255 -1.336870
v 0.300000 0.434255 -1.336870
v 0.400000 0.434255 -1.336870
v -0.400000 0.434255 -1.536870
v -0.300000 0.434255 -1.536870
v 0.300000 0.434255 -1.536870
v 0.400000 0.434255 -1.536870
v -0.400000 0.434255 -1.736870
v -0.300000 0.434255 -1.736870
v 0.300000 0.434255 -1.736870
v 0.400000 0.434255 -1.736870
v -0.500000 0.434255 -1.836870
v -0.400000 0.434255 -1.836870
v 0.400000 0.434255 -1.836870
v 0.500000 0.434255 -1.836870
v -0.100000 0.534254 2.263130
v 0.100000 0.534254 2.263130
v -0.200000 0.534254 2.163130
v -0.100000 0.534254 2.163130
v 0.100000 0.534254 2.163130
v 0.200000 0.534254 2.163130
v -0.200000 0.534254 2.063130
v -0.100000 0.534254 2.063130
v 0.100000 0.534254 2.063130
v 0.200000 0.534254 2.063130
v -0.100000 0.534254 1.063130
v 0.100000 0.534254 1.063130
v -4.000000 0.534254 0.963130
v -3.900000 0.534254 0.963130
v -0.100000 0.534254 0.963130
v 0.100000 0.534254 0.963130
v 3.900000 0.534254 0.963130
v 4.000000 0.534254 0.963130
v -4.000000 0.534254 0.863130
v -3.900000 0.534254 0.863130
v -0.300000 0.534254 0.863130
v -0.200000 0.534254 0.863130
v 0.200000 0.534254 0.863130
v 0.300000 0.534254 0.863130
v 3.900000 0.534254 0.863130
v 4.000000 0.534254 0.863130
v -2.800000 0.534254 0.763130
v -2.700000 0.534254 0.763130
v -2.300000 0.534254 0.763130
v -2.200000 0.534254 0.763130
v 2.200000 0.534254 0.763130
v 2.300000 0.534254 0.763130
v 2.700000 0.534254 0.763130
v 2.800000 0.534254 0.763130
v -0.300000 0.534254 0.363130
v -0.200000 0.534254 0.363130
v 0.200000 0.534254 0.363130
v 0.300000 0.534254 0.363130
v -0.500000 0.534254 0.263130
v -0.400000 0.534254 0.263130
v 0.400000 0.534254 0.263130
v 0.500000 0.534254 0.263130
v -0.400000 0.534254 -0.036870
v 0.400000 0.534254 -0.036870
v -0.600000 0.534254 -0.136870
v -0.500000 0.534254 -0.136870
v -0.400000 0.534254 -0.136870
v 0.400000 0.534254 -0.136870
v 0.500000 0.534254 -0.136870
v 0.600000 0.534254 -0.136870
v -0.700000 0.534254 -0.236870
v -0.600000 0.534254 -0.236870
v -0.500000 0.534254 -0.236870
v 0.500000 0.534254 -0.236870
v 0.600000 0.534254 -0.236870
v 0.700000 0.534254 -0.236870
v -0.700000 0.534254 -0.336870
v -0.600000 0.534254 -0.336870
v -0.500000 0.534254 -0.336870
v -0.400000 0.534254 -0.336870
v 0.400000 0.534254 -0.336870
v 0.500000 0.534254 -0.336870
v 0.600000 0.534254 -0.336870
v 0.700000 0.534254 -0.336870
v -0.300000 0.534254 -0.436869
v -0.200000 0.534254 -0.436869
v 0.200000 0.534254 -0.436869
v 0.300000 0.534254 -0.436869
v -0.300000 0.534254 -0.536870
v -0.200000 0.534254 -0.536870
v 0.200000 0.534254 -0.536870
v 0.300000 0.534254 -0.536870
v -0.200000 0.534254 -0.636870
v 0.200000 0.534254 -0.636870
v -2.800000 0.534254 -0.836870
v -2.700000 0.534254 -0.836870
v -2.300000 0.534254 -0.836870
v -2.200000 0.534254 -0.836870
v 2.200000 0.534254 -0.836870
v 2.300000 0.534254 -0.836870
v 2.700000 0.534254 -0.836870
v 2.800000 0.534254 -0.836870
v -0.300000 0.534254 -1.236870
v 0.300000 0.534254 -1.236870
v -0.400000 0.534254 -1.336870
v -0.300000 0.534254 -1.336870
v 0.300000 0.534254 -1.336870
v 0.400000 0.534254 -1.336870
v -0.400000 0.534254 -1.436870
v -0.300000 0.534254 -1.436870
v 0.300000 0.534254 -1.436870
v 0.400000 0.534254 -1.436870
v -0.200000 0.534254 -1.836870
v -0.100000 0.534254 -1.836870
v 0.100000 0.534254 -1.836870
v 0.200000 0.534254 -1.836870
v -0.200000 0.534254 -1.936870
v -0.100000 0.534254 -1.936870
v 0.100000 0.534254 -1.936870
v 0.200000 0.534254 -1.936870
v -0.200000 0.634255 0.963130
v 0.200000 0.634255 0.963130
v -4.000000 0.634255 0.863130
v -3.900000 0.634255 0.863130
v 3.900000 0.634255 0.863130
v 4.000000 0.634255 0.863130
v -2.700000 0.634255 0.763130
v -2.300000 0.634255 0.763130
v -0.200000 0.634255 0.763130
v -0.100000 0.634255 0.763130
v 0.100000 0.634255 0.763130
v 0.200000 0.634255 0.763130
v 2.300000 0.634255 0.763130
v 2.700000 0.634255 0.763130
v -2.600000 0.634255 0.363130
v -2.500000 0.634255 0.363130
v -0.400000 0.634255 0.363130
v -0.200000 0.634255 0.363130
v 0.200000 0.634255 0.363130
v 0.400000 0.634255 0.363130
v 2.500000 0.634255 0.363130
v 2.600000 0.634255 0.363130
v -2.700000 0.634255 0.263130
v -2.600000 0.634255 0.263130
v -2.500000 0.634255 0.263130
v -2.400000 0.634255 0.263130
v 2.400000 0.634255 0.263130
v 2.500000 0.634255 0.263130
v 2.600000 0.634255 0.263130
v 2.700000 0.634255 0.263130
v -2.700000 0.634255 0.163130
v -2.600000 0.634255 0.163130
v -2.500000 0.634255 0.163130
v -2.400000 0.634255 0.163130
v -0.300000 0.634255 0.163130
v -0.200000 0.634255 0.163130
v 0.200000 0.634255 0.163130
v 0.300000 0.634255 0.163130
v 2.400000 0.634255 0.163130
v 2.500000 0.634255 0.163130
v 2.600000 0.634255 0.163130
v 2.700000 0.634255 0.163130
v -2.700000 0.634255 0.063130
v -2.600000 0.634255 0.063130
v -2.500000 0.634255 0.063130
v -2.400000 0.634255 0.063130
v 2.400000 0.634255 0.063130
v 2.500000 0.634255 0.063130
v 2.600000 0.634255 0.063130
v 2.700000 0.634255 0.063130
v -2.700000 0.634255 -0.036870
v -2.600000 0.634255 -0.036870
v -2.500000 0.634255 -0.036870
v -2.400000 0.634255 -0.036870
v -0.400000 0.634255 -0.036870
v -0.300000 0.634255 -0.036870
v 0.300000 0.634255 -0.036870
v 0.400000 0.634255 -0.036870
v 2.400000 0.634255 -0.036870
v 2.500000 0.634255 -0.036870
v 2.600000 0.634255 -0.036870
v 2.700000 0.634255 -0.036870
v -2.600000 0.634255 -0.136870
v -2.500000 0.634255 -0.136870
v -0.400000 0.634255 -0.136870
v -0.300000 0.634255 -0.136870
v 0.300000 0.634255 -0.136870
v 0.400000 0.634255 -0.136870
v 2.500000 0.634255 -0.136870
v 2.600000 0.634255 -0.136870
v -4.000000 0.634255 -0.236870
v -3.900000 0.634255 -0.236870
v -0.300000 0.634255 -0.236870
v -0.200000 0.634255 -0.236870
v 0.200000 0.634255 -0.236870
v 0.300000 0.634255 -0.236870
v 3.900000 0.634255 -0.236870
v 4.000000 0.634255 -0.236870
v -0.400000 0.634255 -0.436869
v -0.200000 0.634255 -0.436869
v 0.200000 0.634255 -0.436869
v 0.400000 0.634255 -0.436869
v -0.200000 0.634255 -0.536870
v 0.200000 0.634255 -0.536870
v -2.700000 0.634255 -0.836870
v -2.300000 0.634255 -0.836870
v 2.300000 0.634255 -0.836870
v 2.700000 0.634255 -0.836870
v -0.300000 0.634255 -1.336870
v 0.300000 0.634255 -1.336870
v -0.400000 0.634255 -1.436870
v -0.300000 0.634255 -1.436870
v 0.300000 0.634255 -1.436870
v 0.400000 0.634255 -1.436870
v -0.400000 0.634255 -1.836870
v -0.300000 0.634255 -1.836870
v -0.200000 0.634255 -1.836870
v -0.100000 0.634255 -1.836870
v 0.100000 0.634255 -1.836870
v 0.200000 0.634255 -1.836870
v 0.300000 0.634255 -1.836870
v 0.400000 0.634255 -1.836870
v -0.500000 0.634255 -1.936870
v -0.400000 0.634255 -1.936870
v -0.100000 0.634255 -1.936870
v 0.100000 0.634255 -1.936870
v 0.400000 0.634255 -1.936870
v 0.500000 0.634255 -1.936870
v -0.300000 0.634255 -2.036870
v -0.200000 0.634255 -2.036870
v 0.200000 0.634255 -2.036870
v 0.300000 0.634255 -2.036870
v -0.500000 0.634255 -2.136870
v -0.400000 0.634255 -2.136870
v 0.400000 0.634255 -2.136870
v 0.500000 0.634255 -2.136870
v -0.200000 0.734254 0.763130
v -0.100000 0.734254 0.763130
v 0.100000 0.734254 0.763130
v 0.200000 0.734254 0.763130
v -0.100000 0.734254 0.663130
v 0.100000 0.734254 0.663130
v -2.600000 0.734254 0.363130
v -2.500000 0.734254 0.363130
v 2.500000 0.734254 0.363130
v 2.600000 0.734254 0.363130
v -2.700000 0.734254 0.263130
v -2.600000 0.734254 0.263130
v -2.500000 0.734254 0.263130
v -2.400000 0.734254 0.263130
v 2.400000 0.734254 0.263130
v 2.500000 0.734254 0.263130
v 2.600000 0.734254 0.263130
v 2.700000 0.734254 0.263130
v -2.700000 0.734254 0.163130
v -2.600000 0.734254 0.163130
v -2.500000 0.734254 0.163130
v -2.400000 0.734254 0.163130
v -0.300000 0.734254 0.163130
v -0.200000 0.734254 0.163130
v -0.100000 0.734254 0.163130
v 0.100000 0.734254 0.163130
v 0.200000 0.734254 0.163130
v 0.300000 0.734254 0.163130
v 2.400000 0.734254 0.163130
v 2.500000 0.734254 0.163130
v 2.600000 0.734254 0.163130
v 2.700000 0.734254 0.163130
v -2.700000 0.734254 0.063130
v -2.600000 0.734254 0.063130
v -2.500000 0.734254 0.063130
v -2.400000 0.734254 0.063130
v -0.100000 0.734254 0.063130
v 0.100000 0.734254 0.063130
v 2.400000 0.734254 0.063130
v 2.500000 0.734254 0.063130
v 2.600000 0.734254 0.063130
v 2.700000 0.734254 0.063130
v -2.700000 0.734254 -0.036870
v -2.600000 0.734254 -0.036870
v -2.500000 0.734254 -0.036870
v -2.400000 0.734254 -0.036870
v -0.300000 0.734254 -0.036870
v -0.200000 0.734254 -0.036870
v 0.200000 0.734254 -0.036870
v 0.300000 0.734254 -0.036870
v 2.400000 0.734254 -0.036870
v 2.500000 0.734254 -0.036870
v 2.600000 0.734254 -0.036870
v 2.700000 0.734254 -0.036870
v -0.300000 0.734254 -0.136870
v -0.100000 0.734254 -0.136870
v 0.100000 0.734254 -0.136870
v 0.300000 0.734254 -0.136870
v -0.300000 0.734254 -0.236870
v -0.200000 0.734254 -0.236870
v -0.100000 0.734254 -0.236870
v 0.100000 0.734254 -0.236870
v 0.200000 0.734254 -0.236870
v 0.300000 0.734254 -0.236870
v -0.200000 0.734254 -0.436869
v 0.200000 0.734254 -0.436869
v -0.400000 0.734255 -1.836870
v -0.300000 0.734255 -1.836870
v 0.300000 0.734255 -1.836870
v 0.400000 0.734255 -1.836870
v -0.400000 0.734255 -2.336870
v -0.300000 0.734255 -2.336870
v 0.300000 0.734255 -2.336870
v 0.400000 0.734255 -2.336870
v -0.100000 0.834254 0.663130
v 0.100000 0.834254 0.663130
v -2.600000 0.834254 0.263130
v -2.500000 0.834254 0.263130
v 2.500000 0.834254 0.263130
v 2.600000 0.834254 0.263130
v -2.600000 0.834254 0.163130
v -2.500000 0.834254 0.163130
v -0.100000 0.834254 0.163130
v 0.100000 0.834254 0.163130
v 2.500000 0.834254 0.163130
v 2.600000 0.834254 0.163130
v -2.600000 0.934254 0.163130
v -2.500000 0.934254 0.163130
v 2.500000 0.934254 0.163130
v 2.600000 0.934254 0.163130
v -2.600000 0.934254 0.063130
v -2.500000 0.934254 0.063130
v 2.500000 0.934254 0.063130
v 2.600000 0.934254 0.063130
v -2.600000 1.034254 0.063130
v -2.500000 1.034254 0.063130
v 2.500000 1.034254 0.063130
v 2.600000 1.034254 0.063130
v -2.600000 1.034255 -0.436869
v -2.500000 1.034255 -0.436869
v 2.500000 1.034255 -0.436869
v 2.600000 1.034255 -0.436869
vn -1.0000 -0.0000 -0.0000
vn 1.0000 -0.0000 -0.0000
vn -0.0000 -0.0000 1.0000
vn -0.0000 -0.0000 -1.0000
vn -0.0000 -1.0000 -0.0000
vn -0.0000 1.0000 -0.0000
vt 0.689453 0.500000
vt 0.314453 0.500000
vt 0.701172 0.500000
vt 0.697266 0.500000
vt 0.693359 0.500000
vt 0.662109 0.500000
vt 0.658203 0.500000
vt 0.666016 0.500000
vt 0.666262 0.429690
vt 0.666262 0.574217
vt 0.665774 0.574217
vt 0.665774 0.429690
vt 0.665650 0.626796
vt 0.665650 0.441414
vt 0.666415 0.441414
vt 0.666415 0.626795
vt 0.665682 0.617848
vt 0.665682 0.429027
vt 0.666382 0.429028
vt 0.666382 0.617848
s 1
f 3/1/1 2/1/1 1/1/1
f 4/1/1 2/1/1 3/1/1
f 5/1/1 2/1/1 4/1/1
f 7/1/1 6/1/1 5/1/1
f 7/1/1 5/1/1 4/1/1
f 8/1/1 6/1/1 7/1/1
f 11/1/1 10/1/1 9/1/1
f 12/1/1 10/1/1 11/1/1
f 13/1/1 10/1/1 12/1/1
f 14/1/1 10/1/1 13/1/1
f 15/1/1 10/1/1 14/1/1
f 18/2/1 17/2/1 16/2/1
f 19/2/1 17/2/1 18/2/1
f 22/2/1 21/2/1 20/2/1
f 23/2/1 21/2/1 22/2/1
f 24/2/1 21/2/1 23/2/1
f 28/2/1 26/2/1 25/2/1
f 29/2/1 26/2/1 28/2/1
f 30/2/1 28/2/1 27/2/1
f 31/2/1 28/2/1 30/2/1
f 36/2/1 33/2/1 32/2/1
f 37/2/1 33/2/1 36/2/1
f 40/2/1 35/2/1 34/2/1
f 41/2/1 35/2/1 40/2/1
f 42/2/1 38/2/1 37/2/1
f 43/2/1 38/2/1 42/2/1
f 44/2/1 40/2/1 39/2/1
f 45/2/1 40/2/1 44/2/1
f 49/2/1 47/2/1 46/2/1
f 50/2/1 47/2/1 49/2/1
f 55/2/1 49/2/1 48/2/1
f 56/2/1 49/2/1 55/2/1
f 57/3/1 52/3/1 51/3/1
f 58/4/1 53/4/1 52/4/1
f 58/3/1 52/3/1 57/3/1
f 59/3/1 54/3/1 53/3/1
f 59/4/1 53/4/1 58/4/1
f 60/3/1 54/3/1 59/3/1
f 65/3/1 62/3/1 61/3/1
f 66/3/1 62/3/1 65/3/1
f 67/3/1 64/3/1 63/3/1
f 68/3/1 64/3/1 67/3/1
f 73/4/1 70/4/1 69/4/1
f 74/4/1 70/4/1 73/4/1
f 75/4/1 72/4/1 71/4/1
f 76/4/1 72/4/1 75/4/1
f 81/3/1 78/3/1 77/3/1
f 82/3/1 78/3/1 81/3/1
f 83/3/1 80/3/1 79/3/1
f 84/3/1 80/3/1 83/3/1
f 87/3/1 86/3/1 85/3/1
f 88/3/1 86/3/1 87/3/1
f 94/3/1 90/3/1 89/3/1
f 95/3/1 90/3/1 94/3/1
f 96/3/1 92/3/1 91/3/1
f 97/3/1 92/3/1 96/3/1
f 99/3/1 94/3/1 93/3/1
f 100/3/1 94/3/1 99/3/1
f 101/3/1 96/3/1 95/3/1
f 102/3/1 96/3/1 101/3/1
f 103/3/1 98/3/1 97/3/1
f 104/3/1 98/3/1 103/3/1
f 106/3/1 98/3/1 104/3/1
f 114/3/1 106/3/1 105/3/1
f 115/3/1 108/3/1 107/3/1
f 116/3/1 110/3/1 109/3/1
f 117/3/1 110/3/1 116/3/1
f 118/3/1 112/3/1 111/3/1
f 119/3/1 112/3/1 118/3/1
f 120/3/1 114/3/1 113/3/1
f 121/3/1 98/3/1 106/3/1
f 121/3/1 120/3/1 119/3/1
f 121/3/1 114/3/1 120/3/1
f 121/3/1 117/3/1 116/3/1
f 121/3/1 118/3/1 117/3/1
f 121/3/1 119/3/1 118/3/1
f 121/3/1 116/3/1 115/3/1
f 121/3/1 106/3/1 114/3/1
f 123/3/1 115/3/1 107/3/1
f 123/3/1 122/3/1 121/3/1
f 123/3/1 121/3/1 115/3/1
f 124/3/1 122/3/1 123/3/1
f 130/3/1 126/3/1 125/3/1
f 131/3/1 126/3/1 130/3/1
f 132/3/1 128/3/1 127/3/1
f 133/3/1 128/3/1 132/3/1
f 135/3/1 130/3/1 129/3/1
f 136/3/1 130/3/1 135/3/1
f 137/3/1 132/3/1 131/3/1
f 138/3/1 132/3/1 137/3/1
f 139/3/1 134/3/1 133/3/1
f 140/3/1 134/3/1 139/3/1
f 143/3/1 142/3/1 141/3/1
f 144/3/1 142/3/1 143/3/1
f 145/3/1 142/3/1 144/3/1
f 146/3/1 142/3/1 145/3/1
f 147/3/1 142/3/1 146/3/1
f 148/3/1 142/3/1 147/3/1
f 149/3/1 145/3/1 144/3/1
f 150/3/1 145/3/1 149/3/1
f 151/3/1 147/3/1 146/3/1
f 152/3/1 147/3/1 151/3/1
f 156/1/1 154/1/1 153/1/1
f 157/1/1 154/1/1 156/1/1
f 158/1/1 154/1/1 157/1/1
f 160/1/1 156/1/1 155/1/1
f 160/1/1 157/1/1 156/1/1
f 161/1/1 157/1/1 160/1/1
f 162/1/1 157/1/1 161/1/1
f 164/1/1 160/1/1 159/1/1
f 164/1/1 161/1/1 160/1/1
f 165/1/1 161/1/1 164/1/1
f 166/1/1 161/1/1 165/1/1
f 167/1/1 161/1/1 166/1/1
f 168/1/1 164/1/1 163/1/1
f 168/1/1 165/1/1 164/1/1
f 169/1/1 165/1/1 168/1/1
f 176/1/1 171/1/1 170/1/1
f 177/1/1 171/1/1 176/1/1
f 178/1/1 173/1/1 172/1/1
f 179/1/1 173/1/1 178/1/1
f 180/1/1 175/1/1 174/1/1
f 181/1/1 175/1/1 180/1/1
f 183/1/1 179/1/1 178/1/1
f 183/1/1 182/1/1 181/1/1
f 183/1/1 181/1/1 180/1/1
f 183/1/1 180/1/1 179/1/1
f 183/1/1 178/1/1 177/1/1
f 184/1/1 182/1/1 183/1/1
f 185/1/1 182/1/1 184/1/1
f 187/1/1 186/1/1 185/1/1
f 187/1/1 185/1/1 184/1/1
f 188/1/1 186/1/1 187/1/1
f 189/1/1 186/1/1 188/1/1
f 191/1/1 190/1/1 189/1/1
f 191/1/1 189/1/1 188/1/1
f 192/1/1 190/1/1 191/1/1
f 195/3/1 194/3/1 193/3/1
f 196/3/1 194/3/1 195/3/1
f 201/3/1 200/3/1 199/3/1
f 203/3/1 198/3/1 197/3/1
f 204/3/1 198/3/1 203/3/1
f 205/3/1 202/3/1 201/3/1
f 205/3/1 201/3/1 199/3/1
f 206/3/1 202/3/1 205/3/1
f 210/1/1 208/1/1 207/1/1
f 211/1/1 208/1/1 210/1/1
f 212/1/1 208/1/1 211/1/1
f 213/1/1 210/1/1 209/1/1
f 213/1/1 211/1/1 210/1/1
f 214/1/1 211/1/1 213/1/1
f 222/4/1 216/4/1 215/4/1
f 223/4/1 216/4/1 222/4/1
f 224/4/1 218/4/1 217/4/1
f 225/3/1 219/3/1 218/3/1
f 225/4/1 218/4/1 224/4/1
f 226/3/1 219/3/1 225/3/1
f 229/1/1 221/1/1 220/1/1
f 230/1/1 221/1/1 229/1/1
f 231/1/1 221/1/1 230/1/1
f 234/2/1 228/2/1 227/2/1
f 235/2/1 228/2/1 234/2/1
f 236/1/1 231/1/1 230/1/1
f 236/1/1 232/1/1 231/1/1
f 237/1/1 232/1/1 236/1/1
f 238/2/1 234/2/1 233/2/1
f 239/2/1 234/2/1 238/2/1
f 243/1/1 241/1/1 240/1/1
f 243/1/1 242/1/1 241/1/1
f 244/1/1 242/1/1 243/1/1
f 245/1/1 242/1/1 244/1/1
f 246/1/1 242/1/1 245/1/1
f 247/1/1 242/1/1 246/1/1
f 251/2/1 249/2/1 248/2/1
f 252/2/1 249/2/1 251/2/1
f 255/2/1 251/2/1 250/2/1
f 256/2/1 251/2/1 255/2/1
f 257/4/1 254/4/1 253/4/1
f 258/4/1 254/4/1 257/4/1
f 262/2/1 260/2/1 259/2/1
f 262/2/1 261/2/1 260/2/1
f 263/2/1 261/2/1 262/2/1
f 266/4/1 265/4/1 264/4/1
f 267/4/1 265/4/1 266/4/1
f 270/2/1 269/2/1 268/2/1
f 271/2/1 269/2/1 270/2/1
f 274/2/1 273/2/1 272/2/1
f 275/2/1 273/2/1 274/2/1
f 281/2/1 277/2/1 276/2/1
f 281/2/1 278/2/1 277/2/1
f 282/2/1 278/2/1 281/2/1
f 284/2/1 280/2/1 279/2/1
f 285/2/1 280/2/1 284/2/1
f 290/2/1 284/2/1 283/2/1
f 291/2/1 284/2/1 290/2/1
f 292/4/1 287/4/1 286/4/1
f 293/4/1 287/4/1 292/4/1
f 294/3/1 289/3/1 288/3/1
f 295/4/1 290/4/1 289/4/1
f 295/3/1 289/3/1 294/3/1
f 296/4/1 290/4/1 295/4/1
f 300/2/1 298/2/1 297/2/1
f 300/2/1 299/2/1 298/2/1
f 301/2/1 299/2/1 300/2/1
f 308/4/1 303/4/1 302/4/1
f 309/4/1 303/4/1 308/4/1
f 310/4/1 305/4/1 304/4/1
f 311/4/1 305/4/1 310/4/1
f 314/2/1 307/2/1 306/2/1
f 315/2/1 307/2/1 314/2/1
f 317/2/1 313/2/1 312/2/1
f 318/2/1 313/2/1 317/2/1
f 321/2/1 317/2/1 316/2/1
f 322/2/1 317/2/1 321/2/1
f 323/3/1 320/3/1 319/3/1
f 324/3/1 320/3/1 323/3/1
f 332/2/1 326/2/1 325/2/1
f 332/2/1 327/2/1 326/2/1
f 333/2/1 327/2/1 332/2/1
f 334/3/1 329/3/1 328/3/1
f 335/3/1 329/3/1 334/3/1
f 336/3/1 331/3/1 330/3/1
f 337/3/1 331/3/1 336/3/1
f 341/2/1 340/2/1 339/2/1
f 341/2/1 339/2/1 338/2/1
f 342/2/1 340/2/1 341/2/1
f 345/4/1 344/4/1 343/4/1
f 346/4/1 344/4/1 345/4/1
f 351/2/1 348/2/1 347/2/1
f 352/2/1 348/2/1 351/2/1
f 353/2/1 350/2/1 349/2/1
f 354/2/1 350/2/1 353/2/1
f 357/2/1 356/2/1 355/2/1
f 358/2/1 356/2/1 357/2/1
f 361/1/1 360/1/1 359/1/1
f 362/1/1 360/1/1 361/1/1
f 363/1/1 360/1/1 362/1/1
f 365/1/1 364/1/1 363/1/1
f 365/1/1 363/1/1 362/1/1
f 366/1/1 364/1/1 365/1/1
f 369/2/1 368/2/1 367/2/1
f 370/2/1 368/2/1 369/2/1
f 375/1/1 372/1/1 371/1/1
f 376/1/1 372/1/1 375/1/1
f 378/2/1 374/2/1 373/2/1
f 378/2/1 375/2/1 374/2/1
f 379/1/1 377/1/1 376/1/1
f 379/2/1 375/2/1 378/2/1
f 379/1/1 376/1/1 375/1/1
f 380/1/1 377/1/1 379/1/1
f 383/2/1 382/2/1 381/2/1
f 384/2/1 382/2/1 383/2/1
f 387/2/1 386/2/1 385/2/1
f 388/2/1 386/2/1 387/2/1
f 392/2/1 389/2/1 388/2/1
f 393/2/1 389/2/1 392/2/1
f 394/2/1 391/2/1 390/2/1
f 395/2/1 391/2/1 394/2/1
f 404/2/1 397/2/1 396/2/1
f 405/2/1 397/2/1 404/2/1
f 406/5/1 399/5/1 398/5/1
f 407/5/1 399/5/1 406/5/1
f 408/5/1 401/5/1 400/5/1
f 409/5/1 401/5/1 408/5/1
f 410/5/1 401/5/1 409/5/1
f 411/5/1 401/5/1 410/5/1
f 412/5/1 403/5/1 402/5/1
f 413/5/1 403/5/1 412/5/1
f 414/5/1 403/5/1 413/5/1
f 416/2/1 414/2/1 413/2/1
f 417/2/1 414/2/1 416/2/1
f 418/2/1 414/2/1 417/2/1
f 426/2/1 416/2/1 415/2/1
f 426/2/1 417/2/1 416/2/1
f 427/2/1 417/2/1 426/2/1
f 428/5/1 420/5/1 419/5/1
f 429/2/1 421/2/1 420/2/1
f 429/5/1 420/5/1 428/5/1
f 430/2/1 421/2/1 429/2/1
f 431/2/1 423/2/1 422/2/1
f 432/2/1 423/2/1 431/2/1
f 433/2/1 425/2/1 424/2/1
f 434/5/1 426/5/1 425/5/1
f 434/5/1 427/5/1 426/5/1
f 434/2/1 425/2/1 433/2/1
f 435/5/1 427/5/1 434/5/1
f 436/2/1 432/2/1 431/2/1
f 436/2/1 430/2/1 429/2/1
f 436/2/1 434/2/1 433/2/1
f 436/2/1 431/2/1 430/2/1
f 436/2/1 433/2/1 432/2/1
f 437/2/1 434/2/1 436/2/1
f 438/2/1 434/2/1 437/2/1
f 439/1/1 437/1/1 436/1/1
f 440/1/1 437/1/1 439/1/1
f 449/5/1 442/5/1 441/5/1
f 450/5/1 442/5/1 449/5/1
f 452/1/1 444/1/1 443/1/1
f 453/1/1 444/1/1 452/1/1
f 455/5/1 446/5/1 445/5/1
f 456/5/1 446/5/1 455/5/1
f 458/2/1 448/2/1 447/2/1
f 460/5/1 451/5/1 450/5/1
f 461/5/1 451/5/1 460/5/1
f 462/5/1 455/5/1 454/5/1
f 463/5/1 455/5/1 462/5/1
f 464/5/1 457/5/1 456/5/1
f 465/5/1 457/5/1 464/5/1
f 466/2/1 459/2/1 458/2/1
f 466/2/1 458/2/1 447/2/1
f 467/2/1 459/2/1 466/2/1
f 468/2/1 465/2/1 464/2/1
f 469/2/1 465/2/1 468/2/1
f 474/5/1 471/5/1 470/5/1
f 475/5/1 471/5/1 474/5/1
f 478/5/1 473/5/1 472/5/1
f 479/5/1 473/5/1 478/5/1
f 480/5/1 476/5/1 475/5/1
f 481/5/1 476/5/1 480/5/1
f 482/5/1 476/5/1 481/5/1
f 483/5/1 478/5/1 477/5/1
f 484/5/1 478/5/1 483/5/1
f 485/1/1 482/1/1 481/1/1
f 486/1/1 482/1/1 485/1/1
f 489/1/1 488/1/1 487/1/1
f 489/1/1 487/1/1 486/1/1
f 490/1/1 488/1/1 489/1/1
f 495/5/1 492/5/1 491/5/1
f 496/5/1 492/5/1 495/5/1
f 497/5/1 494/5/1 493/5/1
f 498/5/1 494/5/1 497/5/1
f 504/5/1 499/5/1 498/5/1
f 505/5/1 499/5/1 504/5/1
f 506/5/1 501/5/1 500/5/1
f 508/5/1 503/5/1 502/5/1
f 510/2/1 505/2/1 504/2/1
f 511/2/1 505/2/1 510/2/1
f 512/5/1 507/5/1 506/5/1
f 512/5/1 506/5/1 500/5/1
f 513/5/1 507/5/1 512/5/1
f 514/5/1 508/5/1 502/5/1
f 515/5/1 508/5/1 514/5/1
f 516/2/1 509/2/1 508/2/1
f 516/5/1 508/5/1 515/5/1
f 517/2/1 509/2/1 516/2/1
f 521/5/1 518/5/1 517/5/1
f 521/5/1 517/5/1 516/5/1
f 521/5/1 516/5/1 515/5/1
f 522/5/1 518/5/1 521/5/1
f 525/5/1 520/5/1 519/5/1
f 526/5/1 520/5/1 525/5/1
f 527/5/1 523/5/1 522/5/1
f 528/5/1 523/5/1 527/5/1
f 531/5/1 525/5/1 524/5/1
f 532/5/1 525/5/1 531/5/1
f 533/1/1 530/1/1 529/1/1
f 534/1/1 530/1/1 533/1/1
f 536/1/1 535/1/1 534/1/1
f 537/1/1 535/1/1 536/1/1
f 540/5/1 539/5/1 538/5/1
f 541/5/1 539/5/1 540/5/1
f 548/5/1 543/5/1 542/5/1
f 549/5/1 543/5/1 548/5/1
f 550/5/1 545/5/1 544/5/1
f 551/5/1 545/5/1 550/5/1
f 552/5/1 547/5/1 546/5/1
f 553/5/1 547/5/1 552/5/1
f 556/5/1 555/5/1 554/5/1
f 557/5/1 555/5/1 556/5/1
f 560/1/1 559/1/1 558/1/1
f 561/1/1 559/1/1 560/1/1
f 563/1/1 562/1/1 561/1/1
f 564/1/1 562/1/1 563/1/1
f 567/3/1 566/3/1 565/3/1
f 568/3/1 566/3/1 567/3/1
f 575/5/1 570/5/1 569/5/1
f 576/5/1 572/5/1 571/5/1
f 577/5/1 572/5/1 576/5/1
f 580/5/1 570/5/1 575/5/1
f 581/5/1 570/5/1 580/5/1
f 582/5/1 570/5/1 581/5/1
f 583/5/1 576/5/1 571/5/1
f 584/5/1 576/5/1 583/5/1
f 585/5/1 576/5/1 584/5/1
f 589/1/1 574/1/1 573/1/1
f 590/1/1 574/1/1 589/1/1
f 591/1/1 574/1/1 590/1/1
f 592/5/1 582/5/1 581/5/1
f 593/5/1 582/5/1 592/5/1
f 594/5/1 584/5/1 583/5/1
f 595/5/1 584/5/1 594/5/1
f 596/3/1 579/3/1 578/3/1
f 597/3/1 579/3/1 596/3/1
f 598/3/1 579/3/1 597/3/1
f 599/5/1 587/5/1 586/5/1
f 600/5/1 587/5/1 599/5/1
f 604/5/1 590/5/1 589/5/1
f 604/5/1 589/5/1 588/5/1
f 605/5/1 590/5/1 604/5/1
f 606/5/1 590/5/1 605/5/1
f 607/5/1 590/5/1 606/5/1
f 608/5/1 590/5/1 607/5/1
f 613/1/1 601/1/1 600/1/1
f 614/1/1 601/1/1 613/1/1
f 615/5/1 603/5/1 602/5/1
f 616/5/1 603/5/1 615/5/1
f 617/5/1 606/5/1 605/5/1
f 617/1/1 607/1/1 606/1/1
f 618/5/1 609/5/1 608/5/1
f 618/1/1 607/1/1 617/1/1
f 618/5/1 608/5/1 607/5/1
f 619/6/1 610/6/1 609/6/1
f 619/5/1 609/5/1 618/5/1
f 620/6/1 610/6/1 619/6/1
f 622/3/1 612/3/1 611/3/1
f 623/5/1 620/5/1 619/5/1
f 623/5/1 618/5/1 617/5/1
f 623/5/1 617/5/1 605/5/1
f 623/5/1 619/5/1 618/5/1
f 624/5/1 620/5/1 623/5/1
f 628/3/1 622/3/1 621/3/1
f 629/3/1 612/3/1 622/3/1
f 629/3/1 622/3/1 628/3/1
f 630/1/1 626/1/1 625/1/1
f 631/1/1 626/1/1 630/1/1
f 633/1/1 628/1/1 627/1/1
f 634/1/1 628/1/1 633/1/1
f 635/1/1 632/1/1 631/1/1
f 636/1/1 632/1/1 635/1/1
f 639/3/1 638/3/1 637/3/1
f 640/3/1 638/3/1 639/3/1
f 650/5/1 642/5/1 641/5/1
f 651/5/1 642/5/1 650/5/1
f 652/5/1 648/5/1 647/5/1
f 653/5/1 648/5/1 652/5/1
f 654/5/1 650/5/1 649/5/1
f 655/5/1 650/5/1 654/5/1
f 656/3/1 644/3/1 643/3/1
f 657/3/1 644/3/1 656/3/1
f 658/3/1 646/3/1 645/3/1
f 659/3/1 646/3/1 658/3/1
f 665/1/1 661/1/1 660/1/1
f 666/1/1 661/1/1 665/1/1
f 667/3/1 663/3/1 662/3/1
f 669/3/1 667/3/1 662/3/1
f 669/3/1 668/3/1 667/3/1
f 670/3/1 668/3/1 669/3/1
f 671/5/1 665/5/1 664/5/1
f 672/5/1 665/5/1 671/5/1
f 679/1/1 674/1/1 673/1/1
f 680/1/1 674/1/1 679/1/1
f 681/1/1 676/1/1 675/1/1
f 682/1/1 676/1/1 681/1/1
f 683/5/1 678/5/1 677/5/1
f 684/5/1 678/5/1 683/5/1
f 685/5/1 680/5/1 679/5/1
f 686/5/1 680/5/1 685/5/1
f 688/1/1 687/1/1 686/1/1
f 689/1/1 687/1/1 688/1/1
f 693/1/1 690/1/1 689/1/1
f 694/1/1 690/1/1 693/1/1
f 698/1/1 692/1/1 691/1/1
f 699/1/1 692/1/1 698/1/1
f 700/2/1 695/2/1 694/2/1
f 701/2/1 695/2/1 700/2/1
f 702/2/1 697/2/1 696/2/1
f 703/2/1 697/2/1 702/2/1
f 706/3/1 705/3/1 704/3/1
f 707/3/1 705/3/1 706/3/1
f 715/3/1 709/3/1 708/3/1
f 716/3/1 709/3/1 715/3/1
f 717/3/1 711/3/1 710/3/1
f 718/3/1 711/3/1 717/3/1
f 722/5/1 713/5/1 712/5/1
f 723/5/1 713/5/1 722/5/1
f 724/3/1 721/3/1 720/3/1
f 725/3/1 721/3/1 724/3/1
f 726/3/1 721/3/1 725/3/1
f 729/5/1 722/5/1 712/5/1
f 730/5/1 722/5/1 729/5/1
f 731/5/1 715/5/1 714/5/1
f 732/1/1 717/1/1 716/1/1
f 733/1/1 717/1/1 732/1/1
f 734/5/1 719/5/1 718/5/1
f 735/3/1 725/3/1 724/3/1
f 736/3/1 725/3/1 735/3/1
f 739/1/1 728/1/1 727/1/1
f 740/1/1 728/1/1 739/1/1
f 741/5/1 731/5/1 714/5/1
f 742/5/1 731/5/1 741/5/1
f 743/5/1 719/5/1 734/5/1
f 744/5/1 719/5/1 743/5/1
f 746/3/1 738/3/1 737/3/1
f 747/3/1 738/3/1 746/3/1
f 748/1/1 739/1/1 727/1/1
f 749/1/1 739/1/1 748/1/1
f 750/5/1 748/5/1 747/5/1
f 751/5/1 748/5/1 750/5/1
f 752/5/1 746/5/1 745/5/1
f 753/5/1 746/5/1 752/5/1
f 754/5/1 748/5/1 751/5/1
f 755/5/1 748/5/1 754/5/1
f 756/5/1 748/5/1 755/5/1
f 757/5/1 748/5/1 756/5/1
f 766/1/1 753/1/1 752/1/1
f 766/1/1 754/1/1 753/1/1
f 766/1/1 755/1/1 754/1/1
f 767/5/1 756/5/1 755/5/1
f 767/1/1 755/1/1 766/1/1
f 768/1/1 757/1/1 756/1/1
f 768/5/1 756/5/1 767/5/1
f 769/5/1 758/5/1 757/5/1
f 769/1/1 757/1/1 768/1/1
f 770/3/1 760/3/1 759/3/1
f 771/3/1 760/3/1 770/3/1
f 772/1/1 763/1/1 762/1/1
f 773/1/1 763/1/1 772/1/1
f 774/5/1 765/5/1 764/5/1
f 775/5/1 765/5/1 774/5/1
f 776/5/1 752/5/1 745/5/1
f 777/1/1 766/1/1 752/1/1
f 777/5/1 752/5/1 776/5/1
f 778/5/1 767/5/1 766/5/1
f 778/1/1 766/1/1 777/1/1
f 778/5/1 768/5/1 767/5/1
f 778/5/1 769/5/1 768/5/1
f 779/5/1 758/5/1 769/5/1
f 779/5/1 769/5/1 778/5/1
f 780/6/1 771/6/1 770/6/1
f 781/6/1 771/6/1 780/6/1
f 782/5/1 762/5/1 761/5/1
f 783/1/1 772/1/1 762/1/1
f 783/5/1 762/5/1 782/5/1
f 784/5/1 773/5/1 772/5/1
f 784/1/1 772/1/1 783/1/1
f 785/5/1 773/5/1 784/5/1
f 789/5/1 765/5/1 775/5/1
f 790/5/1 765/5/1 789/5/1
f 793/1/1 786/1/1 785/1/1
f 796/1/1 788/1/1 787/1/1
f 797/1/1 788/1/1 796/1/1
f 798/1/1 790/1/1 789/1/1
f 799/1/1 790/1/1 798/1/1
f 800/1/1 794/1/1 793/1/1
f 800/1/1 793/1/1 785/1/1
f 801/1/1 794/1/1 800/1/1
f 803/1/1 796/1/1 795/1/1
f 804/1/1 796/1/1 803/1/1
f 805/1/1 796/1/1 804/1/1
f 809/1/1 792/1/1 791/1/1
f 810/1/1 792/1/1 809/1/1
f 812/2/1 802/2/1 801/2/1
f 813/2/1 802/2/1 812/2/1
f 816/2/1 804/2/1 803/2/1
f 817/2/1 804/2/1 816/2/1
f 818/1/1 807/1/1 806/1/1
f 819/1/1 807/1/1 818/1/1
f 820/1/1 807/1/1 819/1/1
f 821/1/1 811/1/1 810/1/1
f 821/1/1 810/1/1 809/1/1
f 821/1/1 809/1/1 808/1/1
f 822/1/1 811/1/1 821/1/1
f 823/1/1 811/1/1 822/1/1
f 825/7/1 813/7/1 812/7/1
f 825/7/1 814/7/1 813/7/1
f 826/3/1 815/3/1 814/3/1
f 826/7/1 814/7/1 825/7/1
f 827/7/1 817/7/1 816/7/1
f 827/3/1 815/3/1 826/3/1
f 827/7/1 816/7/1 815/7/1
f 828/7/1 817/7/1 827/7/1
f 829/1/1 820/1/1 819/1/1
f 829/1/1 822/1/1 821/1/1
f 829/1/1 821/1/1 820/1/1
f 830/1/1 822/1/1 829/1/1
f 831/1/1 822/1/1 830/1/1
f 832/1/1 824/1/1 823/1/1
f 833/1/1 824/1/1 832/1/1
f 835/1/1 834/1/1 833/1/1
f 835/1/1 833/1/1 832/1/1
f 835/1/1 832/1/1 831/1/1
f 835/1/1 831/1/1 830/1/1
f 836/1/1 834/1/1 835/1/1
f 843/3/1 838/3/1 837/3/1
f 844/3/1 838/3/1 843/3/1
f 847/3/1 840/3/1 839/3/1
f 848/3/1 840/3/1 847/3/1
f 850/3/1 842/3/1 841/3/1
f 851/3/1 842/3/1 850/3/1
f 852/3/1 845/3/1 844/3/1
f 852/3/1 844/3/1 843/3/1
f 853/3/1 845/3/1 852/3/1
f 854/3/1 849/3/1 848/3/1
f 854/3/1 847/3/1 846/3/1
f 854/3/1 848/3/1 847/3/1
f 855/3/1 849/3/1 854/3/1
f 861/3/1 857/3/1 856/3/1
f 862/3/1 857/3/1 861/3/1
f 866/1/1 861/1/1 860/1/1
f 867/1/1 861/1/1 866/1/1
f 868/6/1 863/6/1 862/6/1
f 869/1/1 864/1/1 863/1/1
f 869/6/1 863/6/1 868/6/1
f 870/1/1 864/1/1 869/1/1
f 871/3/1 859/3/1 858/3/1
f 872/3/1 859/3/1 871/3/1
f 878/5/1 866/5/1 865/5/1
f 879/5/1 866/5/1 878/5/1
f 882/1/1 874/1/1 873/1/1
f 883/1/1 874/1/1 882/1/1
f 889/1/1 876/1/1 875/1/1
f 890/5/1 877/5/1 876/5/1
f 890/1/1 876/1/1 889/1/1
f 891/5/1 877/5/1 890/5/1
f 892/1/1 881/1/1 880/1/1
f 892/1/1 882/1/1 881/1/1
f 893/1/1 882/1/1 892/1/1
f 894/1/1 884/1/1 883/1/1
f 895/3/1 885/3/1 884/3/1
f 895/1/1 884/1/1 894/1/1
f 896/3/1 885/3/1 895/3/1
f 897/5/1 886/5/1 885/5/1
f 897/3/1 885/3/1 896/3/1
f 898/1/1 887/1/1 886/1/1
f 898/5/1 886/5/1 897/5/1
f 899/5/1 888/5/1 887/5/1
f 899/1/1 887/1/1 898/1/1
f 900/5/1 888/5/1 899/5/1
f 903/3/1 896/3/1 895/3/1
f 904/3/1 896/3/1 903/3/1
f 909/1/1 902/1/1 901/1/1
f 910/1/1 902/1/1 909/1/1
f 914/2/1 906/2/1 905/2/1
f 915/2/1 906/2/1 914/2/1
f 916/2/1 908/2/1 907/2/1
f 917/2/1 908/2/1 916/2/1
f 918/1/1 911/1/1 910/1/1
f 919/1/1 911/1/1 918/1/1
f 921/6/1 913/6/1 912/6/1
f 922/6/1 913/6/1 921/6/1
f 927/1/1 920/1/1 919/1/1
f 928/1/1 920/1/1 927/1/1
f 929/7/1 924/7/1 923/7/1
f 930/3/1 925/3/1 924/3/1
f 930/7/1 924/7/1 929/7/1
f 931/7/1 926/7/1 925/7/1
f 931/3/1 925/3/1 930/3/1
f 932/7/1 926/7/1 931/7/1
f 935/3/1 934/3/1 933/3/1
f 936/3/1 934/3/1 935/3/1
f 942/3/1 938/3/1 937/3/1
f 943/3/1 938/3/1 942/3/1
f 944/3/1 940/3/1 939/3/1
f 945/3/1 940/3/1 944/3/1
f 950/1/1 942/1/1 941/1/1
f 951/1/1 942/1/1 950/1/1
f 952/1/1 942/1/1 951/1/1
f 953/1/1 944/1/1 943/1/1
f 954/1/1 944/1/1 953/1/1
f 955/1/1 946/1/1 945/1/1
f 956/1/1 946/1/1 955/1/1
f 957/1/1 946/1/1 956/1/1
f 959/3/1 948/3/1 947/3/1
f 960/3/1 948/3/1 959/3/1
f 961/1/1 950/1/1 949/1/1
f 961/1/1 951/1/1 950/1/1
f 962/1/1 951/1/1 961/1/1
f 963/1/1 958/1/1 957/1/1
f 963/1/1 957/1/1 956/1/1
f 964/1/1 958/1/1 963/1/1
f 973/5/1 966/5/1 965/5/1
f 974/5/1 966/5/1 973/5/1
f 976/3/1 968/3/1 967/3/1
f 977/3/1 968/3/1 976/3/1
f 979/3/1 970/3/1 969/3/1
f 980/3/1 970/3/1 979/3/1
f 981/3/1 972/3/1 971/3/1
f 982/3/1 972/3/1 981/3/1
f 984/3/1 959/3/1 947/3/1
f 985/3/1 959/3/1 984/3/1
f 987/1/1 976/1/1 975/1/1
f 988/1/1 976/1/1 987/1/1
f 989/1/1 978/1/1 977/1/1
f 990/1/1 978/1/1 989/1/1
f 991/1/1 978/1/1 990/1/1
f 993/1/1 987/1/1 986/1/1
f 994/1/1 987/1/1 993/1/1
f 995/5/1 984/5/1 983/5/1
f 996/5/1 984/5/1 995/5/1
f 997/5/1 993/5/1 992/5/1
f 998/5/1 993/5/1 997/5/1
f 1003/1/1 1000/1/1 999/1/1
f 1004/1/1 1000/1/1 1003/1/1
f 1005/1/1 1000/1/1 1004/1/1
f 1006/1/1 1002/1/1 1001/1/1
f 1007/1/1 1002/1/1 1006/1/1
f 1016/1/1 1005/1/1 1004/1/1
f 1016/1/1 1006/1/1 1005/1/1
f 1017/1/1 1006/1/1 1016/1/1
f 1018/1/1 1008/1/1 1007/1/1
f 1019/1/1 1008/1/1 1018/1/1
f 1020/1/1 1013/1/1 1012/1/1
f 1020/1/1 1012/1/1 1011/1/1
f 1020/1/1 1011/1/1 1010/1/1
f 1020/1/1 1010/1/1 1009/1/1
f 1021/1/1 1013/1/1 1020/1/1
f 1024/1/1 1015/1/1 1014/1/1
f 1025/1/1 1015/1/1 1024/1/1
f 1026/3/1 1020/3/1 1019/3/1
f 1027/3/1 1020/3/1 1026/3/1
f 1028/2/1 1023/2/1 1022/2/1
f 1029/2/1 1023/2/1 1028/2/1
f 1032/2/1 1025/2/1 1024/2/1
f 1033/2/1 1025/2/1 1032/2/1
f 1034/7/1 1030/7/1 1029/7/1
f 1034/7/1 1029/7/1 1028/7/1
f 1035/7/1 1030/7/1 1034/7/1
f 1036/7/1 1030/7/1 1035/7/1
f 1039/7/1 1032/7/1 1031/7/1
f 1040/7/1 1032/7/1 1039/7/1
f 1041/3/1 1037/3/1 1036/3/1
f 1041/3/1 1036/3/1 1035/3/1
f 1042/3/1 1037/3/1 1041/3/1
f 1043/7/1 1039/7/1 1038/7/1
f 1044/7/1 1039/7/1 1043/7/1
f 1047/3/1 1046/3/1 1045/3/1
f 1048/3/1 1046/3/1 1047/3/1
f 1051/3/1 1049/3/1 1048/3/1
f 1052/3/1 1049/3/1 1051/3/1
f 1053/3/1 1049/3/1 1052/3/1
f 1055/3/1 1051/3/1 1050/3/1
f 1056/3/1 1051/3/1 1055/3/1
f 1058/3/1 1054/3/1 1053/3/1
f 1058/3/1 1053/3/1 1052/3/1
f 1059/3/1 1058/3/1 1057/3/1
f 1060/3/1 1058/3/1 1059/3/1
f 1061/3/1 1054/3/1 1058/3/1
f 1061/3/1 1058/3/1 1060/3/1
f 1067/1/1 1064/1/1 1063/1/1
f 1068/1/1 1064/1/1 1067/1/1
f 1069/1/1 1066/1/1 1065/1/1
f 1070/1/1 1066/1/1 1069/1/1
f 1071/3/1 1061/3/1 1060/3/1
f 1071/3/1 1062/3/1 1061/3/1
f 1073/3/1 1071/3/1 1060/3/1
f 1073/3/1 1072/3/1 1071/3/1
f 1074/3/1 1072/3/1 1073/3/1
f 1075/3/1 1072/3/1 1074/3/1
f 1076/3/1 1072/3/1 1075/3/1
f 1077/3/1 1072/3/1 1076/3/1
f 1078/3/1 1073/3/1 1060/3/1
f 1079/3/1 1073/3/1 1078/3/1
f 1080/3/1 1075/3/1 1074/3/1
f 1081/3/1 1075/3/1 1080/3/1
f 1082/3/1 1072/3/1 1077/3/1
f 1083/3/1 1072/3/1 1082/3/1
f 1088/1/1 1085/1/1 1084/1/1
f 1089/1/1 1085/1/1 1088/1/1
f 1090/1/1 1085/1/1 1089/1/1
f 1091/3/1 1087/3/1 1086/3/1
f 1092/3/1 1087/3/1 1091/3/1
f 1093/3/1 1090/3/1 1089/3/1
f 1094/3/1 1090/3/1 1093/3/1
f 1097/1/1 1096/1/1 1095/1/1
f 1098/1/1 1096/1/1 1097/1/1
f 1101/3/1 1100/3/1 1099/3/1
f 1102/3/1 1100/3/1 1101/3/1
f 1105/3/1 1104/3/1 1103/3/1
f 1106/3/1 1104/3/1 1105/3/1
f 1109/3/1 1108/3/1 1107/3/1
f 1110/3/1 1108/3/1 1109/3/1
f 1111/3/1 1109/3/1 1107/3/1
f 1112/3/1 1109/3/1 1111/3/1
f 1115/3/1 1114/3/1 1113/3/1
f 1116/3/1 1114/3/1 1115/3/1
f 1119/1/1 1118/1/1 1117/1/1
f 1120/1/1 1118/1/1 1119/1/1
f 1124/1/1 1122/1/1 1121/1/1
f 1125/1/1 1124/1/1 1123/1/1
f 1126/1/1 1122/1/1 1124/1/1
f 1126/1/1 1124/1/1 1125/1/1
f 1129/1/1 1128/1/1 1127/1/1
f 1130/1/1 1128/1/1 1129/1/1
f 1132/1/1 1131/1/1 1130/1/1
f 1135/1/1 1132/1/1 1130/1/1
f 1135/1/1 1133/1/1 1132/1/1
f 1136/1/1 1133/1/1 1135/1/1
f 1138/1/1 1135/1/1 1134/1/1
f 1138/1/1 1137/1/1 1136/1/1
f 1138/1/1 1136/1/1 1135/1/1
f 1139/1/1 1137/1/1 1138/1/1
f 1142/5/1 1141/5/1 1140/5/1
f 1143/5/1 1141/5/1 1142/5/1
f 1148/1/1 1145/1/1 1144/1/1
f 1149/1/1 1145/1/1 1148/1/1
f 1150/3/1 1147/3/1 1146/3/1
f 1151/3/1 1147/3/1 1150/3/1
f 1152/2/1 1151/2/1 1150/2/1
f 1153/3/1 1147/3/1 1151/3/1
f 1153/2/1 1151/2/1 1152/2/1
f 1154/3/1 1147/3/1 1153/3/1
f 1157/3/1 1156/3/1 1155/3/1
f 1158/3/1 1156/3/1 1157/3/1
f 1162/1/1 1160/1/1 1159/1/1
f 1163/1/1 1162/1/1 1161/1/1
f 1164/1/1 1160/1/1 1162/1/1
f 1164/1/1 1162/1/1 1163/1/1
f 1169/2/1 1166/2/1 1165/2/1
f 1170/2/1 1166/2/1 1169/2/1
f 1171/5/1 1168/5/1 1167/5/1
f 1172/5/1 1168/5/1 1171/5/1
f 1175/3/1 1174/3/1 1173/3/1
f 1176/3/1 1174/3/1 1175/3/1
f 1179/2/1 1178/2/1 1177/2/1
f 1180/2/1 1178/2/1 1179/2/1
f 1183/2/1 1182/2/1 1181/2/1
f 1184/2/1 1182/2/1 1183/2/1
f 1187/2/1 1186/2/1 1185/2/1
f 1188/2/1 1186/2/1 1187/2/1
f 1191/2/1 1190/2/1 1189/2/1
f 1192/2/1 1190/2/1 1191/2/1
f 1195/1/1 1194/1/1 1193/1/1
f 1197/1/1 1195/1/1 1193/1/1
f 1197/1/1 1196/1/1 1195/1/1
f 1198/1/1 1196/1/1 1197/1/1
f 1201/2/1 1200/2/1 1199/2/1
f 1202/2/1 1200/2/1 1201/2/1
f 1205/2/1 1204/2/1 1203/2/1
f 1206/2/1 1204/2/1 1205/2/1
f 1213/2/1 1208/2/1 1207/2/1
f 1214/2/1 1208/2/1 1213/2/1
f 1215/3/1 1210/3/1 1209/3/1
f 1216/3/1 1210/3/1 1215/3/1
f 1217/3/1 1212/3/1 1211/3/1
f 1218/3/1 1212/3/1 1217/3/1
f 1221/1/1 1220/1/1 1219/1/1
f 1222/1/1 1220/1/1 1221/1/1
f 1227/1/1 1224/1/1 1223/1/1
f 1228/1/1 1224/1/1 1227/1/1
f 1229/1/1 1226/1/1 1225/1/1
f 1232/1/1 1230/1/1 1229/1/1
f 1232/1/1 1229/1/1 1225/1/1
f 1233/1/1 1230/1/1 1232/1/1
f 1234/3/1 1232/3/1 1231/3/1
f 1235/3/1 1232/3/1 1234/3/1
f 1240/2/1 1237/2/1 1236/2/1
f 1241/2/1 1237/2/1 1240/2/1
f 1243/2/1 1239/2/1 1238/2/1
f 1244/2/1 1239/2/1 1243/2/1
f 1245/2/1 1242/2/1 1241/2/1
f 1246/2/1 1242/2/1 1245/2/1
f 1252/1/1 1248/1/1 1247/1/1
f 1253/1/1 1248/1/1 1252/1/1
f 1254/1/1 1251/1/1 1250/1/1
f 1254/1/1 1250/1/1 1249/1/1
f 1255/1/1 1251/1/1 1254/1/1
f 1257/1/1 1256/1/1 1255/1/1
f 1257/1/1 1255/1/1 1254/1/1
f 1257/1/1 1254/1/1 1253/1/1
f 1258/1/1 1256/1/1 1257/1/1
f 1261/2/1 1260/2/1 1259/2/1
f 1262/2/1 1260/2/1 1261/2/1
f 1265/2/1 1264/2/1 1263/2/1
f 1266/2/1 1264/2/1 1265/2/1
f 1269/2/1 1268/2/1 1267/2/1
f 1270/2/1 1268/2/1 1269/2/1
f 1277/4/1 1272/4/1 1271/4/1
f 1278/3/1 1273/3/1 1272/3/1
f 1278/4/1 1272/4/1 1277/4/1
f 1279/4/1 1274/4/1 1273/4/1
f 1279/3/1 1273/3/1 1278/3/1
f 1280/4/1 1274/4/1 1279/4/1
f 1281/2/1 1276/2/1 1275/2/1
f 1282/2/1 1276/2/1 1281/2/1
f 1283/2/1 1276/2/1 1282/2/1
f 1286/3/1 1285/3/1 1284/3/1
f 1287/3/1 1285/3/1 1286/3/1
f 1290/2/1 1289/2/1 1288/2/1
f 1291/2/1 1289/2/1 1290/2/1
f 1292/2/1 1289/2/1 1291/2/1
f 1297/2/1 1294/2/1 1293/2/1
f 1298/2/1 1294/2/1 1297/2/1
f 1299/2/1 1296/2/1 1295/2/1
f 1300/2/1 1296/2/1 1299/2/1
f 1302/2/1 1301/2/1 1300/2/1
f 1303/2/1 1301/2/1 1302/2/1
f 1308/4/1 1305/4/1 1304/4/1
f 1309/4/1 1305/4/1 1308/4/1
f 1310/3/1 1307/3/1 1306/3/1
f 1311/3/1 1307/3/1 1310/3/1
f 1314/2/1 1313/2/1 1312/2/1
f 1315/2/1 1313/2/1 1314/2/1
f 1316/2/1 1313/2/1 1315/2/1
f 1319/2/1 1318/2/1 1317/2/1
f 1320/2/1 1318/2/1 1319/2/1
f 1322/2/1 1321/2/1 1320/2/1
f 1323/2/1 1321/2/1 1322/2/1
f 1328/3/1 1325/3/1 1324/3/1
f 1329/3/1 1325/3/1 1328/3/1
f 1330/4/1 1327/4/1 1326/4/1
f 1331/4/1 1327/4/1 1330/4/1
f 1334/2/1 1333/2/1 1332/2/1
f 1335/2/1 1333/2/1 1334/2/1
f 1338/1/1 1337/1/1 1336/1/1
f 1339/1/1 1337/1/1 1338/1/1
f 1344/3/1 1341/3/1 1340/3/1
f 1345/3/1 1341/3/1 1344/3/1
f 1346/3/1 1343/3/1 1342/3/1
f 1347/3/1 1343/3/1 1346/3/1
f 1351/3/1 1349/3/1 1348/3/1
f 1352/4/1 1350/4/1 1349/4/1
f 1352/3/1 1349/3/1 1351/3/1
f 1353/4/1 1350/4/1 1352/4/1
f 1357/1/1 1355/1/1 1354/1/1
f 1358/1/1 1355/1/1 1357/1/1
f 1359/1/1 1355/1/1 1358/1/1
f 1360/1/1 1357/1/1 1356/1/1
f 1360/1/1 1358/1/1 1357/1/1
f 1361/1/1 1358/1/1 1360/1/1
f 1362/1/1 1358/1/1 1361/1/1
f 1372/3/1 1364/3/1 1363/3/1
f 1373/4/1 1365/4/1 1364/4/1
f 1373/3/1 1364/3/1 1372/3/1
f 1374/4/1 1365/4/1 1373/4/1
f 1375/1/1 1367/1/1 1366/1/1
f 1376/1/1 1367/1/1 1375/1/1
f 1377/1/1 1369/1/1 1368/1/1
f 1378/1/1 1369/1/1 1377/1/1
f 1379/1/1 1371/1/1 1370/1/1
f 1380/1/1 1371/1/1 1379/1/1
f 1382/1/1 1380/1/1 1379/1/1
f 1382/1/1 1381/1/1 1380/1/1
f 1382/1/1 1379/1/1 1378/1/1
f 1382/1/1 1378/1/1 1377/1/1
f 1382/1/1 1377/1/1 1376/1/1
f 1383/1/1 1381/1/1 1382/1/1
f 1386/3/1 1385/3/1 1384/3/1
f 1387/3/1 1385/3/1 1386/3/1
f 1392/3/1 1389/3/1 1388/3/1
f 1393/3/1 1389/3/1 1392/3/1
f 1394/3/1 1391/3/1 1390/3/1
f 1395/3/1 1391/3/1 1394/3/1
f 1400/3/1 1397/3/1 1396/3/1
f 1401/3/1 1397/3/1 1400/3/1
f 1402/3/1 1399/3/1 1398/3/1
f 1403/3/1 1399/3/1 1402/3/1
f 1409/3/1 1405/3/1 1404/3/1
f 1410/3/1 1405/3/1 1409/3/1
f 1413/3/1 1407/3/1 1406/3/1
f 1414/3/1 1407/3/1 1413/3/1
f 1416/3/1 1409/3/1 1408/3/1
f 1417/3/1 1409/3/1 1416/3/1
f 1418/3/1 1411/3/1 1410/3/1
f 1419/3/1 1411/3/1 1418/3/1
f 1420/3/1 1413/3/1 1412/3/1
f 1421/3/1 1413/3/1 1420/3/1
f 1422/3/1 1415/3/1 1414/3/1
f 1423/3/1 1415/3/1 1422/3/1
f 1428/3/1 1425/3/1 1424/3/1
f 1437/3/1 1427/3/1 1426/3/1
f 1438/3/1 1429/3/1 1428/3/1
f 1439/3/1 1431/3/1 1430/3/1
f 1440/3/1 1435/3/1 1434/3/1
f 1441/3/1 1437/3/1 1436/3/1
f 1442/3/1 1439/3/1 1438/3/1
f 1442/3/1 1431/3/1 1439/3/1
f 1443/3/1 1433/3/1 1432/3/1
f 1444/3/1 1433/3/1 1443/3/1
f 1445/3/1 1441/3/1 1440/3/1
f 1445/3/1 1440/3/1 1434/3/1
f 1446/3/1 1441/3/1 1445/3/1
f 1447/3/1 1437/3/1 1441/3/1
f 1447/3/1 1441/3/1 1446/3/1
f 1448/3/1 1444/3/1 1443/3/1
f 1448/3/1 1443/3/1 1442/3/1
f 1448/6/1 1447/6/1 1446/6/1
f 1448/3/1 1445/3/1 1444/3/1
f 1448/3/1 1446/3/1 1445/3/1
f 1449/3/1 1437/3/1 1447/3/1
f 1449/6/1 1447/6/1 1448/6/1
f 1450/3/1 1427/3/1 1437/3/1
f 1450/3/1 1437/3/1 1449/3/1
f 1450/3/1 1449/3/1 1448/3/1
f 1452/3/1 1450/3/1 1448/3/1
f 1452/3/1 1451/3/1 1450/3/1
f 1452/3/1 1448/3/1 1442/3/1
f 1452/3/1 1428/3/1 1424/3/1
f 1452/3/1 1438/3/1 1428/3/1
f 1452/3/1 1442/3/1 1438/3/1
f 1453/3/1 1451/3/1 1452/3/1
f 1459/3/1 1455/3/1 1454/3/1
f 1460/3/1 1455/3/1 1459/3/1
f 1461/3/1 1457/3/1 1456/3/1
f 1462/3/1 1457/3/1 1461/3/1
f 1464/3/1 1459/3/1 1458/3/1
f 1465/3/1 1459/3/1 1464/3/1
f 1466/3/1 1461/3/1 1460/3/1
f 1467/3/1 1461/3/1 1466/3/1
f 1468/3/1 1463/3/1 1462/3/1
f 1469/3/1 1463/3/1 1468/3/1
f 1472/3/1 1471/3/1 1470/3/1
f 1473/3/1 1471/3/1 1472/3/1
f 1478/3/1 1475/3/1 1474/3/1
f 1479/3/1 1475/3/1 1478/3/1
f 1480/3/1 1477/3/1 1476/3/1
f 1481/3/1 1477/3/1 1480/3/1
f 1485/1/1 1483/1/1 1482/1/1
f 1486/1/1 1483/1/1 1485/1/1
f 1487/1/1 1483/1/1 1486/1/1
f 1489/1/1 1485/1/1 1484/1/1
f 1489/1/1 1486/1/1 1485/1/1
f 1490/1/1 1486/1/1 1489/1/1
f 1491/1/1 1486/1/1 1490/1/1
f 1493/1/1 1489/1/1 1488/1/1
f 1493/1/1 1490/1/1 1489/1/1
f 1494/1/1 1490/1/1 1493/1/1
f 1495/1/1 1490/1/1 1494/1/1
f 1496/1/1 1490/1/1 1495/1/1
f 1497/1/1 1493/1/1 1492/1/1
f 1497/1/1 1494/1/1 1493/1/1
f 1498/1/1 1494/1/1 1497/1/1
f 1505/1/1 1500/1/1 1499/1/1
f 1506/1/1 1500/1/1 1505/1/1
f 1507/1/1 1502/1/1 1501/1/1
f 1508/1/1 1502/1/1 1507/1/1
f 1509/1/1 1504/1/1 1503/1/1
f 1510/1/1 1504/1/1 1509/1/1
f 1512/1/1 1511/1/1 1510/1/1
f 1512/1/1 1510/1/1 1509/1/1
f 1512/1/1 1509/1/1 1508/1/1
f 1512/1/1 1508/1/1 1507/1/1
f 1512/1/1 1507/1/1 1506/1/1
f 1513/1/1 1511/1/1 1512/1/1
f 1514/1/1 1511/1/1 1513/1/1
f 1516/1/1 1514/1/1 1513/1/1
f 1516/1/1 1515/1/1 1514/1/1
f 1517/1/1 1515/1/1 1516/1/1
f 1518/1/1 1515/1/1 1517/1/1
f 1520/1/1 1518/1/1 1517/1/1
f 1520/1/1 1519/1/1 1518/1/1
f 1521/1/1 1519/1/1 1520/1/1
f 1524/3/1 1523/3/1 1522/3/1
f 1525/3/1 1523/3/1 1524/3/1
f 1530/3/1 1529/3/1 1528/3/1
f 1532/3/1 1527/3/1 1526/3/1
f 1533/3/1 1527/3/1 1532/3/1
f 1534/3/1 1531/3/1 1530/3/1
f 1534/3/1 1530/3/1 1528/3/1
f 1535/3/1 1531/3/1 1534/3/1
f 1538/2/1 1537/2/1 1536/2/1
f 1539/2/1 1537/2/1 1538/2/1
f 1540/2/1 1537/2/1 1539/2/1
f 1541/2/1 1537/2/1 1540/2/1
f 1546/3/1 1543/3/1 1542/3/1
f 1547/4/1 1544/4/1 1543/4/1
f 1547/3/1 1543/3/1 1546/3/1
f 1548/3/1 1545/3/1 1544/3/1
f 1548/4/1 1544/4/1 1547/4/1
f 1549/3/1 1545/3/1 1548/3/1
f 1552/2/1 1551/2/1 1550/2/1
f 1553/2/1 1551/2/1 1552/2/1
f 1555/2/1 1554/2/1 1553/2/1
f 1556/2/1 1554/2/1 1555/2/1
f 1560/2/1 1558/2/1 1557/2/1
f 1560/2/1 1559/2/1 1558/2/1
f 1561/2/1 1559/2/1 1560/2/1
f 1562/2/1 1559/2/1 1561/2/1
f 1564/2/1 1563/2/1 1562/2/1
f 1564/2/1 1562/2/1 1561/2/1
f 1565/2/1 1563/2/1 1564/2/1
f 1568/2/1 1567/2/1 1566/2/1
f 1569/2/1 1567/2/1 1568/2/1
f 1571/2/1 1570/2/1 1569/2/1
f 1572/2/1 1570/2/1 1571/2/1
f 1577/3/1 1574/3/1 1573/3/1
f 1578/3/1 1574/3/1 1577/3/1
f 1579/3/1 1576/3/1 1575/3/1
f 1580/3/1 1576/3/1 1579/3/1
f 1585/1/1 1582/1/1 1581/1/1
f 1586/1/1 1582/1/1 1585/1/1
f 1591/1/1 1584/1/1 1583/1/1
f 1592/1/1 1587/1/1 1586/1/1
f 1593/1/1 1587/1/1 1592/1/1
f 1594/1/1 1589/1/1 1588/1/1
f 1595/1/1 1589/1/1 1594/1/1
f 1596/1/1 1591/1/1 1590/1/1
f 1597/1/1 1584/1/1 1591/1/1
f 1597/1/1 1591/1/1 1596/1/1
f 1601/1/1 1599/1/1 1598/1/1
f 1601/1/1 1600/1/1 1599/1/1
f 1602/1/1 1600/1/1 1601/1/1
f 1603/1/1 1600/1/1 1602/1/1
f 1605/1/1 1604/1/1 1603/1/1
f 1605/1/1 1603/1/1 1602/1/1
f 1606/1/1 1604/1/1 1605/1/1
f 1607/1/2 1608/1/2 1610/1/2
f 1608/1/2 1609/1/2 1610/1/2
f 1610/1/2 1609/1/2 1611/1/2
f 1611/1/2 1609/1/2 1612/1/2
f 1612/1/2 1613/1/2 1614/1/2
f 1611/1/2 1612/1/2 1614/1/2
f 1614/1/2 1613/1/2 1615/1/2
f 1616/1/2 1617/1/2 1620/1/2
f 1620/1/2 1617/1/2 1621/1/2
f 1618/1/2 1619/1/2 1626/1/2
f 1621/1/2 1622/1/2 1627/1/2
f 1627/1/2 1622/1/2 1628/1/2
f 1623/1/2 1624/1/2 1629/1/2
f 1629/1/2 1624/1/2 1630/1/2
f 1625/1/2 1626/1/2 1631/1/2
f 1626/1/2 1619/1/2 1632/1/2
f 1631/1/2 1626/1/2 1632/1/2
f 1633/2/2 1634/2/2 1635/2/2
f 1635/2/2 1634/2/2 1636/2/2
f 1636/2/2 1637/2/2 1638/2/2
f 1638/2/2 1637/2/2 1639/2/2
f 1640/3/2 1641/3/2 1644/3/2
f 1644/3/2 1641/3/2 1645/3/2
f 1642/3/2 1643/3/2 1646/3/2
f 1646/3/2 1643/3/2 1647/3/2
f 1648/2/2 1649/2/2 1651/2/2
f 1649/2/2 1650/2/2 1651/2/2
f 1651/2/2 1650/2/2 1652/2/2
f 1652/2/2 1650/2/2 1653/2/2
f 1653/2/2 1654/2/2 1655/2/2
f 1652/2/2 1653/2/2 1655/2/2
f 1655/2/2 1654/2/2 1656/2/2
f 1657/2/2 1658/2/2 1659/2/2
f 1659/2/2 1658/2/2 1660/2/2
f 1660/2/2 1661/2/2 1662/2/2
f 1662/2/2 1661/2/2 1663/2/2
f 1664/3/2 1665/3/2 1668/3/2
f 1665/4/2 1666/4/2 1669/4/2
f 1668/3/2 1665/3/2 1669/3/2
f 1666/3/2 1667/3/2 1670/3/2
f 1669/4/2 1666/4/2 1670/4/2
f 1670/3/2 1667/3/2 1671/3/2
f 1672/2/2 1673/2/2 1674/2/2
f 1674/2/2 1673/2/2 1675/2/2
f 1675/2/2 1673/2/2 1676/2/2
f 1676/2/2 1673/2/2 1677/2/2
f 1680/3/2 1681/3/2 1682/3/2
f 1678/3/2 1679/3/2 1684/3/2
f 1684/3/2 1679/3/2 1685/3/2
f 1682/3/2 1683/3/2 1686/3/2
f 1680/3/2 1682/3/2 1686/3/2
f 1686/3/2 1683/3/2 1687/3/2
f 1688/3/2 1689/3/2 1690/3/2
f 1690/3/2 1689/3/2 1691/3/2
f 1692/1/2 1693/1/2 1695/1/2
f 1695/1/2 1693/1/2 1696/1/2
f 1696/1/2 1693/1/2 1697/1/2
f 1694/1/2 1695/1/2 1699/1/2
f 1695/1/2 1696/1/2 1699/1/2
f 1699/1/2 1696/1/2 1700/1/2
f 1700/1/2 1696/1/2 1701/1/2
f 1698/1/2 1699/1/2 1703/1/2
f 1699/1/2 1700/1/2 1703/1/2
f 1703/1/2 1700/1/2 1704/1/2
f 1704/1/2 1700/1/2 1705/1/2
f 1705/1/2 1700/1/2 1706/1/2
f 1702/1/2 1703/1/2 1707/1/2
f 1703/1/2 1704/1/2 1707/1/2
f 1707/1/2 1704/1/2 1708/1/2
f 1709/1/2 1710/1/2 1715/1/2
f 1715/1/2 1710/1/2 1716/1/2
f 1711/1/2 1712/1/2 1717/1/2
f 1717/1/2 1712/1/2 1718/1/2
f 1713/1/2 1714/1/2 1719/1/2
f 1719/1/2 1714/1/2 1720/1/2
f 1720/1/2 1721/1/2 1722/1/2
f 1719/1/2 1720/1/2 1722/1/2
f 1718/1/2 1719/1/2 1722/1/2
f 1717/1/2 1718/1/2 1722/1/2
f 1716/1/2 1717/1/2 1722/1/2
f 1722/1/2 1721/1/2 1723/1/2
f 1723/1/2 1721/1/2 1724/1/2
f 1723/1/2 1724/1/2 1726/1/2
f 1724/1/2 1725/1/2 1726/1/2
f 1726/1/2 1725/1/2 1727/1/2
f 1727/1/2 1725/1/2 1728/1/2
f 1727/1/2 1728/1/2 1730/1/2
f 1728/1/2 1729/1/2 1730/1/2
f 1730/1/2 1729/1/2 1731/1/2
f 1732/3/2 1733/3/2 1736/3/2
f 1736/3/2 1733/3/2 1737/3/2
f 1734/3/2 1735/3/2 1738/3/2
f 1738/3/2 1735/3/2 1739/3/2
f 1740/3/2 1741/3/2 1745/3/2
f 1745/3/2 1741/3/2 1746/3/2
f 1742/3/2 1743/3/2 1747/3/2
f 1747/3/2 1743/3/2 1748/3/2
f 1744/3/2 1745/3/2 1750/3/2
f 1750/3/2 1745/3/2 1751/3/2
f 1746/3/2 1747/3/2 1752/3/2
f 1752/3/2 1747/3/2 1753/3/2
f 1748/3/2 1749/3/2 1754/3/2
f 1754/3/2 1749/3/2 1755/3/2
f 1756/3/2 1757/3/2 1758/3/2
f 1758/3/2 1757/3/2 1759/3/2
f 1760/3/2 1761/3/2 1765/3/2
f 1765/3/2 1761/3/2 1766/3/2
f 1762/3/2 1763/3/2 1769/3/2
f 1769/3/2 1763/3/2 1770/3/2
f 1764/3/2 1765/3/2 1772/3/2
f 1772/3/2 1765/3/2 1773/3/2
f 1766/3/2 1767/3/2 1774/3/2
f 1774/3/2 1767/3/2 1775/3/2
f 1768/3/2 1769/3/2 1776/3/2
f 1776/3/2 1769/3/2 1777/3/2
f 1770/3/2 1771/3/2 1778/3/2
f 1778/3/2 1771/3/2 1779/3/2
f 1780/3/2 1781/3/2 1784/3/2
f 1782/3/2 1783/3/2 1793/3/2
f 1784/3/2 1785/3/2 1794/3/2
f 1786/3/2 1787/3/2 1795/3/2
f 1790/3/2 1791/3/2 1796/3/2
f 1792/3/2 1793/3/2 1797/3/2
f 1794/3/2 1795/3/2 1798/3/2
f 1795/3/2 1787/3/2 1798/3/2
f 1788/3/2 1789/3/2 1799/3/2
f 1799/3/2 1789/3/2 1800/3/2
f 1796/3/2 1797/3/2 1801/3/2
f 1790/3/2 1796/3/2 1801/3/2
f 1801/3/2 1797/3/2 1802/3/2
f 1797/3/2 1793/3/2 1803/3/2
f 1802/3/2 1797/3/2 1803/3/2
f 1799/3/2 1800/3/2 1804/3/2
f 1798/3/2 1799/3/2 1804/3/2
f 1802/6/2 1803/6/2 1804/6/2
f 1800/3/2 1801/3/2 1804/3/2
f 1801/3/2 1802/3/2 1804/3/2
f 1803/3/2 1793/3/2 1805/3/2
f 1804/6/2 1803/6/2 1805/6/2
f 1793/3/2 1783/3/2 1806/3/2
f 1805/3/2 1793/3/2 1806/3/2
f 1804/3/2 1805/3/2 1806/3/2
f 1804/3/2 1806/3/2 1808/3/2
f 1806/3/2 1807/3/2 1808/3/2
f 1798/3/2 1804/3/2 1808/3/2
f 1780/3/2 1784/3/2 1808/3/2
f 1784/3/2 1794/3/2 1808/3/2
f 1794/3/2 1798/3/2 1808/3/2
f 1808/3/2 1807/3/2 1809/3/2
f 1810/3/2 1811/3/2 1814/3/2
f 1814/3/2 1811/3/2 1815/3/2
f 1812/3/2 1813/3/2 1816/3/2
f 1816/3/2 1813/3/2 1817/3/2
f 1818/3/2 1819/3/2 1820/3/2
f 1820/3/2 1819/3/2 1821/3/2
f 1822/3/2 1823/3/2 1826/3/2
f 1826/3/2 1823/3/2 1827/3/2
f 1824/3/2 1825/3/2 1828/3/2
f 1828/3/2 1825/3/2 1829/3/2
f 1830/1/2 1831/1/2 1833/1/2
f 1833/1/2 1831/1/2 1834/1/2
f 1834/1/2 1831/1/2 1835/1/2
f 1832/1/2 1833/1/2 1836/1/2
f 1833/1/2 1834/1/2 1836/1/2
f 1836/1/2 1834/1/2 1837/1/2
f 1837/1/2 1834/1/2 1838/1/2
f 1839/3/2 1840/3/2 1848/3/2
f 1840/4/2 1841/4/2 1849/4/2
f 1848/3/2 1840/3/2 1849/3/2
f 1849/4/2 1841/4/2 1850/4/2
f 1842/1/2 1843/1/2 1851/1/2
f 1851/1/2 1843/1/2 1852/1/2
f 1844/1/2 1845/1/2 1853/1/2
f 1853/1/2 1845/1/2 1854/1/2
f 1846/1/2 1847/1/2 1855/1/2
f 1855/1/2 1847/1/2 1856/1/2
f 1855/1/2 1856/1/2 1858/1/2
f 1856/1/2 1857/1/2 1858/1/2
f 1854/1/2 1855/1/2 1858/1/2
f 1853/1/2 1854/1/2 1858/1/2
f 1852/1/2 1853/1/2 1858/1/2
f 1858/1/2 1857/1/2 1859/1/2
f 1860/1/2 1861/1/2 1862/1/2
f 1862/1/2 1861/1/2 1863/1/2
f 1864/3/2 1865/3/2 1868/3/2
f 1868/3/2 1865/3/2 1869/3/2
f 1866/3/2 1867/3/2 1870/3/2
f 1870/3/2 1867/3/2 1871/3/2
f 1872/3/2 1873/3/2 1875/3/2
f 1873/4/2 1874/4/2 1876/4/2
f 1875/3/2 1873/3/2 1876/3/2
f 1876/4/2 1874/4/2 1877/4/2
f 1878/2/2 1879/2/2 1880/2/2
f 1880/2/2 1879/2/2 1881/2/2
f 1882/2/2 1883/2/2 1884/2/2
f 1884/2/2 1883/2/2 1885/2/2
f 1885/2/2 1883/2/2 1886/2/2
f 1887/2/2 1888/2/2 1889/2/2
f 1889/2/2 1888/2/2 1890/2/2
f 1890/2/2 1891/2/2 1892/2/2
f 1892/2/2 1891/2/2 1893/2/2
f 1894/3/2 1895/3/2 1898/3/2
f 1898/3/2 1895/3/2 1899/3/2
f 1896/4/2 1897/4/2 1900/4/2
f 1900/4/2 1897/4/2 1901/4/2
f 1902/2/2 1903/2/2 1904/2/2
f 1904/2/2 1903/2/2 1905/2/2
f 1905/2/2 1903/2/2 1906/2/2
f 1907/2/2 1908/2/2 1911/2/2
f 1911/2/2 1908/2/2 1912/2/2
f 1909/2/2 1910/2/2 1913/2/2
f 1913/2/2 1910/2/2 1914/2/2
f 1914/2/2 1915/2/2 1916/2/2
f 1916/2/2 1915/2/2 1917/2/2
f 1918/4/2 1919/4/2 1922/4/2
f 1922/4/2 1919/4/2 1923/4/2
f 1920/3/2 1921/3/2 1924/3/2
f 1924/3/2 1921/3/2 1925/3/2
f 1926/2/2 1927/2/2 1928/2/2
f 1928/2/2 1927/2/2 1929/2/2
f 1930/4/2 1931/4/2 1936/4/2
f 1931/3/2 1932/3/2 1937/3/2
f 1936/4/2 1931/4/2 1937/4/2
f 1932/4/2 1933/4/2 1938/4/2
f 1937/3/2 1932/3/2 1938/3/2
f 1938/4/2 1933/4/2 1939/4/2
f 1934/2/2 1935/2/2 1940/2/2
f 1940/2/2 1935/2/2 1941/2/2
f 1941/2/2 1935/2/2 1942/2/2
f 1943/3/2 1944/3/2 1945/3/2
f 1945/3/2 1944/3/2 1946/3/2
f 1947/2/2 1948/2/2 1949/2/2
f 1949/2/2 1948/2/2 1950/2/2
f 1951/2/2 1952/2/2 1953/2/2
f 1953/2/2 1952/2/2 1954/2/2
f 1955/2/2 1956/2/2 1959/2/2
f 1959/2/2 1956/2/2 1960/2/2
f 1957/2/2 1958/2/2 1962/2/2
f 1962/2/2 1958/2/2 1963/2/2
f 1960/2/2 1961/2/2 1964/2/2
f 1964/2/2 1961/2/2 1965/2/2
f 1966/1/2 1967/1/2 1971/1/2
f 1971/1/2 1967/1/2 1972/1/2
f 1969/1/2 1970/1/2 1973/1/2
f 1968/1/2 1969/1/2 1973/1/2
f 1973/1/2 1970/1/2 1974/1/2
f 1974/1/2 1975/1/2 1976/1/2
f 1973/1/2 1974/1/2 1976/1/2
f 1972/1/2 1973/1/2 1976/1/2
f 1976/1/2 1975/1/2 1977/1/2
f 1978/1/2 1979/1/2 1982/1/2
f 1982/1/2 1979/1/2 1983/1/2
f 1980/1/2 1981/1/2 1984/1/2
f 1984/1/2 1985/1/2 1987/1/2
f 1980/1/2 1984/1/2 1987/1/2
f 1987/1/2 1985/1/2 1988/1/2
f 1986/3/2 1987/3/2 1989/3/2
f 1989/3/2 1987/3/2 1990/3/2
f 1991/2/2 1992/2/2 1997/2/2
f 1997/2/2 1992/2/2 1998/2/2
f 1993/3/2 1994/3/2 1999/3/2
f 1999/3/2 1994/3/2 2000/3/2
f 1995/3/2 1996/3/2 2001/3/2
f 2001/3/2 1996/3/2 2002/3/2
f 2003/1/2 2004/1/2 2005/1/2
f 2005/1/2 2004/1/2 2006/1/2
f 2007/2/2 2008/2/2 2009/2/2
f 2009/2/2 2008/2/2 2010/2/2
f 2011/2/2 2012/2/2 2013/2/2
f 2013/2/2 2012/2/2 2014/2/2
f 2015/2/2 2016/2/2 2017/2/2
f 2017/2/2 2016/2/2 2018/2/2
f 2019/2/2 2020/2/2 2021/2/2
f 2021/2/2 2020/2/2 2022/2/2
f 2023/1/2 2024/1/2 2025/1/2
f 2023/1/2 2025/1/2 2027/1/2
f 2025/1/2 2026/1/2 2027/1/2
f 2027/1/2 2026/1/2 2028/1/2
f 2029/2/2 2030/2/2 2031/2/2
f 2031/2/2 2030/2/2 2032/2/2
f 2033/2/2 2034/2/2 2035/2/2
f 2035/2/2 2034/2/2 2036/2/2
f 2037/2/2 2038/2/2 2041/2/2
f 2041/2/2 2038/2/2 2042/2/2
f 2039/5/2 2040/5/2 2043/5/2
f 2043/5/2 2040/5/2 2044/5/2
f 2045/3/2 2046/3/2 2047/3/2
f 2047/3/2 2046/3/2 2048/3/2
f 2049/3/2 2050/3/2 2051/3/2
f 2051/3/2 2050/3/2 2052/3/2
f 2053/1/2 2054/1/2 2056/1/2
f 2055/1/2 2056/1/2 2057/1/2
f 2056/1/2 2054/1/2 2058/1/2
f 2057/1/2 2056/1/2 2058/1/2
f 2059/5/2 2060/5/2 2061/5/2
f 2061/5/2 2060/5/2 2062/5/2
f 2063/1/2 2064/1/2 2067/1/2
f 2067/1/2 2064/1/2 2068/1/2
f 2065/3/2 2066/3/2 2069/3/2
f 2069/3/2 2066/3/2 2070/3/2
f 2069/2/2 2070/2/2 2071/2/2
f 2070/3/2 2066/3/2 2072/3/2
f 2071/2/2 2070/2/2 2072/2/2
f 2072/3/2 2066/3/2 2073/3/2
f 2074/1/2 2075/1/2 2076/1/2
f 2076/1/2 2075/1/2 2077/1/2
f 2077/1/2 2078/1/2 2079/1/2
f 2077/1/2 2079/1/2 2082/1/2
f 2079/1/2 2080/1/2 2082/1/2
f 2082/1/2 2080/1/2 2083/1/2
f 2081/1/2 2082/1/2 2085/1/2
f 2083/1/2 2084/1/2 2085/1/2
f 2082/1/2 2083/1/2 2085/1/2
f 2085/1/2 2084/1/2 2086/1/2
f 2087/1/2 2088/1/2 2089/1/2
f 2089/1/2 2088/1/2 2090/1/2
f 2091/1/2 2092/1/2 2094/1/2
f 2093/1/2 2094/1/2 2095/1/2
f 2094/1/2 2092/1/2 2096/1/2
f 2095/1/2 2094/1/2 2096/1/2
f 2097/3/2 2098/3/2 2099/3/2
f 2099/3/2 2098/3/2 2100/3/2
f 2101/3/2 2102/3/2 2103/3/2
f 2103/3/2 2102/3/2 2104/3/2
f 2101/3/2 2103/3/2 2105/3/2
f 2105/3/2 2103/3/2 2106/3/2
f 2107/3/2 2108/3/2 2109/3/2
f 2109/3/2 2108/3/2 2110/3/2
f 2111/3/2 2112/3/2 2113/3/2
f 2113/3/2 2112/3/2 2114/3/2
f 2114/3/2 2115/3/2 2117/3/2
f 2117/3/2 2115/3/2 2118/3/2
f 2118/3/2 2115/3/2 2119/3/2
f 2116/3/2 2117/3/2 2121/3/2
f 2121/3/2 2117/3/2 2122/3/2
f 2119/3/2 2120/3/2 2124/3/2
f 2118/3/2 2119/3/2 2124/3/2
f 2123/3/2 2124/3/2 2125/3/2
f 2125/3/2 2124/3/2 2126/3/2
f 2124/3/2 2120/3/2 2127/3/2
f 2126/3/2 2124/3/2 2127/3/2
f 2129/1/2 2130/1/2 2133/1/2
f 2133/1/2 2130/1/2 2134/1/2
f 2131/1/2 2132/1/2 2135/1/2
f 2135/1/2 2132/1/2 2136/1/2
f 2126/3/2 2127/3/2 2137/3/2
f 2127/3/2 2128/3/2 2137/3/2
f 2126/3/2 2137/3/2 2139/3/2
f 2137/3/2 2138/3/2 2139/3/2
f 2139/3/2 2138/3/2 2140/3/2
f 2140/3/2 2138/3/2 2141/3/2
f 2141/3/2 2138/3/2 2142/3/2
f 2142/3/2 2138/3/2 2143/3/2
f 2126/3/2 2139/3/2 2144/3/2
f 2144/3/2 2139/3/2 2145/3/2
f 2140/3/2 2141/3/2 2146/3/2
f 2146/3/2 2141/3/2 2147/3/2
f 2143/3/2 2138/3/2 2148/3/2
f 2148/3/2 2138/3/2 2149/3/2
f 2150/1/2 2151/1/2 2154/1/2
f 2154/1/2 2151/1/2 2155/1/2
f 2155/1/2 2151/1/2 2156/1/2
f 2152/3/2 2153/3/2 2157/3/2
f 2157/3/2 2153/3/2 2158/3/2
f 2155/3/2 2156/3/2 2159/3/2
f 2159/3/2 2156/3/2 2160/3/2
f 2161/1/2 2162/1/2 2163/1/2
f 2163/1/2 2162/1/2 2164/1/2
f 2165/3/2 2166/3/2 2167/3/2
f 2167/3/2 2166/3/2 2168/3/2
f 2169/3/2 2170/3/2 2171/3/2
f 2171/3/2 2170/3/2 2172/3/2
f 2173/3/2 2174/3/2 2178/3/2
f 2178/3/2 2174/3/2 2179/3/2
f 2175/3/2 2176/3/2 2180/3/2
f 2180/3/2 2176/3/2 2181/3/2
f 2177/1/2 2178/1/2 2186/1/2
f 2186/1/2 2178/1/2 2187/1/2
f 2187/1/2 2178/1/2 2188/1/2
f 2179/1/2 2180/1/2 2189/1/2
f 2189/1/2 2180/1/2 2190/1/2
f 2181/1/2 2182/1/2 2191/1/2
f 2191/1/2 2182/1/2 2192/1/2
f 2192/1/2 2182/1/2 2193/1/2
f 2183/3/2 2184/3/2 2195/3/2
f 2195/3/2 2184/3/2 2196/3/2
f 2185/1/2 2186/1/2 2197/1/2
f 2186/1/2 2187/1/2 2197/1/2
f 2197/1/2 2187/1/2 2198/1/2
f 2193/1/2 2194/1/2 2199/1/2
f 2192/1/2 2193/1/2 2199/1/2
f 2199/1/2 2194/1/2 2200/1/2
f 2201/5/2 2202/5/2 2209/5/2
f 2209/5/2 2202/5/2 2210/5/2
f 2203/3/2 2204/3/2 2212/3/2
f 2212/3/2 2204/3/2 2213/3/2
f 2205/3/2 2206/3/2 2215/3/2
f 2215/3/2 2206/3/2 2216/3/2
f 2207/3/2 2208/3/2 2217/3/2
f 2217/3/2 2208/3/2 2218/3/2
f 2183/3/2 2195/3/2 2220/3/2
f 2220/3/2 2195/3/2 2221/3/2
f 2211/1/2 2212/1/2 2223/1/2
f 2223/1/2 2212/1/2 2224/1/2
f 2213/1/2 2214/1/2 2225/1/2
f 2225/1/2 2214/1/2 2226/1/2
f 2226/1/2 2214/1/2 2227/1/2
f 2222/1/2 2223/1/2 2229/1/2
f 2229/1/2 2223/1/2 2230/1/2
f 2219/5/2 2220/5/2 2231/5/2
f 2231/5/2 2220/5/2 2232/5/2
f 2228/5/2 2229/5/2 2233/5/2
f 2233/5/2 2229/5/2 2234/5/2
f 2235/1/2 2236/1/2 2239/1/2
f 2239/1/2 2236/1/2 2240/1/2
f 2240/1/2 2236/1/2 2241/1/2
f 2237/1/2 2238/1/2 2242/1/2
f 2242/1/2 2238/1/2 2243/1/2
f 2240/1/2 2241/1/2 2252/1/2
f 2241/1/2 2242/1/2 2252/1/2
f 2252/1/2 2242/1/2 2253/1/2
f 2243/1/2 2244/1/2 2254/1/2
f 2254/1/2 2244/1/2 2255/1/2
f 2248/1/2 2249/1/2 2256/1/2
f 2247/1/2 2248/1/2 2256/1/2
f 2246/1/2 2247/1/2 2256/1/2
f 2245/1/2 2246/1/2 2256/1/2
f 2256/1/2 2249/1/2 2257/1/2
f 2250/1/2 2251/1/2 2260/1/2
f 2260/1/2 2251/1/2 2261/1/2
f 2255/3/2 2256/3/2 2262/3/2
f 2262/3/2 2256/3/2 2263/3/2
f 2258/2/2 2259/2/2 2264/2/2
f 2264/2/2 2259/2/2 2265/2/2
f 2260/2/2 2261/2/2 2268/2/2
f 2268/2/2 2261/2/2 2269/2/2
f 2265/7/2 2266/7/2 2270/7/2
f 2264/7/2 2265/7/2 2270/7/2
f 2270/7/2 2266/7/2 2271/7/2
f 2271/7/2 2266/7/2 2272/7/2
f 2267/7/2 2268/7/2 2275/7/2
f 2275/7/2 2268/7/2 2276/7/2
f 2272/3/2 2273/3/2 2277/3/2
f 2271/3/2 2272/3/2 2277/3/2
f 2277/3/2 2273/3/2 2278/3/2
f 2274/7/2 2275/7/2 2279/7/2
f 2279/7/2 2275/7/2 2280/7/2
f 2281/3/2 2282/3/2 2287/3/2
f 2287/3/2 2282/3/2 2288/3/2
f 2283/3/2 2284/3/2 2291/3/2
f 2291/3/2 2284/3/2 2292/3/2
f 2285/3/2 2286/3/2 2294/3/2
f 2294/3/2 2286/3/2 2295/3/2
f 2288/3/2 2289/3/2 2296/3/2
f 2287/3/2 2288/3/2 2296/3/2
f 2296/3/2 2289/3/2 2297/3/2
f 2292/3/2 2293/3/2 2298/3/2
f 2290/3/2 2291/3/2 2298/3/2
f 2291/3/2 2292/3/2 2298/3/2
f 2298/3/2 2293/3/2 2299/3/2
f 2300/3/2 2301/3/2 2305/3/2
f 2305/3/2 2301/3/2 2306/3/2
f 2304/1/2 2305/1/2 2310/1/2
f 2310/1/2 2305/1/2 2311/1/2
f 2306/6/2 2307/6/2 2312/6/2
f 2307/1/2 2308/1/2 2313/1/2
f 2312/6/2 2307/6/2 2313/6/2
f 2313/1/2 2308/1/2 2314/1/2
f 2302/3/2 2303/3/2 2315/3/2
f 2315/3/2 2303/3/2 2316/3/2
f 2309/5/2 2310/5/2 2322/5/2
f 2322/5/2 2310/5/2 2323/5/2
f 2317/1/2 2318/1/2 2326/1/2
f 2326/1/2 2318/1/2 2327/1/2
f 2319/1/2 2320/1/2 2333/1/2
f 2320/5/2 2321/5/2 2334/5/2
f 2333/1/2 2320/1/2 2334/1/2
f 2334/5/2 2321/5/2 2335/5/2
f 2324/1/2 2325/1/2 2336/1/2
f 2325/1/2 2326/1/2 2336/1/2
f 2336/1/2 2326/1/2 2337/1/2
f 2327/1/2 2328/1/2 2338/1/2
f 2328/3/2 2329/3/2 2339/3/2
f 2338/1/2 2328/1/2 2339/1/2
f 2339/3/2 2329/3/2 2340/3/2
f 2329/5/2 2330/5/2 2341/5/2
f 2340/3/2 2329/3/2 2341/3/2
f 2330/1/2 2331/1/2 2342/1/2
f 2341/5/2 2330/5/2 2342/5/2
f 2331/5/2 2332/5/2 2343/5/2
f 2342/1/2 2331/1/2 2343/1/2
f 2343/5/2 2332/5/2 2344/5/2
f 2339/3/2 2340/3/2 2347/3/2
f 2347/3/2 2340/3/2 2348/3/2
f 2345/1/2 2346/1/2 2353/1/2
f 2353/1/2 2346/1/2 2354/1/2
f 2349/2/2 2350/2/2 2358/2/2
f 2358/2/2 2350/2/2 2359/2/2
f 2351/2/2 2352/2/2 2360/2/2
f 2360/2/2 2352/2/2 2361/2/2
f 2354/1/2 2355/1/2 2362/1/2
f 2362/1/2 2355/1/2 2363/1/2
f 2356/6/2 2357/6/2 2365/6/2
f 2365/6/2 2357/6/2 2366/6/2
f 2363/1/2 2364/1/2 2371/1/2
f 2371/1/2 2364/1/2 2372/1/2
f 2367/7/2 2368/7/2 2373/7/2
f 2368/3/2 2369/3/2 2374/3/2
f 2373/7/2 2368/7/2 2374/7/2
f 2369/7/2 2370/7/2 2375/7/2
f 2374/3/2 2369/3/2 2375/3/2
f 2375/7/2 2370/7/2 2376/7/2
f 2377/3/2 2378/3/2 2384/3/2
f 2384/3/2 2378/3/2 2385/3/2
f 2379/3/2 2380/3/2 2386/3/2
f 2386/3/2 2380/3/2 2387/3/2
f 2381/5/2 2382/5/2 2391/5/2
f 2391/5/2 2382/5/2 2392/5/2
f 2389/3/2 2390/3/2 2393/3/2
f 2393/3/2 2390/3/2 2394/3/2
f 2394/3/2 2390/3/2 2395/3/2
f 2381/5/2 2391/5/2 2398/5/2
f 2398/5/2 2391/5/2 2399/5/2
f 2383/5/2 2384/5/2 2400/5/2
f 2385/1/2 2386/1/2 2401/1/2
f 2401/1/2 2386/1/2 2402/1/2
f 2387/5/2 2388/5/2 2403/5/2
f 2393/3/2 2394/3/2 2404/3/2
f 2404/3/2 2394/3/2 2405/3/2
f 2396/1/2 2397/1/2 2408/1/2
f 2408/1/2 2397/1/2 2409/1/2
f 2383/5/2 2400/5/2 2410/5/2
f 2410/5/2 2400/5/2 2411/5/2
f 2403/5/2 2388/5/2 2412/5/2
f 2412/5/2 2388/5/2 2413/5/2
f 2406/3/2 2407/3/2 2415/3/2
f 2415/3/2 2407/3/2 2416/3/2
f 2396/1/2 2408/1/2 2417/1/2
f 2417/1/2 2408/1/2 2418/1/2
f 2416/5/2 2417/5/2 2419/5/2
f 2419/5/2 2417/5/2 2420/5/2
f 2414/5/2 2415/5/2 2421/5/2
f 2421/5/2 2415/5/2 2422/5/2
f 2420/5/2 2417/5/2 2423/5/2
f 2423/5/2 2417/5/2 2424/5/2
f 2424/5/2 2417/5/2 2425/5/2
f 2425/5/2 2417/5/2 2426/5/2
f 2421/1/2 2422/1/2 2435/1/2
f 2422/1/2 2423/1/2 2435/1/2
f 2423/1/2 2424/1/2 2435/1/2
f 2424/5/2 2425/5/2 2436/5/2
f 2435/1/2 2424/1/2 2436/1/2
f 2425/1/2 2426/1/2 2437/1/2
f 2436/5/2 2425/5/2 2437/5/2
f 2426/5/2 2427/5/2 2438/5/2
f 2437/1/2 2426/1/2 2438/1/2
f 2428/3/2 2429/3/2 2439/3/2
f 2439/3/2 2429/3/2 2440/3/2
f 2431/1/2 2432/1/2 2441/1/2
f 2441/1/2 2432/1/2 2442/1/2
f 2433/5/2 2434/5/2 2443/5/2
f 2443/5/2 2434/5/2 2444/5/2
f 2414/5/2 2421/5/2 2445/5/2
f 2421/1/2 2435/1/2 2446/1/2
f 2445/5/2 2421/5/2 2446/5/2
f 2435/5/2 2436/5/2 2447/5/2
f 2446/1/2 2435/1/2 2447/1/2
f 2436/5/2 2437/5/2 2447/5/2
f 2437/5/2 2438/5/2 2447/5/2
f 2438/5/2 2427/5/2 2448/5/2
f 2447/5/2 2438/5/2 2448/5/2
f 2439/6/2 2440/6/2 2449/6/2
f 2449/6/2 2440/6/2 2450/6/2
f 2430/5/2 2431/5/2 2451/5/2
f 2431/1/2 2441/1/2 2452/1/2
f 2451/5/2 2431/5/2 2452/5/2
f 2441/5/2 2442/5/2 2453/5/2
f 2452/1/2 2441/1/2 2453/1/2
f 2453/5/2 2442/5/2 2454/5/2
f 2444/5/2 2434/5/2 2458/5/2
f 2458/5/2 2434/5/2 2459/5/2
f 2454/1/2 2455/1/2 2462/1/2
f 2456/1/2 2457/1/2 2465/1/2
f 2465/1/2 2457/1/2 2466/1/2
f 2458/1/2 2459/1/2 2467/1/2
f 2467/1/2 2459/1/2 2468/1/2
f 2462/1/2 2463/1/2 2469/1/2
f 2454/1/2 2462/1/2 2469/1/2
f 2469/1/2 2463/1/2 2470/1/2
f 2464/1/2 2465/1/2 2472/1/2
f 2472/1/2 2465/1/2 2473/1/2
f 2473/1/2 2465/1/2 2474/1/2
f 2460/1/2 2461/1/2 2478/1/2
f 2478/1/2 2461/1/2 2479/1/2
f 2470/2/2 2471/2/2 2481/2/2
f 2481/2/2 2471/2/2 2482/2/2
f 2472/2/2 2473/2/2 2485/2/2
f 2485/2/2 2473/2/2 2486/2/2
f 2475/1/2 2476/1/2 2487/1/2
f 2487/1/2 2476/1/2 2488/1/2
f 2488/1/2 2476/1/2 2489/1/2
f 2479/1/2 2480/1/2 2490/1/2
f 2478/1/2 2479/1/2 2490/1/2
f 2477/1/2 2478/1/2 2490/1/2
f 2490/1/2 2480/1/2 2491/1/2
f 2491/1/2 2480/1/2 2492/1/2
f 2481/7/2 2482/7/2 2494/7/2
f 2482/7/2 2483/7/2 2494/7/2
f 2483/3/2 2484/3/2 2495/3/2
f 2494/7/2 2483/7/2 2495/7/2
f 2485/7/2 2486/7/2 2496/7/2
f 2495/3/2 2484/3/2 2496/3/2
f 2484/7/2 2485/7/2 2496/7/2
f 2496/7/2 2486/7/2 2497/7/2
f 2488/1/2 2489/1/2 2498/1/2
f 2490/1/2 2491/1/2 2498/1/2
f 2489/1/2 2490/1/2 2498/1/2
f 2498/1/2 2491/1/2 2499/1/2
f 2499/1/2 2491/1/2 2500/1/2
f 2492/1/2 2493/1/2 2501/1/2
f 2501/1/2 2493/1/2 2502/1/2
f 2502/1/2 2503/1/2 2504/1/2
f 2501/1/2 2502/1/2 2504/1/2
f 2500/1/2 2501/1/2 2504/1/2
f 2499/1/2 2500/1/2 2504/1/2
f 2504/1/2 2503/1/2 2505/1/2
f 2506/5/2 2507/5/2 2515/5/2
f 2515/5/2 2507/5/2 2516/5/2
f 2512/5/2 2513/5/2 2517/5/2
f 2517/5/2 2513/5/2 2518/5/2
f 2514/5/2 2515/5/2 2519/5/2
f 2519/5/2 2515/5/2 2520/5/2
f 2508/3/2 2509/3/2 2521/3/2
f 2521/3/2 2509/3/2 2522/3/2
f 2510/3/2 2511/3/2 2523/3/2
f 2523/3/2 2511/3/2 2524/3/2
f 2525/1/2 2526/1/2 2530/1/2
f 2530/1/2 2526/1/2 2531/1/2
f 2527/3/2 2528/3/2 2532/3/2
f 2527/3/2 2532/3/2 2534/3/2
f 2532/3/2 2533/3/2 2534/3/2
f 2534/3/2 2533/3/2 2535/3/2
f 2529/5/2 2530/5/2 2536/5/2
f 2536/5/2 2530/5/2 2537/5/2
f 2538/1/2 2539/1/2 2544/1/2
f 2544/1/2 2539/1/2 2545/1/2
f 2540/1/2 2541/1/2 2546/1/2
f 2546/1/2 2541/1/2 2547/1/2
f 2542/5/2 2543/5/2 2548/5/2
f 2548/5/2 2543/5/2 2549/5/2
f 2544/5/2 2545/5/2 2550/5/2
f 2550/5/2 2545/5/2 2551/5/2
f 2551/1/2 2552/1/2 2553/1/2
f 2553/1/2 2552/1/2 2554/1/2
f 2554/1/2 2555/1/2 2558/1/2
f 2558/1/2 2555/1/2 2559/1/2
f 2556/1/2 2557/1/2 2563/1/2
f 2563/1/2 2557/1/2 2564/1/2
f 2559/2/2 2560/2/2 2565/2/2
f 2565/2/2 2560/2/2 2566/2/2
f 2561/2/2 2562/2/2 2567/2/2
f 2567/2/2 2562/2/2 2568/2/2
f 2569/3/2 2570/3/2 2571/3/2
f 2571/3/2 2570/3/2 2572/3/2
f 2573/5/2 2574/5/2 2579/5/2
f 2575/5/2 2576/5/2 2580/5/2
f 2580/5/2 2576/5/2 2581/5/2
f 2579/5/2 2574/5/2 2584/5/2
f 2584/5/2 2574/5/2 2585/5/2
f 2585/5/2 2574/5/2 2586/5/2
f 2575/5/2 2580/5/2 2587/5/2
f 2587/5/2 2580/5/2 2588/5/2
f 2588/5/2 2580/5/2 2589/5/2
f 2577/1/2 2578/1/2 2593/1/2
f 2593/1/2 2578/1/2 2594/1/2
f 2594/1/2 2578/1/2 2595/1/2
f 2585/5/2 2586/5/2 2596/5/2
f 2596/5/2 2586/5/2 2597/5/2
f 2587/5/2 2588/5/2 2598/5/2
f 2598/5/2 2588/5/2 2599/5/2
f 2582/3/2 2583/3/2 2600/3/2
f 2600/3/2 2583/3/2 2601/3/2
f 2601/3/2 2583/3/2 2602/3/2
f 2590/5/2 2591/5/2 2603/5/2
f 2603/5/2 2591/5/2 2604/5/2
f 2593/5/2 2594/5/2 2608/5/2
f 2592/5/2 2593/5/2 2608/5/2
f 2608/5/2 2594/5/2 2609/5/2
f 2609/5/2 2594/5/2 2610/5/2
f 2610/5/2 2594/5/2 2611/5/2
f 2611/5/2 2594/5/2 2612/5/2
f 2604/1/2 2605/1/2 2617/1/2
f 2617/1/2 2605/1/2 2618/1/2
f 2606/5/2 2607/5/2 2619/5/2
f 2619/5/2 2607/5/2 2620/5/2
f 2609/5/2 2610/5/2 2621/5/2
f 2610/1/2 2611/1/2 2621/1/2
f 2612/5/2 2613/5/2 2622/5/2
f 2621/1/2 2611/1/2 2622/1/2
f 2611/5/2 2612/5/2 2622/5/2
f 2613/6/2 2614/6/2 2623/6/2
f 2622/5/2 2613/5/2 2623/5/2
f 2623/6/2 2614/6/2 2624/6/2
f 2615/3/2 2616/3/2 2626/3/2
f 2623/5/2 2624/5/2 2627/5/2
f 2621/5/2 2622/5/2 2627/5/2
f 2609/5/2 2621/5/2 2627/5/2
f 2622/5/2 2623/5/2 2627/5/2
f 2627/5/2 2624/5/2 2628/5/2
f 2625/3/2 2626/3/2 2632/3/2
f 2626/3/2 2616/3/2 2633/3/2
f 2632/3/2 2626/3/2 2633/3/2
f 2629/1/2 2630/1/2 2634/1/2
f 2634/1/2 2630/1/2 2635/1/2
f 2631/1/2 2632/1/2 2637/1/2
f 2637/1/2 2632/1/2 2638/1/2
f 2635/1/2 2636/1/2 2639/1/2
f 2639/1/2 2636/1/2 2640/1/2
f 2641/3/2 2642/3/2 2643/3/2
f 2643/3/2 2642/3/2 2644/3/2
f 2645/5/2 2646/5/2 2647/5/2
f 2647/5/2 2646/5/2 2648/5/2
f 2649/5/2 2650/5/2 2655/5/2
f 2655/5/2 2650/5/2 2656/5/2
f 2651/5/2 2652/5/2 2657/5/2
f 2657/5/2 2652/5/2 2658/5/2
f 2653/5/2 2654/5/2 2659/5/2
f 2659/5/2 2654/5/2 2660/5/2
f 2661/5/2 2662/5/2 2663/5/2
f 2663/5/2 2662/5/2 2664/5/2
f 2665/1/2 2666/1/2 2667/1/2
f 2667/1/2 2666/1/2 2668/1/2
f 2668/1/2 2669/1/2 2670/1/2
f 2670/1/2 2669/1/2 2671/1/2
f 2672/3/2 2673/3/2 2674/3/2
f 2674/3/2 2673/3/2 2675/3/2
f 2676/5/2 2677/5/2 2680/5/2
f 2680/5/2 2677/5/2 2681/5/2
f 2678/5/2 2679/5/2 2682/5/2
f 2682/5/2 2679/5/2 2683/5/2
f 2683/5/2 2684/5/2 2689/5/2
f 2689/5/2 2684/5/2 2690/5/2
f 2685/5/2 2686/5/2 2691/5/2
f 2687/5/2 2688/5/2 2693/5/2
f 2689/2/2 2690/2/2 2695/2/2
f 2695/2/2 2690/2/2 2696/2/2
f 2691/5/2 2692/5/2 2697/5/2
f 2685/5/2 2691/5/2 2697/5/2
f 2697/5/2 2692/5/2 2698/5/2
f 2687/5/2 2693/5/2 2699/5/2
f 2699/5/2 2693/5/2 2700/5/2
f 2693/2/2 2694/2/2 2701/2/2
f 2700/5/2 2693/5/2 2701/5/2
f 2701/2/2 2694/2/2 2702/2/2
f 2702/5/2 2703/5/2 2706/5/2
f 2701/5/2 2702/5/2 2706/5/2
f 2700/5/2 2701/5/2 2706/5/2
f 2706/5/2 2703/5/2 2707/5/2
f 2704/5/2 2705/5/2 2710/5/2
f 2710/5/2 2705/5/2 2711/5/2
f 2707/5/2 2708/5/2 2712/5/2
f 2712/5/2 2708/5/2 2713/5/2
f 2709/5/2 2710/5/2 2716/5/2
f 2716/5/2 2710/5/2 2717/5/2
f 2714/1/2 2715/1/2 2718/1/2
f 2718/1/2 2715/1/2 2719/1/2
f 2719/1/2 2720/1/2 2721/1/2
f 2721/1/2 2720/1/2 2722/1/2
f 2723/5/2 2724/5/2 2731/5/2
f 2731/5/2 2724/5/2 2732/5/2
f 2725/1/2 2726/1/2 2734/1/2
f 2734/1/2 2726/1/2 2735/1/2
f 2727/5/2 2728/5/2 2737/5/2
f 2737/5/2 2728/5/2 2738/5/2
f 2729/2/2 2730/2/2 2740/2/2
f 2732/5/2 2733/5/2 2742/5/2
f 2742/5/2 2733/5/2 2743/5/2
f 2736/5/2 2737/5/2 2744/5/2
f 2744/5/2 2737/5/2 2745/5/2
f 2738/5/2 2739/5/2 2746/5/2
f 2746/5/2 2739/5/2 2747/5/2
f 2740/2/2 2741/2/2 2748/2/2
f 2729/2/2 2740/2/2 2748/2/2
f 2748/2/2 2741/2/2 2749/2/2
f 2746/2/2 2747/2/2 2750/2/2
f 2750/2/2 2747/2/2 2751/2/2
f 2752/5/2 2753/5/2 2756/5/2
f 2756/5/2 2753/5/2 2757/5/2
f 2754/5/2 2755/5/2 2760/5/2
f 2760/5/2 2755/5/2 2761/5/2
f 2757/5/2 2758/5/2 2762/5/2
f 2762/5/2 2758/5/2 2763/5/2
f 2763/5/2 2758/5/2 2764/5/2
f 2759/5/2 2760/5/2 2765/5/2
f 2765/5/2 2760/5/2 2766/5/2
f 2763/1/2 2764/1/2 2767/1/2
f 2767/1/2 2764/1/2 2768/1/2
f 2769/1/2 2770/1/2 2771/1/2
f 2768/1/2 2769/1/2 2771/1/2
f 2771/1/2 2770/1/2 2772/1/2
f 2773/2/2 2774/2/2 2781/2/2
f 2781/2/2 2774/2/2 2782/2/2
f 2775/5/2 2776/5/2 2783/5/2
f 2783/5/2 2776/5/2 2784/5/2
f 2777/5/2 2778/5/2 2785/5/2
f 2785/5/2 2778/5/2 2786/5/2
f 2786/5/2 2778/5/2 2787/5/2
f 2787/5/2 2778/5/2 2788/5/2
f 2779/5/2 2780/5/2 2789/5/2
f 2789/5/2 2780/5/2 2790/5/2
f 2790/5/2 2780/5/2 2791/5/2
f 2790/2/2 2791/2/2 2793/2/2
f 2793/2/2 2791/2/2 2794/2/2
f 2794/2/2 2791/2/2 2795/2/2
f 2792/2/2 2793/2/2 2803/2/2
f 2793/2/2 2794/2/2 2803/2/2
f 2803/2/2 2794/2/2 2804/2/2
f 2796/5/2 2797/5/2 2805/5/2
f 2797/2/2 2798/2/2 2806/2/2
f 2805/5/2 2797/5/2 2806/5/2
f 2806/2/2 2798/2/2 2807/2/2
f 2799/2/2 2800/2/2 2808/2/2
f 2808/2/2 2800/2/2 2809/2/2
f 2801/2/2 2802/2/2 2810/2/2
f 2802/5/2 2803/5/2 2811/5/2
f 2803/5/2 2804/5/2 2811/5/2
f 2810/2/2 2802/2/2 2811/2/2
f 2811/5/2 2804/5/2 2812/5/2
f 2808/2/2 2809/2/2 2813/2/2
f 2806/2/2 2807/2/2 2813/2/2
f 2810/2/2 2811/2/2 2813/2/2
f 2807/2/2 2808/2/2 2813/2/2
f 2809/2/2 2810/2/2 2813/2/2
f 2813/2/2 2811/2/2 2814/2/2
f 2814/2/2 2811/2/2 2815/2/2
f 2813/1/2 2814/1/2 2816/1/2
f 2816/1/2 2814/1/2 2817/1/2
f 2818/2/2 2819/2/2 2820/2/2
f 2820/2/2 2819/2/2 2821/2/2
f 2822/2/2 2823/2/2 2824/2/2
f 2824/2/2 2823/2/2 2825/2/2
f 2825/2/2 2826/2/2 2829/2/2
f 2829/2/2 2826/2/2 2830/2/2
f 2827/2/2 2828/2/2 2831/2/2
f 2831/2/2 2828/2/2 2832/2/2
f 2833/2/2 2834/2/2 2835/2/2
f 2835/2/2 2834/2/2 2836/2/2
f 2837/1/2 2838/1/2 2841/1/2
f 2841/1/2 2838/1/2 2842/1/2
f 2839/2/2 2840/2/2 2844/2/2
f 2840/2/2 2841/2/2 2844/2/2
f 2842/1/2 2843/1/2 2845/1/2
f 2844/2/2 2841/2/2 2845/2/2
f 2841/1/2 2842/1/2 2845/1/2
f 2845/1/2 2843/1/2 2846/1/2
f 2847/2/2 2848/2/2 2851/2/2
f 2851/2/2 2848/2/2 2852/2/2
f 2849/2/2 2850/2/2 2853/2/2
f 2853/2/2 2850/2/2 2854/2/2
f 2855/2/2 2856/2/2 2857/2/2
f 2857/2/2 2856/2/2 2858/2/2
f 2859/1/2 2860/1/2 2861/1/2
f 2861/1/2 2860/1/2 2862/1/2
f 2862/1/2 2860/1/2 2863/1/2
f 2863/1/2 2864/1/2 2865/1/2
f 2862/1/2 2863/1/2 2865/1/2
f 2865/1/2 2864/1/2 2866/1/2
f 2867/2/2 2868/2/2 2874/2/2
f 2868/2/2 2869/2/2 2874/2/2
f 2874/2/2 2869/2/2 2875/2/2
f 2870/3/2 2871/3/2 2876/3/2
f 2876/3/2 2871/3/2 2877/3/2
f 2872/3/2 2873/3/2 2878/3/2
f 2878/3/2 2873/3/2 2879/3/2
f 2881/2/2 2882/2/2 2883/2/2
f 2880/2/2 2881/2/2 2883/2/2
f 2883/2/2 2882/2/2 2884/2/2
f 2885/4/2 2886/4/2 2887/4/2
f 2887/4/2 2886/4/2 2888/4/2
f 2889/2/2 2890/2/2 2892/2/2
f 2890/2/2 2891/2/2 2892/2/2
f 2892/2/2 2891/2/2 2893/2/2
f 2894/4/2 2895/4/2 2900/4/2
f 2900/4/2 2895/4/2 2901/4/2
f 2896/4/2 2897/4/2 2902/4/2
f 2902/4/2 2897/4/2 2903/4/2
f 2898/2/2 2899/2/2 2906/2/2
f 2906/2/2 2899/2/2 2907/2/2
f 2904/2/2 2905/2/2 2909/2/2
f 2909/2/2 2905/2/2 2910/2/2
f 2908/2/2 2909/2/2 2913/2/2
f 2913/2/2 2909/2/2 2914/2/2
f 2911/3/2 2912/3/2 2915/3/2
f 2915/3/2 2912/3/2 2916/3/2
f 2917/2/2 2918/2/2 2919/2/2
f 2919/2/2 2918/2/2 2920/2/2
f 2921/2/2 2922/2/2 2926/2/2
f 2922/2/2 2923/2/2 2926/2/2
f 2926/2/2 2923/2/2 2927/2/2
f 2924/2/2 2925/2/2 2929/2/2
f 2929/2/2 2925/2/2 2930/2/2
f 2928/2/2 2929/2/2 2935/2/2
f 2935/2/2 2929/2/2 2936/2/2
f 2931/4/2 2932/4/2 2937/4/2
f 2937/4/2 2932/4/2 2938/4/2
f 2933/3/2 2934/3/2 2939/3/2
f 2934/4/2 2935/4/2 2940/4/2
f 2939/3/2 2934/3/2 2940/3/2
f 2940/4/2 2935/4/2 2941/4/2
f 2942/2/2 2943/2/2 2944/2/2
f 2944/2/2 2943/2/2 2945/2/2
f 2946/2/2 2947/2/2 2949/2/2
f 2947/2/2 2948/2/2 2949/2/2
f 2949/2/2 2948/2/2 2950/2/2
f 2951/4/2 2952/4/2 2953/4/2
f 2953/4/2 2952/4/2 2954/4/2
f 2955/1/2 2956/1/2 2958/1/2
f 2956/1/2 2957/1/2 2958/1/2
f 2958/1/2 2957/1/2 2959/1/2
f 2959/1/2 2957/1/2 2960/1/2
f 2960/1/2 2957/1/2 2961/1/2
f 2961/1/2 2957/1/2 2962/1/2
f 2963/2/2 2964/2/2 2966/2/2
f 2966/2/2 2964/2/2 2967/2/2
f 2965/2/2 2966/2/2 2970/2/2
f 2970/2/2 2966/2/2 2971/2/2
f 2968/4/2 2969/4/2 2972/4/2
f 2972/4/2 2969/4/2 2973/4/2
f 2974/1/2 2975/1/2 2977/1/2
f 2977/1/2 2975/1/2 2978/1/2
f 2978/1/2 2975/1/2 2979/1/2
f 2976/1/2 2977/1/2 2980/1/2
f 2977/1/2 2978/1/2 2980/1/2
f 2980/1/2 2978/1/2 2981/1/2
f 2982/4/2 2983/4/2 2989/4/2
f 2989/4/2 2983/4/2 2990/4/2
f 2984/4/2 2985/4/2 2991/4/2
f 2985/3/2 2986/3/2 2992/3/2
f 2991/4/2 2985/4/2 2992/4/2
f 2992/3/2 2986/3/2 2993/3/2
f 2987/1/2 2988/1/2 2996/1/2
f 2996/1/2 2988/1/2 2997/1/2
f 2997/1/2 2988/1/2 2998/1/2
f 2994/2/2 2995/2/2 3001/2/2
f 3001/2/2 2995/2/2 3002/2/2
f 2997/1/2 2998/1/2 3003/1/2
f 2998/1/2 2999/1/2 3003/1/2
f 3003/1/2 2999/1/2 3004/1/2
f 3000/2/2 3001/2/2 3005/2/2
f 3005/2/2 3001/2/2 3006/2/2
f 3009/3/2 3010/3/2 3011/3/2
f 3007/3/2 3008/3/2 3013/3/2
f 3013/3/2 3008/3/2 3014/3/2
f 3011/3/2 3012/3/2 3015/3/2
f 3009/3/2 3011/3/2 3015/3/2
f 3015/3/2 3012/3/2 3016/3/2
f 3017/3/2 3018/3/2 3019/3/2
f 3019/3/2 3018/3/2 3020/3/2
f 3021/1/2 3022/1/2 3024/1/2
f 3024/1/2 3022/1/2 3025/1/2
f 3025/1/2 3022/1/2 3026/1/2
f 3023/1/2 3024/1/2 3028/1/2
f 3024/1/2 3025/1/2 3028/1/2
f 3028/1/2 3025/1/2 3029/1/2
f 3029/1/2 3025/1/2 3030/1/2
f 3027/1/2 3028/1/2 3032/1/2
f 3028/1/2 3029/1/2 3032/1/2
f 3032/1/2 3029/1/2 3033/1/2
f 3033/1/2 3029/1/2 3034/1/2
f 3034/1/2 3029/1/2 3035/1/2
f 3031/1/2 3032/1/2 3036/1/2
f 3032/1/2 3033/1/2 3036/1/2
f 3036/1/2 3033/1/2 3037/1/2
f 3038/1/2 3039/1/2 3044/1/2
f 3044/1/2 3039/1/2 3045/1/2
f 3040/1/2 3041/1/2 3046/1/2
f 3046/1/2 3041/1/2 3047/1/2
f 3042/1/2 3043/1/2 3048/1/2
f 3048/1/2 3043/1/2 3049/1/2
f 3046/1/2 3047/1/2 3051/1/2
f 3049/1/2 3050/1/2 3051/1/2
f 3048/1/2 3049/1/2 3051/1/2
f 3047/1/2 3048/1/2 3051/1/2
f 3045/1/2 3046/1/2 3051/1/2
f 3051/1/2 3050/1/2 3052/1/2
f 3052/1/2 3050/1/2 3053/1/2
f 3053/1/2 3054/1/2 3055/1/2
f 3052/1/2 3053/1/2 3055/1/2
f 3055/1/2 3054/1/2 3056/1/2
f 3056/1/2 3054/1/2 3057/1/2
f 3057/1/2 3058/1/2 3059/1/2
f 3056/1/2 3057/1/2 3059/1/2
f 3059/1/2 3058/1/2 3060/1/2
f 3061/3/2 3062/3/2 3066/3/2
f 3066/3/2 3062/3/2 3067/3/2
f 3063/3/2 3064/3/2 3068/3/2
f 3068/3/2 3064/3/2 3069/3/2
f 3065/3/2 3066/3/2 3071/3/2
f 3071/3/2 3066/3/2 3072/3/2
f 3067/3/2 3068/3/2 3073/3/2
f 3073/3/2 3068/3/2 3074/3/2
f 3069/3/2 3070/3/2 3075/3/2
f 3075/3/2 3070/3/2 3076/3/2
f 3077/3/2 3078/3/2 3079/3/2
f 3079/3/2 3078/3/2 3080/3/2
f 3080/3/2 3078/3/2 3081/3/2
f 3081/3/2 3078/3/2 3082/3/2
f 3082/3/2 3078/3/2 3083/3/2
f 3083/3/2 3078/3/2 3084/3/2
f 3080/3/2 3081/3/2 3085/3/2
f 3085/3/2 3081/3/2 3086/3/2
f 3082/3/2 3083/3/2 3087/3/2
f 3087/3/2 3083/3/2 3088/3/2
f 3089/3/2 3090/3/2 3094/3/2
f 3094/3/2 3090/3/2 3095/3/2
f 3091/3/2 3092/3/2 3096/3/2
f 3096/3/2 3092/3/2 3097/3/2
f 3093/3/2 3094/3/2 3099/3/2
f 3099/3/2 3094/3/2 3100/3/2
f 3095/3/2 3096/3/2 3101/3/2
f 3101/3/2 3096/3/2 3102/3/2
f 3097/3/2 3098/3/2 3103/3/2
f 3103/3/2 3098/3/2 3104/3/2
f 3104/3/2 3098/3/2 3106/3/2
f 3105/3/2 3106/3/2 3114/3/2
f 3107/3/2 3108/3/2 3115/3/2
f 3109/3/2 3110/3/2 3116/3/2
f 3116/3/2 3110/3/2 3117/3/2
f 3111/3/2 3112/3/2 3118/3/2
f 3118/3/2 3112/3/2 3119/3/2
f 3113/3/2 3114/3/2 3120/3/2
f 3106/3/2 3098/3/2 3121/3/2
f 3119/3/2 3120/3/2 3121/3/2
f 3120/3/2 3114/3/2 3121/3/2
f 3116/3/2 3117/3/2 3121/3/2
f 3117/3/2 3118/3/2 3121/3/2
f 3118/3/2 3119/3/2 3121/3/2
f 3115/3/2 3116/3/2 3121/3/2
f 3114/3/2 3106/3/2 3121/3/2
f 3107/3/2 3115/3/2 3123/3/2
f 3121/3/2 3122/3/2 3123/3/2
f 3115/3/2 3121/3/2 3123/3/2
f 3123/3/2 3122/3/2 3124/3/2
f 3125/3/2 3126/3/2 3129/3/2
f 3129/3/2 3126/3/2 3130/3/2
f 3127/3/2 3128/3/2 3131/3/2
f 3131/3/2 3128/3/2 3132/3/2
f 3133/3/2 3134/3/2 3135/3/2
f 3135/3/2 3134/3/2 3136/3/2
f 3137/3/2 3138/3/2 3141/3/2
f 3141/3/2 3138/3/2 3142/3/2
f 3139/3/2 3140/3/2 3143/3/2
f 3143/3/2 3140/3/2 3144/3/2
f 3145/4/2 3146/4/2 3149/4/2
f 3149/4/2 3146/4/2 3150/4/2
f 3147/4/2 3148/4/2 3151/4/2
f 3151/4/2 3148/4/2 3152/4/2
f 3153/2/2 3154/2/2 3156/2/2
f 3156/2/2 3154/2/2 3157/2/2
f 3155/2/2 3156/2/2 3162/2/2
f 3162/2/2 3156/2/2 3163/2/2
f 3158/3/2 3159/3/2 3164/3/2
f 3159/4/2 3160/4/2 3165/4/2
f 3164/3/2 3159/3/2 3165/3/2
f 3160/3/2 3161/3/2 3166/3/2
f 3165/4/2 3160/4/2 3166/4/2
f 3166/3/2 3161/3/2 3167/3/2
f 3168/2/2 3169/2/2 3172/2/2
f 3172/2/2 3169/2/2 3173/2/2
f 3170/2/2 3171/2/2 3176/2/2
f 3176/2/2 3171/2/2 3177/2/2
f 3173/2/2 3174/2/2 3178/2/2
f 3178/2/2 3174/2/2 3179/2/2
f 3175/2/2 3176/2/2 3180/2/2
f 3180/2/2 3176/2/2 3181/2/2
f 3182/2/2 3183/2/2 3185/2/2
f 3185/2/2 3183/2/2 3186/2/2
f 3184/2/2 3185/2/2 3187/2/2
f 3187/2/2 3185/2/2 3188/2/2
f 3189/2/2 3190/2/2 3191/2/2
f 3191/2/2 3190/2/2 3192/2/2
f 3192/2/2 3190/2/2 3193/2/2
f 3194/2/2 3195/2/2 3196/2/2
f 3196/2/2 3195/2/2 3197/2/2
f 3198/1/2 3199/1/2 3200/1/2
f 3200/1/2 3199/1/2 3201/1/2
f 3201/1/2 3199/1/2 3202/1/2
f 3202/1/2 3199/1/2 3203/1/2
f 3203/1/2 3199/1/2 3204/1/2
f 3205/1/2 3206/1/2 3207/1/2
f 3207/1/2 3206/1/2 3208/1/2
f 3208/1/2 3206/1/2 3209/1/2
f 3209/1/2 3210/1/2 3211/1/2
f 3208/1/2 3209/1/2 3211/1/2
f 3211/1/2 3210/1/2 3212/1/2
f 3215/5/3 3214/5/3 3213/5/3
f 3216/5/3 3214/5/3 3215/5/3
f 3217/5/3 3214/5/3 3216/5/3
f 3218/5/3 3214/5/3 3217/5/3
f 3219/1/3 3216/1/3 3215/1/3
f 3220/5/3 3217/5/3 3216/5/3
f 3220/1/3 3216/1/3 3219/1/3
f 3221/1/3 3218/1/3 3217/1/3
f 3221/5/3 3217/5/3 3220/5/3
f 3222/1/3 3218/1/3 3221/1/3
f 3223/5/3 3220/5/3 3219/5/3
f 3223/5/3 3221/5/3 3220/5/3
f 3223/5/3 3222/5/3 3221/5/3
f 3224/5/3 3222/5/3 3223/5/3
f 3228/5/3 3226/5/3 3225/5/3
f 3229/5/3 3226/5/3 3228/5/3
f 3230/1/3 3228/1/3 3227/1/3
f 3231/1/3 3230/1/3 3227/1/3
f 3232/1/3 3231/1/3 3227/1/3
f 3233/1/3 3231/1/3 3232/1/3
f 3235/5/3 3234/5/3 3233/5/3
f 3236/5/3 3234/5/3 3235/5/3
f 3240/5/3 3238/5/3 3237/5/3
f 3241/5/3 3238/5/3 3240/5/3
f 3243/1/3 3240/1/3 3239/1/3
f 3244/1/3 3240/1/3 3243/1/3
f 3247/1/3 3246/1/3 3245/1/3
f 3248/1/3 3246/1/3 3247/1/3
f 3249/1/3 3243/1/3 3242/1/3
f 3250/1/3 3243/1/3 3249/1/3
f 3252/1/3 3246/1/3 3248/1/3
f 3253/1/3 3246/1/3 3252/1/3
f 3254/1/3 3251/1/3 3250/1/3
f 3255/1/3 3251/1/3 3254/1/3
f 3257/5/3 3256/5/3 3255/5/3
f 3258/5/3 3256/5/3 3257/5/3
f 3261/1/3 3260/1/3 3259/1/3
f 3262/1/3 3260/1/3 3261/1/3
f 3265/1/3 3264/1/3 3263/1/3
f 3266/1/3 3264/1/3 3265/1/3
f 3269/1/3 3268/1/3 3267/1/3
f 3270/1/3 3268/1/3 3269/1/3
f 3274/3/3 3272/3/3 3271/3/3
f 3275/3/3 3272/3/3 3274/3/3
f 3277/3/3 3274/3/3 3273/3/3
f 3278/3/3 3274/3/3 3277/3/3
f 3282/3/3 3277/3/3 3276/3/3
f 3283/3/3 3277/3/3 3282/3/3
f 3285/3/3 3280/3/3 3279/3/3
f 3286/3/3 3280/3/3 3285/3/3
f 3288/3/3 3285/3/3 3284/3/3
f 3289/3/3 3285/3/3 3288/3/3
f 3290/3/3 3287/3/3 3286/3/3
f 3291/3/3 3287/3/3 3290/3/3
f 3292/3/3 3290/3/3 3289/3/3
f 3293/3/3 3290/3/3 3292/3/3
f 3294/3/3 3282/3/3 3281/3/3
f 3295/3/3 3282/3/3 3294/3/3
f 3297/3/3 3296/3/3 3295/3/3
f 3298/3/3 3296/3/3 3297/3/3
f 3300/3/3 3299/3/3 3298/3/3
f 3301/3/3 3299/3/3 3300/3/3
f 3303/3/3 3302/3/3 3301/3/3
f 3304/3/3 3302/3/3 3303/3/3
f 3307/8/3 3306/8/3 3305/8/3
f 3308/8/3 3306/8/3 3307/8/3
f 3311/3/3 3310/3/3 3309/3/3
f 3312/3/3 3310/3/3 3311/3/3
f 3316/5/3 3314/5/3 3313/5/3
f 3317/5/3 3314/5/3 3316/5/3
f 3318/1/3 3316/1/3 3315/1/3
f 3319/1/3 3316/1/3 3318/1/3
f 3320/1/3 3318/1/3 3315/1/3
f 3321/1/3 3318/1/3 3320/1/3
f 3324/3/3 3323/3/3 3322/3/3
f 3325/3/3 3323/3/3 3324/3/3
f 3328/1/3 3327/1/3 3326/1/3
f 3330/1/3 3328/1/3 3326/1/3
f 3330/1/3 3329/1/3 3328/1/3
f 3331/1/3 3329/1/3 3330/1/3
f 3333/5/3 3332/5/3 3331/5/3
f 3334/5/3 3332/5/3 3333/5/3
f 3338/5/3 3336/5/3 3335/5/3
f 3339/5/3 3336/5/3 3338/5/3
f 3340/1/3 3338/1/3 3337/1/3
f 3341/1/3 3338/1/3 3340/1/3
f 3346/3/3 3343/3/3 3342/3/3
f 3347/3/3 3343/3/3 3346/3/3
f 3348/3/3 3345/3/3 3344/3/3
f 3349/3/3 3345/3/3 3348/3/3
f 3352/3/3 3351/3/3 3350/3/3
f 3353/3/3 3351/3/3 3352/3/3
f 3356/1/3 3355/1/3 3354/1/3
f 3357/1/3 3355/1/3 3356/1/3
f 3359/5/3 3358/5/3 3357/5/3
f 3360/5/3 3358/5/3 3359/5/3
f 3363/5/3 3362/5/3 3361/5/3
f 3364/5/3 3362/5/3 3363/5/3
f 3366/1/3 3365/1/3 3364/1/3
f 3368/1/3 3366/1/3 3364/1/3
f 3368/1/3 3367/1/3 3366/1/3
f 3369/1/3 3367/1/3 3368/1/3
f 3371/1/3 3370/1/3 3369/1/3
f 3372/1/3 3370/1/3 3371/1/3
f 3375/1/3 3373/1/3 3372/1/3
f 3376/1/3 3373/1/3 3375/1/3
f 3378/1/3 3375/1/3 3374/1/3
f 3379/1/3 3375/1/3 3378/1/3
f 3380/1/3 3378/1/3 3377/1/3
f 3381/1/3 3378/1/3 3380/1/3
f 3383/1/3 3380/1/3 3377/1/3
f 3384/1/3 3380/1/3 3383/1/3
f 3385/5/3 3383/5/3 3382/5/3
f 3386/5/3 3383/5/3 3385/5/3
f 3389/5/3 3388/5/3 3387/5/3
f 3390/5/3 3388/5/3 3389/5/3
f 3393/3/3 3392/3/3 3391/3/3
f 3394/3/3 3392/3/3 3393/3/3
f 3399/3/3 3396/3/3 3395/3/3
f 3400/3/3 3396/3/3 3399/3/3
f 3401/3/3 3398/3/3 3397/3/3
f 3402/3/3 3398/3/3 3401/3/3
f 3405/5/3 3404/5/3 3403/5/3
f 3406/5/3 3404/5/3 3405/5/3
f 3409/2/3 3408/2/3 3407/2/3
f 3410/2/3 3408/2/3 3409/2/3
f 3411/2/3 3409/2/3 3407/2/3
f 3412/2/3 3409/2/3 3411/2/3
f 3415/3/3 3414/3/3 3413/3/3
f 3416/3/3 3414/3/3 3415/3/3
f 3418/3/3 3417/3/3 3416/3/3
f 3419/3/3 3417/3/3 3418/3/3
f 3423/3/3 3421/3/3 3420/3/3
f 3424/3/3 3421/3/3 3423/3/3
f 3425/3/3 3423/3/3 3422/3/3
f 3426/3/3 3423/3/3 3425/3/3
f 3429/2/3 3428/2/3 3427/2/3
f 3431/2/3 3429/2/3 3427/2/3
f 3431/2/3 3430/2/3 3429/2/3
f 3432/2/3 3430/2/3 3431/2/3
f 3435/2/3 3434/2/3 3433/2/3
f 3436/2/3 3434/2/3 3435/2/3
f 3439/2/3 3438/2/3 3437/2/3
f 3440/2/3 3438/2/3 3439/2/3
f 3443/2/3 3442/2/3 3441/2/3
f 3444/2/3 3442/2/3 3443/2/3
f 3447/5/3 3446/5/3 3445/5/3
f 3449/5/3 3447/5/3 3445/5/3
f 3449/5/3 3448/5/3 3447/5/3
f 3450/5/3 3448/5/3 3449/5/3
f 3451/5/3 3448/5/3 3450/5/3
f 3455/5/3 3453/5/3 3452/5/3
f 3455/5/3 3454/5/3 3453/5/3
f 3456/5/3 3454/5/3 3455/5/3
f 3457/5/3 3455/5/3 3452/5/3
f 3458/5/3 3455/5/3 3457/5/3
f 3461/2/3 3460/2/3 3459/2/3
f 3462/2/3 3460/2/3 3461/2/3
f 3465/2/3 3464/2/3 3463/2/3
f 3466/2/3 3464/2/3 3465/2/3
f 3469/3/3 3468/3/3 3467/3/3
f 3470/3/3 3468/3/3 3469/3/3
f 3473/2/3 3472/2/3 3471/2/3
f 3474/2/3 3472/2/3 3473/2/3
f 3477/2/3 3476/2/3 3475/2/3
f 3478/2/3 3477/2/3 3475/2/3
f 3479/2/3 3477/2/3 3478/2/3
f 3482/2/3 3481/2/3 3480/2/3
f 3483/2/3 3482/2/3 3480/2/3
f 3484/2/3 3482/2/3 3483/2/3
f 3487/2/3 3486/2/3 3485/2/3
f 3488/2/3 3486/2/3 3487/2/3
f 3491/2/3 3490/2/3 3489/2/3
f 3492/2/3 3490/2/3 3491/2/3
f 3495/1/3 3494/1/3 3493/1/3
f 3496/1/3 3494/1/3 3495/1/3
f 3500/1/3 3495/1/3 3493/1/3
f 3501/1/3 3495/1/3 3500/1/3
f 3502/1/3 3498/1/3 3497/1/3
f 3503/5/3 3499/5/3 3498/5/3
f 3503/1/3 3498/1/3 3502/1/3
f 3504/5/3 3499/5/3 3503/5/3
f 3506/1/3 3505/1/3 3504/1/3
f 3507/1/3 3505/1/3 3506/1/3
f 3508/1/3 3505/1/3 3507/1/3
f 3509/1/3 3505/1/3 3508/1/3
f 3513/1/3 3511/1/3 3510/1/3
f 3518/1/3 3513/1/3 3512/1/3
f 3519/1/3 3511/1/3 3513/1/3
f 3519/1/3 3513/1/3 3518/1/3
f 3520/1/3 3515/1/3 3514/1/3
f 3522/1/3 3517/1/3 3516/1/3
f 3523/5/3 3518/5/3 3517/5/3
f 3523/1/3 3517/1/3 3522/1/3
f 3524/5/3 3518/5/3 3523/5/3
f 3525/1/3 3521/1/3 3520/1/3
f 3525/1/3 3520/1/3 3514/1/3
f 3526/1/3 3521/1/3 3525/1/3
f 3529/5/3 3528/5/3 3527/5/3
f 3530/5/3 3528/5/3 3529/5/3
f 3531/5/3 3528/5/3 3530/5/3
f 3533/1/3 3532/1/3 3531/1/3
f 3534/1/3 3532/1/3 3533/1/3
f 3539/1/3 3536/1/3 3535/1/3
f 3540/1/3 3536/1/3 3539/1/3
f 3541/5/3 3538/5/3 3537/5/3
f 3541/5/3 3539/5/3 3538/5/3
f 3542/5/3 3539/5/3 3541/5/3
f 3546/1/3 3544/1/3 3543/1/3
f 3547/1/3 3544/1/3 3546/1/3
f 3548/2/3 3546/2/3 3545/2/3
f 3549/2/3 3546/2/3 3548/2/3
f 3552/2/3 3551/2/3 3550/2/3
f 3553/2/3 3551/2/3 3552/2/3
f 3555/1/3 3554/1/3 3553/1/3
f 3556/1/3 3554/1/3 3555/1/3
f 3560/1/3 3558/1/3 3557/1/3
f 3561/1/3 3558/1/3 3560/1/3
f 3563/2/3 3560/2/3 3559/2/3
f 3564/2/3 3560/2/3 3563/2/3
f 3565/2/3 3563/2/3 3562/2/3
f 3566/2/3 3563/2/3 3565/2/3
f 3569/3/3 3568/3/3 3567/3/3
f 3570/3/3 3568/3/3 3569/3/3
f 3573/2/3 3572/2/3 3571/2/3
f 3574/2/3 3572/2/3 3573/2/3
f 3576/2/3 3575/2/3 3574/2/3
f 3577/2/3 3575/2/3 3576/2/3
f 3579/1/3 3578/1/3 3577/1/3
f 3580/1/3 3578/1/3 3579/1/3
f 3583/1/3 3582/1/3 3581/1/3
f 3584/1/3 3582/1/3 3583/1/3
f 3589/2/3 3586/2/3 3585/2/3
f 3590/2/3 3586/2/3 3589/2/3
f 3591/2/3 3588/2/3 3587/2/3
f 3592/2/3 3588/2/3 3591/2/3
f 3595/2/3 3594/2/3 3593/2/3
f 3596/2/3 3594/2/3 3595/2/3
f 3599/5/3 3598/5/3 3597/5/3
f 3600/5/3 3598/5/3 3599/5/3
f 3605/1/3 3602/1/3 3601/1/3
f 3606/2/3 3603/2/3 3602/2/3
f 3606/1/3 3602/1/3 3605/1/3
f 3607/7/3 3604/7/3 3603/7/3
f 3607/2/3 3603/2/3 3606/2/3
f 3610/7/3 3604/7/3 3607/7/3
f 3611/1/3 3609/1/3 3608/1/3
f 3612/2/3 3610/2/3 3609/2/3
f 3612/1/3 3609/1/3 3611/1/3
f 3613/7/3 3604/7/3 3610/7/3
f 3613/2/3 3610/2/3 3612/2/3
f 3614/7/3 3604/7/3 3613/7/3
f 3617/5/3 3616/5/3 3615/5/3
f 3618/5/3 3616/5/3 3617/5/3
f 3621/2/3 3620/2/3 3619/2/3
f 3622/2/3 3620/2/3 3621/2/3
f 3625/2/3 3624/2/3 3623/2/3
f 3626/2/3 3624/2/3 3625/2/3
f 3629/2/3 3628/2/3 3627/2/3
f 3630/2/3 3628/2/3 3629/2/3
f 3633/1/3 3632/1/3 3631/1/3
f 3634/1/3 3632/1/3 3633/1/3
f 3637/1/3 3636/1/3 3635/1/3
f 3638/1/3 3636/1/3 3637/1/3
f 3642/2/3 3640/2/3 3639/2/3
f 3643/2/3 3640/2/3 3642/2/3
f 3644/2/3 3642/2/3 3641/2/3
f 3645/2/3 3642/2/3 3644/2/3
f 3647/2/3 3646/2/3 3645/2/3
f 3648/2/3 3646/2/3 3647/2/3
f 3651/5/3 3650/5/3 3649/5/3
f 3652/5/3 3650/5/3 3651/5/3
f 3655/2/3 3654/2/3 3653/2/3
f 3656/2/3 3654/2/3 3655/2/3
f 3659/2/3 3658/2/3 3657/2/3
f 3660/2/3 3658/2/3 3659/2/3
f 3663/5/3 3662/5/3 3661/5/3
f 3664/5/3 3662/5/3 3663/5/3
f 3668/2/3 3666/2/3 3665/2/3
f 3669/2/3 3666/2/3 3668/2/3
f 3670/2/3 3668/2/3 3667/2/3
f 3671/2/3 3668/2/3 3670/2/3
f 3673/2/3 3672/2/3 3671/2/3
f 3674/2/3 3672/2/3 3673/2/3
f 3677/1/3 3676/1/3 3675/1/3
f 3678/1/3 3676/1/3 3677/1/3
f 3681/3/3 3680/3/3 3679/3/3
f 3682/3/3 3680/3/3 3681/3/3
f 3685/2/3 3684/2/3 3683/2/3
f 3686/2/3 3684/2/3 3685/2/3
f 3692/3/3 3689/3/3 3688/3/3
f 3692/3/3 3690/3/3 3689/3/3
f 3692/3/3 3688/3/3 3687/3/3
f 3693/3/3 3690/3/3 3692/3/3
f 3695/3/3 3692/3/3 3691/3/3
f 3696/3/3 3692/3/3 3695/3/3
f 3697/3/3 3694/3/3 3693/3/3
f 3698/3/3 3694/3/3 3697/3/3
f 3699/3/3 3697/3/3 3696/3/3
f 3700/3/3 3697/3/3 3699/3/3
f 3701/3/3 3697/3/3 3700/3/3
f 3702/3/3 3697/3/3 3701/3/3
f 3703/2/3 3701/2/3 3700/2/3
f 3704/2/3 3701/2/3 3703/2/3
f 3707/5/3 3706/5/3 3705/5/3
f 3709/5/3 3707/5/3 3705/5/3
f 3709/5/3 3708/5/3 3707/5/3
f 3710/5/3 3708/5/3 3709/5/3
f 3711/5/3 3708/5/3 3710/5/3
f 3716/3/3 3715/3/3 3714/3/3
f 3717/3/3 3715/3/3 3716/3/3
f 3718/7/3 3717/7/3 3716/7/3
f 3719/7/3 3717/7/3 3718/7/3
f 3720/5/3 3713/5/3 3712/5/3
f 3721/5/3 3713/5/3 3720/5/3
f 3722/3/3 3719/3/3 3718/3/3
f 3723/3/3 3719/3/3 3722/3/3
f 3727/5/3 3725/5/3 3724/5/3
f 3727/5/3 3726/5/3 3725/5/3
f 3728/5/3 3726/5/3 3727/5/3
f 3729/5/3 3727/5/3 3724/5/3
f 3730/5/3 3727/5/3 3729/5/3
f 3734/2/3 3732/2/3 3731/2/3
f 3735/2/3 3732/2/3 3734/2/3
f 3738/3/3 3735/3/3 3734/3/3
f 3738/3/3 3736/3/3 3735/3/3
f 3738/3/3 3734/3/3 3733/3/3
f 3739/3/3 3736/3/3 3738/3/3
f 3741/3/3 3738/3/3 3737/3/3
f 3742/3/3 3738/3/3 3741/3/3
f 3743/3/3 3740/3/3 3739/3/3
f 3744/3/3 3740/3/3 3743/3/3
f 3745/3/3 3743/3/3 3742/3/3
f 3746/3/3 3743/3/3 3745/3/3
f 3747/3/3 3743/3/3 3746/3/3
f 3748/3/3 3743/3/3 3747/3/3
f 3751/2/3 3750/2/3 3749/2/3
f 3752/2/3 3750/2/3 3751/2/3
f 3755/3/3 3754/3/3 3753/3/3
f 3756/3/3 3754/3/3 3755/3/3
f 3759/3/3 3758/3/3 3757/3/3
f 3760/3/3 3758/3/3 3759/3/3
f 3763/3/3 3762/3/3 3761/3/3
f 3764/3/3 3762/3/3 3763/3/3
f 3765/3/3 3763/3/3 3761/3/3
f 3766/3/3 3762/3/3 3764/3/3
f 3767/3/3 3765/3/3 3761/3/3
f 3767/3/3 3766/3/3 3765/3/3
f 3768/3/3 3762/3/3 3766/3/3
f 3768/3/3 3766/3/3 3767/3/3
f 3772/2/3 3770/2/3 3769/2/3
f 3773/2/3 3770/2/3 3772/2/3
f 3774/2/3 3772/2/3 3771/2/3
f 3775/2/3 3772/2/3 3774/2/3
f 3779/3/3 3777/3/3 3776/3/3
f 3780/3/3 3777/3/3 3779/3/3
f 3781/3/3 3779/3/3 3778/3/3
f 3782/3/3 3779/3/3 3781/3/3
f 3786/3/3 3779/3/3 3782/3/3
f 3787/3/3 3784/3/3 3783/3/3
f 3788/3/3 3784/3/3 3787/3/3
f 3789/3/3 3786/3/3 3785/3/3
f 3790/3/3 3779/3/3 3786/3/3
f 3790/3/3 3786/3/3 3789/3/3
f 3792/3/3 3791/3/3 3790/3/3
f 3793/3/3 3791/3/3 3792/3/3
f 3796/2/3 3795/2/3 3794/2/3
f 3797/2/3 3795/2/3 3796/2/3
f 3799/2/3 3798/2/3 3797/2/3
f 3800/2/3 3798/2/3 3799/2/3
f 3803/3/3 3802/3/3 3801/3/3
f 3804/3/3 3802/3/3 3803/3/3
f 3805/3/3 3803/3/3 3801/3/3
f 3806/3/3 3802/3/3 3804/3/3
f 3807/3/3 3805/3/3 3801/3/3
f 3807/3/3 3806/3/3 3805/3/3
f 3808/3/3 3802/3/3 3806/3/3
f 3808/3/3 3806/3/3 3807/3/3
f 3811/3/3 3810/3/3 3809/3/3
f 3812/3/3 3810/3/3 3811/3/3
f 3815/8/3 3814/8/3 3813/8/3
f 3816/8/3 3814/8/3 3815/8/3
f 3820/2/3 3818/2/3 3817/2/3
f 3821/2/3 3818/2/3 3820/2/3
f 3822/2/3 3820/2/3 3819/2/3
f 3823/2/3 3820/2/3 3822/2/3
f 3827/2/3 3825/2/3 3824/2/3
f 3829/5/3 3827/5/3 3826/5/3
f 3830/2/3 3825/2/3 3827/2/3
f 3830/5/3 3827/5/3 3829/5/3
f 3831/2/3 3825/2/3 3830/2/3
f 3832/5/3 3829/5/3 3828/5/3
f 3832/5/3 3830/5/3 3829/5/3
f 3833/5/3 3830/5/3 3832/5/3
f 3837/5/3 3835/5/3 3834/5/3
f 3837/5/3 3836/5/3 3835/5/3
f 3838/5/3 3836/5/3 3837/5/3
f 3839/5/3 3837/5/3 3834/5/3
f 3840/5/3 3837/5/3 3839/5/3
f 3843/5/3 3842/5/3 3841/5/3
f 3844/5/3 3842/5/3 3843/5/3
f 3847/5/3 3846/5/3 3845/5/3
f 3849/5/3 3847/5/3 3845/5/3
f 3849/5/3 3848/5/3 3847/5/3
f 3850/5/3 3848/5/3 3849/5/3
f 3851/5/3 3848/5/3 3850/5/3
f 3854/5/3 3853/5/3 3852/5/3
f 3855/5/3 3853/5/3 3854/5/3
f 3856/5/3 3853/5/3 3855/5/3
f 3858/5/3 3856/5/3 3855/5/3
f 3859/2/3 3857/2/3 3856/2/3
f 3859/5/3 3856/5/3 3858/5/3
f 3860/2/3 3857/2/3 3859/2/3
f 3861/2/3 3857/2/3 3860/2/3
f 3864/2/3 3863/2/3 3862/2/3
f 3865/2/3 3863/2/3 3864/2/3
f 3867/2/3 3866/2/3 3865/2/3
f 3868/2/3 3866/2/3 3867/2/3
f 3871/8/3 3870/8/3 3869/8/3
f 3872/8/3 3870/8/3 3871/8/3
f 3878/3/3 3874/3/3 3873/3/3
f 3880/3/3 3878/3/3 3877/3/3
f 3881/3/3 3874/3/3 3878/3/3
f 3881/3/3 3878/3/3 3880/3/3
f 3882/4/3 3876/4/3 3875/4/3
f 3883/4/3 3876/4/3 3882/4/3
f 3885/3/3 3880/3/3 3879/3/3
f 3886/3/3 3880/3/3 3885/3/3
f 3887/3/3 3885/3/3 3884/3/3
f 3888/3/3 3885/3/3 3887/3/3
f 3890/3/3 3889/3/3 3888/3/3
f 3891/3/3 3889/3/3 3890/3/3
f 3895/3/3 3892/3/3 3891/3/3
f 3896/3/3 3892/3/3 3895/3/3
f 3897/3/3 3894/3/3 3893/3/3
f 3898/3/3 3894/3/3 3897/3/3
f 3899/4/3 3898/4/3 3897/4/3
f 3900/4/3 3898/4/3 3899/4/3
f 3901/3/3 3900/3/3 3899/3/3
f 3902/3/3 3900/3/3 3901/3/3
f 3906/2/3 3904/2/3 3903/2/3
f 3907/2/3 3904/2/3 3906/2/3
f 3908/2/3 3906/2/3 3905/2/3
f 3909/2/3 3906/2/3 3908/2/3
f 3913/5/3 3912/5/3 3911/5/3
f 3914/5/3 3912/5/3 3913/5/3
f 3915/2/3 3910/2/3 3909/2/3
f 3916/2/3 3910/2/3 3915/2/3
f 3921/5/3 3918/5/3 3917/5/3
f 3922/5/3 3918/5/3 3921/5/3
f 3924/2/3 3920/2/3 3919/2/3
f 3925/2/3 3920/2/3 3924/2/3
f 3926/2/3 3924/2/3 3923/2/3
f 3927/2/3 3924/2/3 3926/2/3
f 3929/2/3 3928/2/3 3927/2/3
f 3930/2/3 3928/2/3 3929/2/3
f 3933/3/3 3932/3/3 3931/3/3
f 3934/3/3 3932/3/3 3933/3/3
f 3937/4/3 3934/4/3 3933/4/3
f 3938/4/3 3934/4/3 3937/4/3
f 3940/3/3 3936/3/3 3935/3/3
f 3941/3/3 3936/3/3 3940/3/3
f 3942/3/3 3938/3/3 3937/3/3
f 3943/3/3 3938/3/3 3942/3/3
f 3945/3/3 3940/3/3 3939/3/3
f 3946/3/3 3940/3/3 3945/3/3
f 3947/3/3 3945/3/3 3944/3/3
f 3948/3/3 3945/3/3 3947/3/3
f 3950/3/3 3949/3/3 3948/3/3
f 3951/3/3 3949/3/3 3950/3/3
f 3955/3/3 3952/3/3 3951/3/3
f 3956/3/3 3952/3/3 3955/3/3
f 3957/3/3 3952/3/3 3956/3/3
f 3958/3/3 3952/3/3 3957/3/3
f 3959/4/3 3954/4/3 3953/4/3
f 3960/4/3 3954/4/3 3959/4/3
f 3963/3/3 3962/3/3 3961/3/3
f 3964/3/3 3962/3/3 3963/3/3
f 3967/3/3 3966/3/3 3965/3/3
f 3968/3/3 3966/3/3 3967/3/3
f 3971/1/3 3970/1/3 3969/1/3
f 3972/1/3 3970/1/3 3971/1/3
f 3975/4/3 3974/4/3 3973/4/3
f 3976/4/3 3974/4/3 3975/4/3
f 3979/2/3 3978/2/3 3977/2/3
f 3980/2/3 3978/2/3 3979/2/3
f 3983/5/3 3982/5/3 3981/5/3
f 3984/5/3 3982/5/3 3983/5/3
f 3986/5/3 3985/5/3 3984/5/3
f 3987/5/3 3985/5/3 3986/5/3
f 3992/1/3 3989/1/3 3988/1/3
f 3993/1/3 3989/1/3 3992/1/3
f 3995/5/3 3991/5/3 3990/5/3
f 3996/5/3 3991/5/3 3995/5/3
f 3997/1/3 3994/1/3 3993/1/3
f 3998/1/3 3994/1/3 3997/1/3
f 4001/2/3 3999/2/3 3998/2/3
f 4002/7/3 4000/7/3 3999/7/3
f 4002/2/3 3999/2/3 4001/2/3
f 4003/7/3 4000/7/3 4002/7/3
f 4004/7/3 4000/7/3 4003/7/3
f 4008/7/3 4006/7/3 4005/7/3
f 4012/2/3 4008/2/3 4007/2/3
f 4013/7/3 4006/7/3 4008/7/3
f 4013/2/3 4008/2/3 4012/2/3
f 4014/7/3 4006/7/3 4013/7/3
f 4015/5/3 4010/5/3 4009/5/3
f 4016/5/3 4010/5/3 4015/5/3
f 4018/1/3 4012/1/3 4011/1/3
f 4019/1/3 4012/1/3 4018/1/3
f 4020/1/3 4018/1/3 4017/1/3
f 4021/1/3 4018/1/3 4020/1/3
f 4025/5/3 4023/5/3 4022/5/3
f 4026/5/3 4023/5/3 4025/5/3
f 4027/5/3 4025/5/3 4024/5/3
f 4028/5/3 4025/5/3 4027/5/3
f 4031/2/3 4030/2/3 4029/2/3
f 4032/2/3 4030/2/3 4031/2/3
f 4035/4/3 4034/4/3 4033/4/3
f 4036/4/3 4034/4/3 4035/4/3
f 4039/1/3 4038/1/3 4037/1/3
f 4040/1/3 4038/1/3 4039/1/3
f 4043/3/3 4042/3/3 4041/3/3
f 4044/3/3 4042/3/3 4043/3/3
f 4047/3/3 4046/3/3 4045/3/3
f 4048/3/3 4046/3/3 4047/3/3
f 4053/3/3 4050/3/3 4049/3/3
f 4054/3/3 4050/3/3 4053/3/3
f 4056/1/3 4052/1/3 4051/1/3
f 4057/1/3 4052/1/3 4056/1/3
f 4059/1/3 4055/1/3 4054/1/3
f 4060/1/3 4055/1/3 4059/1/3
f 4061/3/3 4059/3/3 4058/3/3
f 4062/3/3 4059/3/3 4061/3/3
f 4065/3/3 4064/3/3 4063/3/3
f 4066/3/3 4064/3/3 4065/3/3
f 4067/3/3 4065/3/3 4063/3/3
f 4068/3/3 4065/3/3 4067/3/3
f 4071/5/3 4070/5/3 4069/5/3
f 4072/5/3 4070/5/3 4071/5/3
f 4074/5/3 4073/5/3 4072/5/3
f 4075/5/3 4073/5/3 4074/5/3
f 4080/1/3 4077/1/3 4076/1/3
f 4081/1/3 4077/1/3 4080/1/3
f 4084/5/3 4079/5/3 4078/5/3
f 4085/5/3 4079/5/3 4084/5/3
f 4086/1/3 4082/1/3 4081/1/3
f 4087/1/3 4082/1/3 4086/1/3
f 4089/5/3 4084/5/3 4083/5/3
f 4090/5/3 4084/5/3 4089/5/3
f 4091/2/3 4088/2/3 4087/2/3
f 4092/2/3 4088/2/3 4091/2/3
f 4097/5/3 4094/5/3 4093/5/3
f 4098/5/3 4094/5/3 4097/5/3
f 4101/2/3 4096/2/3 4095/2/3
f 4102/2/3 4096/2/3 4101/2/3
f 4103/5/3 4099/5/3 4098/5/3
f 4104/5/3 4099/5/3 4103/5/3
f 4106/1/3 4101/1/3 4100/1/3
f 4107/1/3 4101/1/3 4106/1/3
f 4108/1/3 4106/1/3 4105/1/3
f 4109/1/3 4106/1/3 4108/1/3
f 4113/5/3 4111/5/3 4110/5/3
f 4114/5/3 4111/5/3 4113/5/3
f 4115/5/3 4113/5/3 4112/5/3
f 4116/5/3 4113/5/3 4115/5/3
f 4119/3/3 4118/3/3 4117/3/3
f 4121/3/3 4119/3/3 4117/3/3
f 4121/3/3 4120/3/3 4119/3/3
f 4122/3/3 4120/3/3 4121/3/3
f 4127/3/3 4124/3/3 4123/3/3
f 4128/3/3 4124/3/3 4127/3/3
f 4130/1/3 4126/1/3 4125/1/3
f 4131/1/3 4126/1/3 4130/1/3
f 4133/1/3 4129/1/3 4128/1/3
f 4134/1/3 4129/1/3 4133/1/3
f 4135/3/3 4133/3/3 4132/3/3
f 4136/3/3 4133/3/3 4135/3/3
f 4141/1/3 4138/1/3 4137/1/3
f 4142/1/3 4138/1/3 4141/1/3
f 4143/1/3 4140/1/3 4139/1/3
f 4144/1/3 4140/1/3 4143/1/3
f 4147/3/3 4146/3/3 4145/3/3
f 4148/3/3 4146/3/3 4147/3/3
f 4151/1/3 4150/1/3 4149/1/3
f 4152/1/3 4150/1/3 4151/1/3
f 4154/1/3 4153/1/3 4152/1/3
f 4155/1/3 4153/1/3 4154/1/3
f 4160/7/3 4157/7/3 4156/7/3
f 4161/7/3 4157/7/3 4160/7/3
f 4163/1/3 4159/1/3 4158/1/3
f 4164/1/3 4163/1/3 4162/1/3
f 4165/1/3 4159/1/3 4163/1/3
f 4165/1/3 4163/1/3 4164/1/3
f 4166/1/3 4159/1/3 4165/1/3
f 4167/1/3 4159/1/3 4166/1/3
f 4170/7/3 4169/7/3 4168/7/3
f 4171/7/3 4169/7/3 4170/7/3
f 4175/1/3 4173/1/3 4172/1/3
f 4176/1/3 4173/1/3 4175/1/3
f 4177/1/3 4175/1/3 4174/1/3
f 4178/1/3 4175/1/3 4177/1/3
f 4181/3/3 4180/3/3 4179/3/3
f 4182/3/3 4180/3/3 4181/3/3
f 4187/1/3 4184/1/3 4183/1/3
f 4188/1/3 4184/1/3 4187/1/3
f 4189/1/3 4186/1/3 4185/1/3
f 4190/1/3 4186/1/3 4189/1/3
f 4195/3/3 4192/3/3 4191/3/3
f 4196/3/3 4192/3/3 4195/3/3
f 4199/1/3 4194/1/3 4193/1/3
f 4200/1/3 4194/1/3 4199/1/3
f 4203/1/3 4198/1/3 4197/1/3
f 4204/1/3 4198/1/3 4203/1/3
f 4205/3/3 4202/3/3 4201/3/3
f 4206/3/3 4202/3/3 4205/3/3
f 4209/3/3 4208/3/3 4207/3/3
f 4210/3/3 4208/3/3 4209/3/3
f 4211/4/3 4210/4/3 4209/4/3
f 4212/4/3 4210/4/3 4211/4/3
f 4213/3/3 4212/3/3 4211/3/3
f 4214/3/3 4212/3/3 4213/3/3
f 4217/1/3 4216/1/3 4215/1/3
f 4218/1/3 4216/1/3 4217/1/3
f 4220/1/3 4219/1/3 4218/1/3
f 4221/1/3 4219/1/3 4220/1/3
f 4224/1/3 4223/1/3 4222/1/3
f 4225/1/3 4223/1/3 4224/1/3
f 4228/1/3 4227/1/3 4226/1/3
f 4229/1/3 4227/1/3 4228/1/3
f 4233/1/3 4231/1/3 4230/1/3
f 4234/1/3 4231/1/3 4233/1/3
f 4235/1/3 4233/1/3 4232/1/3
f 4236/1/3 4233/1/3 4235/1/3
f 4239/3/3 4238/3/3 4237/3/3
f 4240/3/3 4238/3/3 4239/3/3
f 4241/4/3 4240/4/3 4239/4/3
f 4242/4/3 4240/4/3 4241/4/3
f 4243/3/3 4242/3/3 4241/3/3
f 4244/3/3 4242/3/3 4243/3/3
f 4249/3/3 4246/3/3 4245/3/3
f 4250/3/3 4246/3/3 4249/3/3
f 4253/1/3 4248/1/3 4247/1/3
f 4254/1/3 4248/1/3 4253/1/3
f 4257/1/3 4252/1/3 4251/1/3
f 4258/1/3 4252/1/3 4257/1/3
f 4259/3/3 4256/3/3 4255/3/3
f 4260/3/3 4256/3/3 4259/3/3
f 4266/3/3 4262/3/3 4261/3/3
f 4268/3/3 4266/3/3 4265/3/3
f 4269/3/3 4262/3/3 4266/3/3
f 4269/3/3 4266/3/3 4268/3/3
f 4270/4/3 4264/4/3 4263/4/3
f 4271/4/3 4264/4/3 4270/4/3
f 4273/3/3 4268/3/3 4267/3/3
f 4274/3/3 4268/3/3 4273/3/3
f 4275/3/3 4273/3/3 4272/3/3
f 4276/3/3 4273/3/3 4275/3/3
f 4279/3/3 4278/3/3 4277/3/3
f 4280/3/3 4278/3/3 4279/3/3
f 4282/3/3 4281/3/3 4280/3/3
f 4283/3/3 4281/3/3 4282/3/3
f 4287/3/3 4286/3/3 4285/3/3
f 4288/3/3 4286/3/3 4287/3/3
f 4289/3/3 4284/3/3 4283/3/3
f 4290/3/3 4284/3/3 4289/3/3
f 4291/3/3 4287/3/3 4285/3/3
f 4292/3/3 4287/3/3 4291/3/3
f 4297/4/3 4294/4/3 4293/4/3
f 4298/4/3 4294/4/3 4297/4/3
f 4299/3/3 4296/3/3 4295/3/3
f 4300/3/3 4296/3/3 4299/3/3
f 4306/2/3 4304/2/3 4303/2/3
f 4307/1/3 4305/1/3 4304/1/3
f 4307/2/3 4304/2/3 4306/2/3
f 4308/1/3 4305/1/3 4307/1/3
f 4310/1/3 4309/1/3 4308/1/3
f 4311/1/3 4309/1/3 4310/1/3
f 4312/5/3 4302/5/3 4301/5/3
f 4313/5/3 4302/5/3 4312/5/3
f 4316/3/3 4315/3/3 4314/3/3
f 4317/3/3 4315/3/3 4316/3/3
f 4320/3/3 4319/3/3 4318/3/3
f 4321/3/3 4319/3/3 4320/3/3
f 4328/1/3 4325/1/3 4324/1/3
f 4329/1/3 4325/1/3 4328/1/3
f 4330/5/3 4323/5/3 4322/5/3
f 4331/5/3 4323/5/3 4330/5/3
f 4332/2/3 4327/2/3 4326/2/3
f 4333/1/3 4328/1/3 4327/1/3
f 4333/2/3 4327/2/3 4332/2/3
f 4334/1/3 4328/1/3 4333/1/3
f 4339/4/3 4336/4/3 4335/4/3
f 4340/4/3 4336/4/3 4339/4/3
f 4341/3/3 4338/3/3 4337/3/3
f 4342/3/3 4338/3/3 4341/3/3
f 4347/3/3 4346/3/3 4345/3/3
f 4350/3/3 4344/3/3 4343/3/3
f 4351/3/3 4344/3/3 4350/3/3
f 4352/3/3 4347/3/3 4345/3/3
f 4352/3/3 4348/3/3 4347/3/3
f 4353/3/3 4348/3/3 4352/3/3
f 4355/3/3 4350/3/3 4349/3/3
f 4356/3/3 4350/3/3 4355/3/3
f 4357/3/3 4355/3/3 4354/3/3
f 4358/3/3 4355/3/3 4357/3/3
f 4361/3/3 4360/3/3 4359/3/3
f 4362/3/3 4360/3/3 4361/3/3
f 4364/3/3 4363/3/3 4362/3/3
f 4365/3/3 4363/3/3 4364/3/3
f 4369/3/3 4366/3/3 4365/3/3
f 4370/3/3 4366/3/3 4369/3/3
f 4371/3/3 4366/3/3 4370/3/3
f 4372/3/3 4366/3/3 4371/3/3
f 4373/4/3 4368/4/3 4367/4/3
f 4374/4/3 4368/4/3 4373/4/3
f 4377/4/3 4376/4/3 4375/4/3
f 4378/4/3 4376/4/3 4377/4/3
f 4384/1/3 4380/1/3 4379/1/3
f 4385/1/3 4380/1/3 4384/1/3
f 4386/3/3 4382/3/3 4381/3/3
f 4387/3/3 4382/3/3 4386/3/3
f 4389/3/3 4384/3/3 4383/3/3
f 4390/5/3 4385/5/3 4384/5/3
f 4390/3/3 4384/3/3 4389/3/3
f 4391/5/3 4385/5/3 4390/5/3
f 4392/3/3 4389/3/3 4388/3/3
f 4393/3/3 4389/3/3 4392/3/3
f 4396/3/3 4395/3/3 4394/3/3
f 4397/3/3 4395/3/3 4396/3/3
f 4400/3/3 4398/3/3 4397/3/3
f 4401/5/3 4399/5/3 4398/5/3
f 4401/3/3 4398/3/3 4400/3/3
f 4402/5/3 4399/5/3 4401/5/3
f 4405/3/3 4404/3/3 4403/3/3
f 4406/3/3 4404/3/3 4405/3/3
f 4407/1/3 4402/1/3 4401/1/3
f 4408/1/3 4402/1/3 4407/1/3
f 4411/4/3 4410/4/3 4409/4/3
f 4412/4/3 4410/4/3 4411/4/3
f 4415/3/3 4414/3/3 4413/3/3
f 4416/3/3 4414/3/3 4415/3/3
f 4419/4/3 4416/4/3 4415/4/3
f 4420/4/3 4416/4/3 4419/4/3
f 4421/3/3 4420/3/3 4419/3/3
f 4422/3/3 4420/3/3 4421/3/3
f 4423/4/3 4418/4/3 4417/4/3
f 4424/4/3 4418/4/3 4423/4/3
f 4427/3/3 4426/3/3 4425/3/3
f 4428/3/3 4426/3/3 4427/3/3
f 4432/3/3 4430/3/3 4429/3/3
f 4433/3/3 4430/3/3 4432/3/3
f 4434/3/3 4432/3/3 4431/3/3
f 4435/3/3 4432/3/3 4434/3/3
f 4437/3/3 4436/3/3 4435/3/3
f 4438/3/3 4436/3/3 4437/3/3
f 4441/3/3 4440/3/3 4439/3/3
f 4442/3/3 4440/3/3 4441/3/3
f 4447/4/3 4444/4/3 4443/4/3
f 4448/4/3 4444/4/3 4447/4/3
f 4449/3/3 4446/3/3 4445/3/3
f 4450/3/3 4446/3/3 4449/3/3
f 4451/4/3 4450/4/3 4449/4/3
f 4452/4/3 4450/4/3 4451/4/3
f 4453/3/3 4452/3/3 4451/3/3
f 4454/3/3 4452/3/3 4453/3/3
f 4457/4/3 4456/4/3 4455/4/3
f 4458/4/3 4456/4/3 4457/4/3
f 4462/3/3 4460/3/3 4459/3/3
f 4463/3/3 4460/3/3 4462/3/3
f 4464/3/3 4462/3/3 4461/3/3
f 4465/3/3 4462/3/3 4464/3/3
f 4468/3/3 4467/3/3 4466/3/3
f 4469/3/3 4467/3/3 4468/3/3
f 4471/3/3 4470/3/3 4469/3/3
f 4472/3/3 4470/3/3 4471/3/3
f 4475/4/3 4474/4/3 4473/4/3
f 4476/4/3 4474/4/3 4475/4/3
f 4479/3/3 4478/3/3 4477/3/3
f 4480/3/3 4478/3/3 4479/3/3
f 4483/3/3 4482/3/3 4481/3/3
f 4484/3/3 4482/3/3 4483/3/3
f 4489/3/3 4488/3/3 4487/3/3
f 4490/3/3 4488/3/3 4489/3/3
f 4491/4/3 4490/4/3 4489/4/3
f 4492/4/3 4490/4/3 4491/4/3
f 4493/3/3 4492/3/3 4491/3/3
f 4494/3/3 4492/3/3 4493/3/3
f 4495/4/3 4486/4/3 4485/4/3
f 4496/4/3 4486/4/3 4495/4/3
f 4500/5/3 4498/5/3 4497/5/3
f 4501/5/3 4500/5/3 4499/5/3
f 4502/5/3 4498/5/3 4500/5/3
f 4502/5/3 4500/5/3 4501/5/3
f 4505/5/3 4504/5/3 4503/5/3
f 4506/5/3 4504/5/3 4505/5/3
f 4507/5/3 4504/5/3 4506/5/3
f 4508/5/3 4504/5/3 4507/5/3
f 4513/3/3 4510/3/3 4509/3/3
f 4514/3/3 4510/3/3 4513/3/3
f 4515/4/3 4514/4/3 4513/4/3
f 4516/4/3 4514/4/3 4515/4/3
f 4517/3/3 4516/3/3 4515/3/3
f 4518/3/3 4516/3/3 4517/3/3
f 4519/4/3 4512/4/3 4511/4/3
f 4520/4/3 4512/4/3 4519/4/3
f 4524/3/3 4522/3/3 4521/3/3
f 4525/3/3 4522/3/3 4524/3/3
f 4526/3/3 4524/3/3 4523/3/3
f 4527/3/3 4524/3/3 4526/3/3
f 4529/3/3 4528/3/3 4527/3/3
f 4530/3/3 4528/3/3 4529/3/3
f 4533/5/3 4532/5/3 4531/5/3
f 4534/5/3 4532/5/3 4533/5/3
f 4537/5/3 4536/5/3 4535/5/3
f 4538/5/3 4536/5/3 4537/5/3
f 4542/5/3 4540/5/3 4539/5/3
f 4543/5/3 4540/5/3 4542/5/3
f 4544/5/3 4542/5/3 4541/5/3
f 4545/5/3 4542/5/3 4544/5/3
f 4548/5/3 4547/5/3 4546/5/3
f 4549/5/3 4547/5/3 4548/5/3
f 4551/5/3 4550/5/3 4549/5/3
f 4552/5/3 4550/5/3 4551/5/3
f 4556/5/3 4554/5/3 4553/5/3
f 4557/1/3 4555/1/3 4554/1/3
f 4557/5/3 4554/5/3 4556/5/3
f 4559/1/3 4555/1/3 4557/1/3
f 4560/5/3 4559/5/3 4558/5/3
f 4561/1/3 4555/1/3 4559/1/3
f 4561/5/3 4559/5/3 4560/5/3
f 4562/1/3 4555/1/3 4561/1/3
f 4565/1/3 4564/1/3 4563/1/3
f 4566/1/3 4564/1/3 4565/1/3
f 4569/2/3 4568/2/3 4567/2/3
f 4570/2/3 4568/2/3 4569/2/3
f 4574/1/3 4573/1/3 4572/1/3
f 4576/5/3 4572/5/3 4571/5/3
f 4577/1/3 4575/1/3 4574/1/3
f 4577/5/3 4572/5/3 4576/5/3
f 4577/1/3 4574/1/3 4572/1/3
f 4578/1/3 4575/1/3 4577/1/3
f 4579/1/3 4575/1/3 4578/1/3
f 4580/1/3 4575/1/3 4579/1/3
f 4583/1/3 4581/1/3 4580/1/3
f 4584/1/3 4581/1/3 4583/1/3
f 4587/1/3 4583/1/3 4582/1/3
f 4588/1/3 4583/1/3 4587/1/3
f 4588/1/3 4587/1/3 4586/1/3
f 4589/1/3 4583/1/3 4588/1/3
f 4590/5/3 4586/5/3 4585/5/3
f 4591/1/3 4588/1/3 4586/1/3
f 4591/5/3 4586/5/3 4590/5/3
f 4592/1/3 4588/1/3 4591/1/3
f 4595/2/3 4594/2/3 4593/2/3
f 4596/2/3 4594/2/3 4595/2/3
f 4599/2/3 4598/2/3 4597/2/3
f 4600/2/3 4598/2/3 4599/2/3
f 4603/1/3 4602/1/3 4601/1/3
f 4604/1/3 4602/1/3 4603/1/3
f 4607/1/3 4605/1/3 4604/1/3
f 4608/1/3 4605/1/3 4607/1/3
f 4609/1/3 4607/1/3 4606/1/3
f 4610/1/3 4607/1/3 4609/1/3
f 4613/2/3 4612/2/3 4611/2/3
f 4614/2/3 4612/2/3 4613/2/3
f 4617/1/3 4616/1/3 4615/1/3
f 4618/1/3 4616/1/3 4617/1/3
f 4621/1/3 4620/1/3 4619/1/3
f 4622/1/3 4620/1/3 4621/1/3
f 4625/2/3 4624/2/3 4623/2/3
f 4626/2/3 4624/2/3 4625/2/3
f 4629/2/3 4628/2/3 4627/2/3
f 4630/2/3 4628/2/3 4629/2/3
f 4633/2/3 4632/2/3 4631/2/3
f 4634/2/3 4632/2/3 4633/2/3
f 4637/3/3 4636/3/3 4635/3/3
f 4638/3/3 4636/3/3 4637/3/3
f 4641/3/3 4640/3/3 4639/3/3
f 4642/3/3 4640/3/3 4641/3/3
f 4645/2/3 4644/2/3 4643/2/3
f 4646/2/3 4644/2/3 4645/2/3
f 4649/1/3 4648/1/3 4647/1/3
f 4650/1/3 4648/1/3 4649/1/3
f 4653/1/3 4652/1/3 4651/1/3
f 4654/1/3 4652/1/3 4653/1/3
f 4657/2/3 4656/2/3 4655/2/3
f 4658/2/3 4656/2/3 4657/2/3
f 4661/1/3 4660/1/3 4659/1/3
f 4662/1/3 4660/1/3 4661/1/3
f 4665/1/3 4664/1/3 4663/1/3
f 4666/1/3 4664/1/3 4665/1/3
f 4669/2/3 4668/2/3 4667/2/3
f 4670/2/3 4668/2/3 4669/2/3
f 4673/2/3 4672/2/3 4671/2/3
f 4674/2/3 4672/2/3 4673/2/3
f 4677/3/3 4676/3/3 4675/3/3
f 4678/3/3 4676/3/3 4677/3/3
f 4681/3/3 4680/3/3 4679/3/3
f 4682/3/3 4680/3/3 4681/3/3
f 4685/2/3 4684/2/3 4683/2/3
f 4686/2/3 4684/2/3 4685/2/3
f 4689/2/3 4688/2/3 4687/2/3
f 4690/2/3 4688/2/3 4689/2/3
f 4693/2/3 4692/2/3 4691/2/3
f 4694/2/3 4692/2/3 4693/2/3
f 4697/2/3 4696/2/3 4695/2/3
f 4698/2/3 4696/2/3 4697/2/3
f 4701/2/3 4700/2/3 4699/2/3
f 4702/2/3 4700/2/3 4701/2/3
f 4705/1/3 4704/1/3 4703/1/3
f 4706/1/3 4704/1/3 4705/1/3
f 4711/1/3 4708/1/3 4707/1/3
f 4712/1/3 4708/1/3 4711/1/3
f 4713/1/3 4710/1/3 4709/1/3
f 4714/1/3 4710/1/3 4713/1/3
f 4717/1/3 4716/1/3 4715/1/3
f 4718/1/3 4716/1/3 4717/1/3
f 4721/1/3 4720/1/3 4719/1/3
f 4722/1/3 4720/1/3 4721/1/3
f 4725/1/3 4724/1/3 4723/1/3
f 4726/1/3 4724/1/3 4725/1/3
f 4729/1/3 4728/1/3 4727/1/3
f 4730/1/3 4728/1/3 4729/1/3
f 4734/1/3 4732/1/3 4731/1/3
f 4735/1/3 4732/1/3 4734/1/3
f 4738/3/3 4734/3/3 4733/3/3
f 4739/3/3 4734/3/3 4738/3/3
f 4740/1/3 4737/1/3 4736/1/3
f 4741/1/3 4737/1/3 4740/1/3
f 4744/1/3 4743/1/3 4742/1/3
f 4745/1/3 4743/1/3 4744/1/3
f 4748/3/3 4747/3/3 4746/3/3
f 4749/3/3 4747/3/3 4748/3/3
f 4751/1/3 4750/1/3 4749/1/3
f 4752/1/3 4750/1/3 4751/1/3
f 4755/1/3 4754/1/3 4753/1/3
f 4756/1/3 4754/1/3 4755/1/3
f 4761/1/3 4758/1/3 4757/1/3
f 4762/1/3 4758/1/3 4761/1/3
f 4763/1/3 4760/1/3 4759/1/3
f 4764/1/3 4760/1/3 4763/1/3
f 4769/1/3 4766/1/3 4765/1/3
f 4770/1/3 4766/1/3 4769/1/3
f 4771/1/3 4768/1/3 4767/1/3
f 4772/1/3 4768/1/3 4771/1/3
f 4777/1/3 4774/1/3 4773/1/3
f 4778/1/3 4774/1/3 4777/1/3
f 4780/1/3 4776/1/3 4775/1/3
f 4781/1/3 4776/1/3 4780/1/3
f 4782/3/3 4780/3/3 4779/3/3
f 4783/3/3 4780/3/3 4782/3/3
f 4788/3/3 4785/3/3 4784/3/3
f 4789/3/3 4785/3/3 4788/3/3
f 4791/1/3 4787/1/3 4786/1/3
f 4792/1/3 4787/1/3 4791/1/3
f 4793/1/3 4790/1/3 4789/1/3
f 4794/1/3 4790/1/3 4793/1/3
f 4797/3/3 4796/3/3 4795/3/3
f 4798/3/3 4796/3/3 4797/3/3
f 4801/3/3 4800/3/3 4799/3/3
f 4802/3/3 4800/3/3 4801/3/3
f 4803/3/4 4804/3/4 4806/3/4
f 4806/3/4 4804/3/4 4807/3/4
f 4805/3/4 4806/3/4 4809/3/4
f 4809/3/4 4806/3/4 4810/3/4
f 4808/3/4 4809/3/4 4812/3/4
f 4812/3/4 4809/3/4 4813/3/4
f 4811/3/4 4812/3/4 4814/3/4
f 4814/3/4 4812/3/4 4815/3/4
f 4815/3/4 4816/3/4 4817/3/4
f 4817/3/4 4816/3/4 4818/3/4
f 4818/3/4 4819/3/4 4820/3/4
f 4820/3/4 4819/3/4 4821/3/4
f 4821/3/4 4822/3/4 4823/3/4
f 4823/3/4 4822/3/4 4824/3/4
f 4825/3/4 4826/3/4 4827/3/4
f 4827/3/4 4826/3/4 4828/3/4
f 4829/3/4 4830/3/4 4831/3/4
f 4831/3/4 4830/3/4 4832/3/4
f 4833/3/4 4834/3/4 4836/3/4
f 4836/3/4 4834/3/4 4837/3/4
f 4835/3/4 4836/3/4 4839/3/4
f 4839/3/4 4836/3/4 4840/3/4
f 4837/3/4 4838/3/4 4841/3/4
f 4841/3/4 4838/3/4 4842/3/4
f 4840/3/4 4841/3/4 4843/3/4
f 4843/3/4 4841/3/4 4844/3/4
f 4845/5/4 4846/5/4 4847/5/4
f 4847/5/4 4846/5/4 4848/5/4
f 4848/1/4 4849/1/4 4850/1/4
f 4850/1/4 4849/1/4 4851/1/4
f 4851/1/4 4852/1/4 4854/1/4
f 4854/1/4 4852/1/4 4855/1/4
f 4853/1/4 4854/1/4 4857/1/4
f 4857/1/4 4854/1/4 4858/1/4
f 4856/5/4 4857/5/4 4859/5/4
f 4859/5/4 4857/5/4 4860/5/4
f 4861/3/4 4862/3/4 4865/3/4
f 4865/3/4 4862/3/4 4866/3/4
f 4863/3/4 4864/3/4 4867/3/4
f 4867/3/4 4864/3/4 4868/3/4
f 4869/3/4 4870/3/4 4871/3/4
f 4871/3/4 4870/3/4 4872/3/4
f 4873/3/4 4874/3/4 4875/3/4
f 4875/3/4 4874/3/4 4876/3/4
f 4877/1/4 4878/1/4 4879/1/4
f 4877/1/4 4879/1/4 4881/1/4
f 4879/1/4 4880/1/4 4881/1/4
f 4881/1/4 4880/1/4 4882/1/4
f 4882/1/4 4880/1/4 4883/1/4
f 4884/3/4 4885/3/4 4888/3/4
f 4886/3/4 4887/3/4 4891/3/4
f 4891/3/4 4887/3/4 4892/3/4
f 4888/3/4 4885/3/4 4893/3/4
f 4889/3/4 4890/3/4 4894/3/4
f 4894/3/4 4890/3/4 4895/3/4
f 4893/3/4 4885/3/4 4896/3/4
f 4896/3/4 4885/3/4 4897/3/4
f 4898/1/4 4899/1/4 4901/1/4
f 4899/1/4 4900/1/4 4901/1/4
f 4901/1/4 4900/1/4 4902/1/4
f 4898/1/4 4901/1/4 4903/1/4
f 4903/1/4 4901/1/4 4904/1/4
f 4905/3/4 4906/3/4 4907/3/4
f 4907/3/4 4906/3/4 4908/3/4
f 4908/3/4 4909/3/4 4910/3/4
f 4910/3/4 4909/3/4 4911/3/4
f 4912/3/4 4913/3/4 4915/3/4
f 4915/3/4 4913/3/4 4916/3/4
f 4914/3/4 4915/3/4 4917/3/4
f 4917/3/4 4915/3/4 4918/3/4
f 4919/2/4 4920/2/4 4921/2/4
f 4921/2/4 4920/2/4 4922/2/4
f 4923/5/4 4924/5/4 4925/5/4
f 4923/5/4 4925/5/4 4927/5/4
f 4925/5/4 4926/5/4 4927/5/4
f 4927/5/4 4926/5/4 4928/5/4
f 4929/3/4 4930/3/4 4931/3/4
f 4931/3/4 4930/3/4 4932/3/4
f 4933/5/4 4934/5/4 4935/5/4
f 4935/5/4 4934/5/4 4936/5/4
f 4933/5/4 4935/5/4 4937/5/4
f 4937/5/4 4935/5/4 4938/5/4
f 4939/2/4 4940/2/4 4941/2/4
f 4941/2/4 4940/2/4 4942/2/4
f 4943/2/4 4944/2/4 4946/2/4
f 4944/2/4 4945/2/4 4946/2/4
f 4946/2/4 4945/2/4 4947/2/4
f 4947/2/4 4945/2/4 4948/2/4
f 4948/5/4 4949/5/4 4950/5/4
f 4947/5/4 4948/5/4 4950/5/4
f 4950/5/4 4949/5/4 4951/5/4
f 4952/5/4 4953/5/4 4955/5/4
f 4955/5/4 4953/5/4 4956/5/4
f 4956/5/4 4953/5/4 4957/5/4
f 4954/2/4 4955/2/4 4958/2/4
f 4955/2/4 4956/2/4 4958/2/4
f 4958/2/4 4956/2/4 4959/2/4
f 4959/2/4 4956/2/4 4960/2/4
f 4961/2/4 4962/2/4 4964/2/4
f 4962/2/4 4963/2/4 4964/2/4
f 4964/2/4 4963/2/4 4965/2/4
f 4965/2/4 4963/2/4 4966/2/4
f 4967/2/4 4968/2/4 4969/2/4
f 4969/2/4 4968/2/4 4970/2/4
f 4971/5/4 4972/5/4 4973/5/4
f 4973/5/4 4972/5/4 4974/5/4
f 4975/5/4 4976/5/4 4977/5/4
f 4977/5/4 4976/5/4 4978/5/4
f 4979/2/4 4980/2/4 4981/2/4
f 4981/2/4 4980/2/4 4982/2/4
f 4983/2/4 4984/2/4 4986/2/4
f 4984/2/4 4985/2/4 4986/2/4
f 4986/2/4 4985/2/4 4987/2/4
f 4987/2/4 4985/2/4 4988/2/4
f 4989/2/4 4990/2/4 4991/2/4
f 4991/2/4 4990/2/4 4992/2/4
f 4993/2/4 4994/2/4 4995/2/4
f 4995/2/4 4994/2/4 4996/2/4
f 4997/2/4 4998/2/4 4999/2/4
f 4999/2/4 4998/2/4 5000/2/4
f 5001/1/4 5002/1/4 5003/1/4
f 5003/1/4 5002/1/4 5004/1/4
f 5005/1/4 5006/1/4 5007/1/4
f 5007/1/4 5006/1/4 5008/1/4
f 5009/2/4 5010/2/4 5011/2/4
f 5011/2/4 5010/2/4 5012/2/4
f 5013/2/4 5014/2/4 5015/2/4
f 5015/2/4 5014/2/4 5016/2/4
f 5017/2/4 5018/2/4 5019/2/4
f 5019/2/4 5018/2/4 5020/2/4
f 5021/2/4 5022/2/4 5023/2/4
f 5023/2/4 5022/2/4 5024/2/4
f 5025/2/4 5026/2/4 5027/2/4
f 5027/2/4 5026/2/4 5028/2/4
f 5029/1/4 5030/1/4 5031/1/4
f 5031/1/4 5030/1/4 5032/1/4
f 5033/2/4 5034/2/4 5035/2/4
f 5035/2/4 5034/2/4 5036/2/4
f 5037/2/4 5038/2/4 5039/2/4
f 5039/2/4 5038/2/4 5040/2/4
f 5041/3/4 5042/3/4 5043/3/4
f 5043/3/4 5042/3/4 5044/3/4
f 5045/3/4 5046/3/4 5047/3/4
f 5047/3/4 5046/3/4 5048/3/4
f 5049/3/4 5050/3/4 5051/3/4
f 5051/3/4 5050/3/4 5052/3/4
f 5053/3/4 5054/3/4 5055/3/4
f 5055/3/4 5054/3/4 5056/3/4
f 5057/3/4 5058/3/4 5062/3/4
f 5061/3/4 5062/3/4 5064/3/4
f 5062/3/4 5058/3/4 5065/3/4
f 5064/3/4 5062/3/4 5065/3/4
f 5059/4/4 5060/4/4 5066/4/4
f 5066/4/4 5060/4/4 5067/4/4
f 5063/3/4 5064/3/4 5069/3/4
f 5069/3/4 5064/3/4 5070/3/4
f 5068/3/4 5069/3/4 5071/3/4
f 5071/3/4 5069/3/4 5072/3/4
f 5073/3/4 5074/3/4 5075/3/4
f 5075/3/4 5074/3/4 5076/3/4
f 5076/3/4 5077/3/4 5078/3/4
f 5078/3/4 5077/3/4 5079/3/4
f 5079/3/4 5080/3/4 5083/3/4
f 5083/3/4 5080/3/4 5084/3/4
f 5081/3/4 5082/3/4 5085/3/4
f 5085/3/4 5082/3/4 5086/3/4
f 5085/4/4 5086/4/4 5087/4/4
f 5087/4/4 5086/4/4 5088/4/4
f 5087/3/4 5088/3/4 5089/3/4
f 5089/3/4 5088/3/4 5090/3/4
f 5091/3/4 5092/3/4 5093/3/4
f 5093/3/4 5092/3/4 5094/3/4
f 5095/3/4 5096/3/4 5097/3/4
f 5097/3/4 5096/3/4 5098/3/4
f 5099/3/4 5100/3/4 5101/3/4
f 5101/3/4 5100/3/4 5102/3/4
f 5101/4/4 5102/4/4 5105/4/4
f 5105/4/4 5102/4/4 5106/4/4
f 5103/3/4 5104/3/4 5108/3/4
f 5108/3/4 5104/3/4 5109/3/4
f 5105/3/4 5106/3/4 5110/3/4
f 5110/3/4 5106/3/4 5111/3/4
f 5107/3/4 5108/3/4 5113/3/4
f 5113/3/4 5108/3/4 5114/3/4
f 5112/3/4 5113/3/4 5115/3/4
f 5115/3/4 5113/3/4 5116/3/4
f 5117/3/4 5118/3/4 5119/3/4
f 5119/3/4 5118/3/4 5120/3/4
f 5120/3/4 5121/3/4 5122/3/4
f 5122/3/4 5121/3/4 5123/3/4
f 5123/3/4 5124/3/4 5127/3/4
f 5127/3/4 5124/3/4 5128/3/4
f 5128/3/4 5124/3/4 5129/3/4
f 5129/3/4 5124/3/4 5130/3/4
f 5125/4/4 5126/4/4 5131/4/4
f 5131/4/4 5126/4/4 5132/4/4
f 5133/3/4 5134/3/4 5135/3/4
f 5135/3/4 5134/3/4 5136/3/4
f 5137/5/4 5138/5/4 5140/5/4
f 5140/5/4 5138/5/4 5141/5/4
f 5139/5/4 5140/5/4 5142/5/4
f 5142/5/4 5140/5/4 5143/5/4
f 5144/5/4 5145/5/4 5146/5/4
f 5146/5/4 5145/5/4 5147/5/4
f 5147/5/4 5148/5/4 5149/5/4
f 5149/5/4 5148/5/4 5150/5/4
f 5151/3/4 5152/3/4 5153/3/4
f 5153/3/4 5152/3/4 5154/3/4
f 5155/3/4 5156/3/4 5157/3/4
f 5157/3/4 5156/3/4 5158/3/4
f 5159/3/4 5160/3/4 5161/3/4
f 5161/3/4 5160/3/4 5162/3/4
f 5163/3/4 5164/3/4 5165/3/4
f 5165/3/4 5164/3/4 5166/3/4
f 5163/3/4 5165/3/4 5167/3/4
f 5167/3/4 5165/3/4 5168/3/4
f 5169/5/4 5170/5/4 5171/5/4
f 5171/5/4 5170/5/4 5172/5/4
f 5173/3/4 5174/3/4 5175/3/4
f 5175/3/4 5174/3/4 5176/3/4
f 5177/5/4 5178/5/4 5179/5/4
f 5179/5/4 5178/5/4 5180/5/4
f 5181/3/4 5182/3/4 5183/3/4
f 5181/3/4 5183/3/4 5185/3/4
f 5183/3/4 5184/3/4 5185/3/4
f 5185/3/4 5184/3/4 5186/3/4
f 5187/3/4 5188/3/4 5189/3/4
f 5189/3/4 5188/3/4 5190/3/4
f 5191/3/4 5192/3/4 5193/3/4
f 5193/3/4 5192/3/4 5194/3/4
f 5195/2/4 5196/2/4 5197/2/4
f 5197/2/4 5196/2/4 5198/2/4
f 5199/3/4 5200/3/4 5201/3/4
f 5201/3/4 5200/3/4 5202/3/4
f 5203/3/4 5204/3/4 5205/3/4
f 5205/3/4 5204/3/4 5206/3/4
f 5207/2/4 5208/2/4 5209/2/4
f 5209/2/4 5208/2/4 5210/2/4
f 5211/1/4 5212/1/4 5214/1/4
f 5214/1/4 5212/1/4 5215/1/4
f 5213/2/4 5214/2/4 5216/2/4
f 5216/2/4 5214/2/4 5217/2/4
f 5217/2/4 5214/2/4 5218/2/4
f 5219/3/4 5220/3/4 5221/3/4
f 5221/3/4 5220/3/4 5222/3/4
f 5223/3/4 5224/3/4 5225/3/4
f 5225/3/4 5224/3/4 5226/3/4
f 5227/3/4 5228/3/4 5229/3/4
f 5229/3/4 5228/3/4 5230/3/4
f 5231/4/4 5232/4/4 5233/4/4
f 5233/4/4 5232/4/4 5234/4/4
f 5235/3/4 5236/3/4 5237/3/4
f 5237/3/4 5236/3/4 5238/3/4
f 5237/4/4 5238/4/4 5239/4/4
f 5239/4/4 5238/4/4 5240/4/4
f 5239/3/4 5240/3/4 5241/3/4
f 5241/3/4 5240/3/4 5242/3/4
f 5243/5/4 5244/5/4 5246/5/4
f 5245/5/4 5246/5/4 5247/5/4
f 5246/5/4 5244/5/4 5248/5/4
f 5247/5/4 5246/5/4 5248/5/4
f 5249/5/4 5250/5/4 5251/5/4
f 5251/5/4 5250/5/4 5252/5/4
f 5252/5/4 5250/5/4 5253/5/4
f 5253/5/4 5250/5/4 5254/5/4
f 5255/3/4 5256/3/4 5257/3/4
f 5257/3/4 5256/3/4 5258/3/4
f 5257/4/4 5258/4/4 5259/4/4
f 5259/4/4 5258/4/4 5260/4/4
f 5259/3/4 5260/3/4 5261/3/4
f 5261/3/4 5260/3/4 5262/3/4
f 5263/4/4 5264/4/4 5265/4/4
f 5265/4/4 5264/4/4 5266/4/4
f 5267/3/4 5268/3/4 5269/3/4
f 5269/3/4 5268/3/4 5270/3/4
f 5271/3/4 5272/3/4 5273/3/4
f 5273/3/4 5272/3/4 5274/3/4
f 5275/3/4 5276/3/4 5277/3/4
f 5277/3/4 5276/3/4 5278/3/4
f 5279/2/4 5280/2/4 5281/2/4
f 5281/2/4 5280/2/4 5282/2/4
f 5282/2/4 5280/2/4 5283/2/4
f 5283/1/4 5284/1/4 5285/1/4
f 5285/1/4 5284/1/4 5286/1/4
f 5287/1/4 5288/1/4 5289/1/4
f 5289/1/4 5288/1/4 5290/1/4
f 5291/2/4 5292/2/4 5293/2/4
f 5293/2/4 5292/2/4 5294/2/4
f 5294/2/4 5295/2/4 5296/2/4
f 5296/2/4 5295/2/4 5297/2/4
f 5298/3/4 5299/3/4 5303/3/4
f 5302/3/4 5303/3/4 5305/3/4
f 5303/3/4 5299/3/4 5306/3/4
f 5305/3/4 5303/3/4 5306/3/4
f 5300/4/4 5301/4/4 5307/4/4
f 5307/4/4 5301/4/4 5308/4/4
f 5304/3/4 5305/3/4 5310/3/4
f 5310/3/4 5305/3/4 5311/3/4
f 5309/3/4 5310/3/4 5312/3/4
f 5312/3/4 5310/3/4 5313/3/4
f 5312/1/4 5313/1/4 5316/1/4
f 5316/1/4 5313/1/4 5317/1/4
f 5314/1/4 5315/1/4 5318/1/4
f 5318/1/4 5315/1/4 5319/1/4
f 5316/3/4 5317/3/4 5320/3/4
f 5320/3/4 5317/3/4 5321/3/4
f 5321/3/4 5322/3/4 5323/3/4
f 5323/3/4 5322/3/4 5324/3/4
f 5326/3/4 5327/3/4 5328/3/4
f 5328/3/4 5327/3/4 5329/3/4
f 5324/3/4 5325/3/4 5330/3/4
f 5330/3/4 5325/3/4 5331/3/4
f 5326/3/4 5328/3/4 5332/3/4
f 5332/3/4 5328/3/4 5333/3/4
f 5334/3/4 5335/3/4 5336/3/4
f 5336/3/4 5335/3/4 5337/3/4
f 5338/3/4 5339/3/4 5340/3/4
f 5340/3/4 5339/3/4 5341/3/4
f 5344/3/4 5345/3/4 5346/3/4
f 5342/3/4 5343/3/4 5349/3/4
f 5349/3/4 5343/3/4 5350/3/4
f 5344/3/4 5346/3/4 5351/3/4
f 5346/3/4 5347/3/4 5351/3/4
f 5351/3/4 5347/3/4 5352/3/4
f 5348/3/4 5349/3/4 5354/3/4
f 5354/3/4 5349/3/4 5355/3/4
f 5353/3/4 5354/3/4 5356/3/4
f 5356/3/4 5354/3/4 5357/3/4
f 5356/1/4 5357/1/4 5360/1/4
f 5360/1/4 5357/1/4 5361/1/4
f 5358/1/4 5359/1/4 5362/1/4
f 5362/1/4 5359/1/4 5363/1/4
f 5360/3/4 5361/3/4 5364/3/4
f 5364/3/4 5361/3/4 5365/3/4
f 5365/3/4 5366/3/4 5367/3/4
f 5367/3/4 5366/3/4 5368/3/4
f 5368/3/4 5369/3/4 5372/3/4
f 5372/3/4 5369/3/4 5373/3/4
f 5373/3/4 5369/3/4 5374/3/4
f 5374/3/4 5369/3/4 5375/3/4
f 5370/4/4 5371/4/4 5376/4/4
f 5376/4/4 5371/4/4 5377/4/4
f 5378/2/4 5379/2/4 5381/2/4
f 5381/2/4 5379/2/4 5382/2/4
f 5380/2/4 5381/2/4 5383/2/4
f 5383/2/4 5381/2/4 5384/2/4
f 5385/1/4 5386/1/4 5387/1/4
f 5387/1/4 5386/1/4 5388/1/4
f 5389/1/4 5390/1/4 5391/1/4
f 5391/1/4 5390/1/4 5392/1/4
f 5393/2/4 5394/2/4 5395/2/4
f 5395/2/4 5394/2/4 5396/2/4
f 5396/2/4 5397/2/4 5398/2/4
f 5398/2/4 5397/2/4 5399/2/4
f 5400/1/4 5401/1/4 5404/1/4
f 5404/1/4 5401/1/4 5405/1/4
f 5402/1/4 5403/1/4 5406/1/4
f 5406/1/4 5403/1/4 5407/1/4
f 5408/4/4 5409/4/4 5410/4/4
f 5410/4/4 5409/4/4 5411/4/4
f 5411/4/4 5409/4/4 5412/4/4
f 5412/4/4 5409/4/4 5413/4/4
f 5414/3/4 5415/3/4 5418/3/4
f 5418/3/4 5415/3/4 5419/3/4
f 5416/3/4 5417/3/4 5421/3/4
f 5421/3/4 5417/3/4 5422/3/4
f 5420/3/4 5421/3/4 5423/3/4
f 5423/3/4 5421/3/4 5424/3/4
f 5425/7/4 5426/7/4 5427/7/4
f 5427/7/4 5426/7/4 5428/7/4
f 5429/7/4 5430/7/4 5433/7/4
f 5433/7/4 5430/7/4 5434/7/4
f 5431/3/4 5432/3/4 5435/3/4
f 5435/3/4 5432/3/4 5436/3/4
f 5436/3/4 5437/3/4 5438/3/4
f 5438/3/4 5437/3/4 5439/3/4
f 5440/3/4 5441/3/4 5442/3/4
f 5442/3/4 5441/3/4 5443/3/4
f 5444/4/4 5445/4/4 5446/4/4
f 5446/4/4 5445/4/4 5447/4/4
f 5447/4/4 5445/4/4 5448/4/4
f 5448/4/4 5445/4/4 5449/4/4
f 5450/1/4 5451/1/4 5454/1/4
f 5454/1/4 5451/1/4 5455/1/4
f 5452/1/4 5453/1/4 5456/1/4
f 5456/1/4 5453/1/4 5457/1/4
f 5458/2/4 5459/2/4 5461/2/4
f 5461/2/4 5459/2/4 5462/2/4
f 5460/2/4 5461/2/4 5463/2/4
f 5463/2/4 5461/2/4 5464/2/4
f 5465/1/4 5466/1/4 5467/1/4
f 5467/1/4 5466/1/4 5468/1/4
f 5469/2/4 5470/2/4 5471/2/4
f 5471/2/4 5470/2/4 5472/2/4
f 5472/2/4 5473/2/4 5474/2/4
f 5474/2/4 5473/2/4 5475/2/4
f 5476/1/4 5477/1/4 5480/1/4
f 5480/1/4 5477/1/4 5481/1/4
f 5478/1/4 5479/1/4 5482/1/4
f 5482/1/4 5479/1/4 5483/1/4
f 5484/3/4 5485/3/4 5488/3/4
f 5488/3/4 5485/3/4 5489/3/4
f 5486/3/4 5487/3/4 5490/3/4
f 5490/3/4 5487/3/4 5491/3/4
f 5488/4/4 5489/4/4 5492/4/4
f 5492/4/4 5489/4/4 5493/4/4
f 5490/4/4 5491/4/4 5494/4/4
f 5494/4/4 5491/4/4 5495/4/4
f 5496/3/4 5497/3/4 5498/3/4
f 5498/3/4 5497/3/4 5499/3/4
f 5500/1/4 5501/1/4 5503/1/4
f 5501/2/4 5502/2/4 5504/2/4
f 5503/1/4 5501/1/4 5504/1/4
f 5504/2/4 5502/2/4 5505/2/4
f 5506/3/4 5507/3/4 5509/3/4
f 5509/3/4 5507/3/4 5510/3/4
f 5508/3/4 5509/3/4 5511/3/4
f 5511/3/4 5509/3/4 5512/3/4
f 5512/3/4 5513/3/4 5514/3/4
f 5514/3/4 5513/3/4 5515/3/4
f 5516/1/4 5517/1/4 5519/1/4
f 5517/2/4 5518/2/4 5520/2/4
f 5519/1/4 5517/1/4 5520/1/4
f 5520/2/4 5518/2/4 5521/2/4
f 5522/3/4 5523/3/4 5524/3/4
f 5524/3/4 5523/3/4 5525/3/4
f 5526/4/4 5527/4/4 5528/4/4
f 5528/4/4 5527/4/4 5529/4/4
f 5528/3/4 5529/3/4 5532/3/4
f 5532/3/4 5529/3/4 5533/3/4
f 5530/4/4 5531/4/4 5534/4/4
f 5534/4/4 5531/4/4 5535/4/4
f 5534/3/4 5535/3/4 5536/3/4
f 5536/3/4 5535/3/4 5537/3/4
f 5538/1/4 5539/1/4 5542/1/4
f 5542/1/4 5539/1/4 5543/1/4
f 5540/1/4 5541/1/4 5544/1/4
f 5544/1/4 5541/1/4 5545/1/4
f 5546/2/4 5547/2/4 5549/2/4
f 5549/2/4 5547/2/4 5550/2/4
f 5548/2/4 5549/2/4 5551/2/4
f 5551/2/4 5549/2/4 5552/2/4
f 5553/2/4 5554/2/4 5555/2/4
f 5555/2/4 5554/2/4 5556/2/4
f 5557/1/4 5558/1/4 5561/1/4
f 5561/1/4 5558/1/4 5562/1/4
f 5559/1/4 5560/1/4 5563/1/4
f 5563/1/4 5560/1/4 5564/1/4
f 5565/4/4 5566/4/4 5567/4/4
f 5567/4/4 5566/4/4 5568/4/4
f 5569/2/4 5570/2/4 5572/2/4
f 5570/7/4 5571/7/4 5573/7/4
f 5572/2/4 5570/2/4 5573/2/4
f 5573/7/4 5571/7/4 5574/7/4
f 5574/7/4 5571/7/4 5575/7/4
f 5575/7/4 5576/7/4 5578/7/4
f 5578/7/4 5576/7/4 5579/7/4
f 5577/7/4 5578/7/4 5581/7/4
f 5580/2/4 5581/2/4 5582/2/4
f 5581/7/4 5578/7/4 5583/7/4
f 5582/2/4 5581/2/4 5583/2/4
f 5583/7/4 5578/7/4 5584/7/4
f 5585/4/4 5586/4/4 5587/4/4
f 5587/4/4 5586/4/4 5588/4/4
f 5589/1/4 5590/1/4 5593/1/4
f 5593/1/4 5590/1/4 5594/1/4
f 5591/1/4 5592/1/4 5595/1/4
f 5595/1/4 5592/1/4 5596/1/4
f 5597/2/4 5598/2/4 5599/2/4
f 5599/2/4 5598/2/4 5600/2/4
f 5601/3/4 5602/3/4 5603/3/4
f 5603/3/4 5602/3/4 5604/3/4
f 5604/3/4 5602/3/4 5605/3/4
f 5601/3/4 5603/3/4 5606/3/4
f 5603/8/4 5604/8/4 5606/8/4
f 5606/8/4 5604/8/4 5607/8/4
f 5605/3/4 5602/3/4 5608/3/4
f 5606/3/4 5607/3/4 5609/3/4
f 5607/3/4 5608/3/4 5609/3/4
f 5601/3/4 5606/3/4 5609/3/4
f 5608/3/4 5602/3/4 5610/3/4
f 5609/3/4 5608/3/4 5610/3/4
f 5611/2/4 5612/2/4 5613/2/4
f 5613/2/4 5612/2/4 5614/2/4
f 5615/4/4 5616/4/4 5617/4/4
f 5617/4/4 5616/4/4 5618/4/4
f 5619/1/4 5620/1/4 5622/1/4
f 5622/1/4 5620/1/4 5623/1/4
f 5621/3/4 5622/3/4 5627/3/4
f 5622/5/4 5623/5/4 5628/5/4
f 5627/3/4 5622/3/4 5628/3/4
f 5628/5/4 5623/5/4 5629/5/4
f 5624/1/4 5625/1/4 5630/1/4
f 5630/1/4 5625/1/4 5631/1/4
f 5626/3/4 5627/3/4 5633/3/4
f 5633/3/4 5627/3/4 5634/3/4
f 5631/1/4 5632/1/4 5635/1/4
f 5631/1/4 5635/1/4 5637/1/4
f 5635/2/4 5636/2/4 5638/2/4
f 5637/1/4 5635/1/4 5638/1/4
f 5638/2/4 5636/2/4 5639/2/4
f 5639/7/4 5640/7/4 5643/7/4
f 5643/7/4 5640/7/4 5644/7/4
f 5641/1/4 5642/1/4 5647/1/4
f 5642/2/4 5643/2/4 5647/2/4
f 5647/2/4 5643/2/4 5648/2/4
f 5645/3/4 5646/3/4 5649/3/4
f 5649/3/4 5646/3/4 5650/3/4
f 5641/1/4 5647/1/4 5654/1/4
f 5654/1/4 5647/1/4 5655/1/4
f 5650/3/4 5651/3/4 5656/3/4
f 5651/5/4 5652/5/4 5657/5/4
f 5656/3/4 5651/3/4 5657/3/4
f 5657/5/4 5652/5/4 5658/5/4
f 5653/1/4 5654/1/4 5659/1/4
f 5659/1/4 5654/1/4 5660/1/4
f 5657/1/4 5658/1/4 5661/1/4
f 5661/1/4 5658/1/4 5662/1/4
f 5663/4/4 5664/4/4 5665/4/4
f 5665/4/4 5664/4/4 5666/4/4
f 5667/2/4 5668/2/4 5669/2/4
f 5669/2/4 5668/2/4 5670/2/4
f 5671/3/4 5672/3/4 5673/3/4
f 5673/3/4 5672/3/4 5674/3/4
f 5674/3/4 5672/3/4 5675/3/4
f 5671/3/4 5673/3/4 5676/3/4
f 5673/8/4 5674/8/4 5676/8/4
f 5676/8/4 5674/8/4 5677/8/4
f 5675/3/4 5672/3/4 5678/3/4
f 5676/3/4 5677/3/4 5679/3/4
f 5677/3/4 5678/3/4 5679/3/4
f 5671/3/4 5676/3/4 5679/3/4
f 5678/3/4 5672/3/4 5680/3/4
f 5679/3/4 5678/3/4 5680/3/4
f 5681/3/4 5682/3/4 5684/3/4
f 5684/3/4 5682/3/4 5685/3/4
f 5683/3/4 5684/3/4 5686/3/4
f 5686/3/4 5684/3/4 5687/3/4
f 5687/3/4 5688/3/4 5689/3/4
f 5689/3/4 5688/3/4 5690/3/4
f 5690/3/4 5688/3/4 5691/3/4
f 5691/3/4 5688/3/4 5692/3/4
f 5690/2/4 5691/2/4 5693/2/4
f 5693/2/4 5691/2/4 5694/2/4
f 5694/2/4 5695/2/4 5696/2/4
f 5696/2/4 5695/2/4 5697/2/4
f 5698/4/4 5699/4/4 5700/4/4
f 5700/4/4 5699/4/4 5701/4/4
f 5702/5/4 5703/5/4 5706/5/4
f 5706/5/4 5703/5/4 5707/5/4
f 5704/1/4 5705/1/4 5709/1/4
f 5708/2/4 5709/2/4 5710/2/4
f 5709/1/4 5705/1/4 5710/1/4
f 5710/1/4 5705/1/4 5711/1/4
f 5708/2/4 5710/2/4 5712/2/4
f 5712/2/4 5710/2/4 5713/2/4
f 5713/2/4 5710/2/4 5714/2/4
f 5713/2/4 5714/2/4 5716/2/4
f 5714/1/4 5715/1/4 5717/1/4
f 5716/2/4 5714/2/4 5717/2/4
f 5717/1/4 5715/1/4 5718/1/4
f 5718/1/4 5715/1/4 5719/1/4
f 5719/1/4 5720/1/4 5722/1/4
f 5718/1/4 5719/1/4 5722/1/4
f 5722/1/4 5720/1/4 5723/1/4
f 5720/2/4 5721/2/4 5724/2/4
f 5723/1/4 5720/1/4 5724/1/4
f 5724/2/4 5721/2/4 5725/2/4
f 5722/1/4 5723/1/4 5727/1/4
f 5726/2/4 5727/2/4 5729/2/4
f 5727/1/4 5723/1/4 5730/1/4
f 5729/2/4 5727/2/4 5730/2/4
f 5730/1/4 5723/1/4 5731/1/4
f 5728/2/4 5729/2/4 5732/2/4
f 5729/2/4 5730/2/4 5732/2/4
f 5728/2/4 5732/2/4 5736/2/4
f 5732/1/4 5733/1/4 5737/1/4
f 5736/2/4 5732/2/4 5737/2/4
f 5737/1/4 5733/1/4 5738/1/4
f 5738/1/4 5733/1/4 5739/1/4
f 5734/5/4 5735/5/4 5740/5/4
f 5740/5/4 5735/5/4 5741/5/4
f 5742/4/4 5743/4/4 5744/4/4
f 5744/4/4 5743/4/4 5745/4/4
f 5746/2/4 5747/2/4 5749/2/4
f 5749/2/4 5747/2/4 5750/2/4
f 5748/2/4 5749/2/4 5752/2/4
f 5752/2/4 5749/2/4 5753/2/4
f 5752/3/4 5753/3/4 5756/3/4
f 5753/3/4 5754/3/4 5756/3/4
f 5751/3/4 5752/3/4 5756/3/4
f 5756/3/4 5754/3/4 5757/3/4
f 5755/3/4 5756/3/4 5758/3/4
f 5758/3/4 5756/3/4 5759/3/4
f 5759/3/4 5760/3/4 5761/3/4
f 5761/3/4 5760/3/4 5762/3/4
f 5763/2/4 5764/2/4 5765/2/4
f 5765/2/4 5764/2/4 5766/2/4
f 5766/2/4 5767/2/4 5768/2/4
f 5768/2/4 5767/2/4 5769/2/4
f 5771/3/4 5772/3/4 5773/3/4
f 5773/3/4 5772/3/4 5774/3/4
f 5773/4/4 5774/4/4 5775/4/4
f 5775/4/4 5774/4/4 5776/4/4
f 5775/3/4 5776/3/4 5777/3/4
f 5777/3/4 5776/3/4 5778/3/4
f 5769/4/4 5770/4/4 5779/4/4
f 5779/4/4 5770/4/4 5780/4/4
f 5781/1/4 5782/1/4 5783/1/4
f 5781/1/4 5783/1/4 5784/1/4
f 5784/1/4 5783/1/4 5785/1/4
f 5786/1/4 5787/1/4 5788/1/4
f 5786/1/4 5788/1/4 5793/1/4
f 5793/1/4 5788/1/4 5794/1/4
f 5789/3/4 5790/3/4 5795/3/4
f 5795/3/4 5790/3/4 5796/3/4
f 5795/4/4 5796/4/4 5797/4/4
f 5797/4/4 5796/4/4 5798/4/4
f 5797/3/4 5798/3/4 5799/3/4
f 5799/3/4 5798/3/4 5800/3/4
f 5791/4/4 5792/4/4 5802/4/4
f 5802/4/4 5792/4/4 5803/4/4
f 5801/2/4 5802/2/4 5805/2/4
f 5805/2/4 5802/2/4 5806/2/4
f 5804/2/4 5805/2/4 5807/2/4
f 5807/2/4 5805/2/4 5808/2/4
f 5809/3/4 5810/3/4 5811/3/4
f 5811/3/4 5810/3/4 5812/3/4
f 5812/3/4 5813/3/4 5815/3/4
f 5815/3/4 5813/3/4 5816/3/4
f 5814/3/4 5815/3/4 5817/3/4
f 5817/3/4 5815/3/4 5818/3/4
f 5819/2/4 5820/2/4 5821/2/4
f 5821/2/4 5820/2/4 5822/2/4
f 5822/2/4 5823/2/4 5824/2/4
f 5824/2/4 5823/2/4 5825/2/4
f 5826/2/4 5827/2/4 5828/2/4
f 5828/2/4 5827/2/4 5829/2/4
f 5830/1/4 5831/1/4 5832/1/4
f 5832/1/4 5831/1/4 5833/1/4
f 5834/3/4 5835/3/4 5837/3/4
f 5837/3/4 5835/3/4 5838/3/4
f 5836/3/4 5837/3/4 5839/3/4
f 5839/3/4 5837/3/4 5840/3/4
f 5840/3/4 5841/3/4 5842/3/4
f 5842/3/4 5841/3/4 5843/3/4
f 5844/1/4 5845/1/4 5848/1/4
f 5848/1/4 5845/1/4 5849/1/4
f 5846/2/4 5847/2/4 5850/2/4
f 5850/2/4 5847/2/4 5851/2/4
f 5852/2/4 5853/2/4 5855/2/4
f 5855/2/4 5853/2/4 5856/2/4
f 5854/2/4 5855/2/4 5857/2/4
f 5857/2/4 5855/2/4 5858/2/4
f 5859/3/4 5860/3/4 5861/3/4
f 5861/3/4 5860/3/4 5862/3/4
f 5862/3/4 5863/3/4 5865/3/4
f 5865/3/4 5863/3/4 5866/3/4
f 5864/3/4 5865/3/4 5867/3/4
f 5867/3/4 5865/3/4 5868/3/4
f 5869/2/4 5870/2/4 5871/2/4
f 5871/2/4 5870/2/4 5872/2/4
f 5872/2/4 5873/2/4 5874/2/4
f 5874/2/4 5873/2/4 5875/2/4
f 5876/2/4 5877/2/4 5879/2/4
f 5879/2/4 5877/2/4 5880/2/4
f 5878/2/4 5879/2/4 5881/2/4
f 5881/2/4 5879/2/4 5882/2/4
f 5883/2/4 5884/2/4 5885/2/4
f 5885/2/4 5884/2/4 5886/2/4
f 5887/3/4 5888/3/4 5889/3/4
f 5889/3/4 5888/3/4 5890/3/4
f 5891/3/4 5892/3/4 5893/3/4
f 5893/3/4 5892/3/4 5894/3/4
f 5895/2/4 5896/2/4 5897/2/4
f 5897/2/4 5896/2/4 5898/2/4
f 5899/1/4 5900/1/4 5901/1/4
f 5901/1/4 5900/1/4 5902/1/4
f 5903/1/4 5904/1/4 5905/1/4
f 5905/1/4 5904/1/4 5906/1/4
f 5907/5/4 5908/5/4 5909/5/4
f 5909/5/4 5908/5/4 5910/5/4
f 5910/5/4 5911/5/4 5912/5/4
f 5912/5/4 5911/5/4 5913/5/4
f 5914/1/4 5915/1/4 5917/1/4
f 5916/1/4 5917/1/4 5918/1/4
f 5917/1/4 5915/1/4 5919/1/4
f 5918/1/4 5917/1/4 5919/1/4
f 5919/1/4 5915/1/4 5920/1/4
f 5920/1/4 5915/1/4 5921/1/4
f 5922/5/4 5923/5/4 5925/5/4
f 5925/5/4 5923/5/4 5926/5/4
f 5924/5/4 5925/5/4 5927/5/4
f 5927/5/4 5925/5/4 5928/5/4
f 5929/5/4 5930/5/4 5931/5/4
f 5931/5/4 5930/5/4 5932/5/4
f 5933/5/4 5934/5/4 5935/5/4
f 5935/5/4 5934/5/4 5936/5/4
f 5937/5/4 5938/5/4 5941/5/4
f 5938/2/4 5939/2/4 5942/2/4
f 5941/5/4 5938/5/4 5942/5/4
f 5942/2/4 5939/2/4 5943/2/4
f 5940/5/4 5941/5/4 5944/5/4
f 5944/5/4 5941/5/4 5945/5/4
f 5946/5/4 5947/5/4 5948/5/4
f 5948/5/4 5947/5/4 5949/5/4
f 5950/1/4 5951/1/4 5952/1/4
f 5952/1/4 5951/1/4 5953/1/4
f 5954/1/4 5955/1/4 5958/1/4
f 5958/1/4 5955/1/4 5959/1/4
f 5956/5/4 5957/5/4 5960/5/4
f 5960/5/4 5957/5/4 5961/5/4
f 5962/5/4 5963/5/4 5964/5/4
f 5964/5/4 5963/5/4 5965/5/4
f 5965/5/4 5966/5/4 5968/5/4
f 5966/2/4 5967/2/4 5969/2/4
f 5968/5/4 5966/5/4 5969/5/4
f 5969/2/4 5967/2/4 5970/2/4
f 5971/5/4 5972/5/4 5975/5/4
f 5972/2/4 5973/2/4 5976/2/4
f 5975/5/4 5972/5/4 5976/5/4
f 5976/2/4 5973/2/4 5977/2/4
f 5974/5/4 5975/5/4 5978/5/4
f 5978/5/4 5975/5/4 5979/5/4
f 5980/5/4 5981/5/4 5982/5/4
f 5982/5/4 5981/5/4 5983/5/4
f 5984/5/4 5985/5/4 5986/5/4
f 5986/5/4 5985/5/4 5987/5/4
f 5988/5/4 5989/5/4 5990/5/4
f 5990/5/4 5989/5/4 5991/5/4
f 5991/5/4 5992/5/4 5994/5/4
f 5992/2/4 5993/2/4 5995/2/4
f 5994/5/4 5992/5/4 5995/5/4
f 5995/2/4 5993/2/4 5996/2/4
f 5997/3/4 5998/3/4 6001/3/4
f 5999/8/4 6000/8/4 6002/8/4
f 6001/3/4 5998/3/4 6002/3/4
f 5998/8/4 5999/8/4 6002/8/4
f 6002/8/4 6000/8/4 6003/8/4
f 6003/8/4 6000/8/4 6004/8/4
f 6005/5/4 6006/5/4 6010/5/4
f 6010/5/4 6006/5/4 6011/5/4
f 6007/5/4 6008/5/4 6014/5/4
f 6013/5/4 6014/5/4 6015/5/4
f 6008/2/4 6009/2/4 6016/2/4
f 6015/5/4 6014/5/4 6016/5/4
f 6014/5/4 6008/5/4 6016/5/4
f 6016/2/4 6009/2/4 6017/2/4
f 6011/5/4 6012/5/4 6018/5/4
f 6018/5/4 6012/5/4 6019/5/4
f 6019/1/4 6020/1/4 6021/1/4
f 6019/1/4 6021/1/4 6025/1/4
f 6021/1/4 6022/1/4 6025/1/4
f 6025/1/4 6022/1/4 6026/1/4
f 6029/1/4 6030/1/4 6031/1/4
f 6031/1/4 6030/1/4 6032/1/4
f 6033/1/4 6034/1/4 6035/1/4
f 6035/1/4 6034/1/4 6036/1/4
f 6027/1/4 6028/1/4 6037/1/4
f 6037/1/4 6028/1/4 6038/1/4
f 6023/3/4 6024/3/4 6039/3/4
f 6039/3/4 6024/3/4 6040/3/4
f 6041/1/4 6042/1/4 6043/1/4
f 6043/1/4 6042/1/4 6044/1/4
f 6041/1/4 6043/1/4 6049/1/4
f 6049/1/4 6043/1/4 6050/1/4
f 6045/5/4 6046/5/4 6051/5/4
f 6051/5/4 6046/5/4 6052/5/4
f 6052/5/4 6046/5/4 6053/5/4
f 6046/2/4 6047/2/4 6054/2/4
f 6053/5/4 6046/5/4 6054/5/4
f 6054/2/4 6047/2/4 6055/2/4
f 6048/5/4 6049/5/4 6057/5/4
f 6057/5/4 6049/5/4 6058/5/4
f 6056/5/4 6057/5/4 6059/5/4
f 6059/5/4 6057/5/4 6060/5/4
f 6061/5/4 6062/5/4 6063/5/4
f 6063/5/4 6062/5/4 6064/5/4
f 6065/3/4 6066/3/4 6067/3/4
f 6067/3/4 6066/3/4 6068/3/4
f 6068/3/4 6066/3/4 6069/3/4
f 6070/1/4 6071/1/4 6072/1/4
f 6070/1/4 6072/1/4 6074/1/4
f 6072/1/4 6073/1/4 6074/1/4
f 6074/1/4 6073/1/4 6075/1/4
f 6070/1/4 6074/1/4 6076/1/4
f 6076/1/4 6074/1/4 6077/1/4
f 6069/3/4 6066/3/4 6080/3/4
f 6078/3/4 6079/3/4 6081/3/4
f 6079/3/4 6080/3/4 6081/3/4
f 6080/3/4 6066/3/4 6082/3/4
f 6081/3/4 6080/3/4 6082/3/4
f 6083/5/4 6084/5/4 6085/5/4
f 6085/5/4 6084/5/4 6086/5/4
f 6087/3/4 6088/3/4 6091/3/4
f 6089/3/4 6090/3/4 6091/3/4
f 6088/3/4 6089/3/4 6091/3/4
f 6091/3/4 6090/3/4 6092/3/4
f 6092/3/4 6090/3/4 6093/3/4
f 6092/3/4 6093/3/4 6095/3/4
f 6093/1/4 6094/1/4 6095/1/4
f 6095/1/4 6094/1/4 6096/1/4
f 6096/1/4 6097/1/4 6098/1/4
f 6098/1/4 6097/1/4 6099/1/4
f 6092/3/4 6095/3/4 6102/3/4
f 6100/1/4 6101/1/4 6103/1/4
f 6103/1/4 6101/1/4 6104/1/4
f 6092/3/4 6102/3/4 6105/3/4
f 6102/1/4 6103/1/4 6105/1/4
f 6105/1/4 6103/1/4 6106/1/4
f 6092/3/4 6105/3/4 6108/3/4
f 6107/3/4 6108/3/4 6109/3/4
f 6109/3/4 6108/3/4 6110/3/4
f 6110/3/4 6108/3/4 6111/3/4
f 6108/3/4 6105/3/4 6112/3/4
f 6111/3/4 6108/3/4 6112/3/4
f 6113/2/4 6114/2/4 6115/2/4
f 6115/2/4 6114/2/4 6116/2/4
f 6117/3/4 6118/3/4 6120/3/4
f 6120/3/4 6118/3/4 6121/3/4
f 6119/1/4 6120/1/4 6122/1/4
f 6122/1/4 6120/1/4 6123/1/4
f 6124/1/4 6125/1/4 6126/1/4
f 6126/1/4 6125/1/4 6127/1/4
f 6127/3/4 6128/3/4 6129/3/4
f 6129/3/4 6128/3/4 6130/3/4
f 6131/2/4 6132/2/4 6133/2/4
f 6133/2/4 6132/2/4 6134/2/4
f 6135/2/4 6136/2/4 6137/2/4
f 6137/2/4 6136/2/4 6138/2/4
f 6139/2/4 6140/2/4 6141/2/4
f 6141/2/4 6140/2/4 6142/2/4
f 6143/1/4 6144/1/4 6145/1/4
f 6145/1/4 6144/1/4 6146/1/4
f 6147/1/4 6148/1/4 6149/1/4
f 6149/1/4 6148/1/4 6150/1/4
f 6151/2/4 6152/2/4 6153/2/4
f 6153/2/4 6152/2/4 6154/2/4
f 6155/2/4 6156/2/4 6157/2/4
f 6157/2/4 6156/2/4 6158/2/4
f 6159/2/4 6160/2/4 6161/2/4
f 6161/2/4 6160/2/4 6162/2/4
f 6163/2/4 6164/2/4 6165/2/4
f 6165/2/4 6164/2/4 6166/2/4
f 6167/1/4 6168/1/4 6169/1/4
f 6169/1/4 6168/1/4 6170/1/4
f 6171/1/4 6172/1/4 6173/1/4
f 6173/1/4 6172/1/4 6174/1/4
f 6175/2/4 6176/2/4 6177/2/4
f 6177/2/4 6176/2/4 6178/2/4
f 6179/2/4 6180/2/4 6181/2/4
f 6181/2/4 6180/2/4 6182/2/4
f 6183/3/4 6184/3/4 6186/3/4
f 6186/3/4 6184/3/4 6187/3/4
f 6185/1/4 6186/1/4 6188/1/4
f 6188/1/4 6186/1/4 6189/1/4
f 6189/1/4 6186/1/4 6190/1/4
f 6189/2/4 6190/2/4 6191/2/4
f 6191/2/4 6190/2/4 6192/2/4
f 6193/2/4 6194/2/4 6196/2/4
f 6196/2/4 6194/2/4 6197/2/4
f 6195/1/4 6196/1/4 6198/1/4
f 6196/1/4 6197/1/4 6198/1/4
f 6198/1/4 6197/1/4 6199/1/4
f 6199/3/4 6200/3/4 6201/3/4
f 6201/3/4 6200/3/4 6202/3/4
f 6203/2/4 6204/2/4 6205/2/4
f 6205/2/4 6204/2/4 6206/2/4
f 6207/1/4 6208/1/4 6209/1/4
f 6209/1/4 6208/1/4 6210/1/4
f 6211/1/4 6212/1/4 6213/1/4
f 6213/1/4 6212/1/4 6214/1/4
f 6215/2/4 6216/2/4 6217/2/4
f 6217/2/4 6216/2/4 6218/2/4
f 6219/3/4 6220/3/4 6221/3/4
f 6221/3/4 6220/3/4 6222/3/4
f 6223/2/4 6224/2/4 6225/2/4
f 6225/2/4 6224/2/4 6226/2/4
f 6227/1/4 6228/1/4 6229/1/4
f 6229/1/4 6228/1/4 6230/1/4
f 6231/1/4 6232/1/4 6233/1/4
f 6233/1/4 6232/1/4 6234/1/4
f 6235/2/4 6236/2/4 6237/2/4
f 6237/2/4 6236/2/4 6238/2/4
f 6239/3/4 6240/3/4 6241/3/4
f 6241/3/4 6240/3/4 6242/3/4
f 6243/2/4 6244/2/4 6245/2/4
f 6245/2/4 6244/2/4 6246/2/4
f 6247/1/4 6248/1/4 6249/1/4
f 6249/1/4 6248/1/4 6250/1/4
f 6251/1/4 6252/1/4 6253/1/4
f 6253/1/4 6252/1/4 6254/1/4
f 6255/2/4 6256/2/4 6257/2/4
f 6257/2/4 6256/2/4 6258/2/4
f 6259/1/4 6260/1/4 6262/1/4
f 6262/1/4 6260/1/4 6263/1/4
f 6260/3/4 6261/3/4 6264/3/4
f 6263/1/4 6260/1/4 6264/1/4
f 6264/3/4 6261/3/4 6265/3/4
f 6263/2/4 6264/2/4 6266/2/4
f 6266/2/4 6264/2/4 6267/2/4
f 6268/1/4 6269/1/4 6270/1/4
f 6270/1/4 6269/1/4 6271/1/4
f 6272/1/4 6273/1/4 6274/1/4
f 6274/1/4 6273/1/4 6275/1/4
f 6276/2/4 6277/2/4 6279/2/4
f 6279/2/4 6277/2/4 6280/2/4
f 6278/1/4 6279/1/4 6282/1/4
f 6279/1/4 6280/1/4 6282/1/4
f 6280/3/4 6281/3/4 6283/3/4
f 6282/1/4 6280/1/4 6283/1/4
f 6283/3/4 6281/3/4 6284/3/4
f 6285/1/4 6286/1/4 6289/1/4
f 6289/1/4 6286/1/4 6290/1/4
f 6287/1/4 6288/1/4 6291/1/4
f 6291/1/4 6288/1/4 6292/1/4
f 6293/1/4 6294/1/4 6297/1/4
f 6297/1/4 6294/1/4 6298/1/4
f 6295/1/4 6296/1/4 6299/1/4
f 6299/1/4 6296/1/4 6300/1/4
f 6301/1/4 6302/1/4 6305/1/4
f 6305/1/4 6302/1/4 6306/1/4
f 6303/1/4 6304/1/4 6307/1/4
f 6307/1/4 6304/1/4 6308/1/4
f 6309/1/4 6310/1/4 6313/1/4
f 6313/1/4 6310/1/4 6314/1/4
f 6311/1/4 6312/1/4 6315/1/4
f 6315/1/4 6312/1/4 6316/1/4
f 6319/3/5 6318/3/5 6317/3/5
f 6320/3/5 6318/3/5 6319/3/5
f 6325/3/5 6322/3/5 6321/3/5
f 6326/3/5 6322/3/5 6325/3/5
f 6327/3/5 6324/3/5 6323/3/5
f 6328/3/5 6324/3/5 6327/3/5
f 6329/3/5 6327/3/5 6326/3/5
f 6330/3/5 6327/3/5 6329/3/5
f 6333/3/5 6332/3/5 6331/3/5
f 6334/3/5 6332/3/5 6333/3/5
f 6337/3/5 6336/3/5 6335/3/5
f 6338/3/5 6336/3/5 6337/3/5
f 6341/3/5 6340/3/5 6339/3/5
f 6342/3/5 6340/3/5 6341/3/5
f 6345/3/5 6344/3/5 6343/3/5
f 6346/3/5 6344/3/5 6345/3/5
f 6349/3/5 6348/3/5 6347/3/5
f 6350/3/5 6348/3/5 6349/3/5
f 6353/3/5 6352/3/5 6351/3/5
f 6354/3/5 6352/3/5 6353/3/5
f 6360/1/5 6356/1/5 6355/1/5
f 6361/1/5 6356/1/5 6360/1/5
f 6366/1/5 6361/1/5 6360/1/5
f 6366/1/5 6360/1/5 6359/1/5
f 6366/1/5 6362/1/5 6361/1/5
f 6367/1/5 6362/1/5 6366/1/5
f 6369/3/5 6366/3/5 6365/3/5
f 6370/3/5 6366/3/5 6369/3/5
f 6371/3/5 6368/3/5 6367/3/5
f 6372/3/5 6368/3/5 6371/3/5
f 6373/1/5 6358/1/5 6357/1/5
f 6374/1/5 6358/1/5 6373/1/5
f 6375/1/5 6364/1/5 6363/1/5
f 6376/1/5 6364/1/5 6375/1/5
f 6378/1/5 6371/1/5 6370/1/5
f 6379/1/5 6371/1/5 6378/1/5
f 6381/3/5 6378/3/5 6377/3/5
f 6382/3/5 6378/3/5 6381/3/5
f 6383/3/5 6380/3/5 6379/3/5
f 6384/3/5 6380/3/5 6383/3/5
f 6385/1/5 6383/1/5 6382/1/5
f 6386/1/5 6383/1/5 6385/1/5
f 6387/1/5 6383/1/5 6386/1/5
f 6388/1/5 6383/1/5 6387/1/5
f 6389/1/5 6387/1/5 6386/1/5
f 6390/1/5 6387/1/5 6389/1/5
f 6395/3/5 6392/3/5 6391/3/5
f 6396/3/5 6392/3/5 6395/3/5
f 6397/3/5 6394/3/5 6393/3/5
f 6398/3/5 6394/3/5 6397/3/5
f 6407/1/5 6400/1/5 6399/1/5
f 6408/1/5 6400/1/5 6407/1/5
f 6409/1/5 6402/1/5 6401/1/5
f 6410/1/5 6402/1/5 6409/1/5
f 6411/1/5 6404/1/5 6403/1/5
f 6412/1/5 6404/1/5 6411/1/5
f 6413/1/5 6406/1/5 6405/1/5
f 6414/1/5 6406/1/5 6413/1/5
f 6420/3/5 6416/3/5 6415/3/5
f 6421/3/5 6418/3/5 6417/3/5
f 6423/3/5 6420/3/5 6419/3/5
f 6424/3/5 6416/3/5 6420/3/5
f 6424/3/5 6420/3/5 6423/3/5
f 6425/3/5 6416/3/5 6424/3/5
f 6426/3/5 6422/3/5 6421/3/5
f 6426/3/5 6421/3/5 6417/3/5
f 6427/3/5 6422/3/5 6426/3/5
f 6428/3/5 6422/3/5 6427/3/5
f 6434/3/5 6430/3/5 6429/3/5
f 6435/3/5 6432/3/5 6431/3/5
f 6437/3/5 6434/3/5 6433/3/5
f 6438/3/5 6430/3/5 6434/3/5
f 6438/3/5 6434/3/5 6437/3/5
f 6439/3/5 6436/3/5 6435/3/5
f 6439/3/5 6435/3/5 6431/3/5
f 6440/3/5 6436/3/5 6439/3/5
f 6441/3/5 6430/3/5 6438/3/5
f 6442/3/5 6430/3/5 6441/3/5
f 6443/3/5 6439/3/5 6431/3/5
f 6444/3/5 6439/3/5 6443/3/5
f 6449/3/5 6446/3/5 6445/3/5
f 6450/3/5 6446/3/5 6449/3/5
f 6451/3/5 6448/3/5 6447/3/5
f 6452/3/5 6448/3/5 6451/3/5
f 6457/1/5 6454/1/5 6453/1/5
f 6458/1/5 6454/1/5 6457/1/5
f 6459/1/5 6456/1/5 6455/1/5
f 6460/1/5 6456/1/5 6459/1/5
f 6465/1/5 6462/1/5 6461/1/5
f 6466/1/5 6462/1/5 6465/1/5
f 6467/1/5 6464/1/5 6463/1/5
f 6468/1/5 6464/1/5 6467/1/5
f 6471/3/5 6470/3/5 6469/3/5
f 6472/3/5 6470/3/5 6471/3/5
f 6479/5/5 6474/5/5 6473/5/5
f 6480/5/5 6476/5/5 6475/5/5
f 6481/5/5 6476/5/5 6480/5/5
f 6482/5/5 6478/5/5 6477/5/5
f 6486/5/5 6479/5/5 6473/5/5
f 6486/5/5 6481/5/5 6480/5/5
f 6486/5/5 6482/5/5 6481/5/5
f 6486/5/5 6480/5/5 6479/5/5
f 6487/5/5 6478/5/5 6482/5/5
f 6487/5/5 6482/5/5 6486/5/5
f 6491/1/5 6484/1/5 6483/1/5
f 6492/1/5 6484/1/5 6491/1/5
f 6493/5/5 6486/5/5 6485/5/5
f 6493/5/5 6487/5/5 6486/5/5
f 6493/5/5 6488/5/5 6487/5/5
f 6494/5/5 6488/5/5 6493/5/5
f 6495/1/5 6490/1/5 6489/1/5
f 6496/1/5 6490/1/5 6495/1/5
f 6497/5/5 6493/5/5 6485/5/5
f 6498/5/5 6493/5/5 6497/5/5
f 6499/5/5 6493/5/5 6498/5/5
f 6500/5/5 6493/5/5 6499/5/5
f 6501/5/5 6488/5/5 6494/5/5
f 6502/5/5 6488/5/5 6501/5/5
f 6503/5/5 6488/5/5 6502/5/5
f 6504/5/5 6488/5/5 6503/5/5
f 6506/5/5 6499/5/5 6498/5/5
f 6507/5/5 6499/5/5 6506/5/5
f 6508/5/5 6503/5/5 6502/5/5
f 6509/5/5 6503/5/5 6508/5/5
f 6511/3/5 6506/3/5 6505/3/5
f 6512/3/5 6506/3/5 6511/3/5
f 6515/3/5 6510/3/5 6509/3/5
f 6516/3/5 6510/3/5 6515/3/5
f 6518/1/5 6513/1/5 6512/1/5
f 6519/1/5 6513/1/5 6518/1/5
f 6520/1/5 6515/1/5 6514/1/5
f 6521/1/5 6515/1/5 6520/1/5
f 6523/3/5 6518/3/5 6517/3/5
f 6524/3/5 6518/3/5 6523/3/5
f 6527/3/5 6522/3/5 6521/3/5
f 6528/3/5 6522/3/5 6527/3/5
f 6530/5/5 6525/5/5 6524/5/5
f 6531/5/5 6527/5/5 6526/5/5
f 6533/5/5 6530/5/5 6529/5/5
f 6533/5/5 6525/5/5 6530/5/5
f 6536/5/5 6532/5/5 6531/5/5
f 6536/5/5 6531/5/5 6526/5/5
f 6537/5/5 6534/5/5 6533/5/5
f 6538/5/5 6536/5/5 6535/5/5
f 6539/5/5 6537/5/5 6533/5/5
f 6539/5/5 6538/5/5 6537/5/5
f 6539/5/5 6533/5/5 6529/5/5
f 6540/5/5 6538/5/5 6539/5/5
f 6541/5/5 6536/5/5 6538/5/5
f 6541/5/5 6538/5/5 6540/5/5
f 6542/5/5 6532/5/5 6536/5/5
f 6542/5/5 6536/5/5 6541/5/5
f 6543/5/5 6539/5/5 6529/5/5
f 6544/5/5 6539/5/5 6543/5/5
f 6545/5/5 6532/5/5 6542/5/5
f 6546/5/5 6532/5/5 6545/5/5
f 6548/5/5 6541/5/5 6540/5/5
f 6549/5/5 6541/5/5 6548/5/5
f 6551/3/5 6548/3/5 6547/3/5
f 6551/3/5 6550/3/5 6549/3/5
f 6551/3/5 6549/3/5 6548/3/5
f 6552/3/5 6550/3/5 6551/3/5
f 6557/1/5 6554/1/5 6553/1/5
f 6558/1/5 6554/1/5 6557/1/5
f 6559/1/5 6556/1/5 6555/1/5
f 6560/1/5 6556/1/5 6559/1/5
f 6563/3/5 6562/3/5 6561/3/5
f 6564/3/5 6562/3/5 6563/3/5
f 6569/3/5 6566/3/5 6565/3/5
f 6570/3/5 6566/3/5 6569/3/5
f 6571/3/5 6568/3/5 6567/3/5
f 6572/3/5 6568/3/5 6571/3/5
f 6577/3/5 6574/3/5 6573/3/5
f 6578/3/5 6574/3/5 6577/3/5
f 6579/3/5 6576/3/5 6575/3/5
f 6580/3/5 6576/3/5 6579/3/5
f 6585/2/5 6582/2/5 6581/2/5
f 6586/2/5 6582/2/5 6585/2/5
f 6587/2/5 6584/2/5 6583/2/5
f 6588/2/5 6584/2/5 6587/2/5
f 6591/3/5 6590/3/5 6589/3/5
f 6592/3/5 6590/3/5 6591/3/5
f 6597/3/5 6594/3/5 6593/3/5
f 6598/3/5 6594/3/5 6597/3/5
f 6599/3/5 6594/3/5 6598/3/5
f 6600/3/5 6594/3/5 6599/3/5
f 6605/3/5 6596/3/5 6595/3/5
f 6606/3/5 6596/3/5 6605/3/5
f 6607/3/5 6596/3/5 6606/3/5
f 6608/3/5 6596/3/5 6607/3/5
f 6609/1/5 6599/1/5 6598/1/5
f 6610/1/5 6599/1/5 6609/1/5
f 6612/5/5 6602/5/5 6601/5/5
f 6613/5/5 6602/5/5 6612/5/5
f 6614/5/5 6604/5/5 6603/5/5
f 6615/5/5 6604/5/5 6614/5/5
f 6617/1/5 6607/1/5 6606/1/5
f 6618/1/5 6607/1/5 6617/1/5
f 6623/5/5 6612/5/5 6611/5/5
f 6624/5/5 6612/5/5 6623/5/5
f 6625/5/5 6616/5/5 6615/5/5
f 6626/5/5 6616/5/5 6625/5/5
f 6631/3/5 6620/3/5 6619/3/5
f 6632/3/5 6620/3/5 6631/3/5
f 6633/3/5 6622/3/5 6621/3/5
f 6634/3/5 6622/3/5 6633/3/5
f 6635/3/5 6628/3/5 6627/3/5
f 6636/3/5 6628/3/5 6635/3/5
f 6637/3/5 6630/3/5 6629/3/5
f 6638/3/5 6630/3/5 6637/3/5
f 6647/5/5 6640/5/5 6639/5/5
f 6648/3/5 6644/3/5 6643/3/5
f 6649/3/5 6646/3/5 6645/3/5
f 6650/5/5 6642/5/5 6641/5/5
f 6651/5/5 6648/5/5 6647/5/5
f 6651/5/5 6647/5/5 6639/5/5
f 6652/3/5 6644/3/5 6648/3/5
f 6652/5/5 6648/5/5 6651/5/5
f 6653/3/5 6644/3/5 6652/3/5
f 6654/3/5 6649/3/5 6645/3/5
f 6655/5/5 6650/5/5 6649/5/5
f 6655/3/5 6649/3/5 6654/3/5
f 6656/5/5 6642/5/5 6650/5/5
f 6656/5/5 6650/5/5 6655/5/5
f 6661/1/5 6658/1/5 6657/1/5
f 6662/1/5 6660/1/5 6659/1/5
f 6663/1/5 6658/1/5 6661/1/5
f 6664/1/5 6658/1/5 6663/1/5
f 6665/1/5 6662/1/5 6659/1/5
f 6666/1/5 6662/1/5 6665/1/5
f 6670/1/5 6668/1/5 6667/1/5
f 6671/1/5 6668/1/5 6670/1/5
f 6673/3/5 6670/3/5 6669/3/5
f 6674/3/5 6670/3/5 6673/3/5
f 6675/3/5 6672/3/5 6671/3/5
f 6676/3/5 6672/3/5 6675/3/5
f 6678/1/5 6675/1/5 6674/1/5
f 6679/1/5 6675/1/5 6678/1/5
f 6680/1/5 6675/1/5 6679/1/5
f 6681/1/5 6675/1/5 6680/1/5
f 6683/1/5 6678/1/5 6677/1/5
f 6683/1/5 6679/1/5 6678/1/5
f 6684/1/5 6679/1/5 6683/1/5
f 6685/1/5 6681/1/5 6680/1/5
f 6685/1/5 6682/1/5 6681/1/5
f 6686/1/5 6682/1/5 6685/1/5
f 6687/1/5 6683/1/5 6677/1/5
f 6690/1/5 6682/1/5 6686/1/5
f 6691/1/5 6688/1/5 6687/1/5
f 6691/1/5 6687/1/5 6677/1/5
f 6692/1/5 6688/1/5 6691/1/5
f 6693/1/5 6690/1/5 6689/1/5
f 6694/1/5 6682/1/5 6690/1/5
f 6694/1/5 6690/1/5 6693/1/5
f 6695/1/5 6691/1/5 6677/1/5
f 6696/1/5 6682/1/5 6694/1/5
f 6697/1/5 6696/1/5 6695/1/5
f 6698/1/5 6696/1/5 6697/1/5
f 6701/1/5 6697/1/5 6695/1/5
f 6702/1/5 6696/1/5 6698/1/5
f 6705/2/5 6700/2/5 6699/2/5
f 6706/2/5 6700/2/5 6705/2/5
f 6707/2/5 6700/2/5 6706/2/5
f 6708/2/5 6704/2/5 6703/2/5
f 6709/2/5 6704/2/5 6708/2/5
f 6710/2/5 6704/2/5 6709/2/5
f 6712/1/5 6695/1/5 6677/1/5
f 6712/1/5 6701/1/5 6695/1/5
f 6712/1/5 6702/1/5 6701/1/5
f 6713/1/5 6682/1/5 6696/1/5
f 6713/1/5 6696/1/5 6702/1/5
f 6713/1/5 6702/1/5 6712/1/5
f 6715/2/5 6706/2/5 6705/2/5
f 6716/2/5 6706/2/5 6715/2/5
f 6717/2/5 6710/2/5 6709/2/5
f 6718/2/5 6710/2/5 6717/2/5
f 6719/1/5 6712/1/5 6711/1/5
f 6719/1/5 6714/1/5 6713/1/5
f 6719/1/5 6713/1/5 6712/1/5
f 6720/1/5 6714/1/5 6719/1/5
f 6728/5/5 6724/5/5 6723/5/5
f 6729/5/5 6724/5/5 6728/5/5
f 6732/1/5 6719/1/5 6711/1/5
f 6733/1/5 6719/1/5 6732/1/5
f 6734/3/5 6728/3/5 6727/3/5
f 6735/3/5 6728/3/5 6734/3/5
f 6736/3/5 6730/3/5 6729/3/5
f 6737/3/5 6730/3/5 6736/3/5
f 6738/1/5 6714/1/5 6720/1/5
f 6739/1/5 6714/1/5 6738/1/5
f 6742/3/5 6722/3/5 6721/3/5
f 6743/3/5 6722/3/5 6742/3/5
f 6746/5/5 6733/5/5 6732/5/5
f 6746/5/5 6732/5/5 6731/5/5
f 6747/5/5 6740/5/5 6739/5/5
f 6747/5/5 6739/5/5 6738/5/5
f 6750/3/5 6726/3/5 6725/3/5
f 6751/3/5 6726/3/5 6750/3/5
f 6753/3/5 6742/3/5 6741/3/5
f 6754/3/5 6742/3/5 6753/3/5
f 6757/3/5 6744/3/5 6743/3/5
f 6758/3/5 6744/3/5 6757/3/5
f 6759/5/5 6746/5/5 6745/5/5
f 6759/5/5 6733/5/5 6746/5/5
f 6760/5/5 6733/5/5 6759/5/5
f 6761/5/5 6748/5/5 6747/5/5
f 6761/5/5 6747/5/5 6738/5/5
f 6762/5/5 6748/5/5 6761/5/5
f 6763/3/5 6750/3/5 6749/3/5
f 6764/3/5 6750/3/5 6763/3/5
f 6767/3/5 6752/3/5 6751/3/5
f 6768/3/5 6752/3/5 6767/3/5
f 6769/5/5 6759/5/5 6745/5/5
f 6770/5/5 6759/5/5 6769/5/5
f 6771/5/5 6759/5/5 6770/5/5
f 6772/5/5 6748/5/5 6762/5/5
f 6773/5/5 6748/5/5 6772/5/5
f 6774/5/5 6748/5/5 6773/5/5
f 6776/3/5 6755/3/5 6754/3/5
f 6777/3/5 6755/3/5 6776/3/5
f 6778/3/5 6757/3/5 6756/3/5
f 6779/3/5 6757/3/5 6778/3/5
f 6782/3/5 6765/3/5 6764/3/5
f 6783/3/5 6765/3/5 6782/3/5
f 6784/3/5 6767/3/5 6766/3/5
f 6785/3/5 6767/3/5 6784/3/5
f 6787/3/5 6776/3/5 6775/3/5
f 6788/3/5 6776/3/5 6787/3/5
f 6791/3/5 6780/3/5 6779/3/5
f 6792/3/5 6780/3/5 6791/3/5
f 6797/3/5 6782/3/5 6781/3/5
f 6798/3/5 6782/3/5 6797/3/5
f 6801/3/5 6786/3/5 6785/3/5
f 6802/3/5 6786/3/5 6801/3/5
f 6803/1/5 6794/1/5 6793/1/5
f 6806/1/5 6796/1/5 6795/1/5
f 6807/1/5 6804/1/5 6803/1/5
f 6807/1/5 6803/1/5 6793/1/5
f 6808/1/5 6804/1/5 6807/1/5
f 6809/1/5 6806/1/5 6805/1/5
f 6810/1/5 6796/1/5 6806/1/5
f 6810/1/5 6806/1/5 6809/1/5
f 6811/1/5 6807/1/5 6793/1/5
f 6812/1/5 6807/1/5 6811/1/5
f 6813/1/5 6796/1/5 6810/1/5
f 6814/1/5 6796/1/5 6813/1/5
f 6815/3/5 6790/3/5 6789/3/5
f 6815/3/5 6789/3/5 6788/3/5
f 6815/3/5 6791/3/5 6790/3/5
f 6816/3/5 6791/3/5 6815/3/5
f 6817/3/5 6800/3/5 6799/3/5
f 6817/3/5 6801/3/5 6800/3/5
f 6817/3/5 6799/3/5 6798/3/5
f 6818/3/5 6801/3/5 6817/3/5
f 6823/5/5 6820/5/5 6819/5/5
f 6824/5/5 6820/5/5 6823/5/5
f 6825/5/5 6822/5/5 6821/5/5
f 6826/5/5 6822/5/5 6825/5/5
f 6827/5/5 6820/5/5 6824/5/5
f 6828/5/5 6820/5/5 6827/5/5
f 6829/5/5 6820/5/5 6828/5/5
f 6832/5/5 6825/5/5 6821/5/5
f 6833/5/5 6825/5/5 6832/5/5
f 6834/5/5 6825/5/5 6833/5/5
f 6835/3/5 6830/3/5 6829/3/5
f 6836/3/5 6832/3/5 6831/3/5
f 6837/5/5 6829/5/5 6828/5/5
f 6838/3/5 6835/3/5 6829/3/5
f 6838/5/5 6829/5/5 6837/5/5
f 6839/5/5 6833/5/5 6832/5/5
f 6839/3/5 6832/3/5 6836/3/5
f 6840/5/5 6833/5/5 6839/5/5
f 6841/3/5 6835/3/5 6838/3/5
f 6842/3/5 6835/3/5 6841/3/5
f 6843/3/5 6839/3/5 6836/3/5
f 6844/3/5 6839/3/5 6843/3/5
f 6847/3/5 6841/3/5 6838/3/5
f 6848/3/5 6841/3/5 6847/3/5
f 6849/3/5 6839/3/5 6844/3/5
f 6850/3/5 6839/3/5 6849/3/5
f 6854/2/5 6846/2/5 6845/2/5
f 6855/2/5 6852/2/5 6851/2/5
f 6857/2/5 6854/2/5 6853/2/5
f 6858/2/5 6856/2/5 6855/2/5
f 6859/2/5 6854/2/5 6857/2/5
f 6859/2/5 6846/2/5 6854/2/5
f 6860/2/5 6846/2/5 6859/2/5
f 6861/2/5 6858/2/5 6855/2/5
f 6861/2/5 6855/2/5 6851/2/5
f 6862/2/5 6858/2/5 6861/2/5
f 6863/2/5 6859/2/5 6857/2/5
f 6864/2/5 6859/2/5 6863/2/5
f 6865/2/5 6858/2/5 6862/2/5
f 6866/2/5 6858/2/5 6865/2/5
f 6870/1/5 6868/1/5 6867/1/5
f 6871/1/5 6868/1/5 6870/1/5
f 6874/1/5 6870/1/5 6869/1/5
f 6875/1/5 6870/1/5 6874/1/5
f 6876/1/5 6872/1/5 6871/1/5
f 6877/1/5 6872/1/5 6876/1/5
f 6879/3/5 6874/3/5 6873/3/5
f 6880/3/5 6874/3/5 6879/3/5
f 6883/3/5 6878/3/5 6877/3/5
f 6884/3/5 6878/3/5 6883/3/5
f 6885/6/5 6881/6/5 6880/6/5
f 6886/6/5 6881/6/5 6885/6/5
f 6887/6/5 6883/6/5 6882/6/5
f 6888/6/5 6883/6/5 6887/6/5
f 6889/1/5 6886/1/5 6885/1/5
f 6890/1/5 6886/1/5 6889/1/5
f 6891/1/5 6888/1/5 6887/1/5
f 6892/1/5 6888/1/5 6891/1/5
f 6902/2/5 6898/2/5 6897/2/5
f 6903/2/5 6900/2/5 6899/2/5
f 6906/2/5 6902/2/5 6901/2/5
f 6907/2/5 6904/2/5 6903/2/5
f 6910/2/5 6906/2/5 6905/2/5
f 6911/2/5 6908/2/5 6907/2/5
f 6913/2/5 6910/2/5 6909/2/5
f 6914/2/5 6906/2/5 6910/2/5
f 6914/2/5 6910/2/5 6913/2/5
f 6915/2/5 6898/2/5 6902/2/5
f 6915/2/5 6906/2/5 6914/2/5
f 6915/2/5 6902/2/5 6906/2/5
f 6916/2/5 6898/2/5 6915/2/5
f 6917/2/5 6912/2/5 6911/2/5
f 6917/2/5 6903/2/5 6899/2/5
f 6917/2/5 6911/2/5 6907/2/5
f 6917/2/5 6907/2/5 6903/2/5
f 6918/2/5 6912/2/5 6917/2/5
f 6919/2/5 6912/2/5 6918/2/5
f 6920/2/5 6912/2/5 6919/2/5
f 6921/2/5 6915/2/5 6914/2/5
f 6922/2/5 6915/2/5 6921/2/5
f 6923/2/5 6919/2/5 6918/2/5
f 6924/2/5 6919/2/5 6923/2/5
f 6925/2/5 6921/2/5 6914/2/5
f 6926/2/5 6921/2/5 6925/2/5
f 6927/2/5 6921/2/5 6926/2/5
f 6928/2/5 6919/2/5 6924/2/5
f 6929/2/5 6919/2/5 6928/2/5
f 6930/2/5 6919/2/5 6929/2/5
f 6931/2/5 6926/2/5 6925/2/5
f 6932/2/5 6926/2/5 6931/2/5
f 6933/2/5 6930/2/5 6929/2/5
f 6934/2/5 6930/2/5 6933/2/5
f 6935/2/5 6926/2/5 6932/2/5
f 6936/2/5 6926/2/5 6935/2/5
f 6937/1/5 6894/1/5 6893/1/5
f 6938/1/5 6894/1/5 6937/1/5
f 6939/1/5 6896/1/5 6895/1/5
f 6940/1/5 6896/1/5 6939/1/5
f 6941/2/5 6933/2/5 6929/2/5
f 6942/2/5 6933/2/5 6941/2/5
f 6943/2/5 6926/2/5 6936/2/5
f 6944/2/5 6926/2/5 6943/2/5
f 6945/2/5 6941/2/5 6929/2/5
f 6946/2/5 6941/2/5 6945/2/5
f 6960/3/5 6948/3/5 6947/3/5
f 6961/3/5 6948/3/5 6960/3/5
f 6962/3/5 6950/3/5 6949/3/5
f 6963/3/5 6950/3/5 6962/3/5
f 6965/5/5 6956/5/5 6955/5/5
f 6966/5/5 6956/5/5 6965/5/5
f 6967/5/5 6958/5/5 6957/5/5
f 6968/5/5 6958/5/5 6967/5/5
f 6970/3/5 6952/3/5 6951/3/5
f 6971/3/5 6952/3/5 6970/3/5
f 6972/3/5 6954/3/5 6953/3/5
f 6973/3/5 6954/3/5 6972/3/5
f 6975/3/5 6960/3/5 6959/3/5
f 6976/3/5 6960/3/5 6975/3/5
f 6979/3/5 6964/3/5 6963/3/5
f 6980/3/5 6964/3/5 6979/3/5
f 6981/3/5 6970/3/5 6969/3/5
f 6982/3/5 6970/3/5 6981/3/5
f 6985/3/5 6974/3/5 6973/3/5
f 6986/3/5 6974/3/5 6985/3/5
f 6987/5/5 6965/5/5 6955/5/5
f 6988/5/5 6965/5/5 6987/5/5
f 6991/5/5 6958/5/5 6968/5/5
f 6992/5/5 6958/5/5 6991/5/5
f 6993/3/5 6979/3/5 6978/3/5
f 6995/5/5 6989/5/5 6988/5/5
f 6996/5/5 6989/5/5 6995/5/5
f 6997/5/5 6991/5/5 6990/5/5
f 6998/5/5 6991/5/5 6997/5/5
f 7000/3/5 6983/3/5 6982/3/5
f 7001/3/5 6994/3/5 6993/3/5
f 7001/3/5 6993/3/5 6978/3/5
f 7002/3/5 6994/3/5 7001/3/5
f 7003/3/5 6994/3/5 7002/3/5
f 7012/3/5 7000/3/5 6999/3/5
f 7013/3/5 7000/3/5 7012/3/5
f 7014/3/5 6983/3/5 7000/3/5
f 7014/3/5 7000/3/5 7013/3/5
f 7016/3/5 6977/3/5 6976/3/5
f 7017/3/5 6977/3/5 7016/3/5
f 7018/3/5 7001/3/5 6978/3/5
f 7019/3/5 7001/3/5 7018/3/5
f 7020/4/5 7003/4/5 7002/4/5
f 7022/3/5 7005/3/5 7004/3/5
f 7023/4/5 7006/4/5 7005/4/5
f 7023/3/5 7005/3/5 7022/3/5
f 7024/3/5 7007/3/5 7006/3/5
f 7024/4/5 7006/4/5 7023/4/5
f 7025/3/5 7007/3/5 7024/3/5
f 7030/3/5 7009/3/5 7008/3/5
f 7031/4/5 7010/4/5 7009/4/5
f 7031/3/5 7009/3/5 7030/3/5
f 7032/3/5 7011/3/5 7010/3/5
f 7032/4/5 7010/4/5 7031/4/5
f 7033/3/5 7011/3/5 7032/3/5
f 7035/4/5 7013/4/5 7012/4/5
f 7036/3/5 6983/3/5 7014/3/5
f 7037/3/5 6983/3/5 7036/3/5
f 7038/3/5 6985/3/5 6984/3/5
f 7039/3/5 6985/3/5 7038/3/5
f 7041/3/5 7016/3/5 7015/3/5
f 7042/3/5 7016/3/5 7041/3/5
f 7045/3/5 7020/3/5 7019/3/5
f 7046/4/5 7003/4/5 7020/4/5
f 7046/3/5 7020/3/5 7045/3/5
f 7047/5/5 7027/5/5 7026/5/5
f 7047/5/5 7026/5/5 7025/5/5
f 7048/5/5 7027/5/5 7047/5/5
f 7049/5/5 7027/5/5 7048/5/5
f 7050/5/5 7029/5/5 7028/5/5
f 7050/5/5 7030/5/5 7029/5/5
f 7051/5/5 7030/5/5 7050/5/5
f 7052/5/5 7030/5/5 7051/5/5
f 7053/3/5 7036/3/5 7035/3/5
f 7053/4/5 7035/4/5 7012/4/5
f 7054/3/5 7036/3/5 7053/3/5
f 7057/3/5 7040/3/5 7039/3/5
f 7058/3/5 7040/3/5 7057/3/5
f 7059/4/5 7003/4/5 7046/4/5
f 7060/4/5 7003/4/5 7059/4/5
f 7061/4/5 7022/4/5 7021/4/5
f 7062/4/5 7022/4/5 7061/4/5
f 7063/4/5 7034/4/5 7033/4/5
f 7064/4/5 7034/4/5 7063/4/5
f 7065/4/5 7053/4/5 7012/4/5
f 7066/4/5 7053/4/5 7065/4/5
f 7067/3/5 7060/3/5 7059/3/5
f 7068/4/5 7061/4/5 7060/4/5
f 7068/3/5 7060/3/5 7067/3/5
f 7069/3/5 7062/3/5 7061/3/5
f 7069/4/5 7061/4/5 7068/4/5
f 7070/3/5 7062/3/5 7069/3/5
f 7071/3/5 7064/3/5 7063/3/5
f 7072/4/5 7065/4/5 7064/4/5
f 7072/3/5 7064/3/5 7071/3/5
f 7073/3/5 7066/3/5 7065/3/5
f 7073/4/5 7065/4/5 7072/4/5
f 7074/3/5 7066/3/5 7073/3/5
f 7075/5/5 7047/5/5 7025/5/5
f 7080/5/5 7030/5/5 7052/5/5
f 7081/3/5 7043/3/5 7042/3/5
f 7082/3/5 7043/3/5 7081/3/5
f 7083/3/5 7045/3/5 7044/3/5
f 7084/3/5 7045/3/5 7083/3/5
f 7085/4/5 7070/4/5 7069/4/5
f 7086/4/5 7070/4/5 7085/4/5
f 7089/5/5 7075/5/5 7025/5/5
f 7089/5/5 7076/5/5 7075/5/5
f 7089/5/5 7077/5/5 7076/5/5
f 7090/5/5 7077/5/5 7089/5/5
f 7091/5/5 7077/5/5 7090/5/5
f 7092/5/5 7079/5/5 7078/5/5
f 7092/5/5 7080/5/5 7079/5/5
f 7093/5/5 7080/5/5 7092/5/5
f 7094/5/5 7030/5/5 7080/5/5
f 7094/5/5 7080/5/5 7093/5/5
f 7097/4/5 7072/4/5 7071/4/5
f 7098/4/5 7072/4/5 7097/4/5
f 7099/3/5 7055/3/5 7054/3/5
f 7100/3/5 7055/3/5 7099/3/5
f 7101/3/5 7057/3/5 7056/3/5
f 7102/3/5 7057/3/5 7101/3/5
f 7103/3/5 7087/3/5 7086/3/5
f 7104/4/5 7088/4/5 7087/4/5
f 7104/3/5 7087/3/5 7103/3/5
f 7105/3/5 7089/3/5 7088/3/5
f 7105/4/5 7088/4/5 7104/4/5
f 7106/3/5 7089/3/5 7105/3/5
f 7107/3/5 7095/3/5 7094/3/5
f 7108/4/5 7096/4/5 7095/4/5
f 7108/3/5 7095/3/5 7107/3/5
f 7109/3/5 7097/3/5 7096/3/5
f 7109/4/5 7096/4/5 7108/4/5
f 7110/3/5 7097/3/5 7109/3/5
f 7116/5/5 7112/5/5 7111/5/5
f 7117/5/5 7112/5/5 7116/5/5
f 7118/5/5 7114/5/5 7113/5/5
f 7119/5/5 7114/5/5 7118/5/5
f 7121/5/5 7116/5/5 7115/5/5
f 7122/5/5 7116/5/5 7121/5/5
f 7125/5/5 7120/5/5 7119/5/5
f 7126/5/5 7120/5/5 7125/5/5
f 7127/5/5 7123/5/5 7122/5/5
f 7128/5/5 7123/5/5 7127/5/5
f 7131/5/5 7125/5/5 7124/5/5
f 7132/5/5 7125/5/5 7131/5/5
f 7135/5/5 7129/5/5 7128/5/5
f 7136/5/5 7129/5/5 7135/5/5
f 7137/5/5 7131/5/5 7130/5/5
f 7138/5/5 7131/5/5 7137/5/5
f 7142/2/5 7134/2/5 7133/2/5
f 7143/2/5 7140/2/5 7139/2/5
f 7145/2/5 7142/2/5 7141/2/5
f 7146/2/5 7144/2/5 7143/2/5
f 7151/2/5 7142/2/5 7145/2/5
f 7151/2/5 7134/2/5 7142/2/5
f 7152/2/5 7134/2/5 7151/2/5
f 7153/2/5 7143/2/5 7139/2/5
f 7153/2/5 7146/2/5 7143/2/5
f 7154/2/5 7146/2/5 7153/2/5
f 7155/2/5 7151/2/5 7145/2/5
f 7156/2/5 7151/2/5 7155/2/5
f 7157/2/5 7146/2/5 7154/2/5
f 7158/2/5 7146/2/5 7157/2/5
f 7159/1/5 7148/1/5 7147/1/5
f 7160/1/5 7150/1/5 7149/1/5
f 7161/1/5 7159/1/5 7147/1/5
f 7162/1/5 7159/1/5 7161/1/5
f 7163/1/5 7150/1/5 7160/1/5
f 7164/1/5 7150/1/5 7163/1/5
f 7170/5/5 7166/5/5 7165/5/5
f 7171/1/5 7167/1/5 7166/1/5
f 7171/5/5 7166/5/5 7170/5/5
f 7172/5/5 7168/5/5 7167/5/5
f 7172/1/5 7167/1/5 7171/1/5
f 7173/5/5 7168/5/5 7172/5/5
f 7176/5/5 7170/5/5 7169/5/5
f 7177/5/5 7170/5/5 7176/5/5
f 7178/5/5 7174/5/5 7173/5/5
f 7179/5/5 7174/5/5 7178/5/5
f 7182/5/5 7176/5/5 7175/5/5
f 7183/5/5 7176/5/5 7182/5/5
f 7184/5/5 7180/5/5 7179/5/5
f 7185/5/5 7180/5/5 7184/5/5
f 7187/3/5 7182/3/5 7181/3/5
f 7188/3/5 7182/3/5 7187/3/5
f 7191/3/5 7186/3/5 7185/3/5
f 7192/3/5 7186/3/5 7191/3/5
f 7193/5/5 7189/5/5 7188/5/5
f 7194/5/5 7191/5/5 7190/5/5
f 7196/5/5 7193/5/5 7188/5/5
f 7197/5/5 7193/5/5 7196/5/5
f 7198/5/5 7191/5/5 7194/5/5
f 7199/5/5 7191/5/5 7198/5/5
f 7202/5/5 7196/5/5 7195/5/5
f 7203/5/5 7196/5/5 7202/5/5
f 7204/5/5 7200/5/5 7199/5/5
f 7205/5/5 7200/5/5 7204/5/5
f 7208/5/5 7202/5/5 7201/5/5
f 7209/5/5 7206/5/5 7205/5/5
f 7212/5/5 7208/5/5 7207/5/5
f 7213/5/5 7210/5/5 7209/5/5
f 7215/5/5 7212/5/5 7211/5/5
f 7216/5/5 7208/5/5 7212/5/5
f 7216/5/5 7212/5/5 7215/5/5
f 7217/5/5 7214/5/5 7213/5/5
f 7217/5/5 7213/5/5 7209/5/5
f 7218/5/5 7214/5/5 7217/5/5
f 7220/5/5 7208/5/5 7216/5/5
f 7221/5/5 7217/5/5 7209/5/5
f 7223/5/5 7220/5/5 7219/5/5
f 7224/5/5 7208/5/5 7220/5/5
f 7224/5/5 7220/5/5 7223/5/5
f 7225/5/5 7222/5/5 7221/5/5
f 7225/5/5 7221/5/5 7209/5/5
f 7226/5/5 7222/5/5 7225/5/5
f 7227/5/5 7208/5/5 7224/5/5
f 7228/5/5 7202/5/5 7208/5/5
f 7228/5/5 7208/5/5 7227/5/5
f 7229/5/5 7209/5/5 7205/5/5
f 7229/5/5 7225/5/5 7209/5/5
f 7230/5/5 7225/5/5 7229/5/5
f 7231/5/5 7202/5/5 7228/5/5
f 7232/5/5 7202/5/5 7231/5/5
f 7233/5/5 7229/5/5 7205/5/5
f 7234/5/5 7229/5/5 7233/5/5
f 7242/5/5 7238/5/5 7237/5/5
f 7243/5/5 7240/5/5 7239/5/5
f 7247/2/5 7236/2/5 7235/2/5
f 7248/2/5 7236/2/5 7247/2/5
f 7251/2/5 7246/2/5 7245/2/5
f 7253/2/5 7247/2/5 7235/2/5
f 7254/2/5 7247/2/5 7253/2/5
f 7255/2/5 7236/2/5 7248/2/5
f 7256/2/5 7236/2/5 7255/2/5
f 7258/2/5 7250/2/5 7249/2/5
f 7259/2/5 7252/2/5 7251/2/5
f 7263/5/5 7242/5/5 7241/5/5
f 7264/5/5 7238/5/5 7242/5/5
f 7264/5/5 7242/5/5 7263/5/5
f 7265/2/5 7253/2/5 7235/2/5
f 7266/2/5 7253/2/5 7265/2/5
f 7267/2/5 7236/2/5 7256/2/5
f 7268/2/5 7236/2/5 7267/2/5
f 7269/5/5 7243/5/5 7239/5/5
f 7269/5/5 7244/5/5 7243/5/5
f 7270/5/5 7244/5/5 7269/5/5
f 7274/2/5 7258/2/5 7257/2/5
f 7275/2/5 7251/2/5 7245/2/5
f 7275/2/5 7259/2/5 7251/2/5
f 7275/2/5 7260/2/5 7259/2/5
f 7276/2/5 7260/2/5 7275/2/5
f 7277/2/5 7260/2/5 7276/2/5
f 7278/2/5 7262/2/5 7261/2/5
f 7279/2/5 7272/2/5 7271/2/5
f 7280/2/5 7274/2/5 7273/2/5
f 7281/2/5 7258/2/5 7274/2/5
f 7281/2/5 7250/2/5 7258/2/5
f 7281/2/5 7274/2/5 7280/2/5
f 7282/2/5 7250/2/5 7281/2/5
f 7284/2/5 7278/2/5 7277/2/5
f 7284/2/5 7277/2/5 7276/2/5
f 7285/2/5 7281/2/5 7280/2/5
f 7285/2/5 7280/2/5 7279/2/5
f 7287/2/5 7284/2/5 7283/2/5
f 7287/2/5 7278/2/5 7284/2/5
f 7287/2/5 7262/2/5 7278/2/5
f 7290/2/5 7286/2/5 7285/2/5
f 7290/2/5 7279/2/5 7271/2/5
f 7290/2/5 7285/2/5 7279/2/5
f 7291/2/5 7288/2/5 7287/2/5
f 7291/2/5 7287/2/5 7283/2/5
f 7292/2/5 7288/2/5 7291/2/5
f 7293/2/5 7288/2/5 7292/2/5
f 7296/2/5 7290/2/5 7289/2/5
f 7297/2/5 7286/2/5 7290/2/5
f 7297/2/5 7290/2/5 7296/2/5
f 7298/2/5 7286/2/5 7297/2/5
f 7301/2/5 7294/2/5 7293/2/5
f 7301/2/5 7293/2/5 7292/2/5
f 7302/2/5 7294/2/5 7301/2/5
f 7303/2/5 7294/2/5 7302/2/5
f 7304/2/5 7294/2/5 7303/2/5
f 7305/2/5 7294/2/5 7304/2/5
f 7306/2/5 7296/2/5 7295/2/5
f 7306/2/5 7297/2/5 7296/2/5
f 7307/2/5 7297/2/5 7306/2/5
f 7308/2/5 7297/2/5 7307/2/5
f 7309/2/5 7297/2/5 7308/2/5
f 7310/2/5 7297/2/5 7309/2/5
f 7313/2/5 7300/2/5 7299/2/5
f 7314/2/5 7300/2/5 7313/2/5
f 7315/2/5 7302/2/5 7301/2/5
f 7316/2/5 7302/2/5 7315/2/5
f 7319/2/5 7294/2/5 7305/2/5
f 7320/2/5 7294/2/5 7319/2/5
f 7321/2/5 7306/2/5 7295/2/5
f 7322/2/5 7306/2/5 7321/2/5
f 7325/2/5 7310/2/5 7309/2/5
f 7326/2/5 7310/2/5 7325/2/5
f 7327/2/5 7312/2/5 7311/2/5
f 7328/2/5 7312/2/5 7327/2/5
f 7333/2/5 7330/2/5 7329/2/5
f 7334/2/5 7315/2/5 7301/2/5
f 7335/2/5 7315/2/5 7334/2/5
f 7336/2/5 7318/2/5 7317/2/5
f 7336/2/5 7317/2/5 7316/2/5
f 7336/2/5 7319/2/5 7318/2/5
f 7337/2/5 7324/2/5 7323/2/5
f 7337/2/5 7325/2/5 7324/2/5
f 7337/2/5 7323/2/5 7322/2/5
f 7338/2/5 7310/2/5 7326/2/5
f 7339/2/5 7310/2/5 7338/2/5
f 7340/2/5 7332/2/5 7331/2/5
f 7341/2/5 7333/2/5 7329/2/5
f 7344/2/5 7319/2/5 7336/2/5
f 7345/2/5 7319/2/5 7344/2/5
f 7346/2/5 7319/2/5 7345/2/5
f 7347/2/5 7337/2/5 7322/2/5
f 7348/2/5 7337/2/5 7347/2/5
f 7349/2/5 7337/2/5 7348/2/5
f 7352/2/5 7332/2/5 7340/2/5
f 7353/6/5 7346/6/5 7345/6/5
f 7353/2/5 7345/2/5 7344/2/5
f 7354/6/5 7346/6/5 7353/6/5
f 7355/6/5 7348/6/5 7347/6/5
f 7356/2/5 7349/2/5 7348/2/5
f 7356/6/5 7348/6/5 7355/6/5
f 7357/2/5 7343/2/5 7342/2/5
f 7357/2/5 7341/2/5 7329/2/5
f 7357/2/5 7342/2/5 7341/2/5
f 7358/2/5 7343/2/5 7357/2/5
f 7359/2/5 7343/2/5 7358/2/5
f 7360/2/5 7353/2/5 7344/2/5
f 7360/2/5 7354/2/5 7353/2/5
f 7361/2/5 7354/2/5 7360/2/5
f 7362/2/5 7354/2/5 7361/2/5
f 7363/2/5 7354/2/5 7362/2/5
f 7366/2/5 7356/2/5 7355/2/5
f 7367/2/5 7349/2/5 7356/2/5
f 7367/2/5 7356/2/5 7366/2/5
f 7368/2/5 7349/2/5 7367/2/5
f 7369/2/5 7349/2/5 7368/2/5
f 7370/2/5 7352/2/5 7351/2/5
f 7370/2/5 7351/2/5 7350/2/5
f 7371/2/5 7332/2/5 7352/2/5
f 7371/2/5 7352/2/5 7370/2/5
f 7372/2/5 7332/2/5 7371/2/5
f 7373/2/5 7359/2/5 7358/2/5
f 7373/2/5 7360/2/5 7359/2/5
f 7374/2/5 7360/2/5 7373/2/5
f 7375/2/5 7360/2/5 7374/2/5
f 7378/2/5 7364/2/5 7363/2/5
f 7379/2/5 7366/2/5 7365/2/5
f 7382/2/5 7371/2/5 7370/2/5
f 7382/2/5 7370/2/5 7369/2/5
f 7383/2/5 7371/2/5 7382/2/5
f 7384/2/5 7371/2/5 7383/2/5
f 7385/2/5 7378/2/5 7377/2/5
f 7385/2/5 7377/2/5 7376/2/5
f 7385/2/5 7375/2/5 7374/2/5
f 7385/2/5 7376/2/5 7375/2/5
f 7386/2/5 7378/2/5 7385/2/5
f 7387/2/5 7364/2/5 7378/2/5
f 7387/2/5 7378/2/5 7386/2/5
f 7388/2/5 7364/2/5 7387/2/5
f 7389/2/5 7381/2/5 7380/2/5
f 7389/2/5 7383/2/5 7382/2/5
f 7389/2/5 7380/2/5 7379/2/5
f 7389/2/5 7382/2/5 7381/2/5
f 7389/2/5 7379/2/5 7365/2/5
f 7390/2/5 7383/2/5 7389/2/5
f 7391/2/5 7383/2/5 7390/2/5
f 7392/2/5 7383/2/5 7391/2/5
f 7393/2/5 7387/2/5 7386/2/5
f 7394/2/5 7387/2/5 7393/2/5
f 7395/2/5 7387/2/5 7394/2/5
f 7396/2/5 7387/2/5 7395/2/5
f 7397/2/5 7391/2/5 7390/2/5
f 7398/2/5 7391/2/5 7397/2/5
f 7399/2/5 7391/2/5 7398/2/5
f 7400/2/5 7391/2/5 7399/2/5
f 7401/2/5 7395/2/5 7394/2/5
f 7402/2/5 7395/2/5 7401/2/5
f 7403/2/5 7399/2/5 7398/2/5
f 7404/2/5 7399/2/5 7403/2/5
f 7410/2/5 7406/2/5 7405/2/5
f 7411/2/5 7408/2/5 7407/2/5
f 7413/2/5 7410/2/5 7409/2/5
f 7414/2/5 7412/2/5 7411/2/5
f 7415/2/5 7410/2/5 7413/2/5
f 7415/2/5 7406/2/5 7410/2/5
f 7416/2/5 7406/2/5 7415/2/5
f 7419/2/5 7414/2/5 7411/2/5
f 7419/2/5 7411/2/5 7407/2/5
f 7420/2/5 7414/2/5 7419/2/5
f 7421/2/5 7415/2/5 7413/2/5
f 7422/2/5 7415/2/5 7421/2/5
f 7423/1/5 7417/1/5 7416/1/5
f 7426/1/5 7419/1/5 7418/1/5
f 7427/2/5 7414/2/5 7420/2/5
f 7428/2/5 7414/2/5 7427/2/5
f 7429/1/5 7424/1/5 7423/1/5
f 7429/1/5 7423/1/5 7416/1/5
f 7430/1/5 7424/1/5 7429/1/5
f 7431/1/5 7426/1/5 7425/1/5
f 7432/1/5 7419/1/5 7426/1/5
f 7432/1/5 7426/1/5 7431/1/5
f 7433/1/5 7429/1/5 7416/1/5
f 7434/1/5 7429/1/5 7433/1/5
f 7435/1/5 7419/1/5 7432/1/5
f 7436/1/5 7419/1/5 7435/1/5
f 7441/1/5 7438/1/5 7437/1/5
f 7442/1/5 7438/1/5 7441/1/5
f 7443/1/5 7440/1/5 7439/1/5
f 7444/1/5 7440/1/5 7443/1/5
f 7449/3/5 7446/3/5 7445/3/5
f 7450/3/5 7446/3/5 7449/3/5
f 7451/3/5 7448/3/5 7447/3/5
f 7452/3/5 7448/3/5 7451/3/5
f 7457/3/5 7454/3/5 7453/3/5
f 7458/3/5 7454/3/5 7457/3/5
f 7459/3/5 7456/3/5 7455/3/5
f 7460/3/5 7456/3/5 7459/3/5
f 7465/3/5 7462/3/5 7461/3/5
f 7466/3/5 7462/3/5 7465/3/5
f 7467/3/5 7464/3/5 7463/3/5
f 7468/3/5 7464/3/5 7467/3/5
f 7474/2/5 7470/2/5 7469/2/5
f 7475/2/5 7472/2/5 7471/2/5
f 7477/2/5 7474/2/5 7473/2/5
f 7478/2/5 7470/2/5 7474/2/5
f 7478/2/5 7474/2/5 7477/2/5
f 7481/2/5 7476/2/5 7475/2/5
f 7481/2/5 7475/2/5 7471/2/5
f 7482/2/5 7476/2/5 7481/2/5
f 7483/2/5 7479/2/5 7478/2/5
f 7483/2/5 7478/2/5 7477/2/5
f 7486/2/5 7482/2/5 7481/2/5
f 7486/2/5 7481/2/5 7480/2/5
f 7489/2/5 7484/2/5 7483/2/5
f 7491/8/5 7488/8/5 7487/8/5
f 7492/8/5 7488/8/5 7491/8/5
f 7494/2/5 7486/2/5 7485/2/5
f 7495/8/5 7492/8/5 7491/8/5
f 7496/8/5 7492/8/5 7495/8/5
f 7497/2/5 7490/2/5 7489/2/5
f 7498/2/5 7494/2/5 7493/2/5
f 7499/2/5 7497/2/5 7489/2/5
f 7500/2/5 7497/2/5 7499/2/5
f 7501/2/5 7494/2/5 7498/2/5
f 7502/2/5 7494/2/5 7501/2/5
f 7503/2/5 7483/2/5 7477/2/5
f 7503/2/5 7489/2/5 7483/2/5
f 7503/2/5 7499/2/5 7489/2/5
f 7504/2/5 7499/2/5 7503/2/5
f 7505/2/5 7499/2/5 7504/2/5
f 7506/2/5 7499/2/5 7505/2/5
f 7507/2/5 7494/2/5 7502/2/5
f 7508/2/5 7486/2/5 7494/2/5
f 7508/2/5 7494/2/5 7507/2/5
f 7509/2/5 7482/2/5 7486/2/5
f 7509/2/5 7486/2/5 7508/2/5
f 7510/2/5 7482/2/5 7509/2/5
f 7511/2/5 7505/2/5 7504/2/5
f 7512/2/5 7505/2/5 7511/2/5
f 7513/2/5 7505/2/5 7512/2/5
f 7514/2/5 7505/2/5 7513/2/5
f 7515/2/5 7509/2/5 7508/2/5
f 7516/2/5 7509/2/5 7515/2/5
f 7517/2/5 7509/2/5 7516/2/5
f 7518/2/5 7509/2/5 7517/2/5
f 7519/2/5 7513/2/5 7512/2/5
f 7520/2/5 7513/2/5 7519/2/5
f 7521/2/5 7517/2/5 7516/2/5
f 7522/2/5 7517/2/5 7521/2/5
f 7496/9/4 7495/10/4 6069/11/4 6080/12/4
f 7527/1/5 7524/1/5 7523/1/5
f 7528/1/5 7524/1/5 7527/1/5
f 7529/1/5 7526/1/5 7525/1/5
f 7530/1/5 7526/1/5 7529/1/5
f 7539/2/5 7532/2/5 7531/2/5
f 7540/2/5 7534/2/5 7533/2/5
f 7541/2/5 7536/2/5 7535/2/5
f 7542/2/5 7538/2/5 7537/2/5
f 7543/2/5 7540/2/5 7539/2/5
f 7543/2/5 7534/2/5 7540/2/5
f 7544/2/5 7541/2/5 7535/2/5
f 7544/2/5 7542/2/5 7541/2/5
f 7545/2/5 7543/2/5 7539/2/5
f 7546/2/5 7543/2/5 7545/2/5
f 7547/2/5 7542/2/5 7544/2/5
f 7548/2/5 7542/2/5 7547/2/5
f 7549/2/5 7545/2/5 7539/2/5
f 7552/2/5 7542/2/5 7548/2/5
f 7553/2/5 7550/2/5 7549/2/5
f 7553/2/5 7549/2/5 7539/2/5
f 7554/2/5 7550/2/5 7553/2/5
f 7555/2/5 7552/2/5 7551/2/5
f 7556/2/5 7542/2/5 7552/2/5
f 7556/2/5 7552/2/5 7555/2/5
f 7557/2/5 7539/2/5 7531/2/5
f 7557/2/5 7553/2/5 7539/2/5
f 7558/2/5 7553/2/5 7557/2/5
f 7559/2/5 7553/2/5 7558/2/5
f 7562/2/5 7542/2/5 7556/2/5
f 7563/2/5 7538/2/5 7542/2/5
f 7563/2/5 7542/2/5 7562/2/5
f 7564/2/5 7538/2/5 7563/2/5
f 7565/2/5 7560/2/5 7559/2/5
f 7565/2/5 7559/2/5 7558/2/5
f 7566/2/5 7560/2/5 7565/2/5
f 7567/2/5 7562/2/5 7561/2/5
f 7567/2/5 7563/2/5 7562/2/5
f 7568/2/5 7563/2/5 7567/2/5
f 7569/2/5 7560/2/5 7566/2/5
f 7570/2/5 7560/2/5 7569/2/5
f 7571/2/5 7567/2/5 7561/2/5
f 7572/2/5 7567/2/5 7571/2/5
f 7573/2/5 7560/2/5 7570/2/5
f 7574/2/5 7560/2/5 7573/2/5
f 7575/2/5 7571/2/5 7561/2/5
f 7576/2/5 7571/2/5 7575/2/5
f 7581/1/5 7578/1/5 7577/1/5
f 7582/1/5 7580/1/5 7579/1/5
f 7583/1/5 7581/1/5 7577/1/5
f 7584/1/5 7581/1/5 7583/1/5
f 7585/1/5 7580/1/5 7582/1/5
f 7586/1/5 7580/1/5 7585/1/5
f 7591/2/5 7588/2/5 7587/2/5
f 7594/2/5 7590/2/5 7589/2/5
f 7595/2/5 7592/2/5 7591/2/5
f 7596/2/5 7594/2/5 7593/2/5
f 7597/2/5 7595/2/5 7591/2/5
f 7597/2/5 7591/2/5 7587/2/5
f 7598/2/5 7595/2/5 7597/2/5
f 7599/2/5 7594/2/5 7596/2/5
f 7600/2/5 7590/2/5 7594/2/5
f 7600/2/5 7594/2/5 7599/2/5
f 7603/3/5 7602/3/5 7601/3/5
f 7604/3/5 7602/3/5 7603/3/5
f 7609/1/5 7606/1/5 7605/1/5
f 7610/1/5 7606/1/5 7609/1/5
f 7611/1/5 7608/1/5 7607/1/5
f 7612/1/5 7608/1/5 7611/1/5
f 7617/1/5 7614/1/5 7613/1/5
f 7618/1/5 7614/1/5 7617/1/5
f 7619/1/5 7616/1/5 7615/1/5
f 7620/1/5 7616/1/5 7619/1/5
f 7625/1/5 7622/1/5 7621/1/5
f 7626/1/5 7622/1/5 7625/1/5
f 7627/1/5 7624/1/5 7623/1/5
f 7628/1/5 7624/1/5 7627/1/5
f 5605/13/4 5608/14/4 5607/15/4 5604/16/4
f 7637/3/5 7634/3/5 7633/3/5
f 7638/3/5 7634/3/5 7637/3/5
f 7639/3/5 7636/3/5 7635/3/5
f 7640/3/5 7636/3/5 7639/3/5
f 7641/1/5 7630/1/5 7629/1/5
f 7642/1/5 7632/1/5 7631/1/5
f 7643/1/5 7641/1/5 7629/1/5
f 7644/1/5 7641/1/5 7643/1/5
f 7645/1/5 7632/1/5 7642/1/5
f 7646/1/5 7632/1/5 7645/1/5
f 7655/3/5 7648/3/5 7647/3/5
f 7656/3/5 7648/3/5 7655/3/5
f 7657/3/5 7650/3/5 7649/3/5
f 7658/3/5 7650/3/5 7657/3/5
f 7659/3/5 7652/3/5 7651/3/5
f 7660/3/5 7652/3/5 7659/3/5
f 7661/3/5 7654/3/5 7653/3/5
f 7662/3/5 7654/3/5 7661/3/5
f 7665/1/5 7664/1/5 7663/1/5
f 7666/1/5 7664/1/5 7665/1/5
f 7668/1/5 7665/1/5 7663/1/5
f 7669/1/5 7665/1/5 7668/1/5
f 7670/1/5 7664/1/5 7666/1/5
f 7671/1/5 7664/1/5 7670/1/5
f 7673/1/5 7668/1/5 7667/1/5
f 7674/1/5 7668/1/5 7673/1/5
f 7675/1/5 7672/1/5 7671/1/5
f 7676/1/5 7672/1/5 7675/1/5
f 7681/3/5 7678/3/5 7677/3/5
f 7682/3/5 7678/3/5 7681/3/5
f 7683/3/5 7680/3/5 7679/3/5
f 7684/3/5 7680/3/5 7683/3/5
f 7689/1/5 7686/1/5 7685/1/5
f 7690/1/5 7686/1/5 7689/1/5
f 7691/1/5 7688/1/5 7687/1/5
f 7692/1/5 7688/1/5 7691/1/5
f 7697/3/5 7694/3/5 7693/3/5
f 7698/3/5 7694/3/5 7697/3/5
f 7699/3/5 7696/3/5 7695/3/5
f 7700/3/5 7696/3/5 7699/3/5
f 7705/1/5 7702/1/5 7701/1/5
f 7706/1/5 7702/1/5 7705/1/5
f 7707/1/5 7704/1/5 7703/1/5
f 7708/1/5 7704/1/5 7707/1/5
f 7713/3/5 7710/3/5 7709/3/5
f 7714/3/5 7710/3/5 7713/3/5
f 7717/3/5 7712/3/5 7711/3/5
f 7718/3/5 7712/3/5 7717/3/5
f 7719/1/5 7715/1/5 7714/1/5
f 7720/1/5 7715/1/5 7719/1/5
f 7721/1/5 7717/1/5 7716/1/5
f 7722/1/5 7717/1/5 7721/1/5
f 7727/1/5 7724/1/5 7723/1/5
f 7728/1/5 7724/1/5 7727/1/5
f 7729/1/5 7726/1/5 7725/1/5
f 7730/1/5 7726/1/5 7729/1/5
f 7735/1/5 7732/1/5 7731/1/5
f 7736/1/5 7732/1/5 7735/1/5
f 7737/1/5 7734/1/5 7733/1/5
f 7738/1/5 7734/1/5 7737/1/5
f 7743/1/5 7740/1/5 7739/1/5
f 7744/1/5 7740/1/5 7743/1/5
f 7745/1/5 7742/1/5 7741/1/5
f 7746/1/5 7742/1/5 7745/1/5
f 7751/1/5 7748/1/5 7747/1/5
f 7752/1/5 7748/1/5 7751/1/5
f 7753/1/5 7750/1/5 7749/1/5
f 7754/1/5 7750/1/5 7753/1/5
f 7755/3/6 7756/3/6 7757/3/6
f 7757/3/6 7756/3/6 7758/3/6
f 7759/3/6 7760/3/6 7763/3/6
f 7763/3/6 7760/3/6 7764/3/6
f 7761/3/6 7762/3/6 7765/3/6
f 7765/3/6 7762/3/6 7766/3/6
f 7764/3/6 7765/3/6 7767/3/6
f 7767/3/6 7765/3/6 7768/3/6
f 7769/3/6 7770/3/6 7771/3/6
f 7771/3/6 7770/3/6 7772/3/6
f 7773/3/6 7774/3/6 7775/3/6
f 7775/3/6 7774/3/6 7776/3/6
f 7777/1/6 7778/1/6 7781/1/6
f 7781/1/6 7778/1/6 7782/1/6
f 7779/1/6 7780/1/6 7783/1/6
f 7783/1/6 7780/1/6 7784/1/6
f 7785/1/6 7786/1/6 7789/1/6
f 7789/1/6 7786/1/6 7790/1/6
f 7787/1/6 7788/1/6 7791/1/6
f 7791/1/6 7788/1/6 7792/1/6
f 7793/1/6 7794/1/6 7797/1/6
f 7797/1/6 7794/1/6 7798/1/6
f 7795/1/6 7796/1/6 7799/1/6
f 7799/1/6 7796/1/6 7800/1/6
f 7801/3/6 7802/3/6 7803/3/6
f 7803/3/6 7802/3/6 7804/3/6
f 7805/1/6 7806/1/6 7809/1/6
f 7809/1/6 7806/1/6 7810/1/6
f 7807/1/6 7808/1/6 7811/1/6
f 7811/1/6 7808/1/6 7812/1/6
f 7813/3/6 7814/3/6 7815/3/6
f 7815/3/6 7814/3/6 7816/3/6
f 7817/1/6 7818/1/6 7821/1/6
f 7819/1/6 7820/1/6 7822/1/6
f 7817/1/6 7821/1/6 7823/1/6
f 7823/1/6 7821/1/6 7824/1/6
f 7822/1/6 7820/1/6 7825/1/6
f 7825/1/6 7820/1/6 7826/1/6
f 7827/2/6 7828/2/6 7831/2/6
f 7829/2/6 7830/2/6 7832/2/6
f 7827/2/6 7831/2/6 7833/2/6
f 7833/2/6 7831/2/6 7834/2/6
f 7832/2/6 7830/2/6 7835/2/6
f 7835/2/6 7830/2/6 7836/2/6
f 7837/1/6 7838/1/6 7841/1/6
f 7841/1/6 7838/1/6 7842/1/6
f 7839/1/6 7840/1/6 7843/1/6
f 7843/1/6 7840/1/6 7844/1/6
f 7845/2/6 7846/2/6 7849/2/6
f 7847/2/6 7848/2/6 7850/2/6
f 7845/2/6 7849/2/6 7851/2/6
f 7851/2/6 7849/2/6 7852/2/6
f 7850/2/6 7848/2/6 7853/2/6
f 7853/2/6 7848/2/6 7854/2/6
f 7855/3/6 7856/3/6 7859/3/6
f 7859/3/6 7856/3/6 7860/3/6
f 7857/3/6 7858/3/6 7861/3/6
f 7861/3/6 7858/3/6 7862/3/6
f 7863/3/6 7864/3/6 7867/3/6
f 7867/3/6 7864/3/6 7868/3/6
f 7865/3/6 7866/3/6 7869/3/6
f 7869/3/6 7866/3/6 7870/3/6
f 7871/2/6 7872/2/6 7876/2/6
f 7873/2/6 7874/2/6 7877/2/6
f 7875/2/6 7876/2/6 7880/2/6
f 7877/2/6 7878/2/6 7881/2/6
f 7879/1/6 7880/1/6 7883/1/6
f 7881/1/6 7882/1/6 7884/1/6
f 7883/1/6 7880/1/6 7885/1/6
f 7880/2/6 7876/2/6 7886/2/6
f 7885/1/6 7880/1/6 7886/1/6
f 7877/2/6 7881/2/6 7887/2/6
f 7881/1/6 7884/1/6 7887/1/6
f 7887/1/6 7884/1/6 7888/1/6
f 7886/2/6 7876/2/6 7890/2/6
f 7876/2/6 7872/2/6 7891/2/6
f 7890/2/6 7876/2/6 7891/2/6
f 7873/2/6 7877/2/6 7892/2/6
f 7877/2/6 7887/2/6 7892/2/6
f 7892/2/6 7887/2/6 7893/2/6
f 7889/1/6 7890/1/6 7895/1/6
f 7890/2/6 7891/2/6 7896/2/6
f 7895/1/6 7890/1/6 7896/1/6
f 7896/2/6 7891/2/6 7897/2/6
f 7897/2/6 7891/2/6 7898/2/6
f 7892/2/6 7893/2/6 7899/2/6
f 7899/2/6 7893/2/6 7900/2/6
f 7893/1/6 7894/1/6 7901/1/6
f 7900/2/6 7893/2/6 7901/2/6
f 7901/1/6 7894/1/6 7902/1/6
f 7896/2/6 7897/2/6 7903/2/6
f 7903/2/6 7897/2/6 7904/2/6
f 7900/2/6 7901/2/6 7905/2/6
f 7905/2/6 7901/2/6 7906/2/6
f 7907/2/6 7908/2/6 7912/2/6
f 7909/2/6 7910/2/6 7913/2/6
f 7911/2/6 7912/2/6 7916/2/6
f 7913/2/6 7914/2/6 7917/2/6
f 7915/2/6 7916/2/6 7919/2/6
f 7912/2/6 7908/2/6 7919/2/6
f 7916/2/6 7912/2/6 7919/2/6
f 7917/2/6 7918/2/6 7920/2/6
f 7913/2/6 7917/2/6 7920/2/6
f 7909/2/6 7913/2/6 7920/2/6
f 7915/2/6 7919/2/6 7921/2/6
f 7921/2/6 7919/2/6 7922/2/6
f 7922/2/6 7919/2/6 7923/2/6
f 7923/2/6 7919/2/6 7924/2/6
f 7920/2/6 7918/2/6 7925/2/6
f 7925/2/6 7918/2/6 7926/2/6
f 7926/2/6 7918/2/6 7927/2/6
f 7927/2/6 7918/2/6 7928/2/6
f 7922/2/6 7923/2/6 7929/2/6
f 7929/2/6 7923/2/6 7930/2/6
f 7926/2/6 7927/2/6 7931/2/6
f 7931/2/6 7927/2/6 7932/2/6
f 7930/2/6 7923/2/6 7933/2/6
f 7933/2/6 7923/2/6 7934/2/6
f 7926/2/6 7931/2/6 7935/2/6
f 7935/2/6 7931/2/6 7936/2/6
f 7934/2/6 7923/2/6 7937/2/6
f 7937/2/6 7923/2/6 7938/2/6
f 7926/2/6 7935/2/6 7939/2/6
f 7939/2/6 7935/2/6 7940/2/6
f 7941/3/6 7942/3/6 7945/3/6
f 7945/3/6 7942/3/6 7946/3/6
f 7943/3/6 7944/3/6 7947/3/6
f 7947/3/6 7944/3/6 7948/3/6
f 7949/2/6 7950/2/6 7954/2/6
f 7951/2/6 7952/2/6 7955/2/6
f 7953/2/6 7954/2/6 7957/2/6
f 7954/2/6 7950/2/6 7957/2/6
f 7955/2/6 7956/2/6 7958/2/6
f 7951/2/6 7955/2/6 7958/2/6
f 7959/1/6 7960/1/6 7963/1/6
f 7963/1/6 7960/1/6 7964/1/6
f 7953/2/6 7957/2/6 7966/2/6
f 7966/2/6 7957/2/6 7967/2/6
f 7958/2/6 7956/2/6 7968/2/6
f 7968/2/6 7956/2/6 7969/2/6
f 7961/1/6 7962/1/6 7971/1/6
f 7971/1/6 7962/1/6 7972/1/6
f 7964/3/6 7965/3/6 7973/3/6
f 7973/3/6 7965/3/6 7974/3/6
f 7953/2/6 7966/2/6 7975/2/6
f 7975/2/6 7966/2/6 7976/2/6
f 7969/2/6 7956/2/6 7977/2/6
f 7977/2/6 7956/2/6 7978/2/6
f 7970/3/6 7971/3/6 7979/3/6
f 7979/3/6 7971/3/6 7980/3/6
f 7981/3/6 7982/3/6 7985/3/6
f 7985/3/6 7982/3/6 7986/3/6
f 7983/3/6 7984/3/6 7987/3/6
f 7987/3/6 7984/3/6 7988/3/6
f 7989/2/6 7990/2/6 7993/2/6
f 7993/2/6 7990/2/6 7994/2/6
f 7991/2/6 7992/2/6 7995/2/6
f 7995/2/6 7992/2/6 7996/2/6
f 7997/2/6 7998/2/6 8001/2/6
f 8001/2/6 7998/2/6 8002/2/6
f 7999/2/6 8000/2/6 8005/2/6
f 8005/2/6 8000/2/6 8006/2/6
f 8002/2/6 8003/2/6 8007/2/6
f 8007/2/6 8003/2/6 8008/2/6
f 8004/2/6 8005/2/6 8015/2/6
f 8015/2/6 8005/2/6 8016/2/6
f 8008/2/6 8009/2/6 8017/2/6
f 8017/2/6 8009/2/6 8018/2/6
f 8010/2/6 8011/2/6 8019/2/6
f 8019/2/6 8011/2/6 8020/2/6
f 8012/2/6 8013/2/6 8021/2/6
f 8021/2/6 8013/2/6 8022/2/6
f 8014/2/6 8015/2/6 8023/2/6
f 8023/2/6 8015/2/6 8024/2/6
f 8018/2/6 8019/2/6 8025/2/6
f 8025/2/6 8019/2/6 8026/2/6
f 8022/2/6 8023/2/6 8027/2/6
f 8027/2/6 8023/2/6 8028/2/6
f 8029/2/6 8030/2/6 8033/2/6
f 8033/2/6 8030/2/6 8034/2/6
f 8031/2/6 8032/2/6 8037/2/6
f 8037/2/6 8032/2/6 8038/2/6
f 8034/2/6 8035/2/6 8039/2/6
f 8039/2/6 8035/2/6 8040/2/6
f 8036/2/6 8037/2/6 8043/2/6
f 8043/2/6 8037/2/6 8044/2/6
f 8040/2/6 8041/2/6 8045/2/6
f 8045/2/6 8041/2/6 8046/2/6
f 8042/2/6 8043/2/6 8049/2/6
f 8049/2/6 8043/2/6 8050/2/6
f 8046/2/6 8047/2/6 8051/2/6
f 8051/2/6 8047/2/6 8052/2/6
f 8048/2/6 8049/2/6 8055/2/6
f 8055/2/6 8049/2/6 8056/2/6
f 8052/2/6 8053/2/6 8057/2/6
f 8057/2/6 8053/2/6 8058/2/6
f 8054/2/6 8055/2/6 8059/2/6
f 8059/2/6 8055/2/6 8060/2/6
f 8061/2/6 8062/2/6 8066/2/6
f 8063/2/6 8064/2/6 8067/2/6
f 8065/2/6 8066/2/6 8069/2/6
f 8066/2/6 8062/2/6 8069/2/6
f 8069/2/6 8062/2/6 8070/2/6
f 8067/2/6 8068/2/6 8071/2/6
f 8063/2/6 8067/2/6 8071/2/6
f 8071/2/6 8068/2/6 8072/2/6
f 8065/2/6 8069/2/6 8073/2/6
f 8073/2/6 8069/2/6 8074/2/6
f 8072/2/6 8068/2/6 8075/2/6
f 8075/2/6 8068/2/6 8076/2/6
f 8077/1/6 8078/1/6 8081/1/6
f 8081/1/6 8078/1/6 8082/1/6
f 8079/1/6 8080/1/6 8083/1/6
f 8083/1/6 8080/1/6 8084/1/6
f 8085/3/6 8086/3/6 8089/3/6
f 8089/3/6 8086/3/6 8090/3/6
f 8087/3/6 8088/3/6 8091/3/6
f 8091/3/6 8088/3/6 8092/3/6
f 8093/5/6 8094/5/6 8098/5/6
f 8098/5/6 8094/5/6 8099/5/6
f 8095/5/6 8096/5/6 8102/5/6
f 8102/5/6 8096/5/6 8103/5/6
f 8099/5/6 8100/5/6 8106/5/6
f 8097/5/6 8098/5/6 8106/5/6
f 8098/5/6 8099/5/6 8106/5/6
f 8106/5/6 8100/5/6 8107/5/6
f 8102/5/6 8103/5/6 8108/5/6
f 8103/5/6 8104/5/6 8108/5/6
f 8101/5/6 8102/5/6 8108/5/6
f 8108/5/6 8104/5/6 8109/5/6
f 8105/5/6 8106/5/6 8112/5/6
f 8109/5/6 8110/5/6 8113/5/6
f 8111/5/6 8112/5/6 8115/5/6
f 8112/5/6 8106/5/6 8115/5/6
f 8113/5/6 8114/5/6 8118/5/6
f 8109/5/6 8113/5/6 8118/5/6
f 8115/5/6 8116/5/6 8119/5/6
f 8111/5/6 8115/5/6 8119/5/6
f 8119/5/6 8116/5/6 8120/5/6
f 8117/5/6 8118/5/6 8121/5/6
f 8118/5/6 8114/5/6 8122/5/6
f 8121/5/6 8118/5/6 8122/5/6
f 8111/5/6 8119/5/6 8123/5/6
f 8122/5/6 8114/5/6 8126/5/6
f 8123/5/6 8124/5/6 8127/5/6
f 8111/5/6 8123/5/6 8127/5/6
f 8127/5/6 8124/5/6 8128/5/6
f 8128/5/6 8124/5/6 8129/5/6
f 8125/5/6 8126/5/6 8130/5/6
f 8126/5/6 8114/5/6 8131/5/6
f 8130/5/6 8126/5/6 8131/5/6
f 8131/5/6 8114/5/6 8132/5/6
f 8128/5/6 8129/5/6 8133/5/6
f 8133/5/6 8129/5/6 8134/5/6
f 8130/5/6 8131/5/6 8135/5/6
f 8135/5/6 8131/5/6 8136/5/6
f 8134/5/6 8129/5/6 8137/5/6
f 8137/5/6 8129/5/6 8138/5/6
f 8130/5/6 8135/5/6 8139/5/6
f 8139/5/6 8135/5/6 8140/5/6
f 8134/5/6 8137/5/6 8141/5/6
f 8141/5/6 8137/5/6 8142/5/6
f 8140/5/6 8135/5/6 8143/5/6
f 8143/5/6 8135/5/6 8144/5/6
f 8145/5/6 8146/5/6 8150/5/6
f 8150/5/6 8146/5/6 8151/5/6
f 8147/5/6 8148/5/6 8152/5/6
f 8152/5/6 8148/5/6 8153/5/6
f 8150/5/6 8151/5/6 8155/5/6
f 8149/5/6 8150/5/6 8155/5/6
f 8155/5/6 8151/5/6 8156/5/6
f 8152/5/6 8153/5/6 8157/5/6
f 8153/5/6 8154/5/6 8157/5/6
f 8157/5/6 8154/5/6 8158/5/6
f 8159/2/6 8160/2/6 8163/2/6
f 8161/2/6 8162/2/6 8166/2/6
f 8163/2/6 8164/2/6 8167/2/6
f 8159/2/6 8163/2/6 8167/2/6
f 8167/2/6 8164/2/6 8168/2/6
f 8168/2/6 8164/2/6 8169/2/6
f 8169/2/6 8164/2/6 8170/2/6
f 8170/2/6 8164/2/6 8171/2/6
f 8165/2/6 8166/2/6 8178/2/6
f 8166/2/6 8162/2/6 8179/2/6
f 8178/2/6 8166/2/6 8179/2/6
f 8179/2/6 8162/2/6 8180/2/6
f 8180/2/6 8162/2/6 8181/2/6
f 8181/2/6 8162/2/6 8182/2/6
f 8170/2/6 8171/2/6 8186/2/6
f 8171/2/6 8172/2/6 8186/2/6
f 8186/2/6 8172/2/6 8187/2/6
f 8187/2/6 8172/2/6 8188/2/6
f 8173/2/6 8174/2/6 8189/2/6
f 8189/2/6 8174/2/6 8190/2/6
f 8190/2/6 8174/2/6 8191/2/6
f 8175/2/6 8176/2/6 8192/2/6
f 8192/2/6 8176/2/6 8193/2/6
f 8193/2/6 8176/2/6 8194/2/6
f 8177/2/6 8178/2/6 8195/2/6
f 8178/2/6 8179/2/6 8195/2/6
f 8195/2/6 8179/2/6 8196/2/6
f 8196/2/6 8179/2/6 8197/2/6
f 8184/2/6 8185/2/6 8201/2/6
f 8183/2/6 8184/2/6 8201/2/6
f 8185/2/6 8186/2/6 8201/2/6
f 8201/2/6 8186/2/6 8202/2/6
f 8187/2/6 8188/2/6 8203/2/6
f 8188/2/6 8189/2/6 8203/2/6
f 8189/2/6 8190/2/6 8203/2/6
f 8203/2/6 8190/2/6 8204/2/6
f 8193/2/6 8194/2/6 8205/2/6
f 8195/2/6 8196/2/6 8205/2/6
f 8194/2/6 8195/2/6 8205/2/6
f 8205/2/6 8196/2/6 8206/2/6
f 8199/2/6 8200/2/6 8207/2/6
f 8198/2/6 8199/2/6 8207/2/6
f 8197/2/6 8198/2/6 8207/2/6
f 8207/2/6 8200/2/6 8208/2/6
f 8202/2/6 8186/2/6 8210/2/6
f 8197/2/6 8207/2/6 8211/2/6
f 8209/2/6 8210/2/6 8213/2/6
f 8210/2/6 8186/2/6 8214/2/6
f 8213/2/6 8210/2/6 8214/2/6
f 8214/2/6 8186/2/6 8215/2/6
f 8187/2/6 8203/2/6 8216/2/6
f 8216/2/6 8203/2/6 8217/2/6
f 8217/2/6 8203/2/6 8218/2/6
f 8206/2/6 8196/2/6 8219/2/6
f 8219/2/6 8196/2/6 8220/2/6
f 8220/2/6 8196/2/6 8221/2/6
f 8211/2/6 8212/2/6 8222/2/6
f 8197/2/6 8211/2/6 8222/2/6
f 8222/2/6 8212/2/6 8223/2/6
f 8223/2/6 8212/2/6 8224/2/6
f 8214/2/6 8215/2/6 8226/2/6
f 8215/2/6 8216/2/6 8226/2/6
f 8226/2/6 8216/2/6 8227/2/6
f 8217/2/6 8218/2/6 8228/2/6
f 8228/2/6 8218/2/6 8229/2/6
f 8219/2/6 8220/2/6 8230/2/6
f 8230/2/6 8220/2/6 8231/2/6
f 8222/2/6 8223/2/6 8232/2/6
f 8221/2/6 8222/2/6 8232/2/6
f 8232/2/6 8223/2/6 8233/2/6
f 8226/2/6 8227/2/6 8235/2/6
f 8225/2/6 8226/2/6 8235/2/6
f 8227/2/6 8228/2/6 8235/2/6
f 8235/2/6 8228/2/6 8236/2/6
f 8236/2/6 8228/2/6 8237/2/6
f 8237/2/6 8228/2/6 8238/2/6
f 8238/2/6 8228/2/6 8239/2/6
f 8233/2/6 8234/2/6 8246/2/6
f 8232/2/6 8233/2/6 8246/2/6
f 8231/2/6 8232/2/6 8246/2/6
f 8246/2/6 8234/2/6 8247/2/6
f 8247/2/6 8234/2/6 8248/2/6
f 8248/2/6 8234/2/6 8249/2/6
f 8249/2/6 8234/2/6 8250/2/6
f 8238/2/6 8239/2/6 8254/2/6
f 8239/2/6 8240/2/6 8254/2/6
f 8240/6/6 8241/6/6 8255/6/6
f 8254/2/6 8240/2/6 8255/2/6
f 8241/2/6 8242/2/6 8256/2/6
f 8255/6/6 8241/6/6 8256/6/6
f 8244/6/6 8245/6/6 8257/6/6
f 8243/2/6 8244/2/6 8257/2/6
f 8246/2/6 8247/2/6 8258/2/6
f 8257/6/6 8245/6/6 8258/6/6
f 8245/2/6 8246/2/6 8258/2/6
f 8258/2/6 8247/2/6 8259/2/6
f 8252/2/6 8253/2/6 8263/2/6
f 8251/2/6 8252/2/6 8263/2/6
f 8255/2/6 8256/2/6 8264/2/6
f 8254/2/6 8255/2/6 8264/2/6
f 8264/2/6 8256/2/6 8265/2/6
f 8258/2/6 8259/2/6 8266/2/6
f 8257/2/6 8258/2/6 8266/2/6
f 8266/2/6 8259/2/6 8267/2/6
f 8261/2/6 8262/2/6 8268/2/6
f 8260/2/6 8261/2/6 8268/2/6
f 8251/2/6 8263/2/6 8269/2/6
f 8263/2/6 8264/2/6 8269/2/6
f 8269/2/6 8264/2/6 8270/2/6
f 8270/2/6 8264/2/6 8271/2/6
f 8265/2/6 8256/2/6 8272/2/6
f 8272/2/6 8256/2/6 8273/2/6
f 8257/2/6 8266/2/6 8274/2/6
f 8274/2/6 8266/2/6 8275/2/6
f 8267/2/6 8268/2/6 8276/2/6
f 8268/2/6 8262/2/6 8277/2/6
f 8276/2/6 8268/2/6 8277/2/6
f 8277/2/6 8262/2/6 8278/2/6
f 8270/2/6 8271/2/6 8279/2/6
f 8271/2/6 8272/2/6 8279/2/6
f 8279/2/6 8272/2/6 8280/2/6
f 8280/2/6 8272/2/6 8281/2/6
f 8273/2/6 8256/2/6 8282/2/6
f 8256/2/6 8242/2/6 8283/2/6
f 8282/2/6 8256/2/6 8283/2/6
f 8243/2/6 8257/2/6 8288/2/6
f 8257/2/6 8274/2/6 8288/2/6
f 8288/2/6 8274/2/6 8289/2/6
f 8276/2/6 8277/2/6 8290/2/6
f 8275/2/6 8276/2/6 8290/2/6
f 8290/2/6 8277/2/6 8291/2/6
f 8291/2/6 8277/2/6 8292/2/6
f 8280/2/6 8281/2/6 8293/2/6
f 8293/2/6 8281/2/6 8294/2/6
f 8290/2/6 8291/2/6 8297/2/6
f 8297/2/6 8291/2/6 8298/2/6
f 8294/2/6 8295/2/6 8299/2/6
f 8299/2/6 8295/2/6 8300/2/6
f 8300/2/6 8295/2/6 8301/2/6
f 8296/2/6 8297/2/6 8302/2/6
f 8302/2/6 8297/2/6 8303/2/6
f 8303/2/6 8297/2/6 8304/2/6
f 8300/2/6 8301/2/6 8305/2/6
f 8305/2/6 8301/2/6 8306/2/6
f 8302/2/6 8303/2/6 8307/2/6
f 8307/2/6 8303/2/6 8308/2/6
f 8284/2/6 8285/2/6 8312/2/6
f 8312/2/6 8285/2/6 8313/2/6
f 8286/2/6 8287/2/6 8314/2/6
f 8314/2/6 8287/2/6 8315/2/6
f 8310/2/6 8311/2/6 8320/2/6
f 8309/2/6 8310/2/6 8320/2/6
f 8317/2/6 8318/2/6 8321/2/6
f 8316/2/6 8317/2/6 8321/2/6
f 8319/2/6 8320/2/6 8323/2/6
f 8320/2/6 8311/2/6 8323/2/6
f 8321/2/6 8322/2/6 8326/2/6
f 8316/2/6 8321/2/6 8326/2/6
f 8323/2/6 8324/2/6 8327/2/6
f 8325/2/6 8326/2/6 8330/2/6
f 8327/2/6 8328/2/6 8331/2/6
f 8329/2/6 8330/2/6 8332/2/6
f 8327/2/6 8331/2/6 8333/2/6
f 8333/2/6 8331/2/6 8334/2/6
f 8332/2/6 8330/2/6 8335/2/6
f 8335/2/6 8330/2/6 8336/2/6
f 8319/2/6 8323/2/6 8337/2/6
f 8323/2/6 8327/2/6 8337/2/6
f 8327/2/6 8333/2/6 8337/2/6
f 8337/2/6 8333/2/6 8338/2/6
f 8338/2/6 8333/2/6 8339/2/6
f 8339/2/6 8333/2/6 8340/2/6
f 8336/2/6 8330/2/6 8341/2/6
f 8330/2/6 8326/2/6 8342/2/6
f 8341/2/6 8330/2/6 8342/2/6
f 8326/2/6 8322/2/6 8343/2/6
f 8342/2/6 8326/2/6 8343/2/6
f 8343/2/6 8322/2/6 8344/2/6
f 8337/1/6 8338/1/6 8345/1/6
f 8338/2/6 8339/2/6 8346/2/6
f 8345/1/6 8338/1/6 8346/1/6
f 8346/2/6 8339/2/6 8347/2/6
f 8347/2/6 8339/2/6 8348/2/6
f 8348/2/6 8339/2/6 8349/2/6
f 8342/2/6 8343/2/6 8350/2/6
f 8350/2/6 8343/2/6 8351/2/6
f 8351/2/6 8343/2/6 8352/2/6
f 8343/1/6 8344/1/6 8353/1/6
f 8352/2/6 8343/2/6 8353/2/6
f 8353/1/6 8344/1/6 8354/1/6
f 8346/1/6 8347/1/6 8356/1/6
f 8347/2/6 8348/2/6 8357/2/6
f 8356/1/6 8347/1/6 8357/1/6
f 8357/2/6 8348/2/6 8358/2/6
f 8351/2/6 8352/2/6 8359/2/6
f 8352/1/6 8353/1/6 8360/1/6
f 8359/2/6 8352/2/6 8360/2/6
f 8360/1/6 8353/1/6 8361/1/6
f 8355/1/6 8356/1/6 8363/1/6
f 8363/1/6 8356/1/6 8364/1/6
f 8361/1/6 8362/1/6 8365/1/6
f 8365/1/6 8362/1/6 8366/1/6
f 8367/1/6 8368/1/6 8371/1/6
f 8371/1/6 8368/1/6 8372/1/6
f 8369/1/6 8370/1/6 8373/1/6
f 8373/1/6 8370/1/6 8374/1/6
f 8375/5/6 8376/5/6 8379/5/6
f 8379/5/6 8376/5/6 8380/5/6
f 8377/5/6 8378/5/6 8381/5/6
f 8381/5/6 8378/5/6 8382/5/6
f 8383/2/6 8384/2/6 8391/2/6
f 8391/2/6 8384/2/6 8392/2/6
f 8385/2/6 8386/2/6 8393/2/6
f 8393/2/6 8386/2/6 8394/2/6
f 8387/2/6 8388/2/6 8395/2/6
f 8395/2/6 8388/2/6 8396/2/6
f 8389/2/6 8390/2/6 8397/2/6
f 8397/2/6 8390/2/6 8398/2/6
f 8392/2/6 8393/2/6 8399/2/6
f 8399/2/6 8393/2/6 8400/2/6
f 8396/2/6 8397/2/6 8405/2/6
f 8405/2/6 8397/2/6 8406/2/6
f 8407/3/6 8408/3/6 8415/3/6
f 8408/4/6 8409/4/6 8416/4/6
f 8415/3/6 8408/3/6 8416/3/6
f 8409/3/6 8410/3/6 8417/3/6
f 8416/4/6 8409/4/6 8417/4/6
f 8417/3/6 8410/3/6 8418/3/6
f 8401/5/6 8402/5/6 8421/5/6
f 8421/5/6 8402/5/6 8422/5/6
f 8403/5/6 8404/5/6 8423/5/6
f 8423/5/6 8404/5/6 8424/5/6
f 8411/3/6 8412/3/6 8427/3/6
f 8412/4/6 8413/4/6 8428/4/6
f 8427/3/6 8412/3/6 8428/3/6
f 8413/3/6 8414/3/6 8429/3/6
f 8428/4/6 8413/4/6 8429/4/6
f 8429/3/6 8414/3/6 8430/3/6
f 8420/5/6 8421/5/6 8434/5/6
f 8434/5/6 8421/5/6 8435/5/6
f 8424/5/6 8425/5/6 8436/5/6
f 8436/5/6 8425/5/6 8437/5/6
f 8431/3/6 8432/3/6 8441/3/6
f 8441/3/6 8432/3/6 8442/3/6
f 8439/3/6 8440/3/6 8443/3/6
f 8443/3/6 8440/3/6 8444/3/6
f 8418/4/6 8419/4/6 8449/4/6
f 8449/4/6 8419/4/6 8450/4/6
f 8433/5/6 8434/5/6 8452/5/6
f 8452/5/6 8434/5/6 8453/5/6
f 8437/5/6 8438/5/6 8454/5/6
f 8454/5/6 8438/5/6 8455/5/6
f 8426/4/6 8427/4/6 8457/4/6
f 8457/4/6 8427/4/6 8458/4/6
f 8445/2/6 8446/2/6 8463/2/6
f 8463/2/6 8446/2/6 8464/2/6
f 8447/3/6 8448/3/6 8466/3/6
f 8466/3/6 8448/3/6 8467/3/6
f 8450/3/6 8451/3/6 8468/3/6
f 8468/3/6 8451/3/6 8469/3/6
f 8456/3/6 8457/3/6 8472/3/6
f 8472/3/6 8457/3/6 8473/3/6
f 8459/3/6 8460/3/6 8474/3/6
f 8474/3/6 8460/3/6 8475/3/6
f 8461/2/6 8462/2/6 8477/2/6
f 8477/2/6 8462/2/6 8478/2/6
f 8464/2/6 8465/2/6 8479/2/6
f 8479/2/6 8465/2/6 8480/2/6
f 8469/4/6 8470/4/6 8486/4/6
f 8486/4/6 8470/4/6 8487/4/6
f 8471/4/6 8472/4/6 8488/4/6
f 8488/4/6 8472/4/6 8489/4/6
f 8476/2/6 8477/2/6 8495/2/6
f 8495/2/6 8477/2/6 8496/2/6
f 8480/2/6 8481/2/6 8497/2/6
f 8497/2/6 8481/2/6 8498/2/6
f 8482/3/6 8483/3/6 8500/3/6
f 8483/4/6 8484/4/6 8501/4/6
f 8500/3/6 8483/3/6 8501/3/6
f 8484/3/6 8485/3/6 8502/3/6
f 8501/4/6 8484/4/6 8502/4/6
f 8502/3/6 8485/3/6 8503/3/6
f 8490/3/6 8491/3/6 8504/3/6
f 8491/4/6 8492/4/6 8505/4/6
f 8504/3/6 8491/3/6 8505/3/6
f 8492/3/6 8493/3/6 8506/3/6
f 8505/4/6 8492/4/6 8506/4/6
f 8506/3/6 8493/3/6 8507/3/6
f 8494/2/6 8495/2/6 8509/2/6
f 8509/2/6 8495/2/6 8510/2/6
f 8498/2/6 8499/2/6 8511/2/6
f 8511/2/6 8499/2/6 8512/2/6
f 8502/4/6 8503/4/6 8513/4/6
f 8513/4/6 8503/4/6 8514/4/6
f 8504/4/6 8505/4/6 8517/4/6
f 8517/4/6 8505/4/6 8518/4/6
f 8508/2/6 8509/2/6 8519/2/6
f 8519/2/6 8509/2/6 8520/2/6
f 8514/4/6 8515/4/6 8521/4/6
f 8521/4/6 8515/4/6 8522/4/6
f 8516/4/6 8517/4/6 8525/4/6
f 8525/4/6 8517/4/6 8526/4/6
f 8522/3/6 8523/3/6 8527/3/6
f 8527/3/6 8523/3/6 8528/3/6
f 8524/3/6 8525/3/6 8535/3/6
f 8535/3/6 8525/3/6 8536/3/6
f 8527/4/6 8528/4/6 8537/4/6
f 8528/4/6 8529/4/6 8537/4/6
f 8537/4/6 8529/4/6 8538/4/6
f 8535/4/6 8536/4/6 8539/4/6
f 8534/4/6 8535/4/6 8539/4/6
f 8539/4/6 8536/4/6 8540/4/6
f 8530/5/6 8531/5/6 8543/5/6
f 8532/5/6 8533/5/6 8544/5/6
f 8530/5/6 8543/5/6 8547/5/6
f 8547/5/6 8543/5/6 8548/5/6
f 8544/5/6 8533/5/6 8549/5/6
f 8549/5/6 8533/5/6 8550/5/6
f 8541/5/6 8542/5/6 8551/5/6
f 8551/5/6 8542/5/6 8552/5/6
f 8545/5/6 8546/5/6 8555/5/6
f 8555/5/6 8546/5/6 8556/5/6
f 8552/5/6 8553/5/6 8557/5/6
f 8557/5/6 8553/5/6 8558/5/6
f 8554/5/6 8555/5/6 8561/5/6
f 8561/5/6 8555/5/6 8562/5/6
f 8558/5/6 8559/5/6 8563/5/6
f 8563/5/6 8559/5/6 8564/5/6
f 8560/5/6 8561/5/6 8565/5/6
f 8565/5/6 8561/5/6 8566/5/6
f 8567/1/6 8568/1/6 8571/1/6
f 8571/1/6 8568/1/6 8572/1/6
f 8569/1/6 8570/1/6 8575/1/6
f 8575/1/6 8570/1/6 8576/1/6
f 8572/3/6 8573/3/6 8577/3/6
f 8577/3/6 8573/3/6 8578/3/6
f 8574/3/6 8575/3/6 8579/3/6
f 8579/3/6 8575/3/6 8580/3/6
f 8581/5/6 8582/5/6 8586/5/6
f 8583/5/6 8584/5/6 8587/5/6
f 8585/5/6 8586/5/6 8590/5/6
f 8586/5/6 8582/5/6 8591/5/6
f 8590/5/6 8586/5/6 8591/5/6
f 8582/1/6 8583/1/6 8592/1/6
f 8591/5/6 8582/5/6 8592/5/6
f 8587/5/6 8588/5/6 8593/5/6
f 8592/1/6 8583/1/6 8593/1/6
f 8583/5/6 8587/5/6 8593/5/6
f 8593/5/6 8588/5/6 8594/5/6
f 8594/5/6 8588/5/6 8595/5/6
f 8590/5/6 8591/5/6 8597/5/6
f 8589/5/6 8590/5/6 8597/5/6
f 8597/5/6 8591/5/6 8598/5/6
f 8598/5/6 8591/5/6 8599/5/6
f 8595/5/6 8596/5/6 8600/5/6
f 8594/5/6 8595/5/6 8600/5/6
f 8600/5/6 8596/5/6 8601/5/6
f 8601/5/6 8596/5/6 8602/5/6
f 8597/1/6 8598/1/6 8603/1/6
f 8603/1/6 8598/1/6 8604/1/6
f 8601/1/6 8602/1/6 8605/1/6
f 8605/1/6 8602/1/6 8606/1/6
f 8603/5/6 8604/5/6 8607/5/6
f 8607/5/6 8604/5/6 8608/5/6
f 8605/5/6 8606/5/6 8611/5/6
f 8611/5/6 8606/5/6 8612/5/6
f 8608/1/6 8609/1/6 8614/1/6
f 8614/1/6 8609/1/6 8615/1/6
f 8610/1/6 8611/1/6 8616/1/6
f 8616/1/6 8611/1/6 8617/1/6
f 8613/1/6 8614/1/6 8619/1/6
f 8619/1/6 8614/1/6 8620/1/6
f 8620/1/6 8614/1/6 8621/1/6
f 8617/1/6 8618/1/6 8622/1/6
f 8622/1/6 8618/1/6 8623/1/6
f 8623/1/6 8618/1/6 8624/1/6
f 8620/6/6 8621/6/6 8626/6/6
f 8626/6/6 8621/6/6 8627/6/6
f 8622/6/6 8623/6/6 8628/6/6
f 8628/6/6 8623/6/6 8629/6/6
f 8626/5/6 8627/5/6 8631/5/6
f 8625/5/6 8626/5/6 8631/5/6
f 8631/5/6 8627/5/6 8632/5/6
f 8629/5/6 8630/5/6 8633/5/6
f 8628/5/6 8629/5/6 8633/5/6
f 8633/5/6 8630/5/6 8634/5/6
f 8632/5/6 8627/5/6 8635/5/6
f 8635/5/6 8627/5/6 8636/5/6
f 8628/5/6 8633/5/6 8637/5/6
f 8637/5/6 8633/5/6 8638/5/6
f 8635/1/6 8636/1/6 8639/1/6
f 8639/1/6 8636/1/6 8640/1/6
f 8637/1/6 8638/1/6 8641/1/6
f 8641/1/6 8638/1/6 8642/1/6
f 8639/5/6 8640/5/6 8644/5/6
f 8644/5/6 8640/5/6 8645/5/6
f 8641/5/6 8642/5/6 8646/5/6
f 8646/5/6 8642/5/6 8647/5/6
f 8643/5/6 8644/5/6 8650/5/6
f 8650/5/6 8644/5/6 8651/5/6
f 8647/5/6 8648/5/6 8652/5/6
f 8652/5/6 8648/5/6 8653/5/6
f 8655/2/6 8656/2/6 8659/2/6
f 8659/2/6 8656/2/6 8660/2/6
f 8657/2/6 8658/2/6 8663/2/6
f 8663/2/6 8658/2/6 8664/2/6
f 8660/2/6 8661/2/6 8665/2/6
f 8665/2/6 8661/2/6 8666/2/6
f 8662/2/6 8663/2/6 8667/2/6
f 8667/2/6 8663/2/6 8668/2/6
f 8669/2/6 8670/2/6 8677/2/6
f 8671/2/6 8672/2/6 8678/2/6
f 8678/2/6 8672/2/6 8679/2/6
f 8649/5/6 8650/5/6 8681/5/6
f 8653/5/6 8654/5/6 8682/5/6
f 8673/2/6 8674/2/6 8684/2/6
f 8684/2/6 8674/2/6 8685/2/6
f 8675/2/6 8676/2/6 8686/2/6
f 8678/2/6 8679/2/6 8687/2/6
f 8677/2/6 8678/2/6 8687/2/6
f 8687/2/6 8679/2/6 8688/2/6
f 8685/2/6 8686/2/6 8689/2/6
f 8684/2/6 8685/2/6 8689/2/6
f 8689/2/6 8686/2/6 8690/2/6
f 8677/2/6 8687/2/6 8691/2/6
f 8690/2/6 8686/2/6 8694/2/6
f 8691/2/6 8692/2/6 8695/2/6
f 8677/2/6 8691/2/6 8695/2/6
f 8695/2/6 8692/2/6 8696/2/6
f 8693/2/6 8694/2/6 8697/2/6
f 8694/2/6 8686/2/6 8698/2/6
f 8697/2/6 8694/2/6 8698/2/6
f 8677/2/6 8695/2/6 8699/2/6
f 8699/2/6 8695/2/6 8700/2/6
f 8680/5/6 8681/5/6 8703/5/6
f 8681/5/6 8650/5/6 8704/5/6
f 8703/5/6 8681/5/6 8704/5/6
f 8704/5/6 8650/5/6 8705/5/6
f 8682/5/6 8683/5/6 8706/5/6
f 8653/5/6 8682/5/6 8706/5/6
f 8706/5/6 8683/5/6 8707/5/6
f 8707/5/6 8683/5/6 8708/5/6
f 8698/2/6 8686/2/6 8711/2/6
f 8711/2/6 8686/2/6 8712/2/6
f 8677/2/6 8699/2/6 8713/2/6
f 8700/2/6 8701/2/6 8714/2/6
f 8702/5/6 8703/5/6 8718/5/6
f 8703/5/6 8704/5/6 8718/5/6
f 8718/5/6 8704/5/6 8719/5/6
f 8719/5/6 8704/5/6 8720/5/6
f 8708/5/6 8709/5/6 8721/5/6
f 8707/5/6 8708/5/6 8721/5/6
f 8721/5/6 8709/5/6 8722/5/6
f 8722/5/6 8709/5/6 8723/5/6
f 8710/2/6 8711/2/6 8727/2/6
f 8712/2/6 8686/2/6 8728/2/6
f 8715/3/6 8716/3/6 8729/3/6
f 8729/3/6 8716/3/6 8730/3/6
f 8718/5/6 8719/5/6 8731/5/6
f 8717/5/6 8718/5/6 8731/5/6
f 8731/5/6 8719/5/6 8732/5/6
f 8723/5/6 8724/5/6 8733/5/6
f 8722/5/6 8723/5/6 8733/5/6
f 8733/5/6 8724/5/6 8734/5/6
f 8725/3/6 8726/3/6 8735/3/6
f 8735/3/6 8726/3/6 8736/3/6
f 8677/2/6 8713/2/6 8738/2/6
f 8669/2/6 8677/2/6 8738/2/6
f 8738/2/6 8713/2/6 8739/2/6
f 8714/2/6 8701/2/6 8740/2/6
f 8717/5/6 8731/5/6 8741/5/6
f 8741/5/6 8731/5/6 8742/5/6
f 8734/5/6 8724/5/6 8743/5/6
f 8743/5/6 8724/5/6 8744/5/6
f 8710/2/6 8727/2/6 8745/2/6
f 8728/2/6 8686/2/6 8746/2/6
f 8686/2/6 8676/2/6 8747/2/6
f 8746/2/6 8686/2/6 8747/2/6
f 8738/2/6 8739/2/6 8749/2/6
f 8737/2/6 8738/2/6 8749/2/6
f 8749/2/6 8739/2/6 8750/2/6
f 8750/2/6 8739/2/6 8751/2/6
f 8740/2/6 8701/2/6 8752/2/6
f 8752/2/6 8701/2/6 8753/2/6
f 8710/2/6 8745/2/6 8758/2/6
f 8758/2/6 8745/2/6 8759/2/6
f 8746/2/6 8747/2/6 8760/2/6
f 8747/2/6 8748/2/6 8760/2/6
f 8760/2/6 8748/2/6 8761/2/6
f 8761/2/6 8748/2/6 8762/2/6
f 8750/2/6 8751/2/6 8763/2/6
f 8751/2/6 8752/2/6 8763/2/6
f 8763/2/6 8752/2/6 8764/2/6
f 8764/2/6 8752/2/6 8765/2/6
f 8754/3/6 8755/3/6 8767/3/6
f 8767/3/6 8755/3/6 8768/3/6
f 8756/3/6 8757/3/6 8769/3/6
f 8769/3/6 8757/3/6 8770/3/6
f 8760/2/6 8761/2/6 8772/2/6
f 8759/2/6 8760/2/6 8772/2/6
f 8772/2/6 8761/2/6 8773/2/6
f 8773/2/6 8761/2/6 8774/2/6
f 8765/2/6 8766/2/6 8775/2/6
f 8764/2/6 8765/2/6 8775/2/6
f 8775/2/6 8766/2/6 8776/2/6
f 8772/2/6 8773/2/6 8777/2/6
f 8771/2/6 8772/2/6 8777/2/6
f 8777/2/6 8773/2/6 8778/2/6
f 8776/2/6 8766/2/6 8779/2/6
f 8779/2/6 8766/2/6 8780/2/6
f 8771/2/6 8777/2/6 8781/2/6
f 8781/2/6 8777/2/6 8782/2/6
f 8783/2/6 8784/2/6 8789/2/6
f 8789/2/6 8784/2/6 8790/2/6
f 8785/2/6 8786/2/6 8795/2/6
f 8795/2/6 8786/2/6 8796/2/6
f 8787/5/6 8788/5/6 8800/5/6
f 8797/5/6 8798/5/6 8801/5/6
f 8799/2/6 8800/2/6 8803/2/6
f 8803/2/6 8800/2/6 8804/2/6
f 8800/5/6 8788/5/6 8805/5/6
f 8804/2/6 8800/2/6 8805/2/6
f 8791/1/6 8792/1/6 8806/1/6
f 8792/5/6 8793/5/6 8807/5/6
f 8806/1/6 8792/1/6 8807/1/6
f 8793/1/6 8794/1/6 8808/1/6
f 8807/5/6 8793/5/6 8808/5/6
f 8808/1/6 8794/1/6 8809/1/6
f 8801/2/6 8802/2/6 8810/2/6
f 8797/5/6 8801/5/6 8810/5/6
f 8810/2/6 8802/2/6 8811/2/6
f 8811/2/6 8802/2/6 8812/2/6
f 8806/5/6 8807/5/6 8813/5/6
f 8808/5/6 8809/5/6 8813/5/6
f 8807/5/6 8808/5/6 8813/5/6
f 8813/5/6 8809/5/6 8814/5/6
f 8804/5/6 8805/5/6 8815/5/6
f 8805/5/6 8788/5/6 8816/5/6
f 8815/5/6 8805/5/6 8816/5/6
f 8816/5/6 8788/5/6 8817/5/6
f 8810/5/6 8811/5/6 8818/5/6
f 8797/5/6 8810/5/6 8818/5/6
f 8818/5/6 8811/5/6 8819/5/6
f 8819/5/6 8811/5/6 8820/5/6
f 8816/5/6 8817/5/6 8821/5/6
f 8821/5/6 8817/5/6 8822/5/6
f 8818/5/6 8819/5/6 8827/5/6
f 8827/5/6 8819/5/6 8828/5/6
f 8822/3/6 8823/3/6 8829/3/6
f 8829/3/6 8823/3/6 8830/3/6
f 8824/3/6 8825/3/6 8831/3/6
f 8831/3/6 8825/3/6 8832/3/6
f 8826/3/6 8827/3/6 8833/3/6
f 8833/3/6 8827/3/6 8834/3/6
f 8835/1/6 8836/1/6 8839/1/6
f 8839/1/6 8836/1/6 8840/1/6
f 8837/1/6 8838/1/6 8841/1/6
f 8841/1/6 8838/1/6 8842/1/6
f 8843/1/6 8844/1/6 8845/1/6
f 8845/1/6 8844/1/6 8846/1/6
f 8847/1/6 8848/1/6 8851/1/6
f 8851/1/6 8848/1/6 8852/1/6
f 8849/1/6 8850/1/6 8853/1/6
f 8853/1/6 8850/1/6 8854/1/6
f 8852/1/6 8853/1/6 8856/1/6
f 8856/1/6 8853/1/6 8857/1/6
f 8855/1/6 8856/1/6 8859/1/6
f 8859/1/6 8856/1/6 8860/1/6
f 8857/1/6 8858/1/6 8861/1/6
f 8861/1/6 8858/1/6 8862/1/6
f 8863/3/6 8864/3/6 8867/3/6
f 8867/3/6 8864/3/6 8868/3/6
f 8865/3/6 8866/3/6 8869/3/6
f 8869/3/6 8866/3/6 8870/3/6
f 8867/5/6 8868/5/6 8871/5/6
f 8871/5/6 8868/5/6 8872/5/6
f 8869/5/6 8870/5/6 8873/5/6
f 8873/5/6 8870/5/6 8874/5/6
f 8871/1/6 8872/1/6 8875/1/6
f 8875/1/6 8872/1/6 8876/1/6
f 8873/1/6 8874/1/6 8877/1/6
f 8877/1/6 8874/1/6 8878/1/6
f 8875/5/6 8876/5/6 8879/5/6
f 8879/5/6 8876/5/6 8880/5/6
f 8877/5/6 8878/5/6 8883/5/6
f 8883/5/6 8878/5/6 8884/5/6
f 8889/1/6 8890/1/6 8893/1/6
f 8893/1/6 8890/1/6 8894/1/6
f 8891/1/6 8892/1/6 8897/1/6
f 8897/1/6 8892/1/6 8898/1/6
f 8894/2/6 8895/2/6 8899/2/6
f 8880/1/6 8881/1/6 8901/1/6
f 8901/1/6 8881/1/6 8902/1/6
f 8882/1/6 8883/1/6 8903/1/6
f 8903/1/6 8883/1/6 8904/1/6
f 8896/2/6 8897/2/6 8906/2/6
f 8899/2/6 8900/2/6 8907/2/6
f 8894/2/6 8899/2/6 8907/2/6
f 8907/2/6 8900/2/6 8908/2/6
f 8905/2/6 8906/2/6 8909/2/6
f 8906/2/6 8897/2/6 8909/2/6
f 8909/2/6 8897/2/6 8910/2/6
f 8908/2/6 8900/2/6 8912/2/6
f 8905/2/6 8909/2/6 8917/2/6
f 8913/3/6 8914/3/6 8919/3/6
f 8919/3/6 8914/3/6 8920/3/6
f 8915/3/6 8916/3/6 8921/3/6
f 8921/3/6 8916/3/6 8922/3/6
f 8911/2/6 8912/2/6 8927/2/6
f 8912/2/6 8900/2/6 8928/2/6
f 8927/2/6 8912/2/6 8928/2/6
f 8923/4/6 8924/4/6 8930/4/6
f 8930/4/6 8924/4/6 8931/4/6
f 8885/1/6 8886/1/6 8933/1/6
f 8933/1/6 8886/1/6 8934/1/6
f 8887/1/6 8888/1/6 8935/1/6
f 8935/1/6 8888/1/6 8936/1/6
f 8925/4/6 8926/4/6 8938/4/6
f 8938/4/6 8926/4/6 8939/4/6
f 8917/2/6 8918/2/6 8941/2/6
f 8905/2/6 8917/2/6 8941/2/6
f 8941/2/6 8918/2/6 8942/2/6
f 8928/2/6 8900/2/6 8944/2/6
f 8929/3/6 8930/3/6 8945/3/6
f 8945/3/6 8930/3/6 8946/3/6
f 8932/1/6 8933/1/6 8948/1/6
f 8948/1/6 8933/1/6 8949/1/6
f 8936/1/6 8937/1/6 8950/1/6
f 8950/1/6 8937/1/6 8951/1/6
f 8939/3/6 8940/3/6 8953/3/6
f 8953/3/6 8940/3/6 8954/3/6
f 8905/2/6 8941/2/6 8955/2/6
f 8947/1/6 8948/1/6 8958/1/6
f 8958/1/6 8948/1/6 8959/1/6
f 8951/1/6 8952/1/6 8960/1/6
f 8960/1/6 8952/1/6 8961/1/6
f 8943/2/6 8944/2/6 8963/2/6
f 8944/2/6 8900/2/6 8964/2/6
f 8963/2/6 8944/2/6 8964/2/6
f 8945/4/6 8946/4/6 8965/4/6
f 8965/4/6 8946/4/6 8966/4/6
f 8957/1/6 8958/1/6 8968/1/6
f 8968/1/6 8958/1/6 8969/1/6
f 8961/1/6 8962/1/6 8970/1/6
f 8970/1/6 8962/1/6 8971/1/6
f 8953/4/6 8954/4/6 8973/4/6
f 8973/4/6 8954/4/6 8974/4/6
f 8955/2/6 8956/2/6 8975/2/6
f 8905/2/6 8955/2/6 8975/2/6
f 8975/2/6 8956/2/6 8976/2/6
f 8965/3/6 8966/3/6 8977/3/6
f 8977/3/6 8966/3/6 8978/3/6
f 8967/1/6 8968/1/6 8981/1/6
f 8981/1/6 8968/1/6 8982/1/6
f 8971/1/6 8972/1/6 8983/1/6
f 8983/1/6 8972/1/6 8984/1/6
f 8973/3/6 8974/3/6 8987/3/6
f 8987/3/6 8974/3/6 8988/3/6
f 8978/4/6 8979/4/6 8989/4/6
f 8989/4/6 8979/4/6 8990/4/6
f 8986/4/6 8987/4/6 8991/4/6
f 8991/4/6 8987/4/6 8992/4/6
f 8993/1/6 8994/1/6 8997/1/6
f 8997/1/6 8994/1/6 8998/1/6
f 8995/1/6 8996/1/6 9001/1/6
f 9001/1/6 8996/1/6 9002/1/6
f 8998/1/6 8999/1/6 9003/1/6
f 9003/1/6 8999/1/6 9004/1/6
f 9000/1/6 9001/1/6 9005/1/6
f 9005/1/6 9001/1/6 9006/1/6
f 8980/1/6 8981/1/6 9007/1/6
f 9007/1/6 8981/1/6 9008/1/6
f 8984/1/6 8985/1/6 9009/1/6
f 9009/1/6 8985/1/6 9010/1/6
f 9011/1/6 9012/1/6 9013/1/6
f 9013/1/6 9012/1/6 9014/1/6
f 9011/1/6 9013/1/6 9017/1/6
f 9017/1/6 9013/1/6 9018/1/6
f 9014/1/6 9012/1/6 9019/1/6
f 9019/1/6 9012/1/6 9020/1/6
f 9015/1/6 9016/1/6 9023/1/6
f 9023/1/6 9016/1/6 9024/1/6
f 9021/1/6 9022/1/6 9025/1/6
f 9025/1/6 9022/1/6 9026/1/6
f 9027/1/6 9028/1/6 9029/1/6
f 9029/1/6 9028/1/6 9030/1/6
f 9031/1/6 9032/1/6 9033/1/6
f 9033/1/6 9032/1/6 9034/1/6
f 9031/1/6 9033/1/6 9036/1/6
f 9036/1/6 9033/1/6 9037/1/6
f 9034/1/6 9032/1/6 9038/1/6
f 9038/1/6 9032/1/6 9039/1/6
f 9035/3/6 9036/3/6 9041/3/6
f 9041/3/6 9036/3/6 9042/3/6
f 9037/1/6 9038/1/6 9043/1/6
f 9043/1/6 9038/1/6 9044/1/6
f 9039/3/6 9040/3/6 9045/3/6
f 9045/3/6 9040/3/6 9046/3/6
f 9043/1/6 9044/1/6 9048/1/6
f 9044/1/6 9045/1/6 9048/1/6
f 9042/1/6 9043/1/6 9048/1/6
f 9048/1/6 9045/1/6 9049/1/6
f 9049/1/6 9045/1/6 9050/1/6
f 9050/1/6 9045/1/6 9051/1/6
f 9049/1/6 9050/1/6 9055/1/6
f 9055/1/6 9050/1/6 9056/1/6
f 9053/1/6 9054/1/6 9059/1/6
f 9047/1/6 9048/1/6 9060/1/6
f 9051/1/6 9052/1/6 9061/1/6
f 9057/1/6 9058/1/6 9062/1/6
f 9047/1/6 9060/1/6 9063/1/6
f 9063/1/6 9060/1/6 9064/1/6
f 9061/1/6 9052/1/6 9065/1/6
f 9065/1/6 9052/1/6 9066/1/6
f 9059/1/6 9054/1/6 9067/1/6
f 9057/1/6 9062/1/6 9070/1/6
f 9067/3/6 9068/3/6 9071/3/6
f 9059/1/6 9067/1/6 9071/1/6
f 9071/3/6 9068/3/6 9072/3/6
f 9069/3/6 9070/3/6 9073/3/6
f 9070/1/6 9062/1/6 9074/1/6
f 9073/3/6 9070/3/6 9074/3/6
f 9059/1/6 9071/1/6 9075/1/6
f 9047/1/6 9063/1/6 9078/1/6
f 9078/1/6 9063/1/6 9079/1/6
f 9066/1/6 9052/1/6 9080/1/6
f 9080/1/6 9052/1/6 9081/1/6
f 9074/1/6 9062/1/6 9084/1/6
f 9075/3/6 9076/3/6 9085/3/6
f 9059/1/6 9075/1/6 9085/1/6
f 9085/3/6 9076/3/6 9086/3/6
f 9077/1/6 9078/1/6 9088/1/6
f 9088/1/6 9078/1/6 9089/1/6
f 9081/1/6 9082/1/6 9090/1/6
f 9090/1/6 9082/1/6 9091/1/6
f 9083/3/6 9084/3/6 9093/3/6
f 9084/1/6 9062/1/6 9094/1/6
f 9093/3/6 9084/3/6 9094/3/6
f 9087/1/6 9088/1/6 9096/1/6
f 9091/1/6 9092/1/6 9097/1/6
f 9095/1/6 9096/1/6 9100/1/6
f 9097/1/6 9098/1/6 9101/1/6
f 9059/1/6 9085/1/6 9103/1/6
f 9103/1/6 9085/1/6 9104/1/6
f 9099/1/6 9100/1/6 9106/1/6
f 9101/1/6 9102/1/6 9107/1/6
f 9094/1/6 9062/1/6 9109/1/6
f 9109/1/6 9062/1/6 9110/1/6
f 9105/1/6 9106/1/6 9111/1/6
f 9096/1/6 9088/1/6 9111/1/6
f 9100/1/6 9096/1/6 9111/1/6
f 9106/1/6 9100/1/6 9111/1/6
f 9111/1/6 9088/1/6 9112/1/6
f 9107/1/6 9108/1/6 9113/1/6
f 9101/1/6 9107/1/6 9113/1/6
f 9091/1/6 9097/1/6 9113/1/6
f 9097/1/6 9101/1/6 9113/1/6
f 9113/1/6 9108/1/6 9114/1/6
f 9105/1/6 9111/1/6 9115/1/6
f 9115/1/6 9111/1/6 9116/1/6
f 9114/1/6 9108/1/6 9119/1/6
f 9119/1/6 9108/1/6 9120/1/6
f 9105/1/6 9115/1/6 9121/1/6
f 9116/1/6 9117/1/6 9122/1/6
f 9122/1/6 9117/1/6 9123/1/6
f 9118/1/6 9119/1/6 9124/1/6
f 9124/1/6 9119/1/6 9125/1/6
f 9120/1/6 9108/1/6 9126/1/6
f 9127/1/6 9128/1/6 9131/1/6
f 9131/1/6 9128/1/6 9132/1/6
f 9129/1/6 9130/1/6 9133/1/6
f 9133/1/6 9130/1/6 9134/1/6
f 9105/1/6 9121/1/6 9135/1/6
f 9122/1/6 9123/1/6 9135/1/6
f 9121/1/6 9122/1/6 9135/1/6
f 9135/1/6 9123/1/6 9136/1/6
f 9124/1/6 9125/1/6 9137/1/6
f 9125/1/6 9126/1/6 9137/1/6
f 9126/1/6 9108/1/6 9138/1/6
f 9137/1/6 9126/1/6 9138/1/6
f 9105/1/6 9135/1/6 9139/1/6
f 9139/1/6 9135/1/6 9140/1/6
f 9138/1/6 9108/1/6 9141/1/6
f 9141/1/6 9108/1/6 9142/1/6
f 9143/1/6 9144/1/6 9146/1/6
f 9146/1/6 9144/1/6 9147/1/6
f 9145/1/6 9146/1/6 9149/1/6
f 9149/1/6 9146/1/6 9150/1/6
f 9147/1/6 9148/1/6 9151/1/6
f 9151/1/6 9148/1/6 9152/1/6
f 9145/1/6 9149/1/6 9153/1/6
f 9152/1/6 9148/1/6 9156/1/6
f 9153/1/6 9154/1/6 9157/1/6
f 9145/1/6 9153/1/6 9157/1/6
f 9157/1/6 9154/1/6 9158/1/6
f 9155/1/6 9156/1/6 9159/1/6
f 9156/1/6 9148/1/6 9160/1/6
f 9159/1/6 9156/1/6 9160/1/6
f 9145/1/6 9157/1/6 9161/1/6
f 9161/1/6 9157/1/6 9162/1/6
f 9160/1/6 9148/1/6 9163/1/6
f 9163/1/6 9148/1/6 9164/1/6
f 9165/3/6 9166/3/6 9168/3/6
f 9168/3/6 9166/3/6 9169/3/6
f 9167/3/6 9168/3/6 9171/3/6
f 9171/3/6 9168/3/6 9172/3/6
f 9169/3/6 9170/3/6 9173/3/6
f 9173/3/6 9170/3/6 9174/3/6
f 9175/3/6 9176/3/6 9179/3/6
f 9179/3/6 9176/3/6 9180/3/6
f 9177/1/6 9178/1/6 9183/1/6
f 9183/1/6 9178/1/6 9184/1/6
f 9181/1/6 9182/1/6 9189/1/6
f 9189/1/6 9182/1/6 9190/1/6
f 9185/2/6 9186/2/6 9199/2/6
f 9199/2/6 9186/2/6 9200/2/6
f 9187/2/6 9188/2/6 9201/2/6
f 9201/2/6 9188/2/6 9202/2/6
f 9203/2/6 9204/2/6 9207/2/6
f 9205/2/6 9206/2/6 9208/2/6
f 9203/2/6 9207/2/6 9210/2/6
f 9210/2/6 9207/2/6 9211/2/6
f 9208/2/6 9206/2/6 9212/2/6
f 9212/2/6 9206/2/6 9213/2/6
f 9209/3/6 9210/3/6 9216/3/6
f 9210/2/6 9211/2/6 9217/2/6
f 9216/3/6 9210/3/6 9217/3/6
f 9213/3/6 9214/3/6 9218/3/6
f 9212/2/6 9213/2/6 9218/2/6
f 9218/3/6 9214/3/6 9219/3/6
f 9215/3/6 9216/3/6 9221/3/6
f 9221/3/6 9216/3/6 9222/3/6
f 9217/2/6 9211/2/6 9223/2/6
f 9223/2/6 9211/2/6 9224/2/6
f 9212/2/6 9218/2/6 9225/2/6
f 9225/2/6 9218/2/6 9226/2/6
f 9219/3/6 9220/3/6 9227/3/6
f 9227/3/6 9220/3/6 9228/3/6
f 9229/2/6 9230/2/6 9233/2/6
f 9233/2/6 9230/2/6 9234/2/6
f 9231/2/6 9232/2/6 9235/2/6
f 9235/2/6 9232/2/6 9236/2/6
f 9234/2/6 9235/2/6 9237/2/6
f 9237/2/6 9235/2/6 9238/2/6
f 9191/3/6 9192/3/6 9239/3/6
f 9239/3/6 9192/3/6 9240/3/6
f 9193/3/6 9194/3/6 9241/3/6
f 9241/3/6 9194/3/6 9242/3/6
f 9195/3/6 9196/3/6 9243/3/6
f 9243/3/6 9196/3/6 9244/3/6
f 9197/3/6 9198/3/6 9245/3/6
f 9245/3/6 9198/3/6 9246/3/6
f 9247/1/6 9248/1/6 9250/1/6
f 9250/1/6 9248/1/6 9251/1/6
f 9249/1/6 9250/1/6 9253/1/6
f 9253/1/6 9250/1/6 9254/1/6
f 9251/1/6 9252/1/6 9255/1/6
f 9255/1/6 9252/1/6 9256/1/6
f 9257/1/6 9258/1/6 9261/1/6
f 9261/1/6 9258/1/6 9262/1/6
f 9259/1/6 9260/1/6 9263/1/6
f 9263/1/6 9260/1/6 9264/1/6
f 9265/7/6 9266/7/6 9273/7/6
f 9273/7/6 9266/7/6 9274/7/6
f 9274/7/6 9266/7/6 9275/7/6
f 9275/7/6 9266/7/6 9276/7/6
f 9271/3/6 9272/3/6 9279/3/6
f 9279/3/6 9272/3/6 9280/3/6
f 9277/3/6 9278/3/6 9285/3/6
f 9285/3/6 9278/3/6 9286/3/6
f 9271/3/6 9279/3/6 9287/3/6
f 9287/3/6 9279/3/6 9288/3/6
f 9280/3/6 9272/3/6 9289/3/6
f 9289/3/6 9272/3/6 9290/3/6
f 9277/3/6 9285/3/6 9291/3/6
f 9291/3/6 9285/3/6 9292/3/6
f 9286/3/6 9278/3/6 9293/3/6
f 9293/3/6 9278/3/6 9294/3/6
f 9290/3/6 9272/3/6 9298/3/6
f 9281/7/6 9282/7/6 9299/7/6
f 9299/7/6 9282/7/6 9300/7/6
f 9283/7/6 9284/7/6 9301/7/6
f 9301/7/6 9284/7/6 9302/7/6
f 9277/3/6 9291/3/6 9303/3/6
f 9295/3/6 9296/3/6 9307/3/6
f 9307/3/6 9296/3/6 9308/3/6
f 9297/3/6 9298/3/6 9309/3/6
f 9298/3/6 9272/3/6 9310/3/6
f 9309/3/6 9298/3/6 9310/3/6
f 9303/3/6 9304/3/6 9311/3/6
f 9277/3/6 9303/3/6 9311/3/6
f 9311/3/6 9304/3/6 9312/3/6
f 9305/3/6 9306/3/6 9313/3/6
f 9313/3/6 9306/3/6 9314/3/6
f 9310/3/6 9272/3/6 9318/3/6
f 9281/7/6 9299/7/6 9319/7/6
f 9319/7/6 9299/7/6 9320/7/6
f 9302/7/6 9284/7/6 9321/7/6
f 9321/7/6 9284/7/6 9322/7/6
f 9277/3/6 9311/3/6 9323/3/6
f 9315/3/6 9316/3/6 9327/3/6
f 9317/3/6 9318/3/6 9328/3/6
f 9319/3/6 9320/3/6 9329/3/6
f 9329/3/6 9320/3/6 9330/3/6
f 9321/3/6 9322/3/6 9331/3/6
f 9331/3/6 9322/3/6 9332/3/6
f 9323/3/6 9324/3/6 9333/3/6
f 9325/3/6 9326/3/6 9334/3/6
f 9267/1/6 9268/1/6 9335/1/6
f 9335/1/6 9268/1/6 9336/1/6
f 9329/7/6 9330/7/6 9337/7/6
f 9331/7/6 9332/7/6 9340/7/6
f 9269/1/6 9270/1/6 9341/1/6
f 9341/1/6 9270/1/6 9342/1/6
f 9337/7/6 9338/7/6 9343/7/6
f 9329/7/6 9337/7/6 9343/7/6
f 9343/7/6 9338/7/6 9344/7/6
f 9339/7/6 9340/7/6 9345/7/6
f 9340/7/6 9332/7/6 9346/7/6
f 9345/7/6 9340/7/6 9346/7/6
f 9344/7/6 9345/7/6 9347/7/6
f 9347/7/6 9345/7/6 9348/7/6
f 9327/3/6 9328/3/6 9349/3/6
f 9315/3/6 9327/3/6 9349/3/6
f 9318/3/6 9272/3/6 9350/3/6
f 9349/3/6 9328/3/6 9350/3/6
f 9328/3/6 9318/3/6 9350/3/6
f 9333/3/6 9334/3/6 9351/3/6
f 9323/3/6 9333/3/6 9351/3/6
f 9277/3/6 9323/3/6 9351/3/6
f 9334/3/6 9326/3/6 9352/3/6
f 9351/3/6 9334/3/6 9352/3/6
f 9353/1/6 9354/1/6 9356/1/6
f 9356/1/6 9354/1/6 9357/1/6
f 9355/1/6 9356/1/6 9359/1/6
f 9357/1/6 9358/1/6 9359/1/6
f 9356/1/6 9357/1/6 9359/1/6
f 9359/1/6 9358/1/6 9360/1/6
f 9360/1/6 9358/1/6 9361/1/6
f 9361/1/6 9358/1/6 9362/1/6
f 9362/1/6 9358/1/6 9363/1/6
f 9363/1/6 9358/1/6 9364/1/6
f 9364/1/6 9358/1/6 9365/1/6
f 9365/1/6 9358/1/6 9366/1/6
f 9362/1/6 9363/1/6 9369/1/6
f 9369/1/6 9363/1/6 9370/1/6
f 9360/1/6 9361/1/6 9373/1/6
f 9373/1/6 9361/1/6 9374/1/6
f 9364/1/6 9365/1/6 9375/1/6
f 9375/1/6 9365/1/6 9376/1/6
f 9367/3/6 9368/3/6 9377/3/6
f 9377/3/6 9368/3/6 9378/3/6
f 9371/3/6 9372/3/6 9379/3/6
f 9379/3/6 9372/3/6 9380/3/6
f 9381/3/6 9382/3/6 9385/3/6
f 9382/7/6 9383/7/6 9385/7/6
f 9383/3/6 9384/3/6 9386/3/6
f 9385/7/6 9383/7/6 9386/7/6
f 9387/1/6 9388/1/6 9392/1/6
f 9392/1/6 9388/1/6 9393/1/6
f 9389/1/6 9390/1/6 9396/1/6
f 9396/1/6 9390/1/6 9397/1/6
f 9391/3/6 9392/3/6 9399/3/6
f 9399/3/6 9392/3/6 9400/3/6
f 9393/3/6 9394/3/6 9401/3/6
f 9401/3/6 9394/3/6 9402/3/6
f 9381/3/6 9385/3/6 9404/3/6
f 9404/3/6 9385/3/6 9405/3/6
f 9386/3/6 9384/3/6 9406/3/6
f 9406/3/6 9384/3/6 9407/3/6
f 9395/3/6 9396/3/6 9409/3/6
f 9409/3/6 9396/3/6 9410/3/6
f 9397/3/6 9398/3/6 9411/3/6
f 9411/3/6 9398/3/6 9412/3/6
f 9404/3/6 9405/3/6 9417/3/6
f 9405/3/6 9406/3/6 9417/3/6
f 9406/3/6 9407/3/6 9417/3/6
f 9417/3/6 9407/3/6 9418/3/6
f 9413/3/6 9414/3/6 9423/3/6
f 9423/3/6 9414/3/6 9424/3/6
f 9415/3/6 9416/3/6 9425/3/6
f 9425/3/6 9416/3/6 9426/3/6
f 9403/7/6 9404/7/6 9427/7/6
f 9404/3/6 9417/3/6 9428/3/6
f 9427/7/6 9404/7/6 9428/7/6
f 9407/7/6 9408/7/6 9429/7/6
f 9418/3/6 9407/3/6 9429/3/6
f 9429/7/6 9408/7/6 9430/7/6
f 9419/3/6 9420/3/6 9431/3/6
f 9431/3/6 9420/3/6 9432/3/6
f 9421/3/6 9422/3/6 9433/3/6
f 9433/3/6 9422/3/6 9434/3/6
f 9427/3/6 9428/3/6 9435/3/6
f 9428/3/6 9417/3/6 9436/3/6
f 9435/3/6 9428/3/6 9436/3/6
f 9417/7/6 9418/7/6 9436/7/6
f 9418/3/6 9429/3/6 9437/3/6
f 9436/7/6 9418/7/6 9437/7/6
f 9429/3/6 9430/3/6 9437/3/6
f 9437/3/6 9430/3/6 9438/3/6
f 9435/7/6 9436/7/6 9439/7/6
f 9439/7/6 9436/7/6 9440/7/6
f 9436/3/6 9437/3/6 9441/3/6
f 9440/7/6 9436/7/6 9441/7/6
f 9437/7/6 9438/7/6 9442/7/6
f 9441/3/6 9437/3/6 9442/3/6
f 9442/7/6 9438/7/6 9443/7/6
f 9443/7/6 9438/7/6 9444/7/6
f 9440/7/6 9441/7/6 9445/7/6
f 9442/7/6 9443/7/6 9445/7/6
f 9441/7/6 9442/7/6 9445/7/6
f 9445/7/6 9443/7/6 9446/7/6
f 9447/1/6 9448/1/6 9451/1/6
f 9451/1/6 9448/1/6 9452/1/6
f 9449/1/6 9450/1/6 9453/1/6
f 9453/1/6 9450/1/6 9454/1/6
f 9457/1/6 9458/1/6 9461/1/6
f 9461/1/6 9458/1/6 9462/1/6
f 9455/3/6 9456/3/6 9463/3/6
f 9463/3/6 9456/3/6 9464/3/6
f 9459/1/6 9460/1/6 9465/1/6
f 9465/1/6 9460/1/6 9466/1/6
f 9467/1/6 9468/1/6 9471/1/6
f 9471/1/6 9468/1/6 9472/1/6
f 9469/1/6 9470/1/6 9473/1/6
f 9473/1/6 9470/1/6 9474/1/6
f 9475/1/6 9476/1/6 9479/1/6
f 9479/1/6 9476/1/6 9480/1/6
f 9477/1/6 9478/1/6 9481/1/6
f 9481/1/6 9478/1/6 9482/1/6
f 5675/17/4 5678/18/4 5677/19/4 5674/20/4
