# MagicaVoxel @ Ephtracy

# material
mtllib vaisseau.mtl
usemtl palette

# normals
vn -1 0 0
vn 1 0 0
vn 0 0 1
vn 0 0 -1
vn 0 -1 0
vn 0 1 0

# texcoords
vt 0.470703 0.5
vt 0.595703 0.5
vt 0.626953 0.5
vt 0.658203 0.5
vt 0.689453 0.5
vt 0.693359 0.5
vt 0.697266 0.5
vt 0.701172 0.5
vt 0.705078 0.5
vt 0.720703 0.5
vt 0.970703 0.5

# verts
v -63 61 -1
v -63 61 -2
v -63 62 -1
v -63 62 -2
v -58 60 -0
v -58 60 -3
v -58 61 -1
v -58 61 -2
v -58 62 -1
v -58 62 -2
v -58 63 -0
v -58 63 -3
v -57 59 -1
v -57 59 -2
v -57 60 -1
v -57 60 -2
v -57 61 1
v -57 61 -0
v -57 61 -3
v -57 61 -4
v -57 62 1
v -57 62 -0
v -57 62 -3
v -57 62 -4
v -57 63 -1
v -57 63 -2
v -57 64 -1
v -57 64 -2
v -56 59 -0
v -56 59 -1
v -56 59 -2
v -56 59 -3
v -56 60 1
v -56 60 -0
v -56 60 -1
v -56 60 -2
v -56 60 -3
v -56 60 -4
v -56 61 1
v -56 61 -0
v -56 61 -3
v -56 61 -4
v -56 62 1
v -56 62 -0
v -56 62 -3
v -56 62 -4
v -56 63 1
v -56 63 -0
v -56 63 -1
v -56 63 -2
v -56 63 -3
v -56 63 -4
v -56 64 -0
v -56 64 -1
v -56 64 -2
v -56 64 -3
v -55 4 6
v -55 4 -9
v -55 5 12
v -55 5 6
v -55 5 -9
v -55 5 -15
v -55 6 15
v -55 6 12
v -55 6 6
v -55 6 -1
v -55 6 -2
v -55 6 -9
v -55 6 -15
v -55 6 -18
v -55 7 18
v -55 7 15
v -55 7 11
v -55 7 6
v -55 7 -9
v -55 7 -14
v -55 7 -18
v -55 7 -21
v -55 8 21
v -55 8 18
v -55 8 15
v -55 8 11
v -55 8 -14
v -55 8 -18
v -55 8 -21
v -55 8 -24
v -55 9 23
v -55 9 21
v -55 9 18
v -55 9 15
v -55 9 -18
v -55 9 -21
v -55 9 -24
v -55 9 -26
v -55 10 25
v -55 10 23
v -55 10 20
v -55 10 18
v -55 10 -21
v -55 10 -23
v -55 10 -26
v -55 10 -28
v -55 11 27
v -55 11 25
v -55 11 23
v -55 11 21
v -55 11 -24
v -55 11 -26
v -55 11 -28
v -55 11 -30
v -55 12 29
v -55 12 27
v -55 12 25
v -55 12 23
v -55 12 21
v -55 12 20
v -55 12 19
v -55 12 -22
v -55 12 -23
v -55 12 -24
v -55 12 -26
v -55 12 -28
v -55 12 -30
v -55 12 -32
v -55 13 30
v -55 13 29
v -55 13 26
v -55 13 25
v -55 13 -28
v -55 13 -29
v -55 13 -32
v -55 13 -33
v -55 14 32
v -55 14 30
v -55 14 28
v -55 14 26
v -55 14 20
v -55 14 19
v -55 14 18
v -55 14 -21
v -55 14 -22
v -55 14 -23
v -55 14 -29
v -55 14 -31
v -55 14 -33
v -55 14 -35
v -55 15 33
v -55 15 32
v -55 15 30
v -55 15 28
v -55 15 -31
v -55 15 -33
v -55 15 -35
v -55 15 -36
v -55 16 34
v -55 16 33
v -55 16 31
v -55 16 30
v -55 16 19
v -55 16 18
v -55 16 17
v -55 16 -20
v -55 16 -21
v -55 16 -22
v -55 16 -33
v -55 16 -34
v -55 16 -36
v -55 16 -37
v -55 17 36
v -55 17 34
v -55 17 32
v -55 17 31
v -55 17 -34
v -55 17 -35
v -55 17 -37
v -55 17 -39
v -55 18 37
v -55 18 36
v -55 18 34
v -55 18 32
v -55 18 18
v -55 18 17
v -55 18 16
v -55 18 -19
v -55 18 -20
v -55 18 -21
v -55 18 -35
v -55 18 -37
v -55 18 -39
v -55 18 -40
v -55 19 38
v -55 19 37
v -55 19 35
v -55 19 34
v -55 19 -37
v -55 19 -38
v -55 19 -40
v -55 19 -41
v -55 20 39
v -55 20 38
v -55 20 36
v -55 20 35
v -55 20 17
v -55 20 16
v -55 20 15
v -55 20 -18
v -55 20 -19
v -55 20 -20
v -55 20 -38
v -55 20 -39
v -55 20 -41
v -55 20 -42
v -55 21 40
v -55 21 39
v -55 21 37
v -55 21 36
v -55 21 -39
v -55 21 -40
v -55 21 -42
v -55 21 -43
v -55 22 41
v -55 22 40
v -55 22 16
v -55 22 15
v -55 22 14
v -55 22 -17
v -55 22 -18
v -55 22 -19
v -55 22 -43
v -55 22 -44
v -55 23 42
v -55 23 41
v -55 23 39
v -55 23 37
v -55 23 36
v -55 23 -39
v -55 23 -40
v -55 23 -42
v -55 23 -44
v -55 23 -45
v -55 24 43
v -55 24 42
v -55 24 40
v -55 24 39
v -55 24 37
v -55 24 36
v -55 24 35
v -55 24 15
v -55 24 14
v -55 24 13
v -55 24 -16
v -55 24 -17
v -55 24 -18
v -55 24 -38
v -55 24 -39
v -55 24 -40
v -55 24 -42
v -55 24 -43
v -55 24 -45
v -55 24 -46
v -55 25 41
v -55 25 40
v -55 25 36
v -55 25 35
v -55 25 34
v -55 25 -37
v -55 25 -38
v -55 25 -39
v -55 25 -43
v -55 25 -44
v -55 26 44
v -55 26 43
v -55 26 42
v -55 26 41
v -55 26 35
v -55 26 34
v -55 26 33
v -55 26 14
v -55 26 13
v -55 26 12
v -55 26 -15
v -55 26 -16
v -55 26 -17
v -55 26 -36
v -55 26 -37
v -55 26 -38
v -55 26 -44
v -55 26 -45
v -55 26 -46
v -55 26 -47
v -55 27 45
v -55 27 44
v -55 27 34
v -55 27 33
v -55 27 32
v -55 27 -35
v -55 27 -36
v -55 27 -37
v -55 27 -47
v -55 27 -48
v -55 28 46
v -55 28 45
v -55 28 43
v -55 28 42
v -55 28 33
v -55 28 32
v -55 28 31
v -55 28 13
v -55 28 12
v -55 28 11
v -55 28 -14
v -55 28 -15
v -55 28 -16
v -55 28 -34
v -55 28 -35
v -55 28 -36
v -55 28 -45
v -55 28 -46
v -55 28 -48
v -55 28 -49
v -55 29 44
v -55 29 43
v -55 29 32
v -55 29 31
v -55 29 30
v -55 29 -33
v -55 29 -34
v -55 29 -35
v -55 29 -46
v -55 29 -47
v -55 30 47
v -55 30 46
v -55 30 45
v -55 30 44
v -55 30 31
v -55 30 30
v -55 30 29
v -55 30 12
v -55 30 11
v -55 30 10
v -55 30 -13
v -55 30 -14
v -55 30 -15
v -55 30 -32
v -55 30 -33
v -55 30 -34
v -55 30 -47
v -55 30 -48
v -55 30 -49
v -55 30 -50
v -55 31 48
v -55 31 47
v -55 31 30
v -55 31 29
v -55 31 28
v -55 31 -31
v -55 31 -32
v -55 31 -33
v -55 31 -50
v -55 31 -51
v -55 32 46
v -55 32 45
v -55 32 29
v -55 32 28
v -55 32 27
v -55 32 11
v -55 32 10
v -55 32 9
v -55 32 -12
v -55 32 -13
v -55 32 -14
v -55 32 -30
v -55 32 -31
v -55 32 -32
v -55 32 -48
v -55 32 -49
v -55 33 49
v -55 33 48
v -55 33 28
v -55 33 27
v -55 33 26
v -55 33 -29
v -55 33 -30
v -55 33 -31
v -55 33 -51
v -55 33 -52
v -55 34 47
v -55 34 46
v -55 34 27
v -55 34 26
v -55 34 25
v -55 34 10
v -55 34 9
v -55 34 8
v -55 34 -11
v -55 34 -12
v -55 34 -13
v -55 34 -28
v -55 34 -29
v -55 34 -30
v -55 34 -49
v -55 34 -50
v -55 35 50
v -55 35 49
v -55 35 48
v -55 35 47
v -55 35 26
v -55 35 25
v -55 35 24
v -55 35 4
v -55 35 -1
v -55 35 -2
v -55 35 -7
v -55 35 -27
v -55 35 -28
v -55 35 -29
v -55 35 -50
v -55 35 -51
v -55 35 -52
v -55 35 -53
v -55 36 25
v -55 36 24
v -55 36 23
v -55 36 9
v -55 36 8
v -55 36 4
v -55 36 -7
v -55 36 -11
v -55 36 -12
v -55 36 -26
v -55 36 -27
v -55 36 -28
v -55 37 51
v -55 37 50
v -55 37 49
v -55 37 48
v -55 37 24
v -55 37 23
v -55 37 22
v -55 37 10
v -55 37 8
v -55 37 3
v -55 37 -6
v -55 37 -11
v -55 37 -13
v -55 37 -25
v -55 37 -26
v -55 37 -27
v -55 37 -51
v -55 37 -52
v -55 37 -53
v -55 37 -54
v -55 38 23
v -55 38 22
v -55 38 21
v -55 38 12
v -55 38 10
v -55 38 9
v -55 38 3
v -55 38 -6
v -55 38 -12
v -55 38 -13
v -55 38 -15
v -55 38 -24
v -55 38 -25
v -55 38 -26
v -55 39 52
v -55 39 51
v -55 39 49
v -55 39 48
v -55 39 22
v -55 39 21
v -55 39 20
v -55 39 13
v -55 39 12
v -55 39 -15
v -55 39 -16
v -55 39 -23
v -55 39 -24
v -55 39 -25
v -55 39 -51
v -55 39 -52
v -55 39 -54
v -55 39 -55
v -55 40 50
v -55 40 48
v -55 40 46
v -55 40 21
v -55 40 20
v -55 40 19
v -55 40 15
v -55 40 13
v -55 40 11
v -55 40 9
v -55 40 -12
v -55 40 -14
v -55 40 -16
v -55 40 -18
v -55 40 -22
v -55 40 -23
v -55 40 -24
v -55 40 -49
v -55 40 -51
v -55 40 -53
v -55 41 48
v -55 41 46
v -55 41 44
v -55 41 20
v -55 41 19
v -55 41 18
v -55 41 16
v -55 41 15
v -55 41 13
v -55 41 11
v -55 41 -14
v -55 41 -16
v -55 41 -18
v -55 41 -19
v -55 41 -21
v -55 41 -22
v -55 41 -23
v -55 41 -47
v -55 41 -49
v -55 41 -51
v -55 42 53
v -55 42 52
v -55 42 51
v -55 42 50
v -55 42 46
v -55 42 44
v -55 42 42
v -55 42 19
v -55 42 18
v -55 42 16
v -55 42 14
v -55 42 13
v -55 42 -16
v -55 42 -17
v -55 42 -19
v -55 42 -21
v -55 42 -22
v -55 42 -45
v -55 42 -47
v -55 42 -49
v -55 42 -53
v -55 42 -54
v -55 42 -55
v -55 42 -56
v -55 43 44
v -55 43 42
v -55 43 40
v -55 43 15
v -55 43 14
v -55 43 -17
v -55 43 -18
v -55 43 -43
v -55 43 -45
v -55 43 -47
v -55 44 42
v -55 44 40
v -55 44 38
v -55 44 19
v -55 44 18
v -55 44 16
v -55 44 15
v -55 44 -18
v -55 44 -19
v -55 44 -21
v -55 44 -22
v -55 44 -41
v -55 44 -43
v -55 44 -45
v -55 45 54
v -55 45 53
v -55 45 52
v -55 45 51
v -55 45 40
v -55 45 38
v -55 45 36
v -55 45 20
v -55 45 19
v -55 45 17
v -55 45 16
v -55 45 -19
v -55 45 -20
v -55 45 -22
v -55 45 -23
v -55 45 -39
v -55 45 -41
v -55 45 -43
v -55 45 -54
v -55 45 -55
v -55 45 -56
v -55 45 -57
v -55 46 38
v -55 46 36
v -55 46 34
v -55 46 18
v -55 46 17
v -55 46 3
v -55 46 -6
v -55 46 -20
v -55 46 -21
v -55 46 -37
v -55 46 -39
v -55 46 -41
v -55 47 36
v -55 47 34
v -55 47 32
v -55 47 21
v -55 47 20
v -55 47 19
v -55 47 18
v -55 47 5
v -55 47 3
v -55 47 -0
v -55 47 -3
v -55 47 -6
v -55 47 -8
v -55 47 -21
v -55 47 -22
v -55 47 -23
v -55 47 -24
v -55 47 -35
v -55 47 -37
v -55 47 -39
v -55 48 55
v -55 48 54
v -55 48 34
v -55 48 32
v -55 48 30
v -55 48 22
v -55 48 21
v -55 48 7
v -55 48 5
v -55 48 -8
v -55 48 -10
v -55 48 -24
v -55 48 -25
v -55 48 -33
v -55 48 -35
v -55 48 -37
v -55 48 -57
v -55 48 -58
v -55 49 53
v -55 49 52
v -55 49 32
v -55 49 30
v -55 49 28
v -55 49 20
v -55 49 19
v -55 49 9
v -55 49 7
v -55 49 -0
v -55 49 -3
v -55 49 -10
v -55 49 -12
v -55 49 -22
v -55 49 -23
v -55 49 -31
v -55 49 -33
v -55 49 -35
v -55 49 -55
v -55 49 -56
v -55 50 30
v -55 50 28
v -55 50 26
v -55 50 23
v -55 50 22
v -55 50 10
v -55 50 9
v -55 50 8
v -55 50 7
v -55 50 2
v -55 50 -5
v -55 50 -10
v -55 50 -11
v -55 50 -12
v -55 50 -13
v -55 50 -25
v -55 50 -26
v -55 50 -29
v -55 50 -31
v -55 50 -33
v -55 51 28
v -55 51 26
v -55 51 24
v -55 51 21
v -55 51 20
v -55 51 11
v -55 51 10
v -55 51 9
v -55 51 8
v -55 51 7
v -55 51 6
v -55 51 4
v -55 51 2
v -55 51 -5
v -55 51 -7
v -55 51 -9
v -55 51 -10
v -55 51 -11
v -55 51 -12
v -55 51 -13
v -55 51 -14
v -55 51 -23
v -55 51 -24
v -55 51 -27
v -55 51 -29
v -55 51 -31
v -55 52 26
v -55 52 24
v -55 52 23
v -55 52 22
v -55 52 21
v -55 52 10
v -55 52 9
v -55 52 7
v -55 52 6
v -55 52 5
v -55 52 4
v -55 52 -7
v -55 52 -8
v -55 52 -9
v -55 52 -10
v -55 52 -12
v -55 52 -13
v -55 52 -24
v -55 52 -25
v -55 52 -26
v -55 52 -27
v -55 52 -29
v -55 53 12
v -55 53 11
v -55 53 10
v -55 53 9
v -55 53 8
v -55 53 7
v -55 53 6
v -55 53 5
v -55 53 -8
v -55 53 -9
v -55 53 -10
v -55 53 -11
v -55 53 -12
v -55 53 -13
v -55 53 -14
v -55 53 -15
v -55 54 56
v -55 54 55
v -55 54 54
v -55 54 53
v -55 54 9
v -55 54 8
v -55 54 7
v -55 54 6
v -55 54 -9
v -55 54 -10
v -55 54 -11
v -55 54 -12
v -55 54 -56
v -55 54 -57
v -55 54 -58
v -55 54 -59
v -55 55 13
v -55 55 12
v -55 55 8
v -55 55 7
v -55 55 -10
v -55 55 -11
v -55 55 -15
v -55 55 -16
v -55 56 25
v -55 56 24
v -55 56 9
v -55 56 8
v -55 56 -11
v -55 56 -12
v -55 56 -27
v -55 56 -28
v -55 57 23
v -55 57 22
v -55 57 14
v -55 57 13
v -55 57 -16
v -55 57 -17
v -55 57 -25
v -55 57 -26
v -55 58 10
v -55 58 9
v -55 58 -12
v -55 58 -13
v -55 60 13
v -55 60 11
v -55 60 -14
v -55 60 -16
v -55 61 54
v -55 61 25
v -55 61 -28
v -55 61 -57
v -55 62 54
v -55 62 25
v -55 62 -28
v -55 62 -57
v -55 63 13
v -55 63 11
v -55 63 -14
v -55 63 -16
v -55 65 10
v -55 65 9
v -55 65 -12
v -55 65 -13
v -55 66 23
v -55 66 22
v -55 66 14
v -55 66 13
v -55 66 -16
v -55 66 -17
v -55 66 -25
v -55 66 -26
v -55 67 25
v -55 67 24
v -55 67 9
v -55 67 8
v -55 67 -11
v -55 67 -12
v -55 67 -27
v -55 67 -28
v -55 68 13
v -55 68 12
v -55 68 8
v -55 68 7
v -55 68 -10
v -55 68 -11
v -55 68 -15
v -55 68 -16
v -55 69 56
v -55 69 55
v -55 69 54
v -55 69 53
v -55 69 9
v -55 69 8
v -55 69 7
v -55 69 6
v -55 69 -9
v -55 69 -10
v -55 69 -11
v -55 69 -12
v -55 69 -56
v -55 69 -57
v -55 69 -58
v -55 69 -59
v -55 70 22
v -55 70 21
v -55 70 12
v -55 70 11
v -55 70 10
v -55 70 9
v -55 70 8
v -55 70 7
v -55 70 6
v -55 70 5
v -55 70 -8
v -55 70 -9
v -55 70 -10
v -55 70 -11
v -55 70 -12
v -55 70 -13
v -55 70 -14
v -55 70 -15
v -55 70 -24
v -55 70 -25
v -55 71 26
v -55 71 24
v -55 71 23
v -55 71 10
v -55 71 9
v -55 71 7
v -55 71 6
v -55 71 5
v -55 71 4
v -55 71 -7
v -55 71 -8
v -55 71 -9
v -55 71 -10
v -55 71 -12
v -55 71 -13
v -55 71 -26
v -55 71 -27
v -55 71 -29
v -55 72 28
v -55 72 26
v -55 72 24
v -55 72 21
v -55 72 20
v -55 72 11
v -55 72 10
v -55 72 9
v -55 72 8
v -55 72 7
v -55 72 6
v -55 72 4
v -55 72 2
v -55 72 -5
v -55 72 -7
v -55 72 -9
v -55 72 -10
v -55 72 -11
v -55 72 -12
v -55 72 -13
v -55 72 -14
v -55 72 -23
v -55 72 -24
v -55 72 -27
v -55 72 -29
v -55 72 -31
v -55 73 30
v -55 73 28
v -55 73 26
v -55 73 23
v -55 73 22
v -55 73 10
v -55 73 9
v -55 73 8
v -55 73 7
v -55 73 2
v -55 73 -5
v -55 73 -10
v -55 73 -11
v -55 73 -12
v -55 73 -13
v -55 73 -25
v -55 73 -26
v -55 73 -29
v -55 73 -31
v -55 73 -33
v -55 74 53
v -55 74 52
v -55 74 32
v -55 74 30
v -55 74 28
v -55 74 20
v -55 74 19
v -55 74 9
v -55 74 7
v -55 74 -0
v -55 74 -3
v -55 74 -10
v -55 74 -12
v -55 74 -22
v -55 74 -23
v -55 74 -31
v -55 74 -33
v -55 74 -35
v -55 74 -55
v -55 74 -56
v -55 75 55
v -55 75 54
v -55 75 34
v -55 75 32
v -55 75 30
v -55 75 22
v -55 75 21
v -55 75 7
v -55 75 5
v -55 75 -8
v -55 75 -10
v -55 75 -24
v -55 75 -25
v -55 75 -33
v -55 75 -35
v -55 75 -37
v -55 75 -57
v -55 75 -58
v -55 76 36
v -55 76 34
v -55 76 32
v -55 76 21
v -55 76 20
v -55 76 19
v -55 76 18
v -55 76 5
v -55 76 3
v -55 76 -0
v -55 76 -3
v -55 76 -6
v -55 76 -8
v -55 76 -21
v -55 76 -22
v -55 76 -23
v -55 76 -24
v -55 76 -35
v -55 76 -37
v -55 76 -39
v -55 77 38
v -55 77 36
v -55 77 34
v -55 77 18
v -55 77 17
v -55 77 3
v -55 77 -6
v -55 77 -20
v -55 77 -21
v -55 77 -37
v -55 77 -39
v -55 77 -41
v -55 78 54
v -55 78 53
v -55 78 52
v -55 78 51
v -55 78 40
v -55 78 38
v -55 78 36
v -55 78 20
v -55 78 19
v -55 78 17
v -55 78 16
v -55 78 -19
v -55 78 -20
v -55 78 -22
v -55 78 -23
v -55 78 -39
v -55 78 -41
v -55 78 -43
v -55 78 -54
v -55 78 -55
v -55 78 -56
v -55 78 -57
v -55 79 42
v -55 79 40
v -55 79 38
v -55 79 19
v -55 79 18
v -55 79 16
v -55 79 15
v -55 79 -18
v -55 79 -19
v -55 79 -21
v -55 79 -22
v -55 79 -41
v -55 79 -43
v -55 79 -45
v -55 80 44
v -55 80 42
v -55 80 40
v -55 80 15
v -55 80 14
v -55 80 -17
v -55 80 -18
v -55 80 -43
v -55 80 -45
v -55 80 -47
v -55 81 53
v -55 81 52
v -55 81 51
v -55 81 50
v -55 81 46
v -55 81 44
v -55 81 42
v -55 81 19
v -55 81 18
v -55 81 16
v -55 81 14
v -55 81 13
v -55 81 -16
v -55 81 -17
v -55 81 -19
v -55 81 -21
v -55 81 -22
v -55 81 -45
v -55 81 -47
v -55 81 -49
v -55 81 -53
v -55 81 -54
v -55 81 -55
v -55 81 -56
v -55 82 48
v -55 82 46
v -55 82 44
v -55 82 20
v -55 82 19
v -55 82 18
v -55 82 16
v -55 82 15
v -55 82 13
v -55 82 11
v -55 82 -14
v -55 82 -16
v -55 82 -18
v -55 82 -19
v -55 82 -21
v -55 82 -22
v -55 82 -23
v -55 82 -47
v -55 82 -49
v -55 82 -51
v -55 83 50
v -55 83 48
v -55 83 46
v -55 83 21
v -55 83 20
v -55 83 19
v -55 83 15
v -55 83 13
v -55 83 11
v -55 83 9
v -55 83 -12
v -55 83 -14
v -55 83 -16
v -55 83 -18
v -55 83 -22
v -55 83 -23
v -55 83 -24
v -55 83 -49
v -55 83 -51
v -55 83 -53
v -55 84 52
v -55 84 51
v -55 84 49
v -55 84 48
v -55 84 22
v -55 84 21
v -55 84 20
v -55 84 13
v -55 84 12
v -55 84 9
v -55 84 7
v -55 84 -10
v -55 84 -12
v -55 84 -15
v -55 84 -16
v -55 84 -23
v -55 84 -24
v -55 84 -25
v -55 84 -51
v -55 84 -52
v -55 84 -54
v -55 84 -55
v -55 85 23
v -55 85 22
v -55 85 21
v -55 85 12
v -55 85 10
v -55 85 7
v -55 85 3
v -55 85 -6
v -55 85 -10
v -55 85 -13
v -55 85 -15
v -55 85 -24
v -55 85 -25
v -55 85 -26
v -55 86 51
v -55 86 50
v -55 86 49
v -55 86 48
v -55 86 24
v -55 86 23
v -55 86 22
v -55 86 10
v -55 86 8
v -55 86 3
v -55 86 -6
v -55 86 -11
v -55 86 -13
v -55 86 -25
v -55 86 -26
v -55 86 -27
v -55 86 -51
v -55 86 -52
v -55 86 -53
v -55 86 -54
v -55 87 25
v -55 87 24
v -55 87 23
v -55 87 9
v -55 87 8
v -55 87 4
v -55 87 -7
v -55 87 -11
v -55 87 -12
v -55 87 -26
v -55 87 -27
v -55 87 -28
v -55 88 50
v -55 88 49
v -55 88 48
v -55 88 47
v -55 88 26
v -55 88 25
v -55 88 24
v -55 88 4
v -55 88 -1
v -55 88 -2
v -55 88 -7
v -55 88 -27
v -55 88 -28
v -55 88 -29
v -55 88 -50
v -55 88 -51
v -55 88 -52
v -55 88 -53
v -55 89 47
v -55 89 46
v -55 89 27
v -55 89 26
v -55 89 25
v -55 89 10
v -55 89 9
v -55 89 8
v -55 89 -11
v -55 89 -12
v -55 89 -13
v -55 89 -28
v -55 89 -29
v -55 89 -30
v -55 89 -49
v -55 89 -50
v -55 90 49
v -55 90 48
v -55 90 28
v -55 90 27
v -55 90 26
v -55 90 -29
v -55 90 -30
v -55 90 -31
v -55 90 -51
v -55 90 -52
v -55 91 46
v -55 91 45
v -55 91 29
v -55 91 28
v -55 91 27
v -55 91 11
v -55 91 10
v -55 91 9
v -55 91 -12
v -55 91 -13
v -55 91 -14
v -55 91 -30
v -55 91 -31
v -55 91 -32
v -55 91 -48
v -55 91 -49
v -55 92 48
v -55 92 47
v -55 92 30
v -55 92 29
v -55 92 28
v -55 92 -31
v -55 92 -32
v -55 92 -33
v -55 92 -50
v -55 92 -51
v -55 93 47
v -55 93 46
v -55 93 45
v -55 93 44
v -55 93 31
v -55 93 30
v -55 93 29
v -55 93 12
v -55 93 11
v -55 93 10
v -55 93 -13
v -55 93 -14
v -55 93 -15
v -55 93 -32
v -55 93 -33
v -55 93 -34
v -55 93 -47
v -55 93 -48
v -55 93 -49
v -55 93 -50
v -55 94 44
v -55 94 43
v -55 94 32
v -55 94 31
v -55 94 30
v -55 94 -33
v -55 94 -34
v -55 94 -35
v -55 94 -46
v -55 94 -47
v -55 95 46
v -55 95 45
v -55 95 43
v -55 95 42
v -55 95 33
v -55 95 32
v -55 95 31
v -55 95 13
v -55 95 12
v -55 95 11
v -55 95 -14
v -55 95 -15
v -55 95 -16
v -55 95 -34
v -55 95 -35
v -55 95 -36
v -55 95 -45
v -55 95 -46
v -55 95 -48
v -55 95 -49
v -55 96 45
v -55 96 44
v -55 96 34
v -55 96 33
v -55 96 32
v -55 96 -35
v -55 96 -36
v -55 96 -37
v -55 96 -47
v -55 96 -48
v -55 97 44
v -55 97 43
v -55 97 42
v -55 97 41
v -55 97 35
v -55 97 34
v -55 97 33
v -55 97 14
v -55 97 13
v -55 97 12
v -55 97 -15
v -55 97 -16
v -55 97 -17
v -55 97 -36
v -55 97 -37
v -55 97 -38
v -55 97 -44
v -55 97 -45
v -55 97 -46
v -55 97 -47
v -55 98 41
v -55 98 40
v -55 98 36
v -55 98 35
v -55 98 34
v -55 98 -37
v -55 98 -38
v -55 98 -39
v -55 98 -43
v -55 98 -44
v -55 99 43
v -55 99 42
v -55 99 40
v -55 99 39
v -55 99 37
v -55 99 36
v -55 99 35
v -55 99 15
v -55 99 14
v -55 99 13
v -55 99 -16
v -55 99 -17
v -55 99 -18
v -55 99 -38
v -55 99 -39
v -55 99 -40
v -55 99 -42
v -55 99 -43
v -55 99 -45
v -55 99 -46
v -55 100 42
v -55 100 41
v -55 100 39
v -55 100 37
v -55 100 36
v -55 100 -39
v -55 100 -40
v -55 100 -42
v -55 100 -44
v -55 100 -45
v -55 101 41
v -55 101 40
v -55 101 16
v -55 101 15
v -55 101 14
v -55 101 -17
v -55 101 -18
v -55 101 -19
v -55 101 -43
v -55 101 -44
v -55 102 40
v -55 102 39
v -55 102 37
v -55 102 36
v -55 102 -39
v -55 102 -40
v -55 102 -42
v -55 102 -43
v -55 103 39
v -55 103 38
v -55 103 36
v -55 103 35
v -55 103 17
v -55 103 16
v -55 103 15
v -55 103 -18
v -55 103 -19
v -55 103 -20
v -55 103 -38
v -55 103 -39
v -55 103 -41
v -55 103 -42
v -55 104 38
v -55 104 37
v -55 104 35
v -55 104 34
v -55 104 -37
v -55 104 -38
v -55 104 -40
v -55 104 -41
v -55 105 37
v -55 105 36
v -55 105 34
v -55 105 32
v -55 105 18
v -55 105 17
v -55 105 16
v -55 105 -19
v -55 105 -20
v -55 105 -21
v -55 105 -35
v -55 105 -37
v -55 105 -39
v -55 105 -40
v -55 106 36
v -55 106 34
v -55 106 32
v -55 106 31
v -55 106 -34
v -55 106 -35
v -55 106 -37
v -55 106 -39
v -55 107 34
v -55 107 33
v -55 107 31
v -55 107 30
v -55 107 19
v -55 107 18
v -55 107 17
v -55 107 -20
v -55 107 -21
v -55 107 -22
v -55 107 -33
v -55 107 -34
v -55 107 -36
v -55 107 -37
v -55 108 33
v -55 108 32
v -55 108 30
v -55 108 28
v -55 108 -31
v -55 108 -33
v -55 108 -35
v -55 108 -36
v -55 109 32
v -55 109 30
v -55 109 28
v -55 109 26
v -55 109 20
v -55 109 19
v -55 109 18
v -55 109 -21
v -55 109 -22
v -55 109 -23
v -55 109 -29
v -55 109 -31
v -55 109 -33
v -55 109 -35
v -55 110 30
v -55 110 29
v -55 110 26
v -55 110 25
v -55 110 -28
v -55 110 -29
v -55 110 -32
v -55 110 -33
v -55 111 29
v -55 111 27
v -55 111 25
v -55 111 23
v -55 111 21
v -55 111 20
v -55 111 19
v -55 111 -22
v -55 111 -23
v -55 111 -24
v -55 111 -26
v -55 111 -28
v -55 111 -30
v -55 111 -32
v -55 112 27
v -55 112 25
v -55 112 23
v -55 112 21
v -55 112 -24
v -55 112 -26
v -55 112 -28
v -55 112 -30
v -55 113 25
v -55 113 23
v -55 113 20
v -55 113 18
v -55 113 -21
v -55 113 -23
v -55 113 -26
v -55 113 -28
v -55 114 23
v -55 114 21
v -55 114 18
v -55 114 15
v -55 114 -18
v -55 114 -21
v -55 114 -24
v -55 114 -26
v -55 115 21
v -55 115 18
v -55 115 15
v -55 115 11
v -55 115 -14
v -55 115 -18
v -55 115 -21
v -55 115 -24
v -55 116 18
v -55 116 15
v -55 116 11
v -55 116 6
v -55 116 -9
v -55 116 -14
v -55 116 -18
v -55 116 -21
v -55 117 15
v -55 117 12
v -55 117 6
v -55 117 -1
v -55 117 -2
v -55 117 -9
v -55 117 -15
v -55 117 -18
v -55 118 12
v -55 118 6
v -55 118 -9
v -55 118 -15
v -55 119 6
v -55 119 -9
v -54 1 6
v -54 1 -9
v -54 2 12
v -54 2 6
v -54 2 -9
v -54 2 -15
v -54 3 16
v -54 3 12
v -54 3 -15
v -54 3 -19
v -54 4 19
v -54 4 16
v -54 4 6
v -54 4 -9
v -54 4 -19
v -54 4 -22
v -54 5 21
v -54 5 19
v -54 5 12
v -54 5 6
v -54 5 -9
v -54 5 -15
v -54 5 -22
v -54 5 -24
v -54 6 24
v -54 6 21
v -54 6 15
v -54 6 12
v -54 6 6
v -54 6 -1
v -54 6 -2
v -54 6 -9
v -54 6 -15
v -54 6 -18
v -54 6 -24
v -54 6 -27
v -54 7 26
v -54 7 24
v -54 7 18
v -54 7 15
v -54 7 11
v -54 7 6
v -54 7 -9
v -54 7 -14
v -54 7 -18
v -54 7 -21
v -54 7 -27
v -54 7 -29
v -54 8 28
v -54 8 26
v -54 8 21
v -54 8 18
v -54 8 15
v -54 8 11
v -54 8 -14
v -54 8 -18
v -54 8 -21
v -54 8 -24
v -54 8 -29
v -54 8 -31
v -54 9 29
v -54 9 28
v -54 9 23
v -54 9 21
v -54 9 18
v -54 9 15
v -54 9 -18
v -54 9 -21
v -54 9 -24
v -54 9 -26
v -54 9 -31
v -54 9 -32
v -54 10 31
v -54 10 29
v -54 10 25
v -54 10 23
v -54 10 20
v -54 10 18
v -54 10 -21
v -54 10 -23
v -54 10 -26
v -54 10 -28
v -54 10 -32
v -54 10 -34
v -54 11 33
v -54 11 31
v -54 11 27
v -54 11 25
v -54 11 23
v -54 11 21
v -54 11 -24
v -54 11 -26
v -54 11 -28
v -54 11 -30
v -54 11 -34
v -54 11 -36
v -54 12 34
v -54 12 33
v -54 12 29
v -54 12 27
v -54 12 25
v -54 12 23
v -54 12 21
v -54 12 20
v -54 12 19
v -54 12 -22
v -54 12 -23
v -54 12 -24
v -54 12 -26
v -54 12 -28
v -54 12 -30
v -54 12 -32
v -54 12 -36
v -54 12 -37
v -54 13 35
v -54 13 34
v -54 13 30
v -54 13 29
v -54 13 26
v -54 13 25
v -54 13 -28
v -54 13 -29
v -54 13 -32
v -54 13 -33
v -54 13 -37
v -54 13 -38
v -54 14 37
v -54 14 35
v -54 14 32
v -54 14 30
v -54 14 28
v -54 14 26
v -54 14 20
v -54 14 19
v -54 14 18
v -54 14 -21
v -54 14 -22
v -54 14 -23
v -54 14 -29
v -54 14 -31
v -54 14 -33
v -54 14 -35
v -54 14 -38
v -54 14 -40
v -54 15 38
v -54 15 37
v -54 15 33
v -54 15 32
v -54 15 30
v -54 15 28
v -54 15 -31
v -54 15 -33
v -54 15 -35
v -54 15 -36
v -54 15 -40
v -54 15 -41
v -54 16 39
v -54 16 38
v -54 16 34
v -54 16 33
v -54 16 31
v -54 16 30
v -54 16 19
v -54 16 18
v -54 16 17
v -54 16 -20
v -54 16 -21
v -54 16 -22
v -54 16 -33
v -54 16 -34
v -54 16 -36
v -54 16 -37
v -54 16 -41
v -54 16 -42
v -54 17 40
v -54 17 39
v -54 17 36
v -54 17 34
v -54 17 32
v -54 17 31
v -54 17 -34
v -54 17 -35
v -54 17 -37
v -54 17 -39
v -54 17 -42
v -54 17 -43
v -54 18 41
v -54 18 40
v -54 18 37
v -54 18 36
v -54 18 34
v -54 18 32
v -54 18 18
v -54 18 17
v -54 18 16
v -54 18 -19
v -54 18 -20
v -54 18 -21
v -54 18 -35
v -54 18 -37
v -54 18 -39
v -54 18 -40
v -54 18 -43
v -54 18 -44
v -54 19 42
v -54 19 41
v -54 19 38
v -54 19 37
v -54 19 35
v -54 19 34
v -54 19 -37
v -54 19 -38
v -54 19 -40
v -54 19 -41
v -54 19 -44
v -54 19 -45
v -54 20 43
v -54 20 42
v -54 20 39
v -54 20 38
v -54 20 36
v -54 20 35
v -54 20 17
v -54 20 16
v -54 20 15
v -54 20 -18
v -54 20 -19
v -54 20 -20
v -54 20 -38
v -54 20 -39
v -54 20 -41
v -54 20 -42
v -54 20 -45
v -54 20 -46
v -54 21 44
v -54 21 43
v -54 21 40
v -54 21 39
v -54 21 37
v -54 21 36
v -54 21 -39
v -54 21 -40
v -54 21 -42
v -54 21 -43
v -54 21 -46
v -54 21 -47
v -54 22 45
v -54 22 44
v -54 22 41
v -54 22 40
v -54 22 16
v -54 22 15
v -54 22 14
v -54 22 -17
v -54 22 -18
v -54 22 -19
v -54 22 -43
v -54 22 -44
v -54 22 -47
v -54 22 -48
v -54 23 46
v -54 23 45
v -54 23 42
v -54 23 41
v -54 23 39
v -54 23 37
v -54 23 36
v -54 23 -39
v -54 23 -40
v -54 23 -42
v -54 23 -44
v -54 23 -45
v -54 23 -48
v -54 23 -49
v -54 24 43
v -54 24 42
v -54 24 40
v -54 24 39
v -54 24 37
v -54 24 36
v -54 24 35
v -54 24 15
v -54 24 14
v -54 24 13
v -54 24 -16
v -54 24 -17
v -54 24 -18
v -54 24 -38
v -54 24 -39
v -54 24 -40
v -54 24 -42
v -54 24 -43
v -54 24 -45
v -54 24 -46
v -54 25 47
v -54 25 46
v -54 25 41
v -54 25 40
v -54 25 36
v -54 25 35
v -54 25 34
v -54 25 -37
v -54 25 -38
v -54 25 -39
v -54 25 -43
v -54 25 -44
v -54 25 -49
v -54 25 -50
v -54 26 48
v -54 26 47
v -54 26 44
v -54 26 43
v -54 26 42
v -54 26 41
v -54 26 35
v -54 26 34
v -54 26 33
v -54 26 14
v -54 26 13
v -54 26 12
v -54 26 -15
v -54 26 -16
v -54 26 -17
v -54 26 -36
v -54 26 -37
v -54 26 -38
v -54 26 -44
v -54 26 -45
v -54 26 -46
v -54 26 -47
v -54 26 -50
v -54 26 -51
v -54 27 49
v -54 27 48
v -54 27 45
v -54 27 44
v -54 27 34
v -54 27 33
v -54 27 32
v -54 27 -35
v -54 27 -36
v -54 27 -37
v -54 27 -47
v -54 27 -48
v -54 27 -51
v -54 27 -52
v -54 28 46
v -54 28 45
v -54 28 43
v -54 28 42
v -54 28 33
v -54 28 32
v -54 28 31
v -54 28 13
v -54 28 12
v -54 28 11
v -54 28 -14
v -54 28 -15
v -54 28 -16
v -54 28 -34
v -54 28 -35
v -54 28 -36
v -54 28 -45
v -54 28 -46
v -54 28 -48
v -54 28 -49
v -54 29 50
v -54 29 49
v -54 29 44
v -54 29 43
v -54 29 32
v -54 29 31
v -54 29 30
v -54 29 -33
v -54 29 -34
v -54 29 -35
v -54 29 -46
v -54 29 -47
v -54 29 -52
v -54 29 -53
v -54 30 47
v -54 30 46
v -54 30 45
v -54 30 44
v -54 30 31
v -54 30 30
v -54 30 29
v -54 30 12
v -54 30 11
v -54 30 10
v -54 30 -13
v -54 30 -14
v -54 30 -15
v -54 30 -32
v -54 30 -33
v -54 30 -34
v -54 30 -47
v -54 30 -48
v -54 30 -49
v -54 30 -50
v -54 31 51
v -54 31 50
v -54 31 48
v -54 31 47
v -54 31 30
v -54 31 29
v -54 31 28
v -54 31 -31
v -54 31 -32
v -54 31 -33
v -54 31 -50
v -54 31 -51
v -54 31 -53
v -54 31 -54
v -54 32 52
v -54 32 51
v -54 32 46
v -54 32 45
v -54 32 29
v -54 32 28
v -54 32 27
v -54 32 11
v -54 32 10
v -54 32 9
v -54 32 -12
v -54 32 -13
v -54 32 -14
v -54 32 -30
v -54 32 -31
v -54 32 -32
v -54 32 -48
v -54 32 -49
v -54 32 -54
v -54 32 -55
v -54 33 49
v -54 33 48
v -54 33 28
v -54 33 27
v -54 33 26
v -54 33 -29
v -54 33 -30
v -54 33 -31
v -54 33 -51
v -54 33 -52
v -54 34 53
v -54 34 52
v -54 34 47
v -54 34 46
v -54 34 27
v -54 34 26
v -54 34 25
v -54 34 10
v -54 34 9
v -54 34 8
v -54 34 -11
v -54 34 -12
v -54 34 -13
v -54 34 -28
v -54 34 -29
v -54 34 -30
v -54 34 -49
v -54 34 -50
v -54 34 -55
v -54 34 -56
v -54 35 50
v -54 35 49
v -54 35 48
v -54 35 47
v -54 35 26
v -54 35 25
v -54 35 24
v -54 35 4
v -54 35 -1
v -54 35 -2
v -54 35 -7
v -54 35 -27
v -54 35 -28
v -54 35 -29
v -54 35 -50
v -54 35 -51
v -54 35 -52
v -54 35 -53
v -54 36 54
v -54 36 53
v -54 36 25
v -54 36 24
v -54 36 23
v -54 36 9
v -54 36 8
v -54 36 4
v -54 36 -7
v -54 36 -11
v -54 36 -12
v -54 36 -26
v -54 36 -27
v -54 36 -28
v -54 36 -56
v -54 36 -57
v -54 37 51
v -54 37 50
v -54 37 49
v -54 37 48
v -54 37 24
v -54 37 23
v -54 37 22
v -54 37 10
v -54 37 8
v -54 37 3
v -54 37 -6
v -54 37 -11
v -54 37 -13
v -54 37 -25
v -54 37 -26
v -54 37 -27
v -54 37 -51
v -54 37 -52
v -54 37 -53
v -54 37 -54
v -54 38 23
v -54 38 22
v -54 38 21
v -54 38 12
v -54 38 10
v -54 38 9
v -54 38 7
v -54 38 3
v -54 38 -6
v -54 38 -10
v -54 38 -12
v -54 38 -13
v -54 38 -15
v -54 38 -24
v -54 38 -25
v -54 38 -26
v -54 39 55
v -54 39 54
v -54 39 52
v -54 39 51
v -54 39 49
v -54 39 48
v -54 39 22
v -54 39 21
v -54 39 20
v -54 39 13
v -54 39 12
v -54 39 9
v -54 39 7
v -54 39 -10
v -54 39 -12
v -54 39 -15
v -54 39 -16
v -54 39 -23
v -54 39 -24
v -54 39 -25
v -54 39 -51
v -54 39 -52
v -54 39 -54
v -54 39 -55
v -54 39 -57
v -54 39 -58
v -54 40 50
v -54 40 48
v -54 40 46
v -54 40 21
v -54 40 20
v -54 40 19
v -54 40 15
v -54 40 13
v -54 40 11
v -54 40 9
v -54 40 3
v -54 40 -6
v -54 40 -12
v -54 40 -14
v -54 40 -16
v -54 40 -18
v -54 40 -22
v -54 40 -23
v -54 40 -24
v -54 40 -49
v -54 40 -51
v -54 40 -53
v -54 41 56
v -54 41 55
v -54 41 48
v -54 41 46
v -54 41 44
v -54 41 20
v -54 41 19
v -54 41 18
v -54 41 16
v -54 41 15
v -54 41 13
v -54 41 11
v -54 41 7
v -54 41 3
v -54 41 -6
v -54 41 -10
v -54 41 -14
v -54 41 -16
v -54 41 -18
v -54 41 -19
v -54 41 -21
v -54 41 -22
v -54 41 -23
v -54 41 -47
v -54 41 -49
v -54 41 -51
v -54 41 -58
v -54 41 -59
v -54 42 53
v -54 42 52
v -54 42 51
v -54 42 50
v -54 42 46
v -54 42 44
v -54 42 42
v -54 42 19
v -54 42 18
v -54 42 16
v -54 42 14
v -54 42 13
v -54 42 9
v -54 42 7
v -54 42 -10
v -54 42 -12
v -54 42 -16
v -54 42 -17
v -54 42 -19
v -54 42 -21
v -54 42 -22
v -54 42 -45
v -54 42 -47
v -54 42 -49
v -54 42 -53
v -54 42 -54
v -54 42 -55
v -54 42 -56
v -54 43 44
v -54 43 42
v -54 43 40
v -54 43 15
v -54 43 14
v -54 43 11
v -54 43 9
v -54 43 -12
v -54 43 -14
v -54 43 -17
v -54 43 -18
v -54 43 -43
v -54 43 -45
v -54 43 -47
v -54 44 57
v -54 44 56
v -54 44 42
v -54 44 40
v -54 44 38
v -54 44 19
v -54 44 18
v -54 44 16
v -54 44 15
v -54 44 12
v -54 44 11
v -54 44 -14
v -54 44 -15
v -54 44 -18
v -54 44 -19
v -54 44 -21
v -54 44 -22
v -54 44 -41
v -54 44 -43
v -54 44 -45
v -54 44 -59
v -54 44 -60
v -54 45 54
v -54 45 53
v -54 45 52
v -54 45 51
v -54 45 40
v -54 45 38
v -54 45 36
v -54 45 20
v -54 45 19
v -54 45 17
v -54 45 16
v -54 45 13
v -54 45 12
v -54 45 3
v -54 45 -6
v -54 45 -15
v -54 45 -16
v -54 45 -19
v -54 45 -20
v -54 45 -22
v -54 45 -23
v -54 45 -39
v -54 45 -41
v -54 45 -43
v -54 45 -54
v -54 45 -55
v -54 45 -56
v -54 45 -57
v -54 46 38
v -54 46 36
v -54 46 34
v -54 46 18
v -54 46 17
v -54 46 14
v -54 46 13
v -54 46 5
v -54 46 3
v -54 46 -6
v -54 46 -8
v -54 46 -16
v -54 46 -17
v -54 46 -20
v -54 46 -21
v -54 46 -37
v -54 46 -39
v -54 46 -41
v -54 47 36
v -54 47 34
v -54 47 32
v -54 47 21
v -54 47 20
v -54 47 19
v -54 47 18
v -54 47 15
v -54 47 14
v -54 47 7
v -54 47 5
v -54 47 3
v -54 47 -0
v -54 47 -3
v -54 47 -6
v -54 47 -8
v -54 47 -10
v -54 47 -17
v -54 47 -18
v -54 47 -21
v -54 47 -22
v -54 47 -23
v -54 47 -24
v -54 47 -35
v -54 47 -37
v -54 47 -39
v -54 48 58
v -54 48 57
v -54 48 55
v -54 48 54
v -54 48 34
v -54 48 32
v -54 48 30
v -54 48 22
v -54 48 21
v -54 48 16
v -54 48 15
v -54 48 9
v -54 48 7
v -54 48 5
v -54 48 -8
v -54 48 -10
v -54 48 -12
v -54 48 -18
v -54 48 -19
v -54 48 -24
v -54 48 -25
v -54 48 -33
v -54 48 -35
v -54 48 -37
v -54 48 -57
v -54 48 -58
v -54 48 -60
v -54 48 -61
v -54 49 53
v -54 49 52
v -54 49 32
v -54 49 30
v -54 49 28
v -54 49 20
v -54 49 19
v -54 49 17
v -54 49 16
v -54 49 10
v -54 49 9
v -54 49 7
v -54 49 -0
v -54 49 -3
v -54 49 -10
v -54 49 -12
v -54 49 -13
v -54 49 -19
v -54 49 -20
v -54 49 -22
v -54 49 -23
v -54 49 -31
v -54 49 -33
v -54 49 -35
v -54 49 -55
v -54 49 -56
v -54 50 30
v -54 50 28
v -54 50 26
v -54 50 23
v -54 50 22
v -54 50 11
v -54 50 10
v -54 50 9
v -54 50 8
v -54 50 7
v -54 50 2
v -54 50 -5
v -54 50 -10
v -54 50 -11
v -54 50 -12
v -54 50 -13
v -54 50 -14
v -54 50 -25
v -54 50 -26
v -54 50 -29
v -54 50 -31
v -54 50 -33
v -54 51 28
v -54 51 26
v -54 51 24
v -54 51 21
v -54 51 20
v -54 51 18
v -54 51 17
v -54 51 12
v -54 51 11
v -54 51 10
v -54 51 9
v -54 51 8
v -54 51 7
v -54 51 6
v -54 51 4
v -54 51 2
v -54 51 -5
v -54 51 -7
v -54 51 -9
v -54 51 -10
v -54 51 -11
v -54 51 -12
v -54 51 -13
v -54 51 -14
v -54 51 -15
v -54 51 -20
v -54 51 -21
v -54 51 -23
v -54 51 -24
v -54 51 -27
v -54 51 -29
v -54 51 -31
v -54 52 26
v -54 52 24
v -54 52 23
v -54 52 22
v -54 52 21
v -54 52 10
v -54 52 9
v -54 52 7
v -54 52 6
v -54 52 5
v -54 52 4
v -54 52 2
v -54 52 -5
v -54 52 -7
v -54 52 -8
v -54 52 -9
v -54 52 -10
v -54 52 -12
v -54 52 -13
v -54 52 -24
v -54 52 -25
v -54 52 -26
v -54 52 -27
v -54 52 -29
v -54 53 22
v -54 53 21
v -54 53 19
v -54 53 18
v -54 53 13
v -54 53 12
v -54 53 11
v -54 53 10
v -54 53 9
v -54 53 8
v -54 53 7
v -54 53 6
v -54 53 5
v -54 53 4
v -54 53 -7
v -54 53 -8
v -54 53 -9
v -54 53 -10
v -54 53 -11
v -54 53 -12
v -54 53 -13
v -54 53 -14
v -54 53 -15
v -54 53 -16
v -54 53 -21
v -54 53 -22
v -54 53 -24
v -54 53 -25
v -54 54 59
v -54 54 58
v -54 54 56
v -54 54 55
v -54 54 54
v -54 54 53
v -54 54 9
v -54 54 8
v -54 54 7
v -54 54 6
v -54 54 5
v -54 54 -8
v -54 54 -9
v -54 54 -10
v -54 54 -11
v -54 54 -12
v -54 54 -56
v -54 54 -57
v -54 54 -58
v -54 54 -59
v -54 54 -61
v -54 54 -62
v -54 55 14
v -54 55 13
v -54 55 12
v -54 55 8
v -54 55 7
v -54 55 6
v -54 55 -9
v -54 55 -10
v -54 55 -11
v -54 55 -15
v -54 55 -16
v -54 55 -17
v -54 56 25
v -54 56 24
v -54 56 9
v -54 56 8
v -54 56 7
v -54 56 -10
v -54 56 -11
v -54 56 -12
v -54 56 -27
v -54 56 -28
v -54 57 23
v -54 57 22
v -54 57 20
v -54 57 19
v -54 57 15
v -54 57 14
v -54 57 13
v -54 57 -16
v -54 57 -17
v -54 57 -18
v -54 57 -22
v -54 57 -23
v -54 57 -25
v -54 57 -26
v -54 58 10
v -54 58 9
v -54 58 8
v -54 58 -11
v -54 58 -12
v -54 58 -13
v -54 60 13
v -54 60 11
v -54 60 -14
v -54 60 -16
v -54 61 54
v -54 61 25
v -54 61 -28
v -54 61 -57
v -54 62 54
v -54 62 25
v -54 62 -28
v -54 62 -57
v -54 63 13
v -54 63 11
v -54 63 -14
v -54 63 -16
v -54 65 10
v -54 65 9
v -54 65 8
v -54 65 -11
v -54 65 -12
v -54 65 -13
v -54 66 23
v -54 66 22
v -54 66 20
v -54 66 19
v -54 66 15
v -54 66 14
v -54 66 13
v -54 66 -16
v -54 66 -17
v -54 66 -18
v -54 66 -22
v -54 66 -23
v -54 66 -25
v -54 66 -26
v -54 67 25
v -54 67 24
v -54 67 9
v -54 67 8
v -54 67 7
v -54 67 -10
v -54 67 -11
v -54 67 -12
v -54 67 -27
v -54 67 -28
v -54 68 14
v -54 68 13
v -54 68 12
v -54 68 8
v -54 68 7
v -54 68 6
v -54 68 -9
v -54 68 -10
v -54 68 -11
v -54 68 -15
v -54 68 -16
v -54 68 -17
v -54 69 59
v -54 69 58
v -54 69 56
v -54 69 55
v -54 69 54
v -54 69 53
v -54 69 9
v -54 69 8
v -54 69 7
v -54 69 6
v -54 69 5
v -54 69 -8
v -54 69 -9
v -54 69 -10
v -54 69 -11
v -54 69 -12
v -54 69 -56
v -54 69 -57
v -54 69 -58
v -54 69 -59
v -54 69 -61
v -54 69 -62
v -54 70 22
v -54 70 21
v -54 70 19
v -54 70 18
v -54 70 13
v -54 70 12
v -54 70 11
v -54 70 10
v -54 70 9
v -54 70 8
v -54 70 7
v -54 70 6
v -54 70 5
v -54 70 4
v -54 70 -7
v -54 70 -8
v -54 70 -9
v -54 70 -10
v -54 70 -11
v -54 70 -12
v -54 70 -13
v -54 70 -14
v -54 70 -15
v -54 70 -16
v -54 70 -21
v -54 70 -22
v -54 70 -24
v -54 70 -25
v -54 71 26
v -54 71 24
v -54 71 23
v -54 71 10
v -54 71 9
v -54 71 7
v -54 71 6
v -54 71 5
v -54 71 4
v -54 71 2
v -54 71 -5
v -54 71 -7
v -54 71 -8
v -54 71 -9
v -54 71 -10
v -54 71 -12
v -54 71 -13
v -54 71 -26
v -54 71 -27
v -54 71 -29
v -54 72 28
v -54 72 26
v -54 72 24
v -54 72 21
v -54 72 20
v -54 72 18
v -54 72 17
v -54 72 12
v -54 72 11
v -54 72 10
v -54 72 9
v -54 72 8
v -54 72 7
v -54 72 6
v -54 72 4
v -54 72 2
v -54 72 -5
v -54 72 -7
v -54 72 -9
v -54 72 -10
v -54 72 -11
v -54 72 -12
v -54 72 -13
v -54 72 -14
v -54 72 -15
v -54 72 -20
v -54 72 -21
v -54 72 -23
v -54 72 -24
v -54 72 -27
v -54 72 -29
v -54 72 -31
v -54 73 30
v -54 73 28
v -54 73 26
v -54 73 23
v -54 73 22
v -54 73 11
v -54 73 10
v -54 73 9
v -54 73 8
v -54 73 7
v -54 73 2
v -54 73 -5
v -54 73 -10
v -54 73 -11
v -54 73 -12
v -54 73 -13
v -54 73 -14
v -54 73 -25
v -54 73 -26
v -54 73 -29
v -54 73 -31
v -54 73 -33
v -54 74 53
v -54 74 52
v -54 74 32
v -54 74 30
v -54 74 28
v -54 74 20
v -54 74 19
v -54 74 17
v -54 74 16
v -54 74 10
v -54 74 9
v -54 74 7
v -54 74 -0
v -54 74 -3
v -54 74 -10
v -54 74 -12
v -54 74 -13
v -54 74 -19
v -54 74 -20
v -54 74 -22
v -54 74 -23
v -54 74 -31
v -54 74 -33
v -54 74 -35
v -54 74 -55
v -54 74 -56
v -54 75 58
v -54 75 57
v -54 75 55
v -54 75 54
v -54 75 34
v -54 75 32
v -54 75 30
v -54 75 22
v -54 75 21
v -54 75 16
v -54 75 15
v -54 75 9
v -54 75 7
v -54 75 5
v -54 75 -8
v -54 75 -10
v -54 75 -12
v -54 75 -18
v -54 75 -19
v -54 75 -24
v -54 75 -25
v -54 75 -33
v -54 75 -35
v -54 75 -37
v -54 75 -57
v -54 75 -58
v -54 75 -60
v -54 75 -61
v -54 76 36
v -54 76 34
v -54 76 32
v -54 76 21
v -54 76 20
v -54 76 19
v -54 76 18
v -54 76 15
v -54 76 14
v -54 76 7
v -54 76 5
v -54 76 3
v -54 76 -0
v -54 76 -3
v -54 76 -6
v -54 76 -8
v -54 76 -10
v -54 76 -17
v -54 76 -18
v -54 76 -21
v -54 76 -22
v -54 76 -23
v -54 76 -24
v -54 76 -35
v -54 76 -37
v -54 76 -39
v -54 77 38
v -54 77 36
v -54 77 34
v -54 77 18
v -54 77 17
v -54 77 14
v -54 77 13
v -54 77 5
v -54 77 3
v -54 77 -6
v -54 77 -8
v -54 77 -16
v -54 77 -17
v -54 77 -20
v -54 77 -21
v -54 77 -37
v -54 77 -39
v -54 77 -41
v -54 78 54
v -54 78 53
v -54 78 52
v -54 78 51
v -54 78 40
v -54 78 38
v -54 78 36
v -54 78 20
v -54 78 19
v -54 78 17
v -54 78 16
v -54 78 13
v -54 78 12
v -54 78 3
v -54 78 -6
v -54 78 -15
v -54 78 -16
v -54 78 -19
v -54 78 -20
v -54 78 -22
v -54 78 -23
v -54 78 -39
v -54 78 -41
v -54 78 -43
v -54 78 -54
v -54 78 -55
v -54 78 -56
v -54 78 -57
v -54 79 57
v -54 79 56
v -54 79 42
v -54 79 40
v -54 79 38
v -54 79 19
v -54 79 18
v -54 79 16
v -54 79 15
v -54 79 12
v -54 79 11
v -54 79 -14
v -54 79 -15
v -54 79 -18
v -54 79 -19
v -54 79 -21
v -54 79 -22
v -54 79 -41
v -54 79 -43
v -54 79 -45
v -54 79 -59
v -54 79 -60
v -54 80 44
v -54 80 42
v -54 80 40
v -54 80 15
v -54 80 14
v -54 80 11
v -54 80 9
v -54 80 -12
v -54 80 -14
v -54 80 -17
v -54 80 -18
v -54 80 -43
v -54 80 -45
v -54 80 -47
v -54 81 53
v -54 81 52
v -54 81 51
v -54 81 50
v -54 81 46
v -54 81 44
v -54 81 42
v -54 81 19
v -54 81 18
v -54 81 16
v -54 81 14
v -54 81 13
v -54 81 9
v -54 81 7
v -54 81 -10
v -54 81 -12
v -54 81 -16
v -54 81 -17
v -54 81 -19
v -54 81 -21
v -54 81 -22
v -54 81 -45
v -54 81 -47
v -54 81 -49
v -54 81 -53
v -54 81 -54
v -54 81 -55
v -54 81 -56
v -54 82 56
v -54 82 55
v -54 82 48
v -54 82 46
v -54 82 44
v -54 82 20
v -54 82 19
v -54 82 18
v -54 82 16
v -54 82 15
v -54 82 13
v -54 82 11
v -54 82 7
v -54 82 3
v -54 82 -6
v -54 82 -10
v -54 82 -14
v -54 82 -16
v -54 82 -18
v -54 82 -19
v -54 82 -21
v -54 82 -22
v -54 82 -23
v -54 82 -47
v -54 82 -49
v -54 82 -51
v -54 82 -58
v -54 82 -59
v -54 83 50
v -54 83 48
v -54 83 46
v -54 83 21
v -54 83 20
v -54 83 19
v -54 83 15
v -54 83 13
v -54 83 11
v -54 83 9
v -54 83 3
v -54 83 -6
v -54 83 -12
v -54 83 -14
v -54 83 -16
v -54 83 -18
v -54 83 -22
v -54 83 -23
v -54 83 -24
v -54 83 -49
v -54 83 -51
v -54 83 -53
v -54 84 55
v -54 84 54
v -54 84 52
v -54 84 51
v -54 84 49
v -54 84 48
v -54 84 22
v -54 84 21
v -54 84 20
v -54 84 13
v -54 84 12
v -54 84 9
v -54 84 7
v -54 84 -10
v -54 84 -12
v -54 84 -15
v -54 84 -16
v -54 84 -23
v -54 84 -24
v -54 84 -25
v -54 84 -51
v -54 84 -52
v -54 84 -54
v -54 84 -55
v -54 84 -57
v -54 84 -58
v -54 85 23
v -54 85 22
v -54 85 21
v -54 85 12
v -54 85 10
v -54 85 7
v -54 85 3
v -54 85 -6
v -54 85 -10
v -54 85 -13
v -54 85 -15
v -54 85 -24
v -54 85 -25
v -54 85 -26
v -54 86 51
v -54 86 50
v -54 86 49
v -54 86 48
v -54 86 24
v -54 86 23
v -54 86 22
v -54 86 10
v -54 86 8
v -54 86 3
v -54 86 -6
v -54 86 -11
v -54 86 -13
v -54 86 -25
v -54 86 -26
v -54 86 -27
v -54 86 -51
v -54 86 -52
v -54 86 -53
v -54 86 -54
v -54 87 54
v -54 87 53
v -54 87 25
v -54 87 24
v -54 87 23
v -54 87 9
v -54 87 8
v -54 87 4
v -54 87 -7
v -54 87 -11
v -54 87 -12
v -54 87 -26
v -54 87 -27
v -54 87 -28
v -54 87 -56
v -54 87 -57
v -54 88 50
v -54 88 49
v -54 88 48
v -54 88 47
v -54 88 26
v -54 88 25
v -54 88 24
v -54 88 4
v -54 88 -1
v -54 88 -2
v -54 88 -7
v -54 88 -27
v -54 88 -28
v -54 88 -29
v -54 88 -50
v -54 88 -51
v -54 88 -52
v -54 88 -53
v -54 89 53
v -54 89 52
v -54 89 47
v -54 89 46
v -54 89 27
v -54 89 26
v -54 89 25
v -54 89 10
v -54 89 9
v -54 89 8
v -54 89 -11
v -54 89 -12
v -54 89 -13
v -54 89 -28
v -54 89 -29
v -54 89 -30
v -54 89 -49
v -54 89 -50
v -54 89 -55
v -54 89 -56
v -54 90 49
v -54 90 48
v -54 90 28
v -54 90 27
v -54 90 26
v -54 90 -29
v -54 90 -30
v -54 90 -31
v -54 90 -51
v -54 90 -52
v -54 91 52
v -54 91 51
v -54 91 46
v -54 91 45
v -54 91 29
v -54 91 28
v -54 91 27
v -54 91 11
v -54 91 10
v -54 91 9
v -54 91 -12
v -54 91 -13
v -54 91 -14
v -54 91 -30
v -54 91 -31
v -54 91 -32
v -54 91 -48
v -54 91 -49
v -54 91 -54
v -54 91 -55
v -54 92 51
v -54 92 50
v -54 92 48
v -54 92 47
v -54 92 30
v -54 92 29
v -54 92 28
v -54 92 -31
v -54 92 -32
v -54 92 -33
v -54 92 -50
v -54 92 -51
v -54 92 -53
v -54 92 -54
v -54 93 47
v -54 93 46
v -54 93 45
v -54 93 44
v -54 93 31
v -54 93 30
v -54 93 29
v -54 93 12
v -54 93 11
v -54 93 10
v -54 93 -13
v -54 93 -14
v -54 93 -15
v -54 93 -32
v -54 93 -33
v -54 93 -34
v -54 93 -47
v -54 93 -48
v -54 93 -49
v -54 93 -50
v -54 94 50
v -54 94 49
v -54 94 44
v -54 94 43
v -54 94 32
v -54 94 31
v -54 94 30
v -54 94 -33
v -54 94 -34
v -54 94 -35
v -54 94 -46
v -54 94 -47
v -54 94 -52
v -54 94 -53
v -54 95 46
v -54 95 45
v -54 95 43
v -54 95 42
v -54 95 33
v -54 95 32
v -54 95 31
v -54 95 13
v -54 95 12
v -54 95 11
v -54 95 -14
v -54 95 -15
v -54 95 -16
v -54 95 -34
v -54 95 -35
v -54 95 -36
v -54 95 -45
v -54 95 -46
v -54 95 -48
v -54 95 -49
v -54 96 49
v -54 96 48
v -54 96 45
v -54 96 44
v -54 96 34
v -54 96 33
v -54 96 32
v -54 96 -35
v -54 96 -36
v -54 96 -37
v -54 96 -47
v -54 96 -48
v -54 96 -51
v -54 96 -52
v -54 97 48
v -54 97 47
v -54 97 44
v -54 97 43
v -54 97 42
v -54 97 41
v -54 97 35
v -54 97 34
v -54 97 33
v -54 97 14
v -54 97 13
v -54 97 12
v -54 97 -15
v -54 97 -16
v -54 97 -17
v -54 97 -36
v -54 97 -37
v -54 97 -38
v -54 97 -44
v -54 97 -45
v -54 97 -46
v -54 97 -47
v -54 97 -50
v -54 97 -51
v -54 98 47
v -54 98 46
v -54 98 41
v -54 98 40
v -54 98 36
v -54 98 35
v -54 98 34
v -54 98 -37
v -54 98 -38
v -54 98 -39
v -54 98 -43
v -54 98 -44
v -54 98 -49
v -54 98 -50
v -54 99 43
v -54 99 42
v -54 99 40
v -54 99 39
v -54 99 37
v -54 99 36
v -54 99 35
v -54 99 15
v -54 99 14
v -54 99 13
v -54 99 -16
v -54 99 -17
v -54 99 -18
v -54 99 -38
v -54 99 -39
v -54 99 -40
v -54 99 -42
v -54 99 -43
v -54 99 -45
v -54 99 -46
v -54 100 46
v -54 100 45
v -54 100 42
v -54 100 41
v -54 100 39
v -54 100 37
v -54 100 36
v -54 100 -39
v -54 100 -40
v -54 100 -42
v -54 100 -44
v -54 100 -45
v -54 100 -48
v -54 100 -49
v -54 101 45
v -54 101 44
v -54 101 41
v -54 101 40
v -54 101 16
v -54 101 15
v -54 101 14
v -54 101 -17
v -54 101 -18
v -54 101 -19
v -54 101 -43
v -54 101 -44
v -54 101 -47
v -54 101 -48
v -54 102 44
v -54 102 43
v -54 102 40
v -54 102 39
v -54 102 37
v -54 102 36
v -54 102 -39
v -54 102 -40
v -54 102 -42
v -54 102 -43
v -54 102 -46
v -54 102 -47
v -54 103 43
v -54 103 42
v -54 103 39
v -54 103 38
v -54 103 36
v -54 103 35
v -54 103 17
v -54 103 16
v -54 103 15
v -54 103 -18
v -54 103 -19
v -54 103 -20
v -54 103 -38
v -54 103 -39
v -54 103 -41
v -54 103 -42
v -54 103 -45
v -54 103 -46
v -54 104 42
v -54 104 41
v -54 104 38
v -54 104 37
v -54 104 35
v -54 104 34
v -54 104 -37
v -54 104 -38
v -54 104 -40
v -54 104 -41
v -54 104 -44
v -54 104 -45
v -54 105 41
v -54 105 40
v -54 105 37
v -54 105 36
v -54 105 34
v -54 105 32
v -54 105 18
v -54 105 17
v -54 105 16
v -54 105 -19
v -54 105 -20
v -54 105 -21
v -54 105 -35
v -54 105 -37
v -54 105 -39
v -54 105 -40
v -54 105 -43
v -54 105 -44
v -54 106 40
v -54 106 39
v -54 106 36
v -54 106 34
v -54 106 32
v -54 106 31
v -54 106 -34
v -54 106 -35
v -54 106 -37
v -54 106 -39
v -54 106 -42
v -54 106 -43
v -54 107 39
v -54 107 38
v -54 107 34
v -54 107 33
v -54 107 31
v -54 107 30
v -54 107 19
v -54 107 18
v -54 107 17
v -54 107 -20
v -54 107 -21
v -54 107 -22
v -54 107 -33
v -54 107 -34
v -54 107 -36
v -54 107 -37
v -54 107 -41
v -54 107 -42
v -54 108 38
v -54 108 37
v -54 108 33
v -54 108 32
v -54 108 30
v -54 108 28
v -54 108 -31
v -54 108 -33
v -54 108 -35
v -54 108 -36
v -54 108 -40
v -54 108 -41
v -54 109 37
v -54 109 35
v -54 109 32
v -54 109 30
v -54 109 28
v -54 109 26
v -54 109 20
v -54 109 19
v -54 109 18
v -54 109 -21
v -54 109 -22
v -54 109 -23
v -54 109 -29
v -54 109 -31
v -54 109 -33
v -54 109 -35
v -54 109 -38
v -54 109 -40
v -54 110 35
v -54 110 34
v -54 110 30
v -54 110 29
v -54 110 26
v -54 110 25
v -54 110 -28
v -54 110 -29
v -54 110 -32
v -54 110 -33
v -54 110 -37
v -54 110 -38
v -54 111 34
v -54 111 33
v -54 111 29
v -54 111 27
v -54 111 25
v -54 111 23
v -54 111 21
v -54 111 20
v -54 111 19
v -54 111 -22
v -54 111 -23
v -54 111 -24
v -54 111 -26
v -54 111 -28
v -54 111 -30
v -54 111 -32
v -54 111 -36
v -54 111 -37
v -54 112 33
v -54 112 31
v -54 112 27
v -54 112 25
v -54 112 23
v -54 112 21
v -54 112 -24
v -54 112 -26
v -54 112 -28
v -54 112 -30
v -54 112 -34
v -54 112 -36
v -54 113 31
v -54 113 29
v -54 113 25
v -54 113 23
v -54 113 20
v -54 113 18
v -54 113 -21
v -54 113 -23
v -54 113 -26
v -54 113 -28
v -54 113 -32
v -54 113 -34
v -54 114 29
v -54 114 28
v -54 114 23
v -54 114 21
v -54 114 18
v -54 114 15
v -54 114 -18
v -54 114 -21
v -54 114 -24
v -54 114 -26
v -54 114 -31
v -54 114 -32
v -54 115 28
v -54 115 26
v -54 115 21
v -54 115 18
v -54 115 15
v -54 115 11
v -54 115 -14
v -54 115 -18
v -54 115 -21
v -54 115 -24
v -54 115 -29
v -54 115 -31
v -54 116 26
v -54 116 24
v -54 116 18
v -54 116 15
v -54 116 11
v -54 116 6
v -54 116 -9
v -54 116 -14
v -54 116 -18
v -54 116 -21
v -54 116 -27
v -54 116 -29
v -54 117 24
v -54 117 21
v -54 117 15
v -54 117 12
v -54 117 6
v -54 117 -1
v -54 117 -2
v -54 117 -9
v -54 117 -15
v -54 117 -18
v -54 117 -24
v -54 117 -27
v -54 118 21
v -54 118 19
v -54 118 12
v -54 118 6
v -54 118 -9
v -54 118 -15
v -54 118 -22
v -54 118 -24
v -54 119 19
v -54 119 16
v -54 119 6
v -54 119 -9
v -54 119 -19
v -54 119 -22
v -54 120 16
v -54 120 12
v -54 120 -15
v -54 120 -19
v -54 121 12
v -54 121 6
v -54 121 -9
v -54 121 -15
v -54 122 6
v -54 122 -9
v -53 44 -0
v -53 44 -3
v -53 45 -0
v -53 45 -3
v -53 47 9
v -53 47 8
v -53 47 -11
v -53 47 -12
v -53 48 10
v -53 48 9
v -53 48 8
v -53 48 -11
v -53 48 -12
v -53 48 -13
v -53 49 11
v -53 49 10
v -53 49 9
v -53 49 -12
v -53 49 -13
v -53 49 -14
v -53 50 12
v -53 50 11
v -53 50 10
v -53 50 -13
v -53 50 -14
v -53 50 -15
v -53 51 13
v -53 51 12
v -53 51 11
v -53 51 -14
v -53 51 -15
v -53 51 -16
v -53 52 13
v -53 52 12
v -53 52 -15
v -53 52 -16
v -53 60 16
v -53 60 15
v -53 60 -18
v -53 60 -19
v -53 63 16
v -53 63 15
v -53 63 -18
v -53 63 -19
v -53 71 13
v -53 71 12
v -53 71 -15
v -53 71 -16
v -53 72 13
v -53 72 12
v -53 72 11
v -53 72 -14
v -53 72 -15
v -53 72 -16
v -53 73 12
v -53 73 11
v -53 73 10
v -53 73 -13
v -53 73 -14
v -53 73 -15
v -53 74 11
v -53 74 10
v -53 74 9
v -53 74 -12
v -53 74 -13
v -53 74 -14
v -53 75 10
v -53 75 9
v -53 75 8
v -53 75 -11
v -53 75 -12
v -53 75 -13
v -53 76 9
v -53 76 8
v -53 76 -11
v -53 76 -12
v -53 78 -0
v -53 78 -3
v -53 79 -0
v -53 79 -3
v -52 39 8
v -52 39 7
v -52 39 -10
v -52 39 -11
v -52 40 8
v -52 40 7
v -52 40 6
v -52 40 -9
v -52 40 -10
v -52 40 -11
v -52 42 7
v -52 42 6
v -52 42 5
v -52 42 -8
v -52 42 -9
v -52 42 -10
v -52 44 6
v -52 44 5
v -52 44 4
v -52 44 1
v -52 44 -0
v -52 44 -3
v -52 44 -4
v -52 44 -7
v -52 44 -8
v -52 44 -9
v -52 45 1
v -52 45 -0
v -52 45 -3
v -52 45 -4
v -52 46 5
v -52 46 4
v -52 46 -7
v -52 46 -8
v -52 52 21
v -52 52 20
v -52 52 -23
v -52 52 -24
v -52 53 21
v -52 53 20
v -52 53 18
v -52 53 -21
v -52 53 -23
v -52 53 -24
v -52 54 20
v -52 54 18
v -52 54 16
v -52 54 -19
v -52 54 -21
v -52 54 -23
v -52 55 18
v -52 55 16
v -52 55 14
v -52 55 -17
v -52 55 -19
v -52 55 -21
v -52 56 16
v -52 56 14
v -52 56 -17
v -52 56 -19
v -52 59 16
v -52 59 15
v -52 59 -18
v -52 59 -19
v -52 60 16
v -52 60 15
v -52 60 -18
v -52 60 -19
v -52 63 16
v -52 63 15
v -52 63 -18
v -52 63 -19
v -52 64 16
v -52 64 15
v -52 64 -18
v -52 64 -19
v -52 67 16
v -52 67 14
v -52 67 -17
v -52 67 -19
v -52 68 18
v -52 68 16
v -52 68 14
v -52 68 -17
v -52 68 -19
v -52 68 -21
v -52 69 20
v -52 69 18
v -52 69 16
v -52 69 -19
v -52 69 -21
v -52 69 -23
v -52 70 21
v -52 70 20
v -52 70 18
v -52 70 -21
v -52 70 -23
v -52 70 -24
v -52 71 21
v -52 71 20
v -52 71 -23
v -52 71 -24
v -52 77 5
v -52 77 4
v -52 77 -7
v -52 77 -8
v -52 78 1
v -52 78 -0
v -52 78 -3
v -52 78 -4
v -52 79 6
v -52 79 5
v -52 79 4
v -52 79 1
v -52 79 -0
v -52 79 -3
v -52 79 -4
v -52 79 -7
v -52 79 -8
v -52 79 -9
v -52 81 7
v -52 81 6
v -52 81 5
v -52 81 -8
v -52 81 -9
v -52 81 -10
v -52 83 8
v -52 83 7
v -52 83 6
v -52 83 -9
v -52 83 -10
v -52 83 -11
v -52 84 8
v -52 84 7
v -52 84 -10
v -52 84 -11
v -51 51 2
v -51 51 -5
v -51 52 4
v -51 52 2
v -51 52 -5
v -51 52 -7
v -51 53 5
v -51 53 4
v -51 53 2
v -51 53 -5
v -51 53 -7
v -51 53 -8
v -51 54 6
v -51 54 5
v -51 54 4
v -51 54 -7
v -51 54 -8
v -51 54 -9
v -51 55 7
v -51 55 6
v -51 55 5
v -51 55 -8
v -51 55 -9
v -51 55 -10
v -51 56 8
v -51 56 7
v -51 56 6
v -51 56 -9
v -51 56 -10
v -51 56 -11
v -51 58 9
v -51 58 8
v -51 58 7
v -51 58 -0
v -51 58 -3
v -51 58 -10
v -51 58 -11
v -51 58 -12
v -51 59 1
v -51 59 -0
v -51 59 -3
v -51 59 -4
v -51 60 2
v -51 60 1
v -51 60 -0
v -51 60 -3
v -51 60 -4
v -51 60 -5
v -51 63 2
v -51 63 1
v -51 63 -0
v -51 63 -3
v -51 63 -4
v -51 63 -5
v -51 64 1
v -51 64 -0
v -51 64 -3
v -51 64 -4
v -51 65 9
v -51 65 8
v -51 65 7
v -51 65 -0
v -51 65 -3
v -51 65 -10
v -51 65 -11
v -51 65 -12
v -51 67 8
v -51 67 7
v -51 67 6
v -51 67 -9
v -51 67 -10
v -51 67 -11
v -51 68 7
v -51 68 6
v -51 68 5
v -51 68 -8
v -51 68 -9
v -51 68 -10
v -51 69 6
v -51 69 5
v -51 69 4
v -51 69 -7
v -51 69 -8
v -51 69 -9
v -51 70 5
v -51 70 4
v -51 70 2
v -51 70 -5
v -51 70 -7
v -51 70 -8
v -51 71 4
v -51 71 2
v -51 71 -5
v -51 71 -7
v -51 72 2
v -51 72 -5
v -50 45 -1
v -50 45 -2
v -50 46 -1
v -50 46 -2
v -50 47 9
v -50 47 8
v -50 47 -11
v -50 47 -12
v -50 48 10
v -50 48 9
v -50 48 8
v -50 48 -11
v -50 48 -12
v -50 48 -13
v -50 49 11
v -50 49 10
v -50 49 9
v -50 49 -12
v -50 49 -13
v -50 49 -14
v -50 50 12
v -50 50 11
v -50 50 10
v -50 50 -13
v -50 50 -14
v -50 50 -15
v -50 51 13
v -50 51 12
v -50 51 11
v -50 51 -14
v -50 51 -15
v -50 51 -16
v -50 52 13
v -50 52 12
v -50 52 -1
v -50 52 -2
v -50 52 -15
v -50 52 -16
v -50 55 5
v -50 55 4
v -50 55 -7
v -50 55 -8
v -50 56 5
v -50 56 4
v -50 56 3
v -50 56 -6
v -50 56 -7
v -50 56 -8
v -50 57 4
v -50 57 3
v -50 57 2
v -50 57 -5
v -50 57 -6
v -50 57 -7
v -50 58 3
v -50 58 2
v -50 58 1
v -50 58 -1
v -50 58 -2
v -50 58 -4
v -50 58 -5
v -50 58 -6
v -50 59 2
v -50 59 1
v -50 59 -4
v -50 59 -5
v -50 61 15
v -50 61 14
v -50 61 8
v -50 61 2
v -50 61 -5
v -50 61 -11
v -50 61 -17
v -50 61 -18
v -50 62 15
v -50 62 14
v -50 62 8
v -50 62 2
v -50 62 -5
v -50 62 -11
v -50 62 -17
v -50 62 -18
v -50 64 2
v -50 64 1
v -50 64 -4
v -50 64 -5
v -50 65 3
v -50 65 2
v -50 65 1
v -50 65 -1
v -50 65 -2
v -50 65 -4
v -50 65 -5
v -50 65 -6
v -50 66 4
v -50 66 3
v -50 66 2
v -50 66 -5
v -50 66 -6
v -50 66 -7
v -50 67 5
v -50 67 4
v -50 67 3
v -50 67 -6
v -50 67 -7
v -50 67 -8
v -50 68 5
v -50 68 4
v -50 68 -7
v -50 68 -8
v -50 71 13
v -50 71 12
v -50 71 -1
v -50 71 -2
v -50 71 -15
v -50 71 -16
v -50 72 13
v -50 72 12
v -50 72 11
v -50 72 -14
v -50 72 -15
v -50 72 -16
v -50 73 12
v -50 73 11
v -50 73 10
v -50 73 -13
v -50 73 -14
v -50 73 -15
v -50 74 11
v -50 74 10
v -50 74 9
v -50 74 -12
v -50 74 -13
v -50 74 -14
v -50 75 10
v -50 75 9
v -50 75 8
v -50 75 -11
v -50 75 -12
v -50 75 -13
v -50 76 9
v -50 76 8
v -50 76 -11
v -50 76 -12
v -50 77 -1
v -50 77 -2
v -50 78 -1
v -50 78 -2
v -49 44 -0
v -49 44 -3
v -49 45 -0
v -49 45 -3
v -49 60 16
v -49 60 15
v -49 60 -18
v -49 60 -19
v -49 63 16
v -49 63 15
v -49 63 -18
v -49 63 -19
v -49 78 -0
v -49 78 -3
v -49 79 -0
v -49 79 -3
v -47 44 1
v -47 44 -0
v -47 44 -3
v -47 44 -4
v -47 45 1
v -47 45 -0
v -47 45 -3
v -47 45 -4
v -47 47 9
v -47 47 8
v -47 47 -11
v -47 47 -12
v -47 48 10
v -47 48 9
v -47 48 8
v -47 48 -11
v -47 48 -12
v -47 48 -13
v -47 49 11
v -47 49 10
v -47 49 9
v -47 49 -12
v -47 49 -13
v -47 49 -14
v -47 50 12
v -47 50 11
v -47 50 10
v -47 50 -13
v -47 50 -14
v -47 50 -15
v -47 51 13
v -47 51 12
v -47 51 11
v -47 51 -14
v -47 51 -15
v -47 51 -16
v -47 52 13
v -47 52 12
v -47 52 -1
v -47 52 -2
v -47 52 -15
v -47 52 -16
v -47 55 5
v -47 55 4
v -47 55 -7
v -47 55 -8
v -47 56 5
v -47 56 4
v -47 56 3
v -47 56 -6
v -47 56 -7
v -47 56 -8
v -47 57 4
v -47 57 3
v -47 57 2
v -47 57 -5
v -47 57 -6
v -47 57 -7
v -47 58 3
v -47 58 2
v -47 58 1
v -47 58 -1
v -47 58 -2
v -47 58 -4
v -47 58 -5
v -47 58 -6
v -47 59 16
v -47 59 15
v -47 59 2
v -47 59 1
v -47 59 -4
v -47 59 -5
v -47 59 -18
v -47 59 -19
v -47 60 16
v -47 60 15
v -47 60 -18
v -47 60 -19
v -47 61 8
v -47 61 2
v -47 61 -5
v -47 61 -11
v -47 62 8
v -47 62 2
v -47 62 -5
v -47 62 -11
v -47 63 16
v -47 63 15
v -47 63 -18
v -47 63 -19
v -47 64 16
v -47 64 15
v -47 64 2
v -47 64 1
v -47 64 -4
v -47 64 -5
v -47 64 -18
v -47 64 -19
v -47 65 3
v -47 65 2
v -47 65 1
v -47 65 -1
v -47 65 -2
v -47 65 -4
v -47 65 -5
v -47 65 -6
v -47 66 4
v -47 66 3
v -47 66 2
v -47 66 -5
v -47 66 -6
v -47 66 -7
v -47 67 5
v -47 67 4
v -47 67 3
v -47 67 -6
v -47 67 -7
v -47 67 -8
v -47 68 5
v -47 68 4
v -47 68 -7
v -47 68 -8
v -47 71 13
v -47 71 12
v -47 71 -1
v -47 71 -2
v -47 71 -15
v -47 71 -16
v -47 72 13
v -47 72 12
v -47 72 11
v -47 72 -14
v -47 72 -15
v -47 72 -16
v -47 73 12
v -47 73 11
v -47 73 10
v -47 73 -13
v -47 73 -14
v -47 73 -15
v -47 74 11
v -47 74 10
v -47 74 9
v -47 74 -12
v -47 74 -13
v -47 74 -14
v -47 75 10
v -47 75 9
v -47 75 8
v -47 75 -11
v -47 75 -12
v -47 75 -13
v -47 76 9
v -47 76 8
v -47 76 -11
v -47 76 -12
v -47 78 1
v -47 78 -0
v -47 78 -3
v -47 78 -4
v -47 79 1
v -47 79 -0
v -47 79 -3
v -47 79 -4
v -45 39 8
v -45 39 7
v -45 39 -10
v -45 39 -11
v -45 40 8
v -45 40 7
v -45 40 6
v -45 40 -9
v -45 40 -10
v -45 40 -11
v -45 42 7
v -45 42 6
v -45 42 5
v -45 42 -8
v -45 42 -9
v -45 42 -10
v -45 44 6
v -45 44 5
v -45 44 4
v -45 44 -7
v -45 44 -8
v -45 44 -9
v -45 45 -1
v -45 45 -2
v -45 46 5
v -45 46 4
v -45 46 -1
v -45 46 -2
v -45 46 -7
v -45 46 -8
v -45 52 21
v -45 52 20
v -45 52 -23
v -45 52 -24
v -45 53 21
v -45 53 20
v -45 53 18
v -45 53 -21
v -45 53 -23
v -45 53 -24
v -45 54 20
v -45 54 18
v -45 54 16
v -45 54 -19
v -45 54 -21
v -45 54 -23
v -45 55 18
v -45 55 16
v -45 55 14
v -45 55 -17
v -45 55 -19
v -45 55 -21
v -45 56 16
v -45 56 14
v -45 56 -17
v -45 56 -19
v -45 61 15
v -45 61 14
v -45 61 -17
v -45 61 -18
v -45 62 15
v -45 62 14
v -45 62 -17
v -45 62 -18
v -45 67 16
v -45 67 14
v -45 67 -17
v -45 67 -19
v -45 68 18
v -45 68 16
v -45 68 14
v -45 68 -17
v -45 68 -19
v -45 68 -21
v -45 69 20
v -45 69 18
v -45 69 16
v -45 69 -19
v -45 69 -21
v -45 69 -23
v -45 70 21
v -45 70 20
v -45 70 18
v -45 70 -21
v -45 70 -23
v -45 70 -24
v -45 71 21
v -45 71 20
v -45 71 -23
v -45 71 -24
v -45 77 5
v -45 77 4
v -45 77 -1
v -45 77 -2
v -45 77 -7
v -45 77 -8
v -45 78 -1
v -45 78 -2
v -45 79 6
v -45 79 5
v -45 79 4
v -45 79 -7
v -45 79 -8
v -45 79 -9
v -45 81 7
v -45 81 6
v -45 81 5
v -45 81 -8
v -45 81 -9
v -45 81 -10
v -45 83 8
v -45 83 7
v -45 83 6
v -45 83 -9
v -45 83 -10
v -45 83 -11
v -45 84 8
v -45 84 7
v -45 84 -10
v -45 84 -11
v -44 44 -0
v -44 44 -3
v -44 45 -0
v -44 45 -3
v -44 47 9
v -44 47 8
v -44 47 -11
v -44 47 -12
v -44 48 10
v -44 48 9
v -44 48 8
v -44 48 -11
v -44 48 -12
v -44 48 -13
v -44 49 11
v -44 49 10
v -44 49 9
v -44 49 -12
v -44 49 -13
v -44 49 -14
v -44 50 12
v -44 50 11
v -44 50 10
v -44 50 -13
v -44 50 -14
v -44 50 -15
v -44 51 13
v -44 51 12
v -44 51 11
v -44 51 -14
v -44 51 -15
v -44 51 -16
v -44 52 13
v -44 52 12
v -44 52 -15
v -44 52 -16
v -44 60 16
v -44 60 15
v -44 60 -18
v -44 60 -19
v -44 63 16
v -44 63 15
v -44 63 -18
v -44 63 -19
v -44 71 13
v -44 71 12
v -44 71 -15
v -44 71 -16
v -44 72 13
v -44 72 12
v -44 72 11
v -44 72 -14
v -44 72 -15
v -44 72 -16
v -44 73 12
v -44 73 11
v -44 73 10
v -44 73 -13
v -44 73 -14
v -44 73 -15
v -44 74 11
v -44 74 10
v -44 74 9
v -44 74 -12
v -44 74 -13
v -44 74 -14
v -44 75 10
v -44 75 9
v -44 75 8
v -44 75 -11
v -44 75 -12
v -44 75 -13
v -44 76 9
v -44 76 8
v -44 76 -11
v -44 76 -12
v -44 78 -0
v -44 78 -3
v -44 79 -0
v -44 79 -3
v -41 58 -1
v -41 58 -2
v -41 59 -1
v -41 59 -2
v -41 61 2
v -41 61 1
v -41 61 -4
v -41 61 -5
v -41 62 2
v -41 62 1
v -41 62 -4
v -41 62 -5
v -41 64 -1
v -41 64 -2
v -41 65 -1
v -41 65 -2
v -40 59 1
v -40 59 -0
v -40 59 -3
v -40 59 -4
v -40 60 1
v -40 60 -0
v -40 60 -3
v -40 60 -4
v -40 63 1
v -40 63 -0
v -40 63 -3
v -40 63 -4
v -40 64 1
v -40 64 -0
v -40 64 -3
v -40 64 -4
v -39 58 -0
v -39 58 -1
v -39 58 -2
v -39 58 -3
v -39 59 -0
v -39 59 -1
v -39 59 -2
v -39 59 -3
v -39 60 2
v -39 60 1
v -39 60 -4
v -39 60 -5
v -39 61 2
v -39 61 1
v -39 61 -4
v -39 61 -5
v -39 62 2
v -39 62 1
v -39 62 -4
v -39 62 -5
v -39 63 2
v -39 63 1
v -39 63 -4
v -39 63 -5
v -39 64 -0
v -39 64 -1
v -39 64 -2
v -39 64 -3
v -39 65 -0
v -39 65 -1
v -39 65 -2
v -39 65 -3
v -38 57 -1
v -38 57 -2
v -38 58 -1
v -38 58 -2
v -38 61 3
v -38 61 2
v -38 61 -5
v -38 61 -6
v -38 62 3
v -38 62 2
v -38 62 -5
v -38 62 -6
v -38 65 -1
v -38 65 -2
v -38 66 -1
v -38 66 -2
v -37 57 -0
v -37 57 -1
v -37 57 -2
v -37 57 -3
v -37 58 1
v -37 58 -0
v -37 58 -1
v -37 58 -2
v -37 58 -3
v -37 58 -4
v -37 59 2
v -37 59 1
v -37 59 -0
v -37 59 -3
v -37 59 -4
v -37 59 -5
v -37 60 3
v -37 60 2
v -37 60 1
v -37 60 -4
v -37 60 -5
v -37 60 -6
v -37 61 3
v -37 61 2
v -37 61 -5
v -37 61 -6
v -37 62 3
v -37 62 2
v -37 62 -5
v -37 62 -6
v -37 63 3
v -37 63 2
v -37 63 1
v -37 63 -4
v -37 63 -5
v -37 63 -6
v -37 64 2
v -37 64 1
v -37 64 -0
v -37 64 -3
v -37 64 -4
v -37 64 -5
v -37 65 1
v -37 65 -0
v -37 65 -1
v -37 65 -2
v -37 65 -3
v -37 65 -4
v -37 66 -0
v -37 66 -1
v -37 66 -2
v -37 66 -3
v -36 58 2
v -36 58 1
v -36 58 -4
v -36 58 -5
v -36 59 2
v -36 59 1
v -36 59 -4
v -36 59 -5
v -36 64 2
v -36 64 1
v -36 64 -4
v -36 64 -5
v -36 65 2
v -36 65 1
v -36 65 -4
v -36 65 -5
v -53 1 6
v -53 1 -9
v -53 2 12
v -53 2 6
v -53 2 -9
v -53 2 -15
v -53 3 16
v -53 3 12
v -53 3 -15
v -53 3 -19
v -53 4 19
v -53 4 16
v -53 4 6
v -53 4 -9
v -53 4 -19
v -53 4 -22
v -53 5 21
v -53 5 19
v -53 5 12
v -53 5 6
v -53 5 -9
v -53 5 -15
v -53 5 -22
v -53 5 -24
v -53 6 24
v -53 6 21
v -53 6 15
v -53 6 12
v -53 6 6
v -53 6 -1
v -53 6 -2
v -53 6 -9
v -53 6 -15
v -53 6 -18
v -53 6 -24
v -53 6 -27
v -53 7 26
v -53 7 24
v -53 7 18
v -53 7 15
v -53 7 11
v -53 7 6
v -53 7 -9
v -53 7 -14
v -53 7 -18
v -53 7 -21
v -53 7 -27
v -53 7 -29
v -53 8 28
v -53 8 26
v -53 8 21
v -53 8 18
v -53 8 15
v -53 8 11
v -53 8 -14
v -53 8 -18
v -53 8 -21
v -53 8 -24
v -53 8 -29
v -53 8 -31
v -53 9 29
v -53 9 28
v -53 9 23
v -53 9 21
v -53 9 18
v -53 9 15
v -53 9 -18
v -53 9 -21
v -53 9 -24
v -53 9 -26
v -53 9 -31
v -53 9 -32
v -53 10 31
v -53 10 29
v -53 10 25
v -53 10 23
v -53 10 20
v -53 10 18
v -53 10 -21
v -53 10 -23
v -53 10 -26
v -53 10 -28
v -53 10 -32
v -53 10 -34
v -53 11 33
v -53 11 31
v -53 11 27
v -53 11 25
v -53 11 23
v -53 11 21
v -53 11 -24
v -53 11 -26
v -53 11 -28
v -53 11 -30
v -53 11 -34
v -53 11 -36
v -53 12 34
v -53 12 33
v -53 12 29
v -53 12 27
v -53 12 25
v -53 12 23
v -53 12 21
v -53 12 20
v -53 12 19
v -53 12 -22
v -53 12 -23
v -53 12 -24
v -53 12 -26
v -53 12 -28
v -53 12 -30
v -53 12 -32
v -53 12 -36
v -53 12 -37
v -53 13 35
v -53 13 34
v -53 13 30
v -53 13 29
v -53 13 26
v -53 13 25
v -53 13 -28
v -53 13 -29
v -53 13 -32
v -53 13 -33
v -53 13 -37
v -53 13 -38
v -53 14 37
v -53 14 35
v -53 14 32
v -53 14 30
v -53 14 28
v -53 14 26
v -53 14 20
v -53 14 19
v -53 14 18
v -53 14 -21
v -53 14 -22
v -53 14 -23
v -53 14 -29
v -53 14 -31
v -53 14 -33
v -53 14 -35
v -53 14 -38
v -53 14 -40
v -53 15 38
v -53 15 37
v -53 15 33
v -53 15 32
v -53 15 30
v -53 15 28
v -53 15 -31
v -53 15 -33
v -53 15 -35
v -53 15 -36
v -53 15 -40
v -53 15 -41
v -53 16 39
v -53 16 38
v -53 16 34
v -53 16 33
v -53 16 31
v -53 16 30
v -53 16 19
v -53 16 18
v -53 16 17
v -53 16 -20
v -53 16 -21
v -53 16 -22
v -53 16 -33
v -53 16 -34
v -53 16 -36
v -53 16 -37
v -53 16 -41
v -53 16 -42
v -53 17 40
v -53 17 39
v -53 17 36
v -53 17 34
v -53 17 32
v -53 17 31
v -53 17 -34
v -53 17 -35
v -53 17 -37
v -53 17 -39
v -53 17 -42
v -53 17 -43
v -53 18 41
v -53 18 40
v -53 18 37
v -53 18 36
v -53 18 34
v -53 18 32
v -53 18 18
v -53 18 17
v -53 18 16
v -53 18 -19
v -53 18 -20
v -53 18 -21
v -53 18 -35
v -53 18 -37
v -53 18 -39
v -53 18 -40
v -53 18 -43
v -53 18 -44
v -53 19 42
v -53 19 41
v -53 19 38
v -53 19 37
v -53 19 35
v -53 19 34
v -53 19 -37
v -53 19 -38
v -53 19 -40
v -53 19 -41
v -53 19 -44
v -53 19 -45
v -53 20 43
v -53 20 42
v -53 20 39
v -53 20 38
v -53 20 36
v -53 20 35
v -53 20 17
v -53 20 16
v -53 20 15
v -53 20 -18
v -53 20 -19
v -53 20 -20
v -53 20 -38
v -53 20 -39
v -53 20 -41
v -53 20 -42
v -53 20 -45
v -53 20 -46
v -53 21 44
v -53 21 43
v -53 21 40
v -53 21 39
v -53 21 37
v -53 21 36
v -53 21 -39
v -53 21 -40
v -53 21 -42
v -53 21 -43
v -53 21 -46
v -53 21 -47
v -53 22 45
v -53 22 44
v -53 22 41
v -53 22 40
v -53 22 16
v -53 22 15
v -53 22 14
v -53 22 -17
v -53 22 -18
v -53 22 -19
v -53 22 -43
v -53 22 -44
v -53 22 -47
v -53 22 -48
v -53 23 46
v -53 23 45
v -53 23 42
v -53 23 41
v -53 23 39
v -53 23 37
v -53 23 36
v -53 23 -39
v -53 23 -40
v -53 23 -42
v -53 23 -44
v -53 23 -45
v -53 23 -48
v -53 23 -49
v -53 24 43
v -53 24 42
v -53 24 40
v -53 24 39
v -53 24 37
v -53 24 36
v -53 24 35
v -53 24 15
v -53 24 14
v -53 24 13
v -53 24 -16
v -53 24 -17
v -53 24 -18
v -53 24 -38
v -53 24 -39
v -53 24 -40
v -53 24 -42
v -53 24 -43
v -53 24 -45
v -53 24 -46
v -53 25 47
v -53 25 46
v -53 25 41
v -53 25 40
v -53 25 36
v -53 25 35
v -53 25 34
v -53 25 -37
v -53 25 -38
v -53 25 -39
v -53 25 -43
v -53 25 -44
v -53 25 -49
v -53 25 -50
v -53 26 48
v -53 26 47
v -53 26 44
v -53 26 43
v -53 26 42
v -53 26 41
v -53 26 35
v -53 26 34
v -53 26 33
v -53 26 14
v -53 26 13
v -53 26 12
v -53 26 -15
v -53 26 -16
v -53 26 -17
v -53 26 -36
v -53 26 -37
v -53 26 -38
v -53 26 -44
v -53 26 -45
v -53 26 -46
v -53 26 -47
v -53 26 -50
v -53 26 -51
v -53 27 49
v -53 27 48
v -53 27 45
v -53 27 44
v -53 27 34
v -53 27 33
v -53 27 32
v -53 27 -35
v -53 27 -36
v -53 27 -37
v -53 27 -47
v -53 27 -48
v -53 27 -51
v -53 27 -52
v -53 28 46
v -53 28 45
v -53 28 43
v -53 28 42
v -53 28 33
v -53 28 32
v -53 28 31
v -53 28 13
v -53 28 12
v -53 28 11
v -53 28 -14
v -53 28 -15
v -53 28 -16
v -53 28 -34
v -53 28 -35
v -53 28 -36
v -53 28 -45
v -53 28 -46
v -53 28 -48
v -53 28 -49
v -53 29 50
v -53 29 49
v -53 29 44
v -53 29 43
v -53 29 32
v -53 29 31
v -53 29 30
v -53 29 -33
v -53 29 -34
v -53 29 -35
v -53 29 -46
v -53 29 -47
v -53 29 -52
v -53 29 -53
v -53 30 47
v -53 30 46
v -53 30 45
v -53 30 44
v -53 30 31
v -53 30 30
v -53 30 29
v -53 30 12
v -53 30 11
v -53 30 10
v -53 30 -13
v -53 30 -14
v -53 30 -15
v -53 30 -32
v -53 30 -33
v -53 30 -34
v -53 30 -47
v -53 30 -48
v -53 30 -49
v -53 30 -50
v -53 31 51
v -53 31 50
v -53 31 48
v -53 31 47
v -53 31 30
v -53 31 29
v -53 31 28
v -53 31 -31
v -53 31 -32
v -53 31 -33
v -53 31 -50
v -53 31 -51
v -53 31 -53
v -53 31 -54
v -53 32 52
v -53 32 51
v -53 32 46
v -53 32 45
v -53 32 29
v -53 32 28
v -53 32 27
v -53 32 11
v -53 32 10
v -53 32 9
v -53 32 -12
v -53 32 -13
v -53 32 -14
v -53 32 -30
v -53 32 -31
v -53 32 -32
v -53 32 -48
v -53 32 -49
v -53 32 -54
v -53 32 -55
v -53 33 49
v -53 33 48
v -53 33 28
v -53 33 27
v -53 33 26
v -53 33 -29
v -53 33 -30
v -53 33 -31
v -53 33 -51
v -53 33 -52
v -53 34 53
v -53 34 52
v -53 34 47
v -53 34 46
v -53 34 27
v -53 34 26
v -53 34 25
v -53 34 10
v -53 34 9
v -53 34 8
v -53 34 -11
v -53 34 -12
v -53 34 -13
v -53 34 -28
v -53 34 -29
v -53 34 -30
v -53 34 -49
v -53 34 -50
v -53 34 -55
v -53 34 -56
v -53 35 50
v -53 35 49
v -53 35 48
v -53 35 47
v -53 35 26
v -53 35 25
v -53 35 24
v -53 35 4
v -53 35 -1
v -53 35 -2
v -53 35 -7
v -53 35 -27
v -53 35 -28
v -53 35 -29
v -53 35 -50
v -53 35 -51
v -53 35 -52
v -53 35 -53
v -53 36 54
v -53 36 53
v -53 36 25
v -53 36 24
v -53 36 23
v -53 36 9
v -53 36 8
v -53 36 4
v -53 36 -7
v -53 36 -11
v -53 36 -12
v -53 36 -26
v -53 36 -27
v -53 36 -28
v -53 36 -56
v -53 36 -57
v -53 37 51
v -53 37 50
v -53 37 49
v -53 37 48
v -53 37 24
v -53 37 23
v -53 37 22
v -53 37 10
v -53 37 8
v -53 37 3
v -53 37 -6
v -53 37 -11
v -53 37 -13
v -53 37 -25
v -53 37 -26
v -53 37 -27
v -53 37 -51
v -53 37 -52
v -53 37 -53
v -53 37 -54
v -53 38 23
v -53 38 22
v -53 38 21
v -53 38 12
v -53 38 10
v -53 38 7
v -53 38 3
v -53 38 -6
v -53 38 -10
v -53 38 -13
v -53 38 -15
v -53 38 -24
v -53 38 -25
v -53 38 -26
v -53 39 55
v -53 39 54
v -53 39 52
v -53 39 51
v -53 39 49
v -53 39 48
v -53 39 22
v -53 39 21
v -53 39 20
v -53 39 13
v -53 39 12
v -53 39 9
v -53 39 7
v -53 39 -10
v -53 39 -12
v -53 39 -15
v -53 39 -16
v -53 39 -23
v -53 39 -24
v -53 39 -25
v -53 39 -51
v -53 39 -52
v -53 39 -54
v -53 39 -55
v -53 39 -57
v -53 39 -58
v -53 40 50
v -53 40 48
v -53 40 46
v -53 40 21
v -53 40 20
v -53 40 19
v -53 40 15
v -53 40 13
v -53 40 11
v -53 40 9
v -53 40 3
v -53 40 -6
v -53 40 -12
v -53 40 -14
v -53 40 -16
v -53 40 -18
v -53 40 -22
v -53 40 -23
v -53 40 -24
v -53 40 -49
v -53 40 -51
v -53 40 -53
v -53 41 56
v -53 41 55
v -53 41 48
v -53 41 46
v -53 41 44
v -53 41 20
v -53 41 19
v -53 41 18
v -53 41 16
v -53 41 15
v -53 41 13
v -53 41 11
v -53 41 7
v -53 41 3
v -53 41 -6
v -53 41 -10
v -53 41 -14
v -53 41 -16
v -53 41 -18
v -53 41 -19
v -53 41 -21
v -53 41 -22
v -53 41 -23
v -53 41 -47
v -53 41 -49
v -53 41 -51
v -53 41 -58
v -53 41 -59
v -53 42 53
v -53 42 52
v -53 42 51
v -53 42 50
v -53 42 46
v -53 42 44
v -53 42 42
v -53 42 19
v -53 42 18
v -53 42 16
v -53 42 14
v -53 42 13
v -53 42 9
v -53 42 7
v -53 42 -10
v -53 42 -12
v -53 42 -16
v -53 42 -17
v -53 42 -19
v -53 42 -21
v -53 42 -22
v -53 42 -45
v -53 42 -47
v -53 42 -49
v -53 42 -53
v -53 42 -54
v -53 42 -55
v -53 42 -56
v -53 43 44
v -53 43 42
v -53 43 40
v -53 43 15
v -53 43 14
v -53 43 11
v -53 43 9
v -53 43 -12
v -53 43 -14
v -53 43 -17
v -53 43 -18
v -53 43 -43
v -53 43 -45
v -53 43 -47
v -53 44 57
v -53 44 56
v -53 44 42
v -53 44 40
v -53 44 38
v -53 44 19
v -53 44 18
v -53 44 16
v -53 44 15
v -53 44 12
v -53 44 11
v -53 44 -14
v -53 44 -15
v -53 44 -18
v -53 44 -19
v -53 44 -21
v -53 44 -22
v -53 44 -41
v -53 44 -43
v -53 44 -45
v -53 44 -59
v -53 44 -60
v -53 45 54
v -53 45 53
v -53 45 52
v -53 45 51
v -53 45 40
v -53 45 38
v -53 45 36
v -53 45 20
v -53 45 19
v -53 45 17
v -53 45 16
v -53 45 13
v -53 45 12
v -53 45 -15
v -53 45 -16
v -53 45 -19
v -53 45 -20
v -53 45 -22
v -53 45 -23
v -53 45 -39
v -53 45 -41
v -53 45 -43
v -53 45 -54
v -53 45 -55
v -53 45 -56
v -53 45 -57
v -53 46 38
v -53 46 36
v -53 46 34
v -53 46 18
v -53 46 17
v -53 46 14
v -53 46 13
v -53 46 -16
v -53 46 -17
v -53 46 -20
v -53 46 -21
v -53 46 -37
v -53 46 -39
v -53 46 -41
v -53 47 36
v -53 47 34
v -53 47 32
v -53 47 21
v -53 47 20
v -53 47 19
v -53 47 18
v -53 47 15
v -53 47 14
v -53 47 -17
v -53 47 -18
v -53 47 -21
v -53 47 -22
v -53 47 -23
v -53 47 -24
v -53 47 -35
v -53 47 -37
v -53 47 -39
v -53 48 58
v -53 48 57
v -53 48 55
v -53 48 54
v -53 48 34
v -53 48 32
v -53 48 30
v -53 48 22
v -53 48 21
v -53 48 16
v -53 48 15
v -53 48 -18
v -53 48 -19
v -53 48 -24
v -53 48 -25
v -53 48 -33
v -53 48 -35
v -53 48 -37
v -53 48 -57
v -53 48 -58
v -53 48 -60
v -53 48 -61
v -53 49 53
v -53 49 52
v -53 49 32
v -53 49 30
v -53 49 28
v -53 49 20
v -53 49 19
v -53 49 17
v -53 49 16
v -53 49 -19
v -53 49 -20
v -53 49 -22
v -53 49 -23
v -53 49 -31
v -53 49 -33
v -53 49 -35
v -53 49 -55
v -53 49 -56
v -53 50 30
v -53 50 28
v -53 50 26
v -53 50 23
v -53 50 22
v -53 50 -25
v -53 50 -26
v -53 50 -29
v -53 50 -31
v -53 50 -33
v -53 51 28
v -53 51 26
v -53 51 24
v -53 51 21
v -53 51 20
v -53 51 18
v -53 51 17
v -53 51 -20
v -53 51 -21
v -53 51 -23
v -53 51 -24
v -53 51 -27
v -53 51 -29
v -53 51 -31
v -53 52 26
v -53 52 24
v -53 52 23
v -53 52 -26
v -53 52 -27
v -53 52 -29
v -53 53 22
v -53 53 21
v -53 53 19
v -53 53 18
v -53 53 -21
v -53 53 -22
v -53 53 -24
v -53 53 -25
v -53 54 59
v -53 54 58
v -53 54 56
v -53 54 55
v -53 54 54
v -53 54 53
v -53 54 -56
v -53 54 -57
v -53 54 -58
v -53 54 -59
v -53 54 -61
v -53 54 -62
v -53 56 25
v -53 56 24
v -53 56 -27
v -53 56 -28
v -53 57 23
v -53 57 22
v -53 57 20
v -53 57 19
v -53 57 -22
v -53 57 -23
v -53 57 -25
v -53 57 -26
v -53 61 54
v -53 61 25
v -53 61 -28
v -53 61 -57
v -53 62 54
v -53 62 25
v -53 62 -28
v -53 62 -57
v -53 66 23
v -53 66 22
v -53 66 20
v -53 66 19
v -53 66 -22
v -53 66 -23
v -53 66 -25
v -53 66 -26
v -53 67 25
v -53 67 24
v -53 67 -27
v -53 67 -28
v -53 69 59
v -53 69 58
v -53 69 56
v -53 69 55
v -53 69 54
v -53 69 53
v -53 69 -56
v -53 69 -57
v -53 69 -58
v -53 69 -59
v -53 69 -61
v -53 69 -62
v -53 70 22
v -53 70 21
v -53 70 19
v -53 70 18
v -53 70 -21
v -53 70 -22
v -53 70 -24
v -53 70 -25
v -53 71 26
v -53 71 24
v -53 71 23
v -53 71 -26
v -53 71 -27
v -53 71 -29
v -53 72 28
v -53 72 26
v -53 72 24
v -53 72 21
v -53 72 20
v -53 72 18
v -53 72 17
v -53 72 -20
v -53 72 -21
v -53 72 -23
v -53 72 -24
v -53 72 -27
v -53 72 -29
v -53 72 -31
v -53 73 30
v -53 73 28
v -53 73 26
v -53 73 23
v -53 73 22
v -53 73 -25
v -53 73 -26
v -53 73 -29
v -53 73 -31
v -53 73 -33
v -53 74 53
v -53 74 52
v -53 74 32
v -53 74 30
v -53 74 28
v -53 74 20
v -53 74 19
v -53 74 17
v -53 74 16
v -53 74 -19
v -53 74 -20
v -53 74 -22
v -53 74 -23
v -53 74 -31
v -53 74 -33
v -53 74 -35
v -53 74 -55
v -53 74 -56
v -53 75 58
v -53 75 57
v -53 75 55
v -53 75 54
v -53 75 34
v -53 75 32
v -53 75 30
v -53 75 22
v -53 75 21
v -53 75 16
v -53 75 15
v -53 75 -18
v -53 75 -19
v -53 75 -24
v -53 75 -25
v -53 75 -33
v -53 75 -35
v -53 75 -37
v -53 75 -57
v -53 75 -58
v -53 75 -60
v -53 75 -61
v -53 76 36
v -53 76 34
v -53 76 32
v -53 76 21
v -53 76 20
v -53 76 19
v -53 76 18
v -53 76 15
v -53 76 14
v -53 76 -17
v -53 76 -18
v -53 76 -21
v -53 76 -22
v -53 76 -23
v -53 76 -24
v -53 76 -35
v -53 76 -37
v -53 76 -39
v -53 77 38
v -53 77 36
v -53 77 34
v -53 77 18
v -53 77 17
v -53 77 14
v -53 77 13
v -53 77 -16
v -53 77 -17
v -53 77 -20
v -53 77 -21
v -53 77 -37
v -53 77 -39
v -53 77 -41
v -53 78 54
v -53 78 53
v -53 78 52
v -53 78 51
v -53 78 40
v -53 78 38
v -53 78 36
v -53 78 20
v -53 78 19
v -53 78 17
v -53 78 16
v -53 78 13
v -53 78 12
v -53 78 -15
v -53 78 -16
v -53 78 -19
v -53 78 -20
v -53 78 -22
v -53 78 -23
v -53 78 -39
v -53 78 -41
v -53 78 -43
v -53 78 -54
v -53 78 -55
v -53 78 -56
v -53 78 -57
v -53 79 57
v -53 79 56
v -53 79 42
v -53 79 40
v -53 79 38
v -53 79 19
v -53 79 18
v -53 79 16
v -53 79 15
v -53 79 12
v -53 79 11
v -53 79 -14
v -53 79 -15
v -53 79 -18
v -53 79 -19
v -53 79 -21
v -53 79 -22
v -53 79 -41
v -53 79 -43
v -53 79 -45
v -53 79 -59
v -53 79 -60
v -53 80 44
v -53 80 42
v -53 80 40
v -53 80 15
v -53 80 14
v -53 80 11
v -53 80 9
v -53 80 -12
v -53 80 -14
v -53 80 -17
v -53 80 -18
v -53 80 -43
v -53 80 -45
v -53 80 -47
v -53 81 53
v -53 81 52
v -53 81 51
v -53 81 50
v -53 81 46
v -53 81 44
v -53 81 42
v -53 81 19
v -53 81 18
v -53 81 16
v -53 81 14
v -53 81 13
v -53 81 9
v -53 81 7
v -53 81 -10
v -53 81 -12
v -53 81 -16
v -53 81 -17
v -53 81 -19
v -53 81 -21
v -53 81 -22
v -53 81 -45
v -53 81 -47
v -53 81 -49
v -53 81 -53
v -53 81 -54
v -53 81 -55
v -53 81 -56
v -53 82 56
v -53 82 55
v -53 82 48
v -53 82 46
v -53 82 44
v -53 82 20
v -53 82 19
v -53 82 18
v -53 82 16
v -53 82 15
v -53 82 13
v -53 82 11
v -53 82 7
v -53 82 3
v -53 82 -6
v -53 82 -10
v -53 82 -14
v -53 82 -16
v -53 82 -18
v -53 82 -19
v -53 82 -21
v -53 82 -22
v -53 82 -23
v -53 82 -47
v -53 82 -49
v -53 82 -51
v -53 82 -58
v -53 82 -59
v -53 83 50
v -53 83 48
v -53 83 46
v -53 83 21
v -53 83 20
v -53 83 19
v -53 83 15
v -53 83 13
v -53 83 11
v -53 83 9
v -53 83 3
v -53 83 -6
v -53 83 -12
v -53 83 -14
v -53 83 -16
v -53 83 -18
v -53 83 -22
v -53 83 -23
v -53 83 -24
v -53 83 -49
v -53 83 -51
v -53 83 -53
v -53 84 55
v -53 84 54
v -53 84 52
v -53 84 51
v -53 84 49
v -53 84 48
v -53 84 22
v -53 84 21
v -53 84 20
v -53 84 13
v -53 84 12
v -53 84 9
v -53 84 7
v -53 84 -10
v -53 84 -12
v -53 84 -15
v -53 84 -16
v -53 84 -23
v -53 84 -24
v -53 84 -25
v -53 84 -51
v -53 84 -52
v -53 84 -54
v -53 84 -55
v -53 84 -57
v -53 84 -58
v -53 85 23
v -53 85 22
v -53 85 21
v -53 85 12
v -53 85 10
v -53 85 7
v -53 85 3
v -53 85 -6
v -53 85 -10
v -53 85 -13
v -53 85 -15
v -53 85 -24
v -53 85 -25
v -53 85 -26
v -53 86 51
v -53 86 50
v -53 86 49
v -53 86 48
v -53 86 24
v -53 86 23
v -53 86 22
v -53 86 10
v -53 86 8
v -53 86 3
v -53 86 -6
v -53 86 -11
v -53 86 -13
v -53 86 -25
v -53 86 -26
v -53 86 -27
v -53 86 -51
v -53 86 -52
v -53 86 -53
v -53 86 -54
v -53 87 54
v -53 87 53
v -53 87 25
v -53 87 24
v -53 87 23
v -53 87 9
v -53 87 8
v -53 87 4
v -53 87 -7
v -53 87 -11
v -53 87 -12
v -53 87 -26
v -53 87 -27
v -53 87 -28
v -53 87 -56
v -53 87 -57
v -53 88 50
v -53 88 49
v -53 88 48
v -53 88 47
v -53 88 26
v -53 88 25
v -53 88 24
v -53 88 4
v -53 88 -1
v -53 88 -2
v -53 88 -7
v -53 88 -27
v -53 88 -28
v -53 88 -29
v -53 88 -50
v -53 88 -51
v -53 88 -52
v -53 88 -53
v -53 89 53
v -53 89 52
v -53 89 47
v -53 89 46
v -53 89 27
v -53 89 26
v -53 89 25
v -53 89 10
v -53 89 9
v -53 89 8
v -53 89 -11
v -53 89 -12
v -53 89 -13
v -53 89 -28
v -53 89 -29
v -53 89 -30
v -53 89 -49
v -53 89 -50
v -53 89 -55
v -53 89 -56
v -53 90 49
v -53 90 48
v -53 90 28
v -53 90 27
v -53 90 26
v -53 90 -29
v -53 90 -30
v -53 90 -31
v -53 90 -51
v -53 90 -52
v -53 91 52
v -53 91 51
v -53 91 46
v -53 91 45
v -53 91 29
v -53 91 28
v -53 91 27
v -53 91 11
v -53 91 10
v -53 91 9
v -53 91 -12
v -53 91 -13
v -53 91 -14
v -53 91 -30
v -53 91 -31
v -53 91 -32
v -53 91 -48
v -53 91 -49
v -53 91 -54
v -53 91 -55
v -53 92 51
v -53 92 50
v -53 92 48
v -53 92 47
v -53 92 30
v -53 92 29
v -53 92 28
v -53 92 -31
v -53 92 -32
v -53 92 -33
v -53 92 -50
v -53 92 -51
v -53 92 -53
v -53 92 -54
v -53 93 47
v -53 93 46
v -53 93 45
v -53 93 44
v -53 93 31
v -53 93 30
v -53 93 29
v -53 93 12
v -53 93 11
v -53 93 10
v -53 93 -13
v -53 93 -14
v -53 93 -15
v -53 93 -32
v -53 93 -33
v -53 93 -34
v -53 93 -47
v -53 93 -48
v -53 93 -49
v -53 93 -50
v -53 94 50
v -53 94 49
v -53 94 44
v -53 94 43
v -53 94 32
v -53 94 31
v -53 94 30
v -53 94 -33
v -53 94 -34
v -53 94 -35
v -53 94 -46
v -53 94 -47
v -53 94 -52
v -53 94 -53
v -53 95 46
v -53 95 45
v -53 95 43
v -53 95 42
v -53 95 33
v -53 95 32
v -53 95 31
v -53 95 13
v -53 95 12
v -53 95 11
v -53 95 -14
v -53 95 -15
v -53 95 -16
v -53 95 -34
v -53 95 -35
v -53 95 -36
v -53 95 -45
v -53 95 -46
v -53 95 -48
v -53 95 -49
v -53 96 49
v -53 96 48
v -53 96 45
v -53 96 44
v -53 96 34
v -53 96 33
v -53 96 32
v -53 96 -35
v -53 96 -36
v -53 96 -37
v -53 96 -47
v -53 96 -48
v -53 96 -51
v -53 96 -52
v -53 97 48
v -53 97 47
v -53 97 44
v -53 97 43
v -53 97 42
v -53 97 41
v -53 97 35
v -53 97 34
v -53 97 33
v -53 97 14
v -53 97 13
v -53 97 12
v -53 97 -15
v -53 97 -16
v -53 97 -17
v -53 97 -36
v -53 97 -37
v -53 97 -38
v -53 97 -44
v -53 97 -45
v -53 97 -46
v -53 97 -47
v -53 97 -50
v -53 97 -51
v -53 98 47
v -53 98 46
v -53 98 41
v -53 98 40
v -53 98 36
v -53 98 35
v -53 98 34
v -53 98 -37
v -53 98 -38
v -53 98 -39
v -53 98 -43
v -53 98 -44
v -53 98 -49
v -53 98 -50
v -53 99 43
v -53 99 42
v -53 99 40
v -53 99 39
v -53 99 37
v -53 99 36
v -53 99 35
v -53 99 15
v -53 99 14
v -53 99 13
v -53 99 -16
v -53 99 -17
v -53 99 -18
v -53 99 -38
v -53 99 -39
v -53 99 -40
v -53 99 -42
v -53 99 -43
v -53 99 -45
v -53 99 -46
v -53 100 46
v -53 100 45
v -53 100 42
v -53 100 41
v -53 100 39
v -53 100 37
v -53 100 36
v -53 100 -39
v -53 100 -40
v -53 100 -42
v -53 100 -44
v -53 100 -45
v -53 100 -48
v -53 100 -49
v -53 101 45
v -53 101 44
v -53 101 41
v -53 101 40
v -53 101 16
v -53 101 15
v -53 101 14
v -53 101 -17
v -53 101 -18
v -53 101 -19
v -53 101 -43
v -53 101 -44
v -53 101 -47
v -53 101 -48
v -53 102 44
v -53 102 43
v -53 102 40
v -53 102 39
v -53 102 37
v -53 102 36
v -53 102 -39
v -53 102 -40
v -53 102 -42
v -53 102 -43
v -53 102 -46
v -53 102 -47
v -53 103 43
v -53 103 42
v -53 103 39
v -53 103 38
v -53 103 36
v -53 103 35
v -53 103 17
v -53 103 16
v -53 103 15
v -53 103 -18
v -53 103 -19
v -53 103 -20
v -53 103 -38
v -53 103 -39
v -53 103 -41
v -53 103 -42
v -53 103 -45
v -53 103 -46
v -53 104 42
v -53 104 41
v -53 104 38
v -53 104 37
v -53 104 35
v -53 104 34
v -53 104 -37
v -53 104 -38
v -53 104 -40
v -53 104 -41
v -53 104 -44
v -53 104 -45
v -53 105 41
v -53 105 40
v -53 105 37
v -53 105 36
v -53 105 34
v -53 105 32
v -53 105 18
v -53 105 17
v -53 105 16
v -53 105 -19
v -53 105 -20
v -53 105 -21
v -53 105 -35
v -53 105 -37
v -53 105 -39
v -53 105 -40
v -53 105 -43
v -53 105 -44
v -53 106 40
v -53 106 39
v -53 106 36
v -53 106 34
v -53 106 32
v -53 106 31
v -53 106 -34
v -53 106 -35
v -53 106 -37
v -53 106 -39
v -53 106 -42
v -53 106 -43
v -53 107 39
v -53 107 38
v -53 107 34
v -53 107 33
v -53 107 31
v -53 107 30
v -53 107 19
v -53 107 18
v -53 107 17
v -53 107 -20
v -53 107 -21
v -53 107 -22
v -53 107 -33
v -53 107 -34
v -53 107 -36
v -53 107 -37
v -53 107 -41
v -53 107 -42
v -53 108 38
v -53 108 37
v -53 108 33
v -53 108 32
v -53 108 30
v -53 108 28
v -53 108 -31
v -53 108 -33
v -53 108 -35
v -53 108 -36
v -53 108 -40
v -53 108 -41
v -53 109 37
v -53 109 35
v -53 109 32
v -53 109 30
v -53 109 28
v -53 109 26
v -53 109 20
v -53 109 19
v -53 109 18
v -53 109 -21
v -53 109 -22
v -53 109 -23
v -53 109 -29
v -53 109 -31
v -53 109 -33
v -53 109 -35
v -53 109 -38
v -53 109 -40
v -53 110 35
v -53 110 34
v -53 110 30
v -53 110 29
v -53 110 26
v -53 110 25
v -53 110 -28
v -53 110 -29
v -53 110 -32
v -53 110 -33
v -53 110 -37
v -53 110 -38
v -53 111 34
v -53 111 33
v -53 111 29
v -53 111 27
v -53 111 25
v -53 111 23
v -53 111 21
v -53 111 20
v -53 111 19
v -53 111 -22
v -53 111 -23
v -53 111 -24
v -53 111 -26
v -53 111 -28
v -53 111 -30
v -53 111 -32
v -53 111 -36
v -53 111 -37
v -53 112 33
v -53 112 31
v -53 112 27
v -53 112 25
v -53 112 23
v -53 112 21
v -53 112 -24
v -53 112 -26
v -53 112 -28
v -53 112 -30
v -53 112 -34
v -53 112 -36
v -53 113 31
v -53 113 29
v -53 113 25
v -53 113 23
v -53 113 20
v -53 113 18
v -53 113 -21
v -53 113 -23
v -53 113 -26
v -53 113 -28
v -53 113 -32
v -53 113 -34
v -53 114 29
v -53 114 28
v -53 114 23
v -53 114 21
v -53 114 18
v -53 114 15
v -53 114 -18
v -53 114 -21
v -53 114 -24
v -53 114 -26
v -53 114 -31
v -53 114 -32
v -53 115 28
v -53 115 26
v -53 115 21
v -53 115 18
v -53 115 15
v -53 115 11
v -53 115 -14
v -53 115 -18
v -53 115 -21
v -53 115 -24
v -53 115 -29
v -53 115 -31
v -53 116 26
v -53 116 24
v -53 116 18
v -53 116 15
v -53 116 11
v -53 116 6
v -53 116 -9
v -53 116 -14
v -53 116 -18
v -53 116 -21
v -53 116 -27
v -53 116 -29
v -53 117 24
v -53 117 21
v -53 117 15
v -53 117 12
v -53 117 6
v -53 117 -1
v -53 117 -2
v -53 117 -9
v -53 117 -15
v -53 117 -18
v -53 117 -24
v -53 117 -27
v -53 118 21
v -53 118 19
v -53 118 12
v -53 118 6
v -53 118 -9
v -53 118 -15
v -53 118 -22
v -53 118 -24
v -53 119 19
v -53 119 16
v -53 119 6
v -53 119 -9
v -53 119 -19
v -53 119 -22
v -53 120 16
v -53 120 12
v -53 120 -15
v -53 120 -19
v -53 121 12
v -53 121 6
v -53 121 -9
v -53 121 -15
v -53 122 6
v -53 122 -9
v -52 4 6
v -52 4 -9
v -52 5 12
v -52 5 6
v -52 5 -9
v -52 5 -15
v -52 6 15
v -52 6 12
v -52 6 6
v -52 6 -1
v -52 6 -2
v -52 6 -9
v -52 6 -15
v -52 6 -18
v -52 7 18
v -52 7 15
v -52 7 11
v -52 7 6
v -52 7 -9
v -52 7 -14
v -52 7 -18
v -52 7 -21
v -52 8 21
v -52 8 18
v -52 8 15
v -52 8 11
v -52 8 -14
v -52 8 -18
v -52 8 -21
v -52 8 -24
v -52 9 23
v -52 9 21
v -52 9 18
v -52 9 15
v -52 9 -18
v -52 9 -21
v -52 9 -24
v -52 9 -26
v -52 10 25
v -52 10 23
v -52 10 20
v -52 10 18
v -52 10 -21
v -52 10 -23
v -52 10 -26
v -52 10 -28
v -52 11 27
v -52 11 25
v -52 11 23
v -52 11 21
v -52 11 -24
v -52 11 -26
v -52 11 -28
v -52 11 -30
v -52 12 29
v -52 12 27
v -52 12 25
v -52 12 23
v -52 12 21
v -52 12 20
v -52 12 19
v -52 12 -22
v -52 12 -23
v -52 12 -24
v -52 12 -26
v -52 12 -28
v -52 12 -30
v -52 12 -32
v -52 13 30
v -52 13 29
v -52 13 26
v -52 13 25
v -52 13 -28
v -52 13 -29
v -52 13 -32
v -52 13 -33
v -52 14 32
v -52 14 30
v -52 14 28
v -52 14 26
v -52 14 20
v -52 14 19
v -52 14 18
v -52 14 -21
v -52 14 -22
v -52 14 -23
v -52 14 -29
v -52 14 -31
v -52 14 -33
v -52 14 -35
v -52 15 33
v -52 15 32
v -52 15 30
v -52 15 28
v -52 15 -31
v -52 15 -33
v -52 15 -35
v -52 15 -36
v -52 16 34
v -52 16 33
v -52 16 31
v -52 16 30
v -52 16 19
v -52 16 18
v -52 16 17
v -52 16 -20
v -52 16 -21
v -52 16 -22
v -52 16 -33
v -52 16 -34
v -52 16 -36
v -52 16 -37
v -52 17 36
v -52 17 34
v -52 17 32
v -52 17 31
v -52 17 -34
v -52 17 -35
v -52 17 -37
v -52 17 -39
v -52 18 37
v -52 18 36
v -52 18 34
v -52 18 32
v -52 18 18
v -52 18 17
v -52 18 16
v -52 18 -19
v -52 18 -20
v -52 18 -21
v -52 18 -35
v -52 18 -37
v -52 18 -39
v -52 18 -40
v -52 19 38
v -52 19 37
v -52 19 35
v -52 19 34
v -52 19 -37
v -52 19 -38
v -52 19 -40
v -52 19 -41
v -52 20 39
v -52 20 38
v -52 20 36
v -52 20 35
v -52 20 17
v -52 20 16
v -52 20 15
v -52 20 -18
v -52 20 -19
v -52 20 -20
v -52 20 -38
v -52 20 -39
v -52 20 -41
v -52 20 -42
v -52 21 40
v -52 21 39
v -52 21 37
v -52 21 36
v -52 21 -39
v -52 21 -40
v -52 21 -42
v -52 21 -43
v -52 22 41
v -52 22 40
v -52 22 16
v -52 22 15
v -52 22 14
v -52 22 -17
v -52 22 -18
v -52 22 -19
v -52 22 -43
v -52 22 -44
v -52 23 42
v -52 23 41
v -52 23 39
v -52 23 37
v -52 23 36
v -52 23 -39
v -52 23 -40
v -52 23 -42
v -52 23 -44
v -52 23 -45
v -52 24 43
v -52 24 42
v -52 24 40
v -52 24 39
v -52 24 37
v -52 24 36
v -52 24 35
v -52 24 15
v -52 24 14
v -52 24 13
v -52 24 -16
v -52 24 -17
v -52 24 -18
v -52 24 -38
v -52 24 -39
v -52 24 -40
v -52 24 -42
v -52 24 -43
v -52 24 -45
v -52 24 -46
v -52 25 41
v -52 25 40
v -52 25 36
v -52 25 35
v -52 25 34
v -52 25 -37
v -52 25 -38
v -52 25 -39
v -52 25 -43
v -52 25 -44
v -52 26 44
v -52 26 43
v -52 26 42
v -52 26 41
v -52 26 35
v -52 26 34
v -52 26 33
v -52 26 14
v -52 26 13
v -52 26 12
v -52 26 -15
v -52 26 -16
v -52 26 -17
v -52 26 -36
v -52 26 -37
v -52 26 -38
v -52 26 -44
v -52 26 -45
v -52 26 -46
v -52 26 -47
v -52 27 45
v -52 27 44
v -52 27 34
v -52 27 33
v -52 27 32
v -52 27 -35
v -52 27 -36
v -52 27 -37
v -52 27 -47
v -52 27 -48
v -52 28 46
v -52 28 45
v -52 28 43
v -52 28 42
v -52 28 33
v -52 28 32
v -52 28 31
v -52 28 13
v -52 28 12
v -52 28 11
v -52 28 -14
v -52 28 -15
v -52 28 -16
v -52 28 -34
v -52 28 -35
v -52 28 -36
v -52 28 -45
v -52 28 -46
v -52 28 -48
v -52 28 -49
v -52 29 44
v -52 29 43
v -52 29 32
v -52 29 31
v -52 29 30
v -52 29 -33
v -52 29 -34
v -52 29 -35
v -52 29 -46
v -52 29 -47
v -52 30 47
v -52 30 46
v -52 30 45
v -52 30 44
v -52 30 31
v -52 30 30
v -52 30 29
v -52 30 12
v -52 30 11
v -52 30 10
v -52 30 -13
v -52 30 -14
v -52 30 -15
v -52 30 -32
v -52 30 -33
v -52 30 -34
v -52 30 -47
v -52 30 -48
v -52 30 -49
v -52 30 -50
v -52 31 48
v -52 31 47
v -52 31 30
v -52 31 29
v -52 31 28
v -52 31 -31
v -52 31 -32
v -52 31 -33
v -52 31 -50
v -52 31 -51
v -52 32 46
v -52 32 45
v -52 32 29
v -52 32 28
v -52 32 27
v -52 32 11
v -52 32 10
v -52 32 9
v -52 32 -12
v -52 32 -13
v -52 32 -14
v -52 32 -30
v -52 32 -31
v -52 32 -32
v -52 32 -48
v -52 32 -49
v -52 33 49
v -52 33 48
v -52 33 28
v -52 33 27
v -52 33 26
v -52 33 -29
v -52 33 -30
v -52 33 -31
v -52 33 -51
v -52 33 -52
v -52 34 47
v -52 34 46
v -52 34 27
v -52 34 26
v -52 34 25
v -52 34 10
v -52 34 9
v -52 34 8
v -52 34 -11
v -52 34 -12
v -52 34 -13
v -52 34 -28
v -52 34 -29
v -52 34 -30
v -52 34 -49
v -52 34 -50
v -52 35 50
v -52 35 49
v -52 35 48
v -52 35 47
v -52 35 26
v -52 35 25
v -52 35 24
v -52 35 4
v -52 35 -1
v -52 35 -2
v -52 35 -7
v -52 35 -27
v -52 35 -28
v -52 35 -29
v -52 35 -50
v -52 35 -51
v -52 35 -52
v -52 35 -53
v -52 36 25
v -52 36 24
v -52 36 23
v -52 36 9
v -52 36 8
v -52 36 4
v -52 36 -7
v -52 36 -11
v -52 36 -12
v -52 36 -26
v -52 36 -27
v -52 36 -28
v -52 37 51
v -52 37 50
v -52 37 49
v -52 37 48
v -52 37 24
v -52 37 23
v -52 37 22
v -52 37 10
v -52 37 8
v -52 37 3
v -52 37 -6
v -52 37 -11
v -52 37 -13
v -52 37 -25
v -52 37 -26
v -52 37 -27
v -52 37 -51
v -52 37 -52
v -52 37 -53
v -52 37 -54
v -52 38 23
v -52 38 22
v -52 38 21
v -52 38 12
v -52 38 10
v -52 38 8
v -52 38 7
v -52 38 3
v -52 38 -6
v -52 38 -10
v -52 38 -11
v -52 38 -13
v -52 38 -15
v -52 38 -24
v -52 38 -25
v -52 38 -26
v -52 39 52
v -52 39 51
v -52 39 49
v -52 39 48
v -52 39 22
v -52 39 21
v -52 39 20
v -52 39 13
v -52 39 12
v -52 39 9
v -52 39 8
v -52 39 -11
v -52 39 -12
v -52 39 -15
v -52 39 -16
v -52 39 -23
v -52 39 -24
v -52 39 -25
v -52 39 -51
v -52 39 -52
v -52 39 -54
v -52 39 -55
v -52 40 50
v -52 40 48
v -52 40 46
v -52 40 21
v -52 40 20
v -52 40 19
v -52 40 15
v -52 40 13
v -52 40 11
v -52 40 9
v -52 40 -12
v -52 40 -14
v -52 40 -16
v -52 40 -18
v -52 40 -22
v -52 40 -23
v -52 40 -24
v -52 40 -49
v -52 40 -51
v -52 40 -53
v -52 41 48
v -52 41 46
v -52 41 44
v -52 41 20
v -52 41 19
v -52 41 18
v -52 41 16
v -52 41 15
v -52 41 13
v -52 41 11
v -52 41 -14
v -52 41 -16
v -52 41 -18
v -52 41 -19
v -52 41 -21
v -52 41 -22
v -52 41 -23
v -52 41 -47
v -52 41 -49
v -52 41 -51
v -52 42 53
v -52 42 52
v -52 42 51
v -52 42 50
v -52 42 46
v -52 42 44
v -52 42 42
v -52 42 19
v -52 42 18
v -52 42 16
v -52 42 14
v -52 42 13
v -52 42 -16
v -52 42 -17
v -52 42 -19
v -52 42 -21
v -52 42 -22
v -52 42 -45
v -52 42 -47
v -52 42 -49
v -52 42 -53
v -52 42 -54
v -52 42 -55
v -52 42 -56
v -52 43 44
v -52 43 42
v -52 43 40
v -52 43 15
v -52 43 14
v -52 43 -17
v -52 43 -18
v -52 43 -43
v -52 43 -45
v -52 43 -47
v -52 44 42
v -52 44 40
v -52 44 38
v -52 44 19
v -52 44 18
v -52 44 16
v -52 44 15
v -52 44 -0
v -52 44 -3
v -52 44 -18
v -52 44 -19
v -52 44 -21
v -52 44 -22
v -52 44 -41
v -52 44 -43
v -52 44 -45
v -52 45 54
v -52 45 53
v -52 45 52
v -52 45 51
v -52 45 40
v -52 45 38
v -52 45 36
v -52 45 20
v -52 45 19
v -52 45 17
v -52 45 16
v -52 45 -0
v -52 45 -3
v -52 45 -19
v -52 45 -20
v -52 45 -22
v -52 45 -23
v -52 45 -39
v -52 45 -41
v -52 45 -43
v -52 45 -54
v -52 45 -55
v -52 45 -56
v -52 45 -57
v -52 46 38
v -52 46 36
v -52 46 34
v -52 46 18
v -52 46 17
v -52 46 -20
v -52 46 -21
v -52 46 -37
v -52 46 -39
v -52 46 -41
v -52 47 36
v -52 47 34
v -52 47 32
v -52 47 21
v -52 47 20
v -52 47 19
v -52 47 18
v -52 47 9
v -52 47 8
v -52 47 -11
v -52 47 -12
v -52 47 -21
v -52 47 -22
v -52 47 -23
v -52 47 -24
v -52 47 -35
v -52 47 -37
v -52 47 -39
v -52 48 55
v -52 48 54
v -52 48 34
v -52 48 32
v -52 48 30
v -52 48 22
v -52 48 21
v -52 48 10
v -52 48 9
v -52 48 8
v -52 48 -11
v -52 48 -12
v -52 48 -13
v -52 48 -24
v -52 48 -25
v -52 48 -33
v -52 48 -35
v -52 48 -37
v -52 48 -57
v -52 48 -58
v -52 49 53
v -52 49 52
v -52 49 32
v -52 49 30
v -52 49 28
v -52 49 20
v -52 49 19
v -52 49 11
v -52 49 10
v -52 49 9
v -52 49 -12
v -52 49 -13
v -52 49 -14
v -52 49 -22
v -52 49 -23
v -52 49 -31
v -52 49 -33
v -52 49 -35
v -52 49 -55
v -52 49 -56
v -52 50 30
v -52 50 28
v -52 50 26
v -52 50 23
v -52 50 22
v -52 50 12
v -52 50 11
v -52 50 10
v -52 50 -13
v -52 50 -14
v -52 50 -15
v -52 50 -25
v -52 50 -26
v -52 50 -29
v -52 50 -31
v -52 50 -33
v -52 51 28
v -52 51 26
v -52 51 24
v -52 51 21
v -52 51 20
v -52 51 13
v -52 51 12
v -52 51 11
v -52 51 -14
v -52 51 -15
v -52 51 -16
v -52 51 -23
v -52 51 -24
v -52 51 -27
v -52 51 -29
v -52 51 -31
v -52 52 26
v -52 52 24
v -52 52 23
v -52 52 22
v -52 52 21
v -52 52 13
v -52 52 12
v -52 52 -15
v -52 52 -16
v -52 52 -24
v -52 52 -25
v -52 52 -26
v -52 52 -27
v -52 52 -29
v -52 53 22
v -52 53 -25
v -52 54 56
v -52 54 55
v -52 54 54
v -52 54 53
v -52 54 -56
v -52 54 -57
v -52 54 -58
v -52 54 -59
v -52 56 25
v -52 56 24
v -52 56 -27
v -52 56 -28
v -52 57 23
v -52 57 22
v -52 57 -25
v -52 57 -26
v -52 60 16
v -52 60 15
v -52 60 -18
v -52 60 -19
v -52 61 54
v -52 61 25
v -52 61 -28
v -52 61 -57
v -52 62 54
v -52 62 25
v -52 62 -28
v -52 62 -57
v -52 63 16
v -52 63 15
v -52 63 -18
v -52 63 -19
v -52 66 23
v -52 66 22
v -52 66 -25
v -52 66 -26
v -52 67 25
v -52 67 24
v -52 67 -27
v -52 67 -28
v -52 69 56
v -52 69 55
v -52 69 54
v -52 69 53
v -52 69 -56
v -52 69 -57
v -52 69 -58
v -52 69 -59
v -52 70 22
v -52 70 -25
v -52 71 26
v -52 71 24
v -52 71 23
v -52 71 22
v -52 71 21
v -52 71 13
v -52 71 12
v -52 71 -15
v -52 71 -16
v -52 71 -24
v -52 71 -25
v -52 71 -26
v -52 71 -27
v -52 71 -29
v -52 72 28
v -52 72 26
v -52 72 24
v -52 72 21
v -52 72 20
v -52 72 13
v -52 72 12
v -52 72 11
v -52 72 -14
v -52 72 -15
v -52 72 -16
v -52 72 -23
v -52 72 -24
v -52 72 -27
v -52 72 -29
v -52 72 -31
v -52 73 30
v -52 73 28
v -52 73 26
v -52 73 23
v -52 73 22
v -52 73 12
v -52 73 11
v -52 73 10
v -52 73 -13
v -52 73 -14
v -52 73 -15
v -52 73 -25
v -52 73 -26
v -52 73 -29
v -52 73 -31
v -52 73 -33
v -52 74 53
v -52 74 52
v -52 74 32
v -52 74 30
v -52 74 28
v -52 74 20
v -52 74 19
v -52 74 11
v -52 74 10
v -52 74 9
v -52 74 -12
v -52 74 -13
v -52 74 -14
v -52 74 -22
v -52 74 -23
v -52 74 -31
v -52 74 -33
v -52 74 -35
v -52 74 -55
v -52 74 -56
v -52 75 55
v -52 75 54
v -52 75 34
v -52 75 32
v -52 75 30
v -52 75 22
v -52 75 21
v -52 75 10
v -52 75 9
v -52 75 8
v -52 75 -11
v -52 75 -12
v -52 75 -13
v -52 75 -24
v -52 75 -25
v -52 75 -33
v -52 75 -35
v -52 75 -37
v -52 75 -57
v -52 75 -58
v -52 76 36
v -52 76 34
v -52 76 32
v -52 76 21
v -52 76 20
v -52 76 19
v -52 76 18
v -52 76 9
v -52 76 8
v -52 76 -11
v -52 76 -12
v -52 76 -21
v -52 76 -22
v -52 76 -23
v -52 76 -24
v -52 76 -35
v -52 76 -37
v -52 76 -39
v -52 77 38
v -52 77 36
v -52 77 34
v -52 77 18
v -52 77 17
v -52 77 -20
v -52 77 -21
v -52 77 -37
v -52 77 -39
v -52 77 -41
v -52 78 54
v -52 78 53
v -52 78 52
v -52 78 51
v -52 78 40
v -52 78 38
v -52 78 36
v -52 78 20
v -52 78 19
v -52 78 17
v -52 78 16
v -52 78 -0
v -52 78 -3
v -52 78 -19
v -52 78 -20
v -52 78 -22
v -52 78 -23
v -52 78 -39
v -52 78 -41
v -52 78 -43
v -52 78 -54
v -52 78 -55
v -52 78 -56
v -52 78 -57
v -52 79 42
v -52 79 40
v -52 79 38
v -52 79 19
v -52 79 18
v -52 79 16
v -52 79 15
v -52 79 -0
v -52 79 -3
v -52 79 -18
v -52 79 -19
v -52 79 -21
v -52 79 -22
v -52 79 -41
v -52 79 -43
v -52 79 -45
v -52 80 44
v -52 80 42
v -52 80 40
v -52 80 15
v -52 80 14
v -52 80 -17
v -52 80 -18
v -52 80 -43
v -52 80 -45
v -52 80 -47
v -52 81 53
v -52 81 52
v -52 81 51
v -52 81 50
v -52 81 46
v -52 81 44
v -52 81 42
v -52 81 19
v -52 81 18
v -52 81 16
v -52 81 14
v -52 81 13
v -52 81 -16
v -52 81 -17
v -52 81 -19
v -52 81 -21
v -52 81 -22
v -52 81 -45
v -52 81 -47
v -52 81 -49
v -52 81 -53
v -52 81 -54
v -52 81 -55
v -52 81 -56
v -52 82 48
v -52 82 46
v -52 82 44
v -52 82 20
v -52 82 19
v -52 82 18
v -52 82 16
v -52 82 15
v -52 82 13
v -52 82 11
v -52 82 -14
v -52 82 -16
v -52 82 -18
v -52 82 -19
v -52 82 -21
v -52 82 -22
v -52 82 -23
v -52 82 -47
v -52 82 -49
v -52 82 -51
v -52 83 50
v -52 83 48
v -52 83 46
v -52 83 21
v -52 83 20
v -52 83 19
v -52 83 15
v -52 83 13
v -52 83 11
v -52 83 9
v -52 83 -12
v -52 83 -14
v -52 83 -16
v -52 83 -18
v -52 83 -22
v -52 83 -23
v -52 83 -24
v -52 83 -49
v -52 83 -51
v -52 83 -53
v -52 84 52
v -52 84 51
v -52 84 49
v -52 84 48
v -52 84 22
v -52 84 21
v -52 84 20
v -52 84 13
v -52 84 12
v -52 84 9
v -52 84 8
v -52 84 -11
v -52 84 -12
v -52 84 -15
v -52 84 -16
v -52 84 -23
v -52 84 -24
v -52 84 -25
v -52 84 -51
v -52 84 -52
v -52 84 -54
v -52 84 -55
v -52 85 23
v -52 85 22
v -52 85 21
v -52 85 12
v -52 85 10
v -52 85 8
v -52 85 7
v -52 85 3
v -52 85 -6
v -52 85 -10
v -52 85 -11
v -52 85 -13
v -52 85 -15
v -52 85 -24
v -52 85 -25
v -52 85 -26
v -52 86 51
v -52 86 50
v -52 86 49
v -52 86 48
v -52 86 24
v -52 86 23
v -52 86 22
v -52 86 10
v -52 86 8
v -52 86 3
v -52 86 -6
v -52 86 -11
v -52 86 -13
v -52 86 -25
v -52 86 -26
v -52 86 -27
v -52 86 -51
v -52 86 -52
v -52 86 -53
v -52 86 -54
v -52 87 25
v -52 87 24
v -52 87 23
v -52 87 9
v -52 87 8
v -52 87 4
v -52 87 -7
v -52 87 -11
v -52 87 -12
v -52 87 -26
v -52 87 -27
v -52 87 -28
v -52 88 50
v -52 88 49
v -52 88 48
v -52 88 47
v -52 88 26
v -52 88 25
v -52 88 24
v -52 88 4
v -52 88 -1
v -52 88 -2
v -52 88 -7
v -52 88 -27
v -52 88 -28
v -52 88 -29
v -52 88 -50
v -52 88 -51
v -52 88 -52
v -52 88 -53
v -52 89 47
v -52 89 46
v -52 89 27
v -52 89 26
v -52 89 25
v -52 89 10
v -52 89 9
v -52 89 8
v -52 89 -11
v -52 89 -12
v -52 89 -13
v -52 89 -28
v -52 89 -29
v -52 89 -30
v -52 89 -49
v -52 89 -50
v -52 90 49
v -52 90 48
v -52 90 28
v -52 90 27
v -52 90 26
v -52 90 -29
v -52 90 -30
v -52 90 -31
v -52 90 -51
v -52 90 -52
v -52 91 46
v -52 91 45
v -52 91 29
v -52 91 28
v -52 91 27
v -52 91 11
v -52 91 10
v -52 91 9
v -52 91 -12
v -52 91 -13
v -52 91 -14
v -52 91 -30
v -52 91 -31
v -52 91 -32
v -52 91 -48
v -52 91 -49
v -52 92 48
v -52 92 47
v -52 92 30
v -52 92 29
v -52 92 28
v -52 92 -31
v -52 92 -32
v -52 92 -33
v -52 92 -50
v -52 92 -51
v -52 93 47
v -52 93 46
v -52 93 45
v -52 93 44
v -52 93 31
v -52 93 30
v -52 93 29
v -52 93 12
v -52 93 11
v -52 93 10
v -52 93 -13
v -52 93 -14
v -52 93 -15
v -52 93 -32
v -52 93 -33
v -52 93 -34
v -52 93 -47
v -52 93 -48
v -52 93 -49
v -52 93 -50
v -52 94 44
v -52 94 43
v -52 94 32
v -52 94 31
v -52 94 30
v -52 94 -33
v -52 94 -34
v -52 94 -35
v -52 94 -46
v -52 94 -47
v -52 95 46
v -52 95 45
v -52 95 43
v -52 95 42
v -52 95 33
v -52 95 32
v -52 95 31
v -52 95 13
v -52 95 12
v -52 95 11
v -52 95 -14
v -52 95 -15
v -52 95 -16
v -52 95 -34
v -52 95 -35
v -52 95 -36
v -52 95 -45
v -52 95 -46
v -52 95 -48
v -52 95 -49
v -52 96 45
v -52 96 44
v -52 96 34
v -52 96 33
v -52 96 32
v -52 96 -35
v -52 96 -36
v -52 96 -37
v -52 96 -47
v -52 96 -48
v -52 97 44
v -52 97 43
v -52 97 42
v -52 97 41
v -52 97 35
v -52 97 34
v -52 97 33
v -52 97 14
v -52 97 13
v -52 97 12
v -52 97 -15
v -52 97 -16
v -52 97 -17
v -52 97 -36
v -52 97 -37
v -52 97 -38
v -52 97 -44
v -52 97 -45
v -52 97 -46
v -52 97 -47
v -52 98 41
v -52 98 40
v -52 98 36
v -52 98 35
v -52 98 34
v -52 98 -37
v -52 98 -38
v -52 98 -39
v -52 98 -43
v -52 98 -44
v -52 99 43
v -52 99 42
v -52 99 40
v -52 99 39
v -52 99 37
v -52 99 36
v -52 99 35
v -52 99 15
v -52 99 14
v -52 99 13
v -52 99 -16
v -52 99 -17
v -52 99 -18
v -52 99 -38
v -52 99 -39
v -52 99 -40
v -52 99 -42
v -52 99 -43
v -52 99 -45
v -52 99 -46
v -52 100 42
v -52 100 41
v -52 100 39
v -52 100 37
v -52 100 36
v -52 100 -39
v -52 100 -40
v -52 100 -42
v -52 100 -44
v -52 100 -45
v -52 101 41
v -52 101 40
v -52 101 16
v -52 101 15
v -52 101 14
v -52 101 -17
v -52 101 -18
v -52 101 -19
v -52 101 -43
v -52 101 -44
v -52 102 40
v -52 102 39
v -52 102 37
v -52 102 36
v -52 102 -39
v -52 102 -40
v -52 102 -42
v -52 102 -43
v -52 103 39
v -52 103 38
v -52 103 36
v -52 103 35
v -52 103 17
v -52 103 16
v -52 103 15
v -52 103 -18
v -52 103 -19
v -52 103 -20
v -52 103 -38
v -52 103 -39
v -52 103 -41
v -52 103 -42
v -52 104 38
v -52 104 37
v -52 104 35
v -52 104 34
v -52 104 -37
v -52 104 -38
v -52 104 -40
v -52 104 -41
v -52 105 37
v -52 105 36
v -52 105 34
v -52 105 32
v -52 105 18
v -52 105 17
v -52 105 16
v -52 105 -19
v -52 105 -20
v -52 105 -21
v -52 105 -35
v -52 105 -37
v -52 105 -39
v -52 105 -40
v -52 106 36
v -52 106 34
v -52 106 32
v -52 106 31
v -52 106 -34
v -52 106 -35
v -52 106 -37
v -52 106 -39
v -52 107 34
v -52 107 33
v -52 107 31
v -52 107 30
v -52 107 19
v -52 107 18
v -52 107 17
v -52 107 -20
v -52 107 -21
v -52 107 -22
v -52 107 -33
v -52 107 -34
v -52 107 -36
v -52 107 -37
v -52 108 33
v -52 108 32
v -52 108 30
v -52 108 28
v -52 108 -31
v -52 108 -33
v -52 108 -35
v -52 108 -36
v -52 109 32
v -52 109 30
v -52 109 28
v -52 109 26
v -52 109 20
v -52 109 19
v -52 109 18
v -52 109 -21
v -52 109 -22
v -52 109 -23
v -52 109 -29
v -52 109 -31
v -52 109 -33
v -52 109 -35
v -52 110 30
v -52 110 29
v -52 110 26
v -52 110 25
v -52 110 -28
v -52 110 -29
v -52 110 -32
v -52 110 -33
v -52 111 29
v -52 111 27
v -52 111 25
v -52 111 23
v -52 111 21
v -52 111 20
v -52 111 19
v -52 111 -22
v -52 111 -23
v -52 111 -24
v -52 111 -26
v -52 111 -28
v -52 111 -30
v -52 111 -32
v -52 112 27
v -52 112 25
v -52 112 23
v -52 112 21
v -52 112 -24
v -52 112 -26
v -52 112 -28
v -52 112 -30
v -52 113 25
v -52 113 23
v -52 113 20
v -52 113 18
v -52 113 -21
v -52 113 -23
v -52 113 -26
v -52 113 -28
v -52 114 23
v -52 114 21
v -52 114 18
v -52 114 15
v -52 114 -18
v -52 114 -21
v -52 114 -24
v -52 114 -26
v -52 115 21
v -52 115 18
v -52 115 15
v -52 115 11
v -52 115 -14
v -52 115 -18
v -52 115 -21
v -52 115 -24
v -52 116 18
v -52 116 15
v -52 116 11
v -52 116 6
v -52 116 -9
v -52 116 -14
v -52 116 -18
v -52 116 -21
v -52 117 15
v -52 117 12
v -52 117 6
v -52 117 -1
v -52 117 -2
v -52 117 -9
v -52 117 -15
v -52 117 -18
v -52 118 12
v -52 118 6
v -52 118 -9
v -52 118 -15
v -52 119 6
v -52 119 -9
v -51 39 8
v -51 39 7
v -51 39 -10
v -51 39 -11
v -51 40 8
v -51 40 7
v -51 40 6
v -51 40 -9
v -51 40 -10
v -51 40 -11
v -51 42 7
v -51 42 6
v -51 42 5
v -51 42 -8
v -51 42 -9
v -51 42 -10
v -51 44 6
v -51 44 5
v -51 44 4
v -51 44 -7
v -51 44 -8
v -51 44 -9
v -51 45 -1
v -51 45 -2
v -51 46 5
v -51 46 4
v -51 46 -1
v -51 46 -2
v -51 46 -7
v -51 46 -8
v -51 52 21
v -51 52 20
v -51 52 -23
v -51 52 -24
v -51 53 21
v -51 53 20
v -51 53 18
v -51 53 -21
v -51 53 -23
v -51 53 -24
v -51 54 20
v -51 54 18
v -51 54 16
v -51 54 -19
v -51 54 -21
v -51 54 -23
v -51 55 18
v -51 55 16
v -51 55 14
v -51 55 -17
v -51 55 -19
v -51 55 -21
v -51 56 16
v -51 56 14
v -51 56 -17
v -51 56 -19
v -51 61 15
v -51 61 14
v -51 61 -17
v -51 61 -18
v -51 62 15
v -51 62 14
v -51 62 -17
v -51 62 -18
v -51 67 16
v -51 67 14
v -51 67 -17
v -51 67 -19
v -51 68 18
v -51 68 16
v -51 68 14
v -51 68 -17
v -51 68 -19
v -51 68 -21
v -51 69 20
v -51 69 18
v -51 69 16
v -51 69 -19
v -51 69 -21
v -51 69 -23
v -51 70 21
v -51 70 20
v -51 70 18
v -51 70 -21
v -51 70 -23
v -51 70 -24
v -51 71 21
v -51 71 20
v -51 71 -23
v -51 71 -24
v -51 77 5
v -51 77 4
v -51 77 -1
v -51 77 -2
v -51 77 -7
v -51 77 -8
v -51 78 -1
v -51 78 -2
v -51 79 6
v -51 79 5
v -51 79 4
v -51 79 -7
v -51 79 -8
v -51 79 -9
v -51 81 7
v -51 81 6
v -51 81 5
v -51 81 -8
v -51 81 -9
v -51 81 -10
v -51 83 8
v -51 83 7
v -51 83 6
v -51 83 -9
v -51 83 -10
v -51 83 -11
v -51 84 8
v -51 84 7
v -51 84 -10
v -51 84 -11
v -49 44 1
v -49 44 -0
v -49 44 -3
v -49 44 -4
v -49 45 1
v -49 45 -0
v -49 45 -3
v -49 45 -4
v -49 47 9
v -49 47 8
v -49 47 -11
v -49 47 -12
v -49 48 10
v -49 48 9
v -49 48 8
v -49 48 -11
v -49 48 -12
v -49 48 -13
v -49 49 11
v -49 49 10
v -49 49 9
v -49 49 -12
v -49 49 -13
v -49 49 -14
v -49 50 12
v -49 50 11
v -49 50 10
v -49 50 -13
v -49 50 -14
v -49 50 -15
v -49 51 13
v -49 51 12
v -49 51 11
v -49 51 -14
v -49 51 -15
v -49 51 -16
v -49 52 13
v -49 52 12
v -49 52 -1
v -49 52 -2
v -49 52 -15
v -49 52 -16
v -49 55 5
v -49 55 4
v -49 55 -7
v -49 55 -8
v -49 56 5
v -49 56 4
v -49 56 3
v -49 56 -6
v -49 56 -7
v -49 56 -8
v -49 57 4
v -49 57 3
v -49 57 2
v -49 57 -5
v -49 57 -6
v -49 57 -7
v -49 58 3
v -49 58 2
v -49 58 1
v -49 58 -1
v -49 58 -2
v -49 58 -4
v -49 58 -5
v -49 58 -6
v -49 59 16
v -49 59 15
v -49 59 2
v -49 59 1
v -49 59 -4
v -49 59 -5
v -49 59 -18
v -49 59 -19
v -49 60 16
v -49 60 15
v -49 60 -18
v -49 60 -19
v -49 61 8
v -49 61 2
v -49 61 -5
v -49 61 -11
v -49 62 8
v -49 62 2
v -49 62 -5
v -49 62 -11
v -49 63 16
v -49 63 15
v -49 63 -18
v -49 63 -19
v -49 64 16
v -49 64 15
v -49 64 2
v -49 64 1
v -49 64 -4
v -49 64 -5
v -49 64 -18
v -49 64 -19
v -49 65 3
v -49 65 2
v -49 65 1
v -49 65 -1
v -49 65 -2
v -49 65 -4
v -49 65 -5
v -49 65 -6
v -49 66 4
v -49 66 3
v -49 66 2
v -49 66 -5
v -49 66 -6
v -49 66 -7
v -49 67 5
v -49 67 4
v -49 67 3
v -49 67 -6
v -49 67 -7
v -49 67 -8
v -49 68 5
v -49 68 4
v -49 68 -7
v -49 68 -8
v -49 71 13
v -49 71 12
v -49 71 -1
v -49 71 -2
v -49 71 -15
v -49 71 -16
v -49 72 13
v -49 72 12
v -49 72 11
v -49 72 -14
v -49 72 -15
v -49 72 -16
v -49 73 12
v -49 73 11
v -49 73 10
v -49 73 -13
v -49 73 -14
v -49 73 -15
v -49 74 11
v -49 74 10
v -49 74 9
v -49 74 -12
v -49 74 -13
v -49 74 -14
v -49 75 10
v -49 75 9
v -49 75 8
v -49 75 -11
v -49 75 -12
v -49 75 -13
v -49 76 9
v -49 76 8
v -49 76 -11
v -49 76 -12
v -49 78 1
v -49 78 -0
v -49 78 -3
v -49 78 -4
v -49 79 1
v -49 79 -0
v -49 79 -3
v -49 79 -4
v -47 44 -0
v -47 44 -3
v -47 45 -0
v -47 45 -3
v -47 60 16
v -47 60 15
v -47 60 -18
v -47 60 -19
v -47 63 16
v -47 63 15
v -47 63 -18
v -47 63 -19
v -47 78 -0
v -47 78 -3
v -47 79 -0
v -47 79 -3
v -46 45 -1
v -46 45 -2
v -46 46 -1
v -46 46 -2
v -46 47 9
v -46 47 8
v -46 47 -11
v -46 47 -12
v -46 48 10
v -46 48 9
v -46 48 8
v -46 48 -11
v -46 48 -12
v -46 48 -13
v -46 49 11
v -46 49 10
v -46 49 9
v -46 49 -12
v -46 49 -13
v -46 49 -14
v -46 50 12
v -46 50 11
v -46 50 10
v -46 50 -13
v -46 50 -14
v -46 50 -15
v -46 51 13
v -46 51 12
v -46 51 11
v -46 51 -14
v -46 51 -15
v -46 51 -16
v -46 52 13
v -46 52 12
v -46 52 -1
v -46 52 -2
v -46 52 -15
v -46 52 -16
v -46 55 5
v -46 55 4
v -46 55 -7
v -46 55 -8
v -46 56 5
v -46 56 4
v -46 56 3
v -46 56 -6
v -46 56 -7
v -46 56 -8
v -46 57 4
v -46 57 3
v -46 57 2
v -46 57 -5
v -46 57 -6
v -46 57 -7
v -46 58 3
v -46 58 2
v -46 58 1
v -46 58 -1
v -46 58 -2
v -46 58 -4
v -46 58 -5
v -46 58 -6
v -46 59 2
v -46 59 1
v -46 59 -4
v -46 59 -5
v -46 61 15
v -46 61 14
v -46 61 8
v -46 61 2
v -46 61 -5
v -46 61 -11
v -46 61 -17
v -46 61 -18
v -46 62 15
v -46 62 14
v -46 62 8
v -46 62 2
v -46 62 -5
v -46 62 -11
v -46 62 -17
v -46 62 -18
v -46 64 2
v -46 64 1
v -46 64 -4
v -46 64 -5
v -46 65 3
v -46 65 2
v -46 65 1
v -46 65 -1
v -46 65 -2
v -46 65 -4
v -46 65 -5
v -46 65 -6
v -46 66 4
v -46 66 3
v -46 66 2
v -46 66 -5
v -46 66 -6
v -46 66 -7
v -46 67 5
v -46 67 4
v -46 67 3
v -46 67 -6
v -46 67 -7
v -46 67 -8
v -46 68 5
v -46 68 4
v -46 68 -7
v -46 68 -8
v -46 71 13
v -46 71 12
v -46 71 -1
v -46 71 -2
v -46 71 -15
v -46 71 -16
v -46 72 13
v -46 72 12
v -46 72 11
v -46 72 -14
v -46 72 -15
v -46 72 -16
v -46 73 12
v -46 73 11
v -46 73 10
v -46 73 -13
v -46 73 -14
v -46 73 -15
v -46 74 11
v -46 74 10
v -46 74 9
v -46 74 -12
v -46 74 -13
v -46 74 -14
v -46 75 10
v -46 75 9
v -46 75 8
v -46 75 -11
v -46 75 -12
v -46 75 -13
v -46 76 9
v -46 76 8
v -46 76 -11
v -46 76 -12
v -46 77 -1
v -46 77 -2
v -46 78 -1
v -46 78 -2
v -45 51 2
v -45 51 -5
v -45 52 4
v -45 52 2
v -45 52 -5
v -45 52 -7
v -45 53 5
v -45 53 4
v -45 53 2
v -45 53 -5
v -45 53 -7
v -45 53 -8
v -45 54 6
v -45 54 5
v -45 54 4
v -45 54 -7
v -45 54 -8
v -45 54 -9
v -45 55 7
v -45 55 6
v -45 55 5
v -45 55 -8
v -45 55 -9
v -45 55 -10
v -45 56 8
v -45 56 7
v -45 56 6
v -45 56 -9
v -45 56 -10
v -45 56 -11
v -45 58 9
v -45 58 8
v -45 58 7
v -45 58 -0
v -45 58 -3
v -45 58 -10
v -45 58 -11
v -45 58 -12
v -45 59 1
v -45 59 -0
v -45 59 -3
v -45 59 -4
v -45 60 2
v -45 60 1
v -45 60 -0
v -45 60 -3
v -45 60 -4
v -45 60 -5
v -45 63 2
v -45 63 1
v -45 63 -0
v -45 63 -3
v -45 63 -4
v -45 63 -5
v -45 64 1
v -45 64 -0
v -45 64 -3
v -45 64 -4
v -45 65 9
v -45 65 8
v -45 65 7
v -45 65 -0
v -45 65 -3
v -45 65 -10
v -45 65 -11
v -45 65 -12
v -45 67 8
v -45 67 7
v -45 67 6
v -45 67 -9
v -45 67 -10
v -45 67 -11
v -45 68 7
v -45 68 6
v -45 68 5
v -45 68 -8
v -45 68 -9
v -45 68 -10
v -45 69 6
v -45 69 5
v -45 69 4
v -45 69 -7
v -45 69 -8
v -45 69 -9
v -45 70 5
v -45 70 4
v -45 70 2
v -45 70 -5
v -45 70 -7
v -45 70 -8
v -45 71 4
v -45 71 2
v -45 71 -5
v -45 71 -7
v -45 72 2
v -45 72 -5
v -44 38 8
v -44 38 7
v -44 38 -10
v -44 38 -11
v -44 40 8
v -44 40 7
v -44 40 6
v -44 40 -9
v -44 40 -10
v -44 40 -11
v -44 42 7
v -44 42 6
v -44 42 5
v -44 42 -8
v -44 42 -9
v -44 42 -10
v -44 44 6
v -44 44 5
v -44 44 4
v -44 44 1
v -44 44 -0
v -44 44 -3
v -44 44 -4
v -44 44 -7
v -44 44 -8
v -44 44 -9
v -44 45 1
v -44 45 -0
v -44 45 -3
v -44 45 -4
v -44 46 5
v -44 46 4
v -44 46 -7
v -44 46 -8
v -44 52 22
v -44 52 20
v -44 52 -23
v -44 52 -25
v -44 53 22
v -44 53 20
v -44 53 18
v -44 53 -21
v -44 53 -23
v -44 53 -25
v -44 54 20
v -44 54 18
v -44 54 16
v -44 54 -19
v -44 54 -21
v -44 54 -23
v -44 55 18
v -44 55 16
v -44 55 14
v -44 55 -17
v -44 55 -19
v -44 55 -21
v -44 56 16
v -44 56 14
v -44 56 -17
v -44 56 -19
v -44 59 16
v -44 59 15
v -44 59 -18
v -44 59 -19
v -44 60 16
v -44 60 15
v -44 60 -18
v -44 60 -19
v -44 63 16
v -44 63 15
v -44 63 -18
v -44 63 -19
v -44 64 16
v -44 64 15
v -44 64 -18
v -44 64 -19
v -44 67 16
v -44 67 14
v -44 67 -17
v -44 67 -19
v -44 68 18
v -44 68 16
v -44 68 14
v -44 68 -17
v -44 68 -19
v -44 68 -21
v -44 69 20
v -44 69 18
v -44 69 16
v -44 69 -19
v -44 69 -21
v -44 69 -23
v -44 70 22
v -44 70 20
v -44 70 18
v -44 70 -21
v -44 70 -23
v -44 70 -25
v -44 71 22
v -44 71 20
v -44 71 -23
v -44 71 -25
v -44 77 5
v -44 77 4
v -44 77 -7
v -44 77 -8
v -44 78 1
v -44 78 -0
v -44 78 -3
v -44 78 -4
v -44 79 6
v -44 79 5
v -44 79 4
v -44 79 1
v -44 79 -0
v -44 79 -3
v -44 79 -4
v -44 79 -7
v -44 79 -8
v -44 79 -9
v -44 81 7
v -44 81 6
v -44 81 5
v -44 81 -8
v -44 81 -9
v -44 81 -10
v -44 83 8
v -44 83 7
v -44 83 6
v -44 83 -9
v -44 83 -10
v -44 83 -11
v -44 85 8
v -44 85 7
v -44 85 -10
v -44 85 -11
v -43 44 -0
v -43 44 -3
v -43 45 -0
v -43 45 -3
v -43 47 9
v -43 47 8
v -43 47 -11
v -43 47 -12
v -43 48 10
v -43 48 9
v -43 48 8
v -43 48 -11
v -43 48 -12
v -43 48 -13
v -43 49 11
v -43 49 10
v -43 49 9
v -43 49 -12
v -43 49 -13
v -43 49 -14
v -43 50 12
v -43 50 11
v -43 50 10
v -43 50 -13
v -43 50 -14
v -43 50 -15
v -43 51 13
v -43 51 12
v -43 51 11
v -43 51 -14
v -43 51 -15
v -43 51 -16
v -43 52 13
v -43 52 12
v -43 52 -15
v -43 52 -16
v -43 60 16
v -43 60 15
v -43 60 -18
v -43 60 -19
v -43 63 16
v -43 63 15
v -43 63 -18
v -43 63 -19
v -43 71 13
v -43 71 12
v -43 71 -15
v -43 71 -16
v -43 72 13
v -43 72 12
v -43 72 11
v -43 72 -14
v -43 72 -15
v -43 72 -16
v -43 73 12
v -43 73 11
v -43 73 10
v -43 73 -13
v -43 73 -14
v -43 73 -15
v -43 74 11
v -43 74 10
v -43 74 9
v -43 74 -12
v -43 74 -13
v -43 74 -14
v -43 75 10
v -43 75 9
v -43 75 8
v -43 75 -11
v -43 75 -12
v -43 75 -13
v -43 76 9
v -43 76 8
v -43 76 -11
v -43 76 -12
v -43 78 -0
v -43 78 -3
v -43 79 -0
v -43 79 -3
v -42 45 3
v -42 45 -6
v -42 46 5
v -42 46 3
v -42 46 -6
v -42 46 -8
v -42 47 7
v -42 47 5
v -42 47 3
v -42 47 -0
v -42 47 -3
v -42 47 -6
v -42 47 -8
v -42 47 -10
v -42 48 9
v -42 48 7
v -42 48 5
v -42 48 -8
v -42 48 -10
v -42 48 -12
v -42 49 10
v -42 49 9
v -42 49 7
v -42 49 -0
v -42 49 -3
v -42 49 -10
v -42 49 -12
v -42 49 -13
v -42 50 11
v -42 50 10
v -42 50 9
v -42 50 8
v -42 50 7
v -42 50 2
v -42 50 -5
v -42 50 -10
v -42 50 -11
v -42 50 -12
v -42 50 -13
v -42 50 -14
v -42 51 12
v -42 51 11
v -42 51 10
v -42 51 9
v -42 51 8
v -42 51 7
v -42 51 6
v -42 51 4
v -42 51 2
v -42 51 -5
v -42 51 -7
v -42 51 -9
v -42 51 -10
v -42 51 -11
v -42 51 -12
v -42 51 -13
v -42 51 -14
v -42 51 -15
v -42 52 10
v -42 52 9
v -42 52 7
v -42 52 6
v -42 52 5
v -42 52 4
v -42 52 2
v -42 52 -5
v -42 52 -7
v -42 52 -8
v -42 52 -9
v -42 52 -10
v -42 52 -12
v -42 52 -13
v -42 53 13
v -42 53 12
v -42 53 11
v -42 53 10
v -42 53 9
v -42 53 8
v -42 53 7
v -42 53 6
v -42 53 5
v -42 53 4
v -42 53 -7
v -42 53 -8
v -42 53 -9
v -42 53 -10
v -42 53 -11
v -42 53 -12
v -42 53 -13
v -42 53 -14
v -42 53 -15
v -42 53 -16
v -42 54 9
v -42 54 8
v -42 54 7
v -42 54 6
v -42 54 5
v -42 54 -8
v -42 54 -9
v -42 54 -10
v -42 54 -11
v -42 54 -12
v -42 55 14
v -42 55 13
v -42 55 12
v -42 55 8
v -42 55 7
v -42 55 6
v -42 55 -9
v -42 55 -10
v -42 55 -11
v -42 55 -15
v -42 55 -16
v -42 55 -17
v -42 56 9
v -42 56 8
v -42 56 7
v -42 56 -10
v -42 56 -11
v -42 56 -12
v -42 57 15
v -42 57 14
v -42 57 13
v -42 57 -16
v -42 57 -17
v -42 57 -18
v -42 58 10
v -42 58 9
v -42 58 8
v -42 58 -11
v -42 58 -12
v -42 58 -13
v -42 60 13
v -42 60 11
v -42 60 -14
v -42 60 -16
v -42 63 13
v -42 63 11
v -42 63 -14
v -42 63 -16
v -42 65 10
v -42 65 9
v -42 65 8
v -42 65 -11
v -42 65 -12
v -42 65 -13
v -42 66 15
v -42 66 14
v -42 66 13
v -42 66 -16
v -42 66 -17
v -42 66 -18
v -42 67 9
v -42 67 8
v -42 67 7
v -42 67 -10
v -42 67 -11
v -42 67 -12
v -42 68 14
v -42 68 13
v -42 68 12
v -42 68 8
v -42 68 7
v -42 68 6
v -42 68 -9
v -42 68 -10
v -42 68 -11
v -42 68 -15
v -42 68 -16
v -42 68 -17
v -42 69 9
v -42 69 8
v -42 69 7
v -42 69 6
v -42 69 5
v -42 69 -8
v -42 69 -9
v -42 69 -10
v -42 69 -11
v -42 69 -12
v -42 70 13
v -42 70 12
v -42 70 11
v -42 70 10
v -42 70 9
v -42 70 8
v -42 70 7
v -42 70 6
v -42 70 5
v -42 70 4
v -42 70 -7
v -42 70 -8
v -42 70 -9
v -42 70 -10
v -42 70 -11
v -42 70 -12
v -42 70 -13
v -42 70 -14
v -42 70 -15
v -42 70 -16
v -42 71 10
v -42 71 9
v -42 71 7
v -42 71 6
v -42 71 5
v -42 71 4
v -42 71 2
v -42 71 -5
v -42 71 -7
v -42 71 -8
v -42 71 -9
v -42 71 -10
v -42 71 -12
v -42 71 -13
v -42 72 12
v -42 72 11
v -42 72 10
v -42 72 9
v -42 72 8
v -42 72 7
v -42 72 6
v -42 72 4
v -42 72 2
v -42 72 -5
v -42 72 -7
v -42 72 -9
v -42 72 -10
v -42 72 -11
v -42 72 -12
v -42 72 -13
v -42 72 -14
v -42 72 -15
v -42 73 11
v -42 73 10
v -42 73 9
v -42 73 8
v -42 73 7
v -42 73 2
v -42 73 -5
v -42 73 -10
v -42 73 -11
v -42 73 -12
v -42 73 -13
v -42 73 -14
v -42 74 10
v -42 74 9
v -42 74 7
v -42 74 -0
v -42 74 -3
v -42 74 -10
v -42 74 -12
v -42 74 -13
v -42 75 9
v -42 75 7
v -42 75 5
v -42 75 -8
v -42 75 -10
v -42 75 -12
v -42 76 7
v -42 76 5
v -42 76 3
v -42 76 -0
v -42 76 -3
v -42 76 -6
v -42 76 -8
v -42 76 -10
v -42 77 5
v -42 77 3
v -42 77 -6
v -42 77 -8
v -42 78 3
v -42 78 -6
v -41 46 3
v -41 46 -6
v -41 47 5
v -41 47 3
v -41 47 -0
v -41 47 -3
v -41 47 -6
v -41 47 -8
v -41 48 7
v -41 48 5
v -41 48 -8
v -41 48 -10
v -41 49 9
v -41 49 7
v -41 49 -0
v -41 49 -3
v -41 49 -10
v -41 49 -12
v -41 50 10
v -41 50 9
v -41 50 8
v -41 50 7
v -41 50 2
v -41 50 -5
v -41 50 -10
v -41 50 -11
v -41 50 -12
v -41 50 -13
v -41 51 11
v -41 51 10
v -41 51 9
v -41 51 8
v -41 51 7
v -41 51 6
v -41 51 4
v -41 51 2
v -41 51 -5
v -41 51 -7
v -41 51 -9
v -41 51 -10
v -41 51 -11
v -41 51 -12
v -41 51 -13
v -41 51 -14
v -41 52 10
v -41 52 9
v -41 52 7
v -41 52 6
v -41 52 5
v -41 52 4
v -41 52 -7
v -41 52 -8
v -41 52 -9
v -41 52 -10
v -41 52 -12
v -41 52 -13
v -41 53 12
v -41 53 11
v -41 53 10
v -41 53 9
v -41 53 8
v -41 53 7
v -41 53 6
v -41 53 5
v -41 53 -8
v -41 53 -9
v -41 53 -10
v -41 53 -11
v -41 53 -12
v -41 53 -13
v -41 53 -14
v -41 53 -15
v -41 54 9
v -41 54 8
v -41 54 7
v -41 54 6
v -41 54 -9
v -41 54 -10
v -41 54 -11
v -41 54 -12
v -41 55 13
v -41 55 12
v -41 55 8
v -41 55 7
v -41 55 -10
v -41 55 -11
v -41 55 -15
v -41 55 -16
v -41 56 9
v -41 56 8
v -41 56 -11
v -41 56 -12
v -41 57 14
v -41 57 13
v -41 57 -16
v -41 57 -17
v -41 58 10
v -41 58 9
v -41 58 -12
v -41 58 -13
v -41 60 13
v -41 60 11
v -41 60 -14
v -41 60 -16
v -41 63 13
v -41 63 11
v -41 63 -14
v -41 63 -16
v -41 65 10
v -41 65 9
v -41 65 -12
v -41 65 -13
v -41 66 14
v -41 66 13
v -41 66 -16
v -41 66 -17
v -41 67 9
v -41 67 8
v -41 67 -11
v -41 67 -12
v -41 68 13
v -41 68 12
v -41 68 8
v -41 68 7
v -41 68 -10
v -41 68 -11
v -41 68 -15
v -41 68 -16
v -41 69 9
v -41 69 8
v -41 69 7
v -41 69 6
v -41 69 -9
v -41 69 -10
v -41 69 -11
v -41 69 -12
v -41 70 12
v -41 70 11
v -41 70 10
v -41 70 9
v -41 70 8
v -41 70 7
v -41 70 6
v -41 70 5
v -41 70 -8
v -41 70 -9
v -41 70 -10
v -41 70 -11
v -41 70 -12
v -41 70 -13
v -41 70 -14
v -41 70 -15
v -41 71 10
v -41 71 9
v -41 71 7
v -41 71 6
v -41 71 5
v -41 71 4
v -41 71 -7
v -41 71 -8
v -41 71 -9
v -41 71 -10
v -41 71 -12
v -41 71 -13
v -41 72 11
v -41 72 10
v -41 72 9
v -41 72 8
v -41 72 7
v -41 72 6
v -41 72 4
v -41 72 2
v -41 72 -5
v -41 72 -7
v -41 72 -9
v -41 72 -10
v -41 72 -11
v -41 72 -12
v -41 72 -13
v -41 72 -14
v -41 73 10
v -41 73 9
v -41 73 8
v -41 73 7
v -41 73 2
v -41 73 -5
v -41 73 -10
v -41 73 -11
v -41 73 -12
v -41 73 -13
v -41 74 9
v -41 74 7
v -41 74 -0
v -41 74 -3
v -41 74 -10
v -41 74 -12
v -41 75 7
v -41 75 5
v -41 75 -8
v -41 75 -10
v -41 76 5
v -41 76 3
v -41 76 -0
v -41 76 -3
v -41 76 -6
v -41 76 -8
v -41 77 3
v -41 77 -6
v -35 58 -0
v -35 58 -3
v -35 59 1
v -35 59 -0
v -35 59 -3
v -35 59 -4
v -35 60 2
v -35 60 1
v -35 60 -0
v -35 60 -1
v -35 60 -2
v -35 60 -3
v -35 60 -4
v -35 60 -5
v -35 61 -0
v -35 61 -1
v -35 61 -2
v -35 61 -3
v -35 62 -0
v -35 62 -1
v -35 62 -2
v -35 62 -3
v -35 63 2
v -35 63 1
v -35 63 -0
v -35 63 -1
v -35 63 -2
v -35 63 -3
v -35 63 -4
v -35 63 -5
v -35 64 1
v -35 64 -0
v -35 64 -3
v -35 64 -4
v -35 65 -0
v -35 65 -3
v -34 57 -0
v -34 57 -3
v -34 58 2
v -34 58 -0
v -34 58 -3
v -34 58 -5
v -34 59 1
v -34 59 -0
v -34 59 -3
v -34 59 -4
v -34 60 3
v -34 60 2
v -34 60 1
v -34 60 -4
v -34 60 -5
v -34 60 -6
v -34 63 3
v -34 63 2
v -34 63 1
v -34 63 -4
v -34 63 -5
v -34 63 -6
v -34 64 1
v -34 64 -0
v -34 64 -3
v -34 64 -4
v -34 65 2
v -34 65 -0
v -34 65 -3
v -34 65 -5
v -34 66 -0
v -34 66 -3
v -54 54 59
v -54 69 59
v -53 54 59
v -53 69 59
v -54 48 58
v -54 54 58
v -54 69 58
v -54 75 58
v -53 48 58
v -53 54 58
v -53 69 58
v -53 75 58
v -54 44 57
v -54 48 57
v -54 75 57
v -54 79 57
v -53 44 57
v -53 48 57
v -53 75 57
v -53 79 57
v -55 54 56
v -55 69 56
v -54 41 56
v -54 44 56
v -54 54 56
v -54 69 56
v -54 79 56
v -54 82 56
v -53 41 56
v -53 44 56
v -53 54 56
v -53 69 56
v -53 79 56
v -53 82 56
v -52 54 56
v -52 69 56
v -55 48 55
v -55 54 55
v -55 69 55
v -55 75 55
v -54 39 55
v -54 41 55
v -54 48 55
v -54 54 55
v -54 69 55
v -54 75 55
v -54 82 55
v -54 84 55
v -53 39 55
v -53 41 55
v -53 48 55
v -53 54 55
v -53 69 55
v -53 75 55
v -53 82 55
v -53 84 55
v -52 48 55
v -52 54 55
v -52 69 55
v -52 75 55
v -55 45 54
v -55 48 54
v -55 75 54
v -55 78 54
v -54 36 54
v -54 39 54
v -54 45 54
v -54 48 54
v -54 75 54
v -54 78 54
v -54 84 54
v -54 87 54
v -53 36 54
v -53 39 54
v -53 45 54
v -53 48 54
v -53 75 54
v -53 78 54
v -53 84 54
v -53 87 54
v -52 45 54
v -52 48 54
v -52 75 54
v -52 78 54
v -55 42 53
v -55 45 53
v -55 78 53
v -55 81 53
v -54 34 53
v -54 36 53
v -54 42 53
v -54 45 53
v -54 78 53
v -54 81 53
v -54 87 53
v -54 89 53
v -53 34 53
v -53 36 53
v -53 42 53
v -53 45 53
v -53 78 53
v -53 81 53
v -53 87 53
v -53 89 53
v -52 42 53
v -52 45 53
v -52 78 53
v -52 81 53
v -55 39 52
v -55 42 52
v -55 81 52
v -55 84 52
v -54 32 52
v -54 34 52
v -54 39 52
v -54 42 52
v -54 81 52
v -54 84 52
v -54 89 52
v -54 91 52
v -53 32 52
v -53 34 52
v -53 39 52
v -53 42 52
v -53 81 52
v -53 84 52
v -53 89 52
v -53 91 52
v -52 39 52
v -52 42 52
v -52 81 52
v -52 84 52
v -55 37 51
v -55 39 51
v -55 84 51
v -55 86 51
v -54 31 51
v -54 32 51
v -54 37 51
v -54 39 51
v -54 84 51
v -54 86 51
v -54 91 51
v -54 92 51
v -53 31 51
v -53 32 51
v -53 37 51
v -53 39 51
v -53 84 51
v -53 86 51
v -53 91 51
v -53 92 51
v -52 37 51
v -52 39 51
v -52 84 51
v -52 86 51
v -55 35 50
v -55 37 50
v -55 86 50
v -55 88 50
v -54 29 50
v -54 31 50
v -54 35 50
v -54 37 50
v -54 86 50
v -54 88 50
v -54 92 50
v -54 94 50
v -53 29 50
v -53 31 50
v -53 35 50
v -53 37 50
v -53 86 50
v -53 88 50
v -53 92 50
v -53 94 50
v -52 35 50
v -52 37 50
v -52 86 50
v -52 88 50
v -55 33 49
v -55 35 49
v -55 88 49
v -55 90 49
v -54 27 49
v -54 29 49
v -54 33 49
v -54 35 49
v -54 88 49
v -54 90 49
v -54 94 49
v -54 96 49
v -53 27 49
v -53 29 49
v -53 33 49
v -53 35 49
v -53 88 49
v -53 90 49
v -53 94 49
v -53 96 49
v -52 33 49
v -52 35 49
v -52 88 49
v -52 90 49
v -55 31 48
v -55 33 48
v -55 40 48
v -55 41 48
v -55 82 48
v -55 83 48
v -55 90 48
v -55 92 48
v -54 26 48
v -54 27 48
v -54 31 48
v -54 33 48
v -54 40 48
v -54 41 48
v -54 82 48
v -54 83 48
v -54 90 48
v -54 92 48
v -54 96 48
v -54 97 48
v -53 26 48
v -53 27 48
v -53 31 48
v -53 33 48
v -53 40 48
v -53 41 48
v -53 82 48
v -53 83 48
v -53 90 48
v -53 92 48
v -53 96 48
v -53 97 48
v -52 31 48
v -52 33 48
v -52 40 48
v -52 41 48
v -52 82 48
v -52 83 48
v -52 90 48
v -52 92 48
v -55 30 47
v -55 31 47
v -55 92 47
v -55 93 47
v -54 25 47
v -54 26 47
v -54 30 47
v -54 31 47
v -54 92 47
v -54 93 47
v -54 97 47
v -54 98 47
v -53 25 47
v -53 26 47
v -53 30 47
v -53 31 47
v -53 92 47
v -53 93 47
v -53 97 47
v -53 98 47
v -52 30 47
v -52 31 47
v -52 92 47
v -52 93 47
v -55 28 46
v -55 30 46
v -55 41 46
v -55 42 46
v -55 81 46
v -55 82 46
v -55 93 46
v -55 95 46
v -54 23 46
v -54 25 46
v -54 28 46
v -54 30 46
v -54 41 46
v -54 42 46
v -54 81 46
v -54 82 46
v -54 93 46
v -54 95 46
v -54 98 46
v -54 100 46
v -53 23 46
v -53 25 46
v -53 28 46
v -53 30 46
v -53 41 46
v -53 42 46
v -53 81 46
v -53 82 46
v -53 93 46
v -53 95 46
v -53 98 46
v -53 100 46
v -52 28 46
v -52 30 46
v -52 41 46
v -52 42 46
v -52 81 46
v -52 82 46
v -52 93 46
v -52 95 46
v -55 27 45
v -55 28 45
v -55 95 45
v -55 96 45
v -54 22 45
v -54 23 45
v -54 27 45
v -54 28 45
v -54 95 45
v -54 96 45
v -54 100 45
v -54 101 45
v -53 22 45
v -53 23 45
v -53 27 45
v -53 28 45
v -53 95 45
v -53 96 45
v -53 100 45
v -53 101 45
v -52 27 45
v -52 28 45
v -52 95 45
v -52 96 45
v -55 26 44
v -55 27 44
v -55 42 44
v -55 43 44
v -55 80 44
v -55 81 44
v -55 96 44
v -55 97 44
v -54 21 44
v -54 22 44
v -54 26 44
v -54 27 44
v -54 42 44
v -54 43 44
v -54 80 44
v -54 81 44
v -54 96 44
v -54 97 44
v -54 101 44
v -54 102 44
v -53 21 44
v -53 22 44
v -53 26 44
v -53 27 44
v -53 42 44
v -53 43 44
v -53 80 44
v -53 81 44
v -53 96 44
v -53 97 44
v -53 101 44
v -53 102 44
v -52 26 44
v -52 27 44
v -52 42 44
v -52 43 44
v -52 80 44
v -52 81 44
v -52 96 44
v -52 97 44
v -55 24 43
v -55 26 43
v -55 97 43
v -55 99 43
v -54 20 43
v -54 21 43
v -54 24 43
v -54 26 43
v -54 97 43
v -54 99 43
v -54 102 43
v -54 103 43
v -53 20 43
v -53 21 43
v -53 24 43
v -53 26 43
v -53 97 43
v -53 99 43
v -53 102 43
v -53 103 43
v -52 24 43
v -52 26 43
v -52 97 43
v -52 99 43
v -55 23 42
v -55 24 42
v -55 43 42
v -55 44 42
v -55 79 42
v -55 80 42
v -55 99 42
v -55 100 42
v -54 19 42
v -54 20 42
v -54 23 42
v -54 24 42
v -54 43 42
v -54 44 42
v -54 79 42
v -54 80 42
v -54 99 42
v -54 100 42
v -54 103 42
v -54 104 42
v -53 19 42
v -53 20 42
v -53 23 42
v -53 24 42
v -53 43 42
v -53 44 42
v -53 79 42
v -53 80 42
v -53 99 42
v -53 100 42
v -53 103 42
v -53 104 42
v -52 23 42
v -52 24 42
v -52 43 42
v -52 44 42
v -52 79 42
v -52 80 42
v -52 99 42
v -52 100 42
v -55 22 41
v -55 23 41
v -55 100 41
v -55 101 41
v -54 18 41
v -54 19 41
v -54 22 41
v -54 23 41
v -54 100 41
v -54 101 41
v -54 104 41
v -54 105 41
v -53 18 41
v -53 19 41
v -53 22 41
v -53 23 41
v -53 100 41
v -53 101 41
v -53 104 41
v -53 105 41
v -52 22 41
v -52 23 41
v -52 100 41
v -52 101 41
v -55 21 40
v -55 22 40
v -55 44 40
v -55 45 40
v -55 78 40
v -55 79 40
v -55 101 40
v -55 102 40
v -54 17 40
v -54 18 40
v -54 21 40
v -54 22 40
v -54 44 40
v -54 45 40
v -54 78 40
v -54 79 40
v -54 101 40
v -54 102 40
v -54 105 40
v -54 106 40
v -53 17 40
v -53 18 40
v -53 21 40
v -53 22 40
v -53 44 40
v -53 45 40
v -53 78 40
v -53 79 40
v -53 101 40
v -53 102 40
v -53 105 40
v -53 106 40
v -52 21 40
v -52 22 40
v -52 44 40
v -52 45 40
v -52 78 40
v -52 79 40
v -52 101 40
v -52 102 40
v -55 20 39
v -55 21 39
v -55 102 39
v -55 103 39
v -54 16 39
v -54 17 39
v -54 20 39
v -54 21 39
v -54 102 39
v -54 103 39
v -54 106 39
v -54 107 39
v -53 16 39
v -53 17 39
v -53 20 39
v -53 21 39
v -53 102 39
v -53 103 39
v -53 106 39
v -53 107 39
v -52 20 39
v -52 21 39
v -52 102 39
v -52 103 39
v -55 19 38
v -55 20 38
v -55 45 38
v -55 46 38
v -55 77 38
v -55 78 38
v -55 103 38
v -55 104 38
v -54 15 38
v -54 16 38
v -54 19 38
v -54 20 38
v -54 45 38
v -54 46 38
v -54 77 38
v -54 78 38
v -54 103 38
v -54 104 38
v -54 107 38
v -54 108 38
v -53 15 38
v -53 16 38
v -53 19 38
v -53 20 38
v -53 45 38
v -53 46 38
v -53 77 38
v -53 78 38
v -53 103 38
v -53 104 38
v -53 107 38
v -53 108 38
v -52 19 38
v -52 20 38
v -52 45 38
v -52 46 38
v -52 77 38
v -52 78 38
v -52 103 38
v -52 104 38
v -55 18 37
v -55 19 37
v -55 23 37
v -55 24 37
v -55 99 37
v -55 100 37
v -55 104 37
v -55 105 37
v -54 14 37
v -54 15 37
v -54 18 37
v -54 19 37
v -54 23 37
v -54 24 37
v -54 99 37
v -54 100 37
v -54 104 37
v -54 105 37
v -54 108 37
v -54 109 37
v -53 14 37
v -53 15 37
v -53 18 37
v -53 19 37
v -53 23 37
v -53 24 37
v -53 99 37
v -53 100 37
v -53 104 37
v -53 105 37
v -53 108 37
v -53 109 37
v -52 18 37
v -52 19 37
v -52 23 37
v -52 24 37
v -52 99 37
v -52 100 37
v -52 104 37
v -52 105 37
v -55 17 36
v -55 18 36
v -55 24 36
v -55 25 36
v -55 46 36
v -55 47 36
v -55 76 36
v -55 77 36
v -55 98 36
v -55 99 36
v -55 105 36
v -55 106 36
v -54 17 36
v -54 18 36
v -54 24 36
v -54 25 36
v -54 46 36
v -54 47 36
v -54 76 36
v -54 77 36
v -54 98 36
v -54 99 36
v -54 105 36
v -54 106 36
v -53 17 36
v -53 18 36
v -53 24 36
v -53 25 36
v -53 46 36
v -53 47 36
v -53 76 36
v -53 77 36
v -53 98 36
v -53 99 36
v -53 105 36
v -53 106 36
v -52 17 36
v -52 18 36
v -52 24 36
v -52 25 36
v -52 46 36
v -52 47 36
v -52 76 36
v -52 77 36
v -52 98 36
v -52 99 36
v -52 105 36
v -52 106 36
v -55 25 35
v -55 26 35
v -55 97 35
v -55 98 35
v -54 13 35
v -54 14 35
v -54 25 35
v -54 26 35
v -54 97 35
v -54 98 35
v -54 109 35
v -54 110 35
v -53 13 35
v -53 14 35
v -53 25 35
v -53 26 35
v -53 97 35
v -53 98 35
v -53 109 35
v -53 110 35
v -52 25 35
v -52 26 35
v -52 97 35
v -52 98 35
v -55 16 34
v -55 17 34
v -55 26 34
v -55 27 34
v -55 47 34
v -55 48 34
v -55 75 34
v -55 76 34
v -55 96 34
v -55 97 34
v -55 106 34
v -55 107 34
v -54 12 34
v -54 13 34
v -54 16 34
v -54 17 34
v -54 26 34
v -54 27 34
v -54 47 34
v -54 48 34
v -54 75 34
v -54 76 34
v -54 96 34
v -54 97 34
v -54 106 34
v -54 107 34
v -54 110 34
v -54 111 34
v -53 12 34
v -53 13 34
v -53 16 34
v -53 17 34
v -53 26 34
v -53 27 34
v -53 47 34
v -53 48 34
v -53 75 34
v -53 76 34
v -53 96 34
v -53 97 34
v -53 106 34
v -53 107 34
v -53 110 34
v -53 111 34
v -52 16 34
v -52 17 34
v -52 26 34
v -52 27 34
v -52 47 34
v -52 48 34
v -52 75 34
v -52 76 34
v -52 96 34
v -52 97 34
v -52 106 34
v -52 107 34
v -55 15 33
v -55 16 33
v -55 27 33
v -55 28 33
v -55 95 33
v -55 96 33
v -55 107 33
v -55 108 33
v -54 11 33
v -54 12 33
v -54 15 33
v -54 16 33
v -54 27 33
v -54 28 33
v -54 95 33
v -54 96 33
v -54 107 33
v -54 108 33
v -54 111 33
v -54 112 33
v -53 11 33
v -53 12 33
v -53 15 33
v -53 16 33
v -53 27 33
v -53 28 33
v -53 95 33
v -53 96 33
v -53 107 33
v -53 108 33
v -53 111 33
v -53 112 33
v -52 15 33
v -52 16 33
v -52 27 33
v -52 28 33
v -52 95 33
v -52 96 33
v -52 107 33
v -52 108 33
v -55 14 32
v -55 15 32
v -55 28 32
v -55 29 32
v -55 48 32
v -55 49 32
v -55 74 32
v -55 75 32
v -55 94 32
v -55 95 32
v -55 108 32
v -55 109 32
v -54 14 32
v -54 15 32
v -54 28 32
v -54 29 32
v -54 48 32
v -54 49 32
v -54 74 32
v -54 75 32
v -54 94 32
v -54 95 32
v -54 108 32
v -54 109 32
v -53 14 32
v -53 15 32
v -53 28 32
v -53 29 32
v -53 48 32
v -53 49 32
v -53 74 32
v -53 75 32
v -53 94 32
v -53 95 32
v -53 108 32
v -53 109 32
v -52 14 32
v -52 15 32
v -52 28 32
v -52 29 32
v -52 48 32
v -52 49 32
v -52 74 32
v -52 75 32
v -52 94 32
v -52 95 32
v -52 108 32
v -52 109 32
v -55 29 31
v -55 30 31
v -55 93 31
v -55 94 31
v -54 10 31
v -54 11 31
v -54 29 31
v -54 30 31
v -54 93 31
v -54 94 31
v -54 112 31
v -54 113 31
v -53 10 31
v -53 11 31
v -53 29 31
v -53 30 31
v -53 93 31
v -53 94 31
v -53 112 31
v -53 113 31
v -52 29 31
v -52 30 31
v -52 93 31
v -52 94 31
v -55 13 30
v -55 14 30
v -55 30 30
v -55 31 30
v -55 49 30
v -55 50 30
v -55 73 30
v -55 74 30
v -55 92 30
v -55 93 30
v -55 109 30
v -55 110 30
v -54 13 30
v -54 14 30
v -54 30 30
v -54 31 30
v -54 49 30
v -54 50 30
v -54 73 30
v -54 74 30
v -54 92 30
v -54 93 30
v -54 109 30
v -54 110 30
v -53 13 30
v -53 14 30
v -53 30 30
v -53 31 30
v -53 49 30
v -53 50 30
v -53 73 30
v -53 74 30
v -53 92 30
v -53 93 30
v -53 109 30
v -53 110 30
v -52 13 30
v -52 14 30
v -52 30 30
v -52 31 30
v -52 49 30
v -52 50 30
v -52 73 30
v -52 74 30
v -52 92 30
v -52 93 30
v -52 109 30
v -52 110 30
v -55 12 29
v -55 13 29
v -55 31 29
v -55 32 29
v -55 91 29
v -55 92 29
v -55 110 29
v -55 111 29
v -54 9 29
v -54 10 29
v -54 12 29
v -54 13 29
v -54 31 29
v -54 32 29
v -54 91 29
v -54 92 29
v -54 110 29
v -54 111 29
v -54 113 29
v -54 114 29
v -53 9 29
v -53 10 29
v -53 12 29
v -53 13 29
v -53 31 29
v -53 32 29
v -53 91 29
v -53 92 29
v -53 110 29
v -53 111 29
v -53 113 29
v -53 114 29
v -52 12 29
v -52 13 29
v -52 31 29
v -52 32 29
v -52 91 29
v -52 92 29
v -52 110 29
v -52 111 29
v -55 32 28
v -55 33 28
v -55 50 28
v -55 51 28
v -55 72 28
v -55 73 28
v -55 90 28
v -55 91 28
v -54 8 28
v -54 9 28
v -54 32 28
v -54 33 28
v -54 50 28
v -54 51 28
v -54 72 28
v -54 73 28
v -54 90 28
v -54 91 28
v -54 114 28
v -54 115 28
v -53 8 28
v -53 9 28
v -53 32 28
v -53 33 28
v -53 50 28
v -53 51 28
v -53 72 28
v -53 73 28
v -53 90 28
v -53 91 28
v -53 114 28
v -53 115 28
v -52 32 28
v -52 33 28
v -52 50 28
v -52 51 28
v -52 72 28
v -52 73 28
v -52 90 28
v -52 91 28
v -55 11 27
v -55 12 27
v -55 33 27
v -55 34 27
v -55 89 27
v -55 90 27
v -55 111 27
v -55 112 27
v -54 11 27
v -54 12 27
v -54 33 27
v -54 34 27
v -54 89 27
v -54 90 27
v -54 111 27
v -54 112 27
v -53 11 27
v -53 12 27
v -53 33 27
v -53 34 27
v -53 89 27
v -53 90 27
v -53 111 27
v -53 112 27
v -52 11 27
v -52 12 27
v -52 33 27
v -52 34 27
v -52 89 27
v -52 90 27
v -52 111 27
v -52 112 27
v -55 34 26
v -55 35 26
v -55 51 26
v -55 52 26
v -55 71 26
v -55 72 26
v -55 88 26
v -55 89 26
v -54 7 26
v -54 8 26
v -54 34 26
v -54 35 26
v -54 51 26
v -54 52 26
v -54 71 26
v -54 72 26
v -54 88 26
v -54 89 26
v -54 115 26
v -54 116 26
v -53 7 26
v -53 8 26
v -53 34 26
v -53 35 26
v -53 51 26
v -53 52 26
v -53 71 26
v -53 72 26
v -53 88 26
v -53 89 26
v -53 115 26
v -53 116 26
v -52 34 26
v -52 35 26
v -52 51 26
v -52 52 26
v -52 71 26
v -52 72 26
v -52 88 26
v -52 89 26
v -55 10 25
v -55 11 25
v -55 35 25
v -55 36 25
v -55 56 25
v -55 61 25
v -55 62 25
v -55 67 25
v -55 87 25
v -55 88 25
v -55 112 25
v -55 113 25
v -54 10 25
v -54 11 25
v -54 35 25
v -54 36 25
v -54 56 25
v -54 61 25
v -54 62 25
v -54 67 25
v -54 87 25
v -54 88 25
v -54 112 25
v -54 113 25
v -53 10 25
v -53 11 25
v -53 35 25
v -53 36 25
v -53 56 25
v -53 61 25
v -53 62 25
v -53 67 25
v -53 87 25
v -53 88 25
v -53 112 25
v -53 113 25
v -52 10 25
v -52 11 25
v -52 35 25
v -52 36 25
v -52 56 25
v -52 61 25
v -52 62 25
v -52 67 25
v -52 87 25
v -52 88 25
v -52 112 25
v -52 113 25
v -55 36 24
v -55 37 24
v -55 52 24
v -55 56 24
v -55 67 24
v -55 71 24
v -55 86 24
v -55 87 24
v -54 6 24
v -54 7 24
v -54 36 24
v -54 37 24
v -54 52 24
v -54 56 24
v -54 67 24
v -54 71 24
v -54 86 24
v -54 87 24
v -54 116 24
v -54 117 24
v -53 6 24
v -53 7 24
v -53 36 24
v -53 37 24
v -53 52 24
v -53 56 24
v -53 67 24
v -53 71 24
v -53 86 24
v -53 87 24
v -53 116 24
v -53 117 24
v -52 36 24
v -52 37 24
v -52 52 24
v -52 56 24
v -52 67 24
v -52 71 24
v -52 86 24
v -52 87 24
v -55 9 23
v -55 10 23
v -55 37 23
v -55 38 23
v -55 50 23
v -55 52 23
v -55 71 23
v -55 73 23
v -55 85 23
v -55 86 23
v -55 113 23
v -55 114 23
v -54 9 23
v -54 10 23
v -54 37 23
v -54 38 23
v -54 50 23
v -54 52 23
v -54 71 23
v -54 73 23
v -54 85 23
v -54 86 23
v -54 113 23
v -54 114 23
v -53 9 23
v -53 10 23
v -53 37 23
v -53 38 23
v -53 50 23
v -53 52 23
v -53 71 23
v -53 73 23
v -53 85 23
v -53 86 23
v -53 113 23
v -53 114 23
v -52 9 23
v -52 10 23
v -52 37 23
v -52 38 23
v -52 50 23
v -52 52 23
v -52 71 23
v -52 73 23
v -52 85 23
v -52 86 23
v -52 113 23
v -52 114 23
v -55 38 22
v -55 39 22
v -55 48 22
v -55 50 22
v -55 73 22
v -55 75 22
v -55 84 22
v -55 85 22
v -54 38 22
v -54 39 22
v -54 48 22
v -54 50 22
v -54 73 22
v -54 75 22
v -54 84 22
v -54 85 22
v -53 38 22
v -53 39 22
v -53 48 22
v -53 50 22
v -53 73 22
v -53 75 22
v -53 84 22
v -53 85 22
v -52 38 22
v -52 39 22
v -52 48 22
v -52 50 22
v -52 52 22
v -52 53 22
v -52 70 22
v -52 71 22
v -52 73 22
v -52 75 22
v -52 84 22
v -52 85 22
v -44 52 22
v -44 53 22
v -44 70 22
v -44 71 22
v -55 8 21
v -55 9 21
v -55 11 21
v -55 12 21
v -55 39 21
v -55 40 21
v -55 47 21
v -55 48 21
v -55 75 21
v -55 76 21
v -55 83 21
v -55 84 21
v -55 111 21
v -55 112 21
v -55 114 21
v -55 115 21
v -54 5 21
v -54 6 21
v -54 8 21
v -54 9 21
v -54 11 21
v -54 12 21
v -54 39 21
v -54 40 21
v -54 47 21
v -54 48 21
v -54 75 21
v -54 76 21
v -54 83 21
v -54 84 21
v -54 111 21
v -54 112 21
v -54 114 21
v -54 115 21
v -54 117 21
v -54 118 21
v -53 5 21
v -53 6 21
v -53 8 21
v -53 9 21
v -53 11 21
v -53 12 21
v -53 39 21
v -53 40 21
v -53 47 21
v -53 48 21
v -53 75 21
v -53 76 21
v -53 83 21
v -53 84 21
v -53 111 21
v -53 112 21
v -53 114 21
v -53 115 21
v -53 117 21
v -53 118 21
v -52 8 21
v -52 9 21
v -52 11 21
v -52 12 21
v -52 39 21
v -52 40 21
v -52 47 21
v -52 48 21
v -52 75 21
v -52 76 21
v -52 83 21
v -52 84 21
v -52 111 21
v -52 112 21
v -52 114 21
v -52 115 21
v -55 12 20
v -55 14 20
v -55 40 20
v -55 41 20
v -55 45 20
v -55 47 20
v -55 76 20
v -55 78 20
v -55 82 20
v -55 83 20
v -55 109 20
v -55 111 20
v -54 12 20
v -54 14 20
v -54 40 20
v -54 41 20
v -54 45 20
v -54 47 20
v -54 76 20
v -54 78 20
v -54 82 20
v -54 83 20
v -54 109 20
v -54 111 20
v -53 12 20
v -53 14 20
v -53 40 20
v -53 41 20
v -53 45 20
v -53 47 20
v -53 76 20
v -53 78 20
v -53 82 20
v -53 83 20
v -53 109 20
v -53 111 20
v -52 12 20
v -52 14 20
v -52 40 20
v -52 41 20
v -52 45 20
v -52 47 20
v -52 53 20
v -52 54 20
v -52 69 20
v -52 70 20
v -52 76 20
v -52 78 20
v -52 82 20
v -52 83 20
v -52 109 20
v -52 111 20
v -51 53 20
v -51 54 20
v -51 69 20
v -51 70 20
v -45 53 20
v -45 54 20
v -45 69 20
v -45 70 20
v -44 53 20
v -44 54 20
v -44 69 20
v -44 70 20
v -55 14 19
v -55 16 19
v -55 41 19
v -55 42 19
v -55 44 19
v -55 45 19
v -55 78 19
v -55 79 19
v -55 81 19
v -55 82 19
v -55 107 19
v -55 109 19
v -54 4 19
v -54 5 19
v -54 14 19
v -54 16 19
v -54 41 19
v -54 42 19
v -54 44 19
v -54 45 19
v -54 78 19
v -54 79 19
v -54 81 19
v -54 82 19
v -54 107 19
v -54 109 19
v -54 118 19
v -54 119 19
v -53 4 19
v -53 5 19
v -53 14 19
v -53 16 19
v -53 41 19
v -53 42 19
v -53 44 19
v -53 45 19
v -53 78 19
v -53 79 19
v -53 81 19
v -53 82 19
v -53 107 19
v -53 109 19
v -53 118 19
v -53 119 19
v -52 14 19
v -52 16 19
v -52 41 19
v -52 42 19
v -52 44 19
v -52 45 19
v -52 78 19
v -52 79 19
v -52 81 19
v -52 82 19
v -52 107 19
v -52 109 19
v -55 7 18
v -55 8 18
v -55 16 18
v -55 18 18
v -55 42 18
v -55 44 18
v -55 79 18
v -55 81 18
v -55 105 18
v -55 107 18
v -55 115 18
v -55 116 18
v -54 7 18
v -54 8 18
v -54 16 18
v -54 18 18
v -54 42 18
v -54 44 18
v -54 79 18
v -54 81 18
v -54 105 18
v -54 107 18
v -54 115 18
v -54 116 18
v -53 7 18
v -53 8 18
v -53 16 18
v -53 18 18
v -53 42 18
v -53 44 18
v -53 79 18
v -53 81 18
v -53 105 18
v -53 107 18
v -53 115 18
v -53 116 18
v -52 7 18
v -52 8 18
v -52 16 18
v -52 18 18
v -52 42 18
v -52 44 18
v -52 54 18
v -52 55 18
v -52 68 18
v -52 69 18
v -52 79 18
v -52 81 18
v -52 105 18
v -52 107 18
v -52 115 18
v -52 116 18
v -51 54 18
v -51 55 18
v -51 68 18
v -51 69 18
v -45 54 18
v -45 55 18
v -45 68 18
v -45 69 18
v -44 54 18
v -44 55 18
v -44 68 18
v -44 69 18
v -55 18 17
v -55 20 17
v -55 103 17
v -55 105 17
v -54 18 17
v -54 20 17
v -54 103 17
v -54 105 17
v -53 18 17
v -53 20 17
v -53 103 17
v -53 105 17
v -52 18 17
v -52 20 17
v -52 103 17
v -52 105 17
v -55 20 16
v -55 22 16
v -55 41 16
v -55 42 16
v -55 81 16
v -55 82 16
v -55 101 16
v -55 103 16
v -54 3 16
v -54 4 16
v -54 20 16
v -54 22 16
v -54 41 16
v -54 42 16
v -54 81 16
v -54 82 16
v -54 101 16
v -54 103 16
v -54 119 16
v -54 120 16
v -53 3 16
v -53 4 16
v -53 20 16
v -53 22 16
v -53 41 16
v -53 42 16
v -53 60 16
v -53 63 16
v -53 81 16
v -53 82 16
v -53 101 16
v -53 103 16
v -53 119 16
v -53 120 16
v -52 20 16
v -52 22 16
v -52 41 16
v -52 42 16
v -52 55 16
v -52 56 16
v -52 59 16
v -52 60 16
v -52 63 16
v -52 64 16
v -52 67 16
v -52 68 16
v -52 81 16
v -52 82 16
v -52 101 16
v -52 103 16
v -51 55 16
v -51 56 16
v -51 67 16
v -51 68 16
v -49 59 16
v -49 60 16
v -49 63 16
v -49 64 16
v -47 59 16
v -47 60 16
v -47 63 16
v -47 64 16
v -45 55 16
v -45 56 16
v -45 67 16
v -45 68 16
v -44 55 16
v -44 56 16
v -44 59 16
v -44 60 16
v -44 63 16
v -44 64 16
v -44 67 16
v -44 68 16
v -43 60 16
v -43 63 16
v -55 6 15
v -55 7 15
v -55 22 15
v -55 24 15
v -55 40 15
v -55 41 15
v -55 82 15
v -55 83 15
v -55 99 15
v -55 101 15
v -55 116 15
v -55 117 15
v -54 6 15
v -54 7 15
v -54 22 15
v -54 24 15
v -54 40 15
v -54 41 15
v -54 57 15
v -54 66 15
v -54 82 15
v -54 83 15
v -54 99 15
v -54 101 15
v -54 116 15
v -54 117 15
v -53 6 15
v -53 7 15
v -53 22 15
v -53 24 15
v -53 40 15
v -53 41 15
v -53 60 15
v -53 63 15
v -53 82 15
v -53 83 15
v -53 99 15
v -53 101 15
v -53 116 15
v -53 117 15
v -52 6 15
v -52 7 15
v -52 22 15
v -52 24 15
v -52 40 15
v -52 41 15
v -52 59 15
v -52 60 15
v -52 63 15
v -52 64 15
v -52 82 15
v -52 83 15
v -52 99 15
v -52 101 15
v -52 116 15
v -52 117 15
v -51 61 15
v -51 62 15
v -50 61 15
v -50 62 15
v -49 59 15
v -49 60 15
v -49 63 15
v -49 64 15
v -47 59 15
v -47 60 15
v -47 63 15
v -47 64 15
v -46 61 15
v -46 62 15
v -45 61 15
v -45 62 15
v -44 59 15
v -44 60 15
v -44 63 15
v -44 64 15
v -43 60 15
v -43 63 15
v -42 57 15
v -42 66 15
v -55 24 14
v -55 26 14
v -55 57 14
v -55 66 14
v -55 97 14
v -55 99 14
v -54 24 14
v -54 26 14
v -54 55 14
v -54 57 14
v -54 66 14
v -54 68 14
v -54 97 14
v -54 99 14
v -53 24 14
v -53 26 14
v -53 97 14
v -53 99 14
v -52 24 14
v -52 26 14
v -52 55 14
v -52 56 14
v -52 67 14
v -52 68 14
v -52 97 14
v -52 99 14
v -51 55 14
v -51 56 14
v -51 61 14
v -51 62 14
v -51 67 14
v -51 68 14
v -50 61 14
v -50 62 14
v -46 61 14
v -46 62 14
v -45 55 14
v -45 56 14
v -45 61 14
v -45 62 14
v -45 67 14
v -45 68 14
v -44 55 14
v -44 56 14
v -44 67 14
v -44 68 14
v -42 55 14
v -42 57 14
v -42 66 14
v -42 68 14
v -41 57 14
v -41 66 14
v -55 26 13
v -55 28 13
v -55 39 13
v -55 40 13
v -55 55 13
v -55 57 13
v -55 66 13
v -55 68 13
v -55 83 13
v -55 84 13
v -55 95 13
v -55 97 13
v -54 26 13
v -54 28 13
v -54 39 13
v -54 40 13
v -54 53 13
v -54 55 13
v -54 57 13
v -54 66 13
v -54 68 13
v -54 70 13
v -54 83 13
v -54 84 13
v -54 95 13
v -54 97 13
v -53 26 13
v -53 28 13
v -53 39 13
v -53 40 13
v -53 51 13
v -53 52 13
v -53 71 13
v -53 72 13
v -53 83 13
v -53 84 13
v -53 95 13
v -53 97 13
v -52 26 13
v -52 28 13
v -52 39 13
v -52 40 13
v -52 51 13
v -52 52 13
v -52 71 13
v -52 72 13
v -52 83 13
v -52 84 13
v -52 95 13
v -52 97 13
v -50 51 13
v -50 52 13
v -50 71 13
v -50 72 13
v -49 51 13
v -49 52 13
v -49 71 13
v -49 72 13
v -47 51 13
v -47 52 13
v -47 71 13
v -47 72 13
v -46 51 13
v -46 52 13
v -46 71 13
v -46 72 13
v -44 51 13
v -44 52 13
v -44 71 13
v -44 72 13
v -43 51 13
v -43 52 13
v -43 71 13
v -43 72 13
v -42 53 13
v -42 55 13
v -42 57 13
v -42 66 13
v -42 68 13
v -42 70 13
v -41 55 13
v -41 57 13
v -41 66 13
v -41 68 13
v -55 5 12
v -55 6 12
v -55 28 12
v -55 30 12
v -55 38 12
v -55 39 12
v -55 53 12
v -55 55 12
v -55 68 12
v -55 70 12
v -55 84 12
v -55 85 12
v -55 93 12
v -55 95 12
v -55 117 12
v -55 118 12
v -54 2 12
v -54 3 12
v -54 5 12
v -54 6 12
v -54 28 12
v -54 30 12
v -54 38 12
v -54 39 12
v -54 51 12
v -54 53 12
v -54 55 12
v -54 68 12
v -54 70 12
v -54 72 12
v -54 84 12
v -54 85 12
v -54 93 12
v -54 95 12
v -54 117 12
v -54 118 12
v -54 120 12
v -54 121 12
v -53 2 12
v -53 3 12
v -53 5 12
v -53 6 12
v -53 28 12
v -53 30 12
v -53 38 12
v -53 39 12
v -53 50 12
v -53 51 12
v -53 52 12
v -53 71 12
v -53 72 12
v -53 73 12
v -53 84 12
v -53 85 12
v -53 93 12
v -53 95 12
v -53 117 12
v -53 118 12
v -53 120 12
v -53 121 12
v -52 5 12
v -52 6 12
v -52 28 12
v -52 30 12
v -52 38 12
v -52 39 12
v -52 50 12
v -52 51 12
v -52 52 12
v -52 71 12
v -52 72 12
v -52 73 12
v -52 84 12
v -52 85 12
v -52 93 12
v -52 95 12
v -52 117 12
v -52 118 12
v -50 50 12
v -50 51 12
v -50 52 12
v -50 71 12
v -50 72 12
v -50 73 12
v -49 50 12
v -49 51 12
v -49 52 12
v -49 71 12
v -49 72 12
v -49 73 12
v -47 50 12
v -47 51 12
v -47 52 12
v -47 71 12
v -47 72 12
v -47 73 12
v -46 50 12
v -46 51 12
v -46 52 12
v -46 71 12
v -46 72 12
v -46 73 12
v -44 50 12
v -44 51 12
v -44 52 12
v -44 71 12
v -44 72 12
v -44 73 12
v -43 50 12
v -43 51 12
v -43 52 12
v -43 71 12
v -43 72 12
v -43 73 12
v -42 51 12
v -42 53 12
v -42 55 12
v -42 68 12
v -42 70 12
v -42 72 12
v -41 53 12
v -41 55 12
v -41 68 12
v -41 70 12
v -55 30 11
v -55 32 11
v -55 51 11
v -55 53 11
v -55 60 11
v -55 63 11
v -55 70 11
v -55 72 11
v -55 91 11
v -55 93 11
v -54 30 11
v -54 32 11
v -54 50 11
v -54 51 11
v -54 53 11
v -54 60 11
v -54 63 11
v -54 70 11
v -54 72 11
v -54 73 11
v -54 91 11
v -54 93 11
v -53 30 11
v -53 32 11
v -53 49 11
v -53 50 11
v -53 51 11
v -53 72 11
v -53 73 11
v -53 74 11
v -53 91 11
v -53 93 11
v -52 30 11
v -52 32 11
v -52 49 11
v -52 50 11
v -52 51 11
v -52 72 11
v -52 73 11
v -52 74 11
v -52 91 11
v -52 93 11
v -50 49 11
v -50 50 11
v -50 51 11
v -50 72 11
v -50 73 11
v -50 74 11
v -49 49 11
v -49 50 11
v -49 51 11
v -49 72 11
v -49 73 11
v -49 74 11
v -47 49 11
v -47 50 11
v -47 51 11
v -47 72 11
v -47 73 11
v -47 74 11
v -46 49 11
v -46 50 11
v -46 51 11
v -46 72 11
v -46 73 11
v -46 74 11
v -44 49 11
v -44 50 11
v -44 51 11
v -44 72 11
v -44 73 11
v -44 74 11
v -43 49 11
v -43 50 11
v -43 51 11
v -43 72 11
v -43 73 11
v -43 74 11
v -42 50 11
v -42 51 11
v -42 53 11
v -42 60 11
v -42 63 11
v -42 70 11
v -42 72 11
v -42 73 11
v -41 51 11
v -41 53 11
v -41 60 11
v -41 63 11
v -41 70 11
v -41 72 11
v -55 32 10
v -55 34 10
v -55 37 10
v -55 38 10
v -55 50 10
v -55 51 10
v -55 72 10
v -55 73 10
v -55 85 10
v -55 86 10
v -55 89 10
v -55 91 10
v -54 32 10
v -54 34 10
v -54 37 10
v -54 38 10
v -54 49 10
v -54 50 10
v -54 51 10
v -54 72 10
v -54 73 10
v -54 74 10
v -54 85 10
v -54 86 10
v -54 89 10
v -54 91 10
v -53 32 10
v -53 34 10
v -53 37 10
v -53 38 10
v -53 48 10
v -53 49 10
v -53 50 10
v -53 73 10
v -53 74 10
v -53 75 10
v -53 85 10
v -53 86 10
v -53 89 10
v -53 91 10
v -52 32 10
v -52 34 10
v -52 37 10
v -52 38 10
v -52 48 10
v -52 49 10
v -52 50 10
v -52 73 10
v -52 74 10
v -52 75 10
v -52 85 10
v -52 86 10
v -52 89 10
v -52 91 10
v -50 48 10
v -50 49 10
v -50 50 10
v -50 73 10
v -50 74 10
v -50 75 10
v -49 48 10
v -49 49 10
v -49 50 10
v -49 73 10
v -49 74 10
v -49 75 10
v -47 48 10
v -47 49 10
v -47 50 10
v -47 73 10
v -47 74 10
v -47 75 10
v -46 48 10
v -46 49 10
v -46 50 10
v -46 73 10
v -46 74 10
v -46 75 10
v -44 48 10
v -44 49 10
v -44 50 10
v -44 73 10
v -44 74 10
v -44 75 10
v -43 48 10
v -43 49 10
v -43 50 10
v -43 73 10
v -43 74 10
v -43 75 10
v -42 49 10
v -42 50 10
v -42 51 10
v -42 72 10
v -42 73 10
v -42 74 10
v -41 50 10
v -41 51 10
v -41 72 10
v -41 73 10
v -55 34 9
v -55 36 9
v -55 49 9
v -55 50 9
v -55 73 9
v -55 74 9
v -55 87 9
v -55 89 9
v -54 34 9
v -54 36 9
v -54 48 9
v -54 49 9
v -54 50 9
v -54 73 9
v -54 74 9
v -54 75 9
v -54 87 9
v -54 89 9
v -53 34 9
v -53 36 9
v -53 47 9
v -53 48 9
v -53 49 9
v -53 74 9
v -53 75 9
v -53 76 9
v -53 87 9
v -53 89 9
v -52 34 9
v -52 36 9
v -52 47 9
v -52 48 9
v -52 49 9
v -52 74 9
v -52 75 9
v -52 76 9
v -52 87 9
v -52 89 9
v -50 47 9
v -50 48 9
v -50 49 9
v -50 74 9
v -50 75 9
v -50 76 9
v -49 47 9
v -49 48 9
v -49 49 9
v -49 74 9
v -49 75 9
v -49 76 9
v -47 47 9
v -47 48 9
v -47 49 9
v -47 74 9
v -47 75 9
v -47 76 9
v -46 47 9
v -46 48 9
v -46 49 9
v -46 74 9
v -46 75 9
v -46 76 9
v -44 47 9
v -44 48 9
v -44 49 9
v -44 74 9
v -44 75 9
v -44 76 9
v -43 47 9
v -43 48 9
v -43 49 9
v -43 74 9
v -43 75 9
v -43 76 9
v -42 48 9
v -42 49 9
v -42 50 9
v -42 73 9
v -42 74 9
v -42 75 9
v -41 49 9
v -41 50 9
v -41 73 9
v -41 74 9
v -55 36 8
v -55 37 8
v -55 53 8
v -55 54 8
v -55 69 8
v -55 70 8
v -55 86 8
v -55 87 8
v -54 36 8
v -54 37 8
v -54 53 8
v -54 54 8
v -54 69 8
v -54 70 8
v -54 86 8
v -54 87 8
v -53 36 8
v -53 37 8
v -53 86 8
v -53 87 8
v -52 36 8
v -52 37 8
v -52 38 8
v -52 39 8
v -52 40 8
v -52 83 8
v -52 84 8
v -52 85 8
v -52 86 8
v -52 87 8
v -51 39 8
v -51 40 8
v -51 83 8
v -51 84 8
v -45 39 8
v -45 40 8
v -45 83 8
v -45 84 8
v -44 38 8
v -44 40 8
v -44 83 8
v -44 85 8
v -42 53 8
v -42 54 8
v -42 69 8
v -42 70 8
v -41 53 8
v -41 54 8
v -41 69 8
v -41 70 8
v -55 48 7
v -55 49 7
v -55 50 7
v -55 51 7
v -55 52 7
v -55 53 7
v -55 70 7
v -55 71 7
v -55 72 7
v -55 73 7
v -55 74 7
v -55 75 7
v -54 47 7
v -54 48 7
v -54 49 7
v -54 50 7
v -54 51 7
v -54 52 7
v -54 53 7
v -54 70 7
v -54 71 7
v -54 72 7
v -54 73 7
v -54 74 7
v -54 75 7
v -54 76 7
v -52 40 7
v -52 42 7
v -52 81 7
v -52 83 7
v -51 40 7
v -51 42 7
v -51 81 7
v -51 83 7
v -45 40 7
v -45 42 7
v -45 81 7
v -45 83 7
v -44 40 7
v -44 42 7
v -44 81 7
v -44 83 7
v -42 47 7
v -42 48 7
v -42 49 7
v -42 50 7
v -42 51 7
v -42 52 7
v -42 53 7
v -42 70 7
v -42 71 7
v -42 72 7
v -42 73 7
v -42 74 7
v -42 75 7
v -42 76 7
v -41 48 7
v -41 49 7
v -41 50 7
v -41 51 7
v -41 52 7
v -41 53 7
v -41 70 7
v -41 71 7
v -41 72 7
v -41 73 7
v -41 74 7
v -41 75 7
v -55 4 6
v -55 5 6
v -55 51 6
v -55 52 6
v -55 71 6
v -55 72 6
v -55 118 6
v -55 119 6
v -54 1 6
v -54 2 6
v -54 4 6
v -54 5 6
v -54 51 6
v -54 52 6
v -54 71 6
v -54 72 6
v -54 118 6
v -54 119 6
v -54 121 6
v -54 122 6
v -53 1 6
v -53 2 6
v -53 4 6
v -53 5 6
v -53 118 6
v -53 119 6
v -53 121 6
v -53 122 6
v -52 4 6
v -52 5 6
v -52 42 6
v -52 44 6
v -52 79 6
v -52 81 6
v -52 118 6
v -52 119 6
v -51 42 6
v -51 44 6
v -51 79 6
v -51 81 6
v -45 42 6
v -45 44 6
v -45 79 6
v -45 81 6
v -44 42 6
v -44 44 6
v -44 79 6
v -44 81 6
v -42 51 6
v -42 52 6
v -42 71 6
v -42 72 6
v -41 51 6
v -41 52 6
v -41 71 6
v -41 72 6
v -55 47 5
v -55 48 5
v -55 75 5
v -55 76 5
v -54 46 5
v -54 47 5
v -54 48 5
v -54 75 5
v -54 76 5
v -54 77 5
v -52 44 5
v -52 46 5
v -52 77 5
v -52 79 5
v -51 44 5
v -51 46 5
v -51 77 5
v -51 79 5
v -50 55 5
v -50 56 5
v -50 67 5
v -50 68 5
v -49 55 5
v -49 56 5
v -49 67 5
v -49 68 5
v -47 55 5
v -47 56 5
v -47 67 5
v -47 68 5
v -46 55 5
v -46 56 5
v -46 67 5
v -46 68 5
v -45 44 5
v -45 46 5
v -45 77 5
v -45 79 5
v -44 44 5
v -44 46 5
v -44 77 5
v -44 79 5
v -42 46 5
v -42 47 5
v -42 48 5
v -42 75 5
v -42 76 5
v -42 77 5
v -41 47 5
v -41 48 5
v -41 75 5
v -41 76 5
v -55 35 4
v -55 36 4
v -55 87 4
v -55 88 4
v -54 35 4
v -54 36 4
v -54 87 4
v -54 88 4
v -53 35 4
v -53 36 4
v -53 87 4
v -53 88 4
v -52 35 4
v -52 36 4
v -52 87 4
v -52 88 4
v -50 56 4
v -50 57 4
v -50 66 4
v -50 67 4
v -49 56 4
v -49 57 4
v -49 66 4
v -49 67 4
v -47 56 4
v -47 57 4
v -47 66 4
v -47 67 4
v -46 56 4
v -46 57 4
v -46 66 4
v -46 67 4
v -55 46 3
v -55 47 3
v -55 76 3
v -55 77 3
v -54 45 3
v -54 46 3
v -54 47 3
v -54 76 3
v -54 77 3
v -54 78 3
v -50 57 3
v -50 58 3
v -50 65 3
v -50 66 3
v -49 57 3
v -49 58 3
v -49 65 3
v -49 66 3
v -47 57 3
v -47 58 3
v -47 65 3
v -47 66 3
v -46 57 3
v -46 58 3
v -46 65 3
v -46 66 3
v -42 45 3
v -42 46 3
v -42 47 3
v -42 76 3
v -42 77 3
v -42 78 3
v -41 46 3
v -41 47 3
v -41 76 3
v -41 77 3
v -38 61 3
v -38 62 3
v -37 60 3
v -37 61 3
v -37 62 3
v -37 63 3
v -34 60 3
v -34 63 3
v -51 60 2
v -51 63 2
v -50 58 2
v -50 59 2
v -50 61 2
v -50 62 2
v -50 64 2
v -50 65 2
v -49 58 2
v -49 59 2
v -49 61 2
v -49 62 2
v -49 64 2
v -49 65 2
v -47 58 2
v -47 59 2
v -47 61 2
v -47 62 2
v -47 64 2
v -47 65 2
v -46 58 2
v -46 59 2
v -46 61 2
v -46 62 2
v -46 64 2
v -46 65 2
v -45 60 2
v -45 63 2
v -41 61 2
v -41 62 2
v -39 60 2
v -39 61 2
v -39 62 2
v -39 63 2
v -38 61 2
v -38 62 2
v -37 59 2
v -37 60 2
v -37 61 2
v -37 62 2
v -37 63 2
v -37 64 2
v -36 58 2
v -36 59 2
v -36 64 2
v -36 65 2
v -34 58 2
v -34 60 2
v -34 63 2
v -34 65 2
v -57 61 1
v -57 62 1
v -56 60 1
v -56 61 1
v -56 62 1
v -56 63 1
v -52 44 1
v -52 45 1
v -52 78 1
v -52 79 1
v -51 59 1
v -51 60 1
v -51 63 1
v -51 64 1
v -50 59 1
v -50 64 1
v -49 44 1
v -49 45 1
v -49 59 1
v -49 64 1
v -49 78 1
v -49 79 1
v -47 44 1
v -47 45 1
v -47 59 1
v -47 64 1
v -47 78 1
v -47 79 1
v -46 59 1
v -46 64 1
v -45 59 1
v -45 60 1
v -45 63 1
v -45 64 1
v -44 44 1
v -44 45 1
v -44 78 1
v -44 79 1
v -41 60 1
v -41 61 1
v -41 62 1
v -41 63 1
v -40 59 1
v -40 60 1
v -40 63 1
v -40 64 1
v -39 60 1
v -39 61 1
v -39 62 1
v -39 63 1
v -37 58 1
v -37 59 1
v -37 60 1
v -37 63 1
v -37 64 1
v -37 65 1
v -36 58 1
v -36 59 1
v -36 64 1
v -36 65 1
v -58 60 -0
v -58 63 -0
v -57 61 -0
v -57 62 -0
v -56 59 -0
v -56 60 -0
v -56 61 -0
v -56 62 -0
v -56 63 -0
v -56 64 -0
v -53 44 -0
v -53 45 -0
v -53 78 -0
v -53 79 -0
v -52 44 -0
v -52 45 -0
v -52 78 -0
v -52 79 -0
v -51 58 -0
v -51 59 -0
v -51 60 -0
v -51 63 -0
v -51 64 -0
v -51 65 -0
v -49 44 -0
v -49 45 -0
v -49 78 -0
v -49 79 -0
v -47 44 -0
v -47 45 -0
v -47 78 -0
v -47 79 -0
v -45 58 -0
v -45 59 -0
v -45 60 -0
v -45 63 -0
v -45 64 -0
v -45 65 -0
v -44 44 -0
v -44 45 -0
v -44 78 -0
v -44 79 -0
v -43 44 -0
v -43 45 -0
v -43 78 -0
v -43 79 -0
v -41 59 -0
v -41 60 -0
v -41 63 -0
v -41 64 -0
v -40 59 -0
v -40 60 -0
v -40 63 -0
v -40 64 -0
v -39 58 -0
v -39 59 -0
v -39 64 -0
v -39 65 -0
v -37 57 -0
v -37 58 -0
v -37 59 -0
v -37 64 -0
v -37 65 -0
v -37 66 -0
v -34 57 -0
v -34 58 -0
v -34 65 -0
v -34 66 -0
v -63 61 -1
v -63 62 -1
v -58 61 -1
v -58 62 -1
v -57 59 -1
v -57 60 -1
v -57 63 -1
v -57 64 -1
v -56 59 -1
v -56 60 -1
v -56 63 -1
v -56 64 -1
v -55 6 -1
v -55 35 -1
v -55 88 -1
v -55 117 -1
v -54 6 -1
v -54 35 -1
v -54 88 -1
v -54 117 -1
v -53 6 -1
v -53 35 -1
v -53 88 -1
v -53 117 -1
v -52 6 -1
v -52 35 -1
v -52 88 -1
v -52 117 -1
v -50 52 -1
v -50 58 -1
v -50 65 -1
v -50 71 -1
v -49 52 -1
v -49 58 -1
v -49 65 -1
v -49 71 -1
v -47 52 -1
v -47 58 -1
v -47 65 -1
v -47 71 -1
v -46 52 -1
v -46 58 -1
v -46 65 -1
v -46 71 -1
v -41 58 -1
v -41 59 -1
v -41 64 -1
v -41 65 -1
v -39 58 -1
v -39 59 -1
v -39 64 -1
v -39 65 -1
v -38 57 -1
v -38 58 -1
v -38 65 -1
v -38 66 -1
v -37 57 -1
v -37 58 -1
v -37 65 -1
v -37 66 -1
v -51 45 -2
v -51 46 -2
v -51 77 -2
v -51 78 -2
v -50 45 -2
v -50 46 -2
v -50 77 -2
v -50 78 -2
v -46 45 -2
v -46 46 -2
v -46 77 -2
v -46 78 -2
v -45 45 -2
v -45 46 -2
v -45 77 -2
v -45 78 -2
v -55 47 -3
v -55 49 -3
v -55 74 -3
v -55 76 -3
v -54 47 -3
v -54 49 -3
v -54 74 -3
v -54 76 -3
v -52 44 -3
v -52 45 -3
v -52 78 -3
v -52 79 -3
v -49 44 -3
v -49 45 -3
v -49 78 -3
v -49 79 -3
v -47 44 -3
v -47 45 -3
v -47 78 -3
v -47 79 -3
v -44 44 -3
v -44 45 -3
v -44 78 -3
v -44 79 -3
v -42 47 -3
v -42 49 -3
v -42 74 -3
v -42 76 -3
v -41 47 -3
v -41 49 -3
v -41 74 -3
v -41 76 -3
v -35 58 -3
v -35 59 -3
v -35 64 -3
v -35 65 -3
v -34 58 -3
v -34 59 -3
v -34 64 -3
v -34 65 -3
v -50 58 -4
v -50 59 -4
v -50 64 -4
v -50 65 -4
v -49 58 -4
v -49 59 -4
v -49 64 -4
v -49 65 -4
v -47 58 -4
v -47 59 -4
v -47 64 -4
v -47 65 -4
v -46 58 -4
v -46 59 -4
v -46 64 -4
v -46 65 -4
v -35 59 -4
v -35 60 -4
v -35 63 -4
v -35 64 -4
v -34 59 -4
v -34 60 -4
v -34 63 -4
v -34 64 -4
v -55 50 -5
v -55 51 -5
v -55 72 -5
v -55 73 -5
v -54 50 -5
v -54 51 -5
v -54 52 -5
v -54 71 -5
v -54 72 -5
v -54 73 -5
v -51 51 -5
v -51 52 -5
v -51 53 -5
v -51 70 -5
v -51 71 -5
v -51 72 -5
v -50 57 -5
v -50 58 -5
v -50 65 -5
v -50 66 -5
v -49 57 -5
v -49 58 -5
v -49 65 -5
v -49 66 -5
v -47 57 -5
v -47 58 -5
v -47 65 -5
v -47 66 -5
v -46 57 -5
v -46 58 -5
v -46 65 -5
v -46 66 -5
v -45 51 -5
v -45 52 -5
v -45 53 -5
v -45 70 -5
v -45 71 -5
v -45 72 -5
v -42 50 -5
v -42 51 -5
v -42 52 -5
v -42 71 -5
v -42 72 -5
v -42 73 -5
v -41 50 -5
v -41 51 -5
v -41 72 -5
v -41 73 -5
v -35 60 -5
v -35 63 -5
v -34 60 -5
v -34 63 -5
v -55 37 -6
v -55 38 -6
v -55 85 -6
v -55 86 -6
v -54 37 -6
v -54 38 -6
v -54 40 -6
v -54 41 -6
v -54 82 -6
v -54 83 -6
v -54 85 -6
v -54 86 -6
v -53 37 -6
v -53 38 -6
v -53 40 -6
v -53 41 -6
v -53 82 -6
v -53 83 -6
v -53 85 -6
v -53 86 -6
v -52 37 -6
v -52 38 -6
v -52 85 -6
v -52 86 -6
v -50 56 -6
v -50 57 -6
v -50 66 -6
v -50 67 -6
v -49 56 -6
v -49 57 -6
v -49 66 -6
v -49 67 -6
v -47 56 -6
v -47 57 -6
v -47 66 -6
v -47 67 -6
v -46 56 -6
v -46 57 -6
v -46 66 -6
v -46 67 -6
v -55 51 -7
v -55 52 -7
v -55 71 -7
v -55 72 -7
v -54 51 -7
v -54 52 -7
v -54 53 -7
v -54 70 -7
v -54 71 -7
v -54 72 -7
v -52 44 -7
v -52 46 -7
v -52 77 -7
v -52 79 -7
v -51 44 -7
v -51 46 -7
v -51 52 -7
v -51 53 -7
v -51 54 -7
v -51 69 -7
v -51 70 -7
v -51 71 -7
v -51 77 -7
v -51 79 -7
v -50 55 -7
v -50 56 -7
v -50 67 -7
v -50 68 -7
v -49 55 -7
v -49 56 -7
v -49 67 -7
v -49 68 -7
v -47 55 -7
v -47 56 -7
v -47 67 -7
v -47 68 -7
v -46 55 -7
v -46 56 -7
v -46 67 -7
v -46 68 -7
v -45 44 -7
v -45 46 -7
v -45 52 -7
v -45 53 -7
v -45 54 -7
v -45 69 -7
v -45 70 -7
v -45 71 -7
v -45 77 -7
v -45 79 -7
v -44 44 -7
v -44 46 -7
v -44 77 -7
v -44 79 -7
v -42 51 -7
v -42 52 -7
v -42 53 -7
v -42 70 -7
v -42 71 -7
v -42 72 -7
v -41 51 -7
v -41 52 -7
v -41 71 -7
v -41 72 -7
v -55 52 -8
v -55 53 -8
v -55 70 -8
v -55 71 -8
v -54 52 -8
v -54 53 -8
v -54 54 -8
v -54 69 -8
v -54 70 -8
v -54 71 -8
v -52 42 -8
v -52 44 -8
v -52 79 -8
v -52 81 -8
v -51 42 -8
v -51 44 -8
v -51 53 -8
v -51 54 -8
v -51 55 -8
v -51 68 -8
v -51 69 -8
v -51 70 -8
v -51 79 -8
v -51 81 -8
v -50 55 -8
v -50 68 -8
v -49 55 -8
v -49 68 -8
v -47 55 -8
v -47 68 -8
v -46 55 -8
v -46 68 -8
v -45 42 -8
v -45 44 -8
v -45 53 -8
v -45 54 -8
v -45 55 -8
v -45 68 -8
v -45 69 -8
v -45 70 -8
v -45 79 -8
v -45 81 -8
v -44 42 -8
v -44 44 -8
v -44 79 -8
v -44 81 -8
v -42 52 -8
v -42 53 -8
v -42 54 -8
v -42 69 -8
v -42 70 -8
v -42 71 -8
v -41 52 -8
v -41 53 -8
v -41 70 -8
v -41 71 -8
v -55 6 -9
v -55 7 -9
v -55 53 -9
v -55 54 -9
v -55 69 -9
v -55 70 -9
v -55 116 -9
v -55 117 -9
v -54 6 -9
v -54 7 -9
v -54 53 -9
v -54 54 -9
v -54 55 -9
v -54 68 -9
v -54 69 -9
v -54 70 -9
v -54 116 -9
v -54 117 -9
v -53 6 -9
v -53 7 -9
v -53 116 -9
v -53 117 -9
v -52 6 -9
v -52 7 -9
v -52 40 -9
v -52 42 -9
v -52 81 -9
v -52 83 -9
v -52 116 -9
v -52 117 -9
v -51 40 -9
v -51 42 -9
v -51 54 -9
v -51 55 -9
v -51 56 -9
v -51 67 -9
v -51 68 -9
v -51 69 -9
v -51 81 -9
v -51 83 -9
v -45 40 -9
v -45 42 -9
v -45 54 -9
v -45 55 -9
v -45 56 -9
v -45 67 -9
v -45 68 -9
v -45 69 -9
v -45 81 -9
v -45 83 -9
v -44 40 -9
v -44 42 -9
v -44 81 -9
v -44 83 -9
v -42 53 -9
v -42 54 -9
v -42 55 -9
v -42 68 -9
v -42 69 -9
v -42 70 -9
v -41 53 -9
v -41 54 -9
v -41 69 -9
v -41 70 -9
v -55 54 -10
v -55 55 -10
v -55 68 -10
v -55 69 -10
v -55 84 -10
v -55 85 -10
v -54 41 -10
v -54 42 -10
v -54 54 -10
v -54 55 -10
v -54 56 -10
v -54 67 -10
v -54 68 -10
v -54 69 -10
v -54 81 -10
v -54 82 -10
v -54 84 -10
v -54 85 -10
v -53 38 -10
v -53 39 -10
v -53 41 -10
v -53 42 -10
v -53 81 -10
v -53 82 -10
v -53 84 -10
v -53 85 -10
v -52 38 -10
v -52 39 -10
v -52 40 -10
v -52 83 -10
v -52 84 -10
v -52 85 -10
v -51 39 -10
v -51 40 -10
v -51 55 -10
v -51 56 -10
v -51 58 -10
v -51 65 -10
v -51 67 -10
v -51 68 -10
v -51 83 -10
v -51 84 -10
v -45 39 -10
v -45 40 -10
v -45 55 -10
v -45 56 -10
v -45 58 -10
v -45 65 -10
v -45 67 -10
v -45 68 -10
v -45 83 -10
v -45 84 -10
v -44 38 -10
v -44 40 -10
v -44 83 -10
v -44 85 -10
v -42 54 -10
v -42 55 -10
v -42 56 -10
v -42 67 -10
v -42 68 -10
v -42 69 -10
v -41 54 -10
v -41 55 -10
v -41 68 -10
v -41 69 -10
v -55 34 -11
v -55 36 -11
v -55 50 -11
v -55 51 -11
v -55 55 -11
v -55 56 -11
v -55 67 -11
v -55 68 -11
v -55 72 -11
v -55 73 -11
v -55 87 -11
v -55 89 -11
v -54 34 -11
v -54 36 -11
v -54 50 -11
v -54 51 -11
v -54 55 -11
v -54 56 -11
v -54 58 -11
v -54 65 -11
v -54 67 -11
v -54 68 -11
v -54 72 -11
v -54 73 -11
v -54 87 -11
v -54 89 -11
v -53 34 -11
v -53 36 -11
v -53 47 -11
v -53 48 -11
v -53 75 -11
v -53 76 -11
v -53 87 -11
v -53 89 -11
v -52 34 -11
v -52 36 -11
v -52 47 -11
v -52 48 -11
v -52 75 -11
v -52 76 -11
v -52 87 -11
v -52 89 -11
v -51 56 -11
v -51 58 -11
v -51 65 -11
v -51 67 -11
v -50 47 -11
v -50 48 -11
v -50 61 -11
v -50 62 -11
v -50 75 -11
v -50 76 -11
v -49 47 -11
v -49 48 -11
v -49 61 -11
v -49 62 -11
v -49 75 -11
v -49 76 -11
v -47 47 -11
v -47 48 -11
v -47 61 -11
v -47 62 -11
v -47 75 -11
v -47 76 -11
v -46 47 -11
v -46 48 -11
v -46 61 -11
v -46 62 -11
v -46 75 -11
v -46 76 -11
v -45 56 -11
v -45 58 -11
v -45 65 -11
v -45 67 -11
v -44 47 -11
v -44 48 -11
v -44 75 -11
v -44 76 -11
v -43 47 -11
v -43 48 -11
v -43 75 -11
v -43 76 -11
v -42 50 -11
v -42 51 -11
v -42 55 -11
v -42 56 -11
v -42 58 -11
v -42 65 -11
v -42 67 -11
v -42 68 -11
v -42 72 -11
v -42 73 -11
v -41 50 -11
v -41 51 -11
v -41 55 -11
v -41 56 -11
v -41 67 -11
v -41 68 -11
v -41 72 -11
v -41 73 -11
v -55 32 -12
v -55 34 -12
v -55 38 -12
v -55 40 -12
v -55 51 -12
v -55 52 -12
v -55 53 -12
v -55 54 -12
v -55 56 -12
v -55 58 -12
v -55 65 -12
v -55 67 -12
v -55 69 -12
v -55 70 -12
v -55 71 -12
v -55 72 -12
v -55 83 -12
v -55 84 -12
v -55 89 -12
v -55 91 -12
v -54 32 -12
v -54 34 -12
v -54 38 -12
v -54 39 -12
v -54 40 -12
v -54 42 -12
v -54 43 -12
v -54 51 -12
v -54 52 -12
v -54 53 -12
v -54 54 -12
v -54 56 -12
v -54 58 -12
v -54 65 -12
v -54 67 -12
v -54 69 -12
v -54 70 -12
v -54 71 -12
v -54 72 -12
v -54 80 -12
v -54 81 -12
v -54 83 -12
v -54 84 -12
v -54 89 -12
v -54 91 -12
v -53 32 -12
v -53 34 -12
v -53 39 -12
v -53 40 -12
v -53 42 -12
v -53 43 -12
v -53 80 -12
v -53 81 -12
v -53 83 -12
v -53 84 -12
v -53 89 -12
v -53 91 -12
v -52 32 -12
v -52 34 -12
v -52 39 -12
v -52 40 -12
v -52 83 -12
v -52 84 -12
v -52 89 -12
v -52 91 -12
v -51 58 -12
v -51 65 -12
v -45 58 -12
v -45 65 -12
v -42 51 -12
v -42 52 -12
v -42 53 -12
v -42 54 -12
v -42 56 -12
v -42 58 -12
v -42 65 -12
v -42 67 -12
v -42 69 -12
v -42 70 -12
v -42 71 -12
v -42 72 -12
v -41 51 -12
v -41 52 -12
v -41 53 -12
v -41 54 -12
v -41 56 -12
v -41 58 -12
v -41 65 -12
v -41 67 -12
v -41 69 -12
v -41 70 -12
v -41 71 -12
v -41 72 -12
v -55 30 -13
v -55 32 -13
v -55 52 -13
v -55 53 -13
v -55 58 -13
v -55 65 -13
v -55 70 -13
v -55 71 -13
v -55 91 -13
v -55 93 -13
v -54 30 -13
v -54 32 -13
v -54 52 -13
v -54 53 -13
v -54 58 -13
v -54 65 -13
v -54 70 -13
v -54 71 -13
v -54 91 -13
v -54 93 -13
v -53 30 -13
v -53 32 -13
v -53 91 -13
v -53 93 -13
v -52 30 -13
v -52 32 -13
v -52 91 -13
v -52 93 -13
v -42 52 -13
v -42 53 -13
v -42 58 -13
v -42 65 -13
v -42 70 -13
v -42 71 -13
v -41 52 -13
v -41 53 -13
v -41 58 -13
v -41 65 -13
v -41 70 -13
v -41 71 -13
v -55 7 -14
v -55 8 -14
v -55 28 -14
v -55 30 -14
v -55 40 -14
v -55 41 -14
v -55 82 -14
v -55 83 -14
v -55 93 -14
v -55 95 -14
v -55 115 -14
v -55 116 -14
v -54 7 -14
v -54 8 -14
v -54 28 -14
v -54 30 -14
v -54 40 -14
v -54 41 -14
v -54 43 -14
v -54 44 -14
v -54 79 -14
v -54 80 -14
v -54 82 -14
v -54 83 -14
v -54 93 -14
v -54 95 -14
v -54 115 -14
v -54 116 -14
v -53 7 -14
v -53 8 -14
v -53 28 -14
v -53 30 -14
v -53 40 -14
v -53 41 -14
v -53 43 -14
v -53 44 -14
v -53 79 -14
v -53 80 -14
v -53 82 -14
v -53 83 -14
v -53 93 -14
v -53 95 -14
v -53 115 -14
v -53 116 -14
v -52 7 -14
v -52 8 -14
v -52 28 -14
v -52 30 -14
v -52 40 -14
v -52 41 -14
v -52 82 -14
v -52 83 -14
v -52 93 -14
v -52 95 -14
v -52 115 -14
v -52 116 -14
v -55 26 -15
v -55 28 -15
v -55 95 -15
v -55 97 -15
v -54 26 -15
v -54 28 -15
v -54 44 -15
v -54 45 -15
v -54 78 -15
v -54 79 -15
v -54 95 -15
v -54 97 -15
v -53 26 -15
v -53 28 -15
v -53 44 -15
v -53 45 -15
v -53 78 -15
v -53 79 -15
v -53 95 -15
v -53 97 -15
v -52 26 -15
v -52 28 -15
v -52 95 -15
v -52 97 -15
v -55 24 -16
v -55 26 -16
v -55 41 -16
v -55 42 -16
v -55 60 -16
v -55 63 -16
v -55 81 -16
v -55 82 -16
v -55 97 -16
v -55 99 -16
v -54 24 -16
v -54 26 -16
v -54 41 -16
v -54 42 -16
v -54 45 -16
v -54 46 -16
v -54 60 -16
v -54 63 -16
v -54 77 -16
v -54 78 -16
v -54 81 -16
v -54 82 -16
v -54 97 -16
v -54 99 -16
v -53 24 -16
v -53 26 -16
v -53 41 -16
v -53 42 -16
v -53 45 -16
v -53 46 -16
v -53 77 -16
v -53 78 -16
v -53 81 -16
v -53 82 -16
v -53 97 -16
v -53 99 -16
v -52 24 -16
v -52 26 -16
v -52 41 -16
v -52 42 -16
v -52 81 -16
v -52 82 -16
v -52 97 -16
v -52 99 -16
v -42 60 -16
v -42 63 -16
v -41 60 -16
v -41 63 -16
v -55 22 -17
v -55 24 -17
v -55 42 -17
v -55 43 -17
v -55 80 -17
v -55 81 -17
v -55 99 -17
v -55 101 -17
v -54 22 -17
v -54 24 -17
v -54 42 -17
v -54 43 -17
v -54 46 -17
v -54 47 -17
v -54 76 -17
v -54 77 -17
v -54 80 -17
v -54 81 -17
v -54 99 -17
v -54 101 -17
v -53 22 -17
v -53 24 -17
v -53 42 -17
v -53 43 -17
v -53 46 -17
v -53 47 -17
v -53 76 -17
v -53 77 -17
v -53 80 -17
v -53 81 -17
v -53 99 -17
v -53 101 -17
v -52 22 -17
v -52 24 -17
v -52 42 -17
v -52 43 -17
v -52 80 -17
v -52 81 -17
v -52 99 -17
v -52 101 -17
v -55 8 -18
v -55 9 -18
v -55 20 -18
v -55 22 -18
v -55 43 -18
v -55 44 -18
v -55 79 -18
v -55 80 -18
v -55 101 -18
v -55 103 -18
v -55 114 -18
v -55 115 -18
v -54 8 -18
v -54 9 -18
v -54 20 -18
v -54 22 -18
v -54 43 -18
v -54 44 -18
v -54 47 -18
v -54 48 -18
v -54 75 -18
v -54 76 -18
v -54 79 -18
v -54 80 -18
v -54 101 -18
v -54 103 -18
v -54 114 -18
v -54 115 -18
v -53 8 -18
v -53 9 -18
v -53 20 -18
v -53 22 -18
v -53 43 -18
v -53 44 -18
v -53 47 -18
v -53 48 -18
v -53 75 -18
v -53 76 -18
v -53 79 -18
v -53 80 -18
v -53 101 -18
v -53 103 -18
v -53 114 -18
v -53 115 -18
v -52 8 -18
v -52 9 -18
v -52 20 -18
v -52 22 -18
v -52 43 -18
v -52 44 -18
v -52 79 -18
v -52 80 -18
v -52 101 -18
v -52 103 -18
v -52 114 -18
v -52 115 -18
v -55 18 -19
v -55 20 -19
v -55 44 -19
v -55 45 -19
v -55 78 -19
v -55 79 -19
v -55 103 -19
v -55 105 -19
v -54 18 -19
v -54 20 -19
v -54 44 -19
v -54 45 -19
v -54 48 -19
v -54 49 -19
v -54 74 -19
v -54 75 -19
v -54 78 -19
v -54 79 -19
v -54 103 -19
v -54 105 -19
v -53 18 -19
v -53 20 -19
v -53 44 -19
v -53 45 -19
v -53 48 -19
v -53 49 -19
v -53 74 -19
v -53 75 -19
v -53 78 -19
v -53 79 -19
v -53 103 -19
v -53 105 -19
v -52 18 -19
v -52 20 -19
v -52 44 -19
v -52 45 -19
v -52 54 -19
v -52 55 -19
v -52 68 -19
v -52 69 -19
v -52 78 -19
v -52 79 -19
v -52 103 -19
v -52 105 -19
v -51 54 -19
v -51 55 -19
v -51 68 -19
v -51 69 -19
v -45 54 -19
v -45 55 -19
v -45 68 -19
v -45 69 -19
v -44 54 -19
v -44 55 -19
v -44 68 -19
v -44 69 -19
v -55 16 -20
v -55 18 -20
v -55 45 -20
v -55 46 -20
v -55 77 -20
v -55 78 -20
v -55 105 -20
v -55 107 -20
v -54 16 -20
v -54 18 -20
v -54 45 -20
v -54 46 -20
v -54 49 -20
v -54 51 -20
v -54 72 -20
v -54 74 -20
v -54 77 -20
v -54 78 -20
v -54 105 -20
v -54 107 -20
v -53 16 -20
v -53 18 -20
v -53 45 -20
v -53 46 -20
v -53 49 -20
v -53 51 -20
v -53 72 -20
v -53 74 -20
v -53 77 -20
v -53 78 -20
v -53 105 -20
v -53 107 -20
v -52 16 -20
v -52 18 -20
v -52 45 -20
v -52 46 -20
v -52 77 -20
v -52 78 -20
v -52 105 -20
v -52 107 -20
v -55 9 -21
v -55 10 -21
v -55 14 -21
v -55 16 -21
v -55 41 -21
v -55 42 -21
v -55 46 -21
v -55 47 -21
v -55 76 -21
v -55 77 -21
v -55 81 -21
v -55 82 -21
v -55 107 -21
v -55 109 -21
v -55 113 -21
v -55 114 -21
v -54 9 -21
v -54 10 -21
v -54 14 -21
v -54 16 -21
v -54 41 -21
v -54 42 -21
v -54 46 -21
v -54 47 -21
v -54 51 -21
v -54 53 -21
v -54 70 -21
v -54 72 -21
v -54 76 -21
v -54 77 -21
v -54 81 -21
v -54 82 -21
v -54 107 -21
v -54 109 -21
v -54 113 -21
v -54 114 -21
v -53 9 -21
v -53 10 -21
v -53 14 -21
v -53 16 -21
v -53 41 -21
v -53 42 -21
v -53 46 -21
v -53 47 -21
v -53 51 -21
v -53 53 -21
v -53 70 -21
v -53 72 -21
v -53 76 -21
v -53 77 -21
v -53 81 -21
v -53 82 -21
v -53 107 -21
v -53 109 -21
v -53 113 -21
v -53 114 -21
v -52 9 -21
v -52 10 -21
v -52 14 -21
v -52 16 -21
v -52 41 -21
v -52 42 -21
v -52 46 -21
v -52 47 -21
v -52 53 -21
v -52 54 -21
v -52 69 -21
v -52 70 -21
v -52 76 -21
v -52 77 -21
v -52 81 -21
v -52 82 -21
v -52 107 -21
v -52 109 -21
v -52 113 -21
v -52 114 -21
v -51 53 -21
v -51 54 -21
v -51 69 -21
v -51 70 -21
v -45 53 -21
v -45 54 -21
v -45 69 -21
v -45 70 -21
v -44 53 -21
v -44 54 -21
v -44 69 -21
v -44 70 -21
v -55 12 -22
v -55 14 -22
v -55 40 -22
v -55 41 -22
v -55 47 -22
v -55 49 -22
v -55 74 -22
v -55 76 -22
v -55 82 -22
v -55 83 -22
v -55 109 -22
v -55 111 -22
v -54 12 -22
v -54 14 -22
v -54 40 -22
v -54 41 -22
v -54 47 -22
v -54 49 -22
v -54 53 -22
v -54 57 -22
v -54 66 -22
v -54 70 -22
v -54 74 -22
v -54 76 -22
v -54 82 -22
v -54 83 -22
v -54 109 -22
v -54 111 -22
v -53 12 -22
v -53 14 -22
v -53 40 -22
v -53 41 -22
v -53 47 -22
v -53 49 -22
v -53 53 -22
v -53 57 -22
v -53 66 -22
v -53 70 -22
v -53 74 -22
v -53 76 -22
v -53 82 -22
v -53 83 -22
v -53 109 -22
v -53 111 -22
v -52 12 -22
v -52 14 -22
v -52 40 -22
v -52 41 -22
v -52 47 -22
v -52 49 -22
v -52 74 -22
v -52 76 -22
v -52 82 -22
v -52 83 -22
v -52 109 -22
v -52 111 -22
v -55 10 -23
v -55 12 -23
v -55 39 -23
v -55 40 -23
v -55 49 -23
v -55 51 -23
v -55 72 -23
v -55 74 -23
v -55 83 -23
v -55 84 -23
v -55 111 -23
v -55 113 -23
v -54 10 -23
v -54 12 -23
v -54 39 -23
v -54 40 -23
v -54 49 -23
v -54 51 -23
v -54 57 -23
v -54 66 -23
v -54 72 -23
v -54 74 -23
v -54 83 -23
v -54 84 -23
v -54 111 -23
v -54 113 -23
v -53 10 -23
v -53 12 -23
v -53 39 -23
v -53 40 -23
v -53 49 -23
v -53 51 -23
v -53 57 -23
v -53 66 -23
v -53 72 -23
v -53 74 -23
v -53 83 -23
v -53 84 -23
v -53 111 -23
v -53 113 -23
v -52 10 -23
v -52 12 -23
v -52 39 -23
v -52 40 -23
v -52 49 -23
v -52 51 -23
v -52 52 -23
v -52 53 -23
v -52 70 -23
v -52 71 -23
v -52 72 -23
v -52 74 -23
v -52 83 -23
v -52 84 -23
v -52 111 -23
v -52 113 -23
v -51 52 -23
v -51 53 -23
v -51 70 -23
v -51 71 -23
v -45 52 -23
v -45 53 -23
v -45 70 -23
v -45 71 -23
v -44 52 -23
v -44 53 -23
v -44 70 -23
v -44 71 -23
v -55 38 -24
v -55 39 -24
v -55 51 -24
v -55 52 -24
v -55 70 -24
v -55 72 -24
v -55 84 -24
v -55 85 -24
v -54 38 -24
v -54 39 -24
v -54 51 -24
v -54 52 -24
v -54 70 -24
v -54 72 -24
v -54 84 -24
v -54 85 -24
v -53 38 -24
v -53 39 -24
v -53 51 -24
v -53 53 -24
v -53 70 -24
v -53 72 -24
v -53 84 -24
v -53 85 -24
v -52 38 -24
v -52 39 -24
v -52 51 -24
v -52 52 -24
v -52 53 -24
v -52 70 -24
v -52 71 -24
v -52 72 -24
v -52 84 -24
v -52 85 -24
v -51 52 -24
v -51 53 -24
v -51 70 -24
v -51 71 -24
v -45 52 -24
v -45 53 -24
v -45 70 -24
v -45 71 -24
v -55 37 -25
v -55 38 -25
v -55 52 -25
v -55 57 -25
v -55 66 -25
v -55 70 -25
v -55 85 -25
v -55 86 -25
v -54 37 -25
v -54 38 -25
v -54 52 -25
v -54 53 -25
v -54 57 -25
v -54 66 -25
v -54 70 -25
v -54 85 -25
v -54 86 -25
v -53 37 -25
v -53 38 -25
v -53 53 -25
v -53 57 -25
v -53 66 -25
v -53 70 -25
v -53 85 -25
v -53 86 -25
v -52 37 -25
v -52 38 -25
v -52 53 -25
v -52 57 -25
v -52 66 -25
v -52 70 -25
v -52 85 -25
v -52 86 -25
v -55 11 -26
v -55 12 -26
v -55 36 -26
v -55 37 -26
v -55 57 -26
v -55 66 -26
v -55 86 -26
v -55 87 -26
v -55 111 -26
v -55 112 -26
v -54 11 -26
v -54 12 -26
v -54 36 -26
v -54 37 -26
v -54 57 -26
v -54 66 -26
v -54 86 -26
v -54 87 -26
v -54 111 -26
v -54 112 -26
v -53 11 -26
v -53 12 -26
v -53 36 -26
v -53 37 -26
v -53 57 -26
v -53 66 -26
v -53 86 -26
v -53 87 -26
v -53 111 -26
v -53 112 -26
v -52 11 -26
v -52 12 -26
v -52 36 -26
v -52 37 -26
v -52 57 -26
v -52 66 -26
v -52 86 -26
v -52 87 -26
v -52 111 -26
v -52 112 -26
v -55 35 -27
v -55 36 -27
v -55 51 -27
v -55 52 -27
v -55 71 -27
v -55 72 -27
v -55 87 -27
v -55 88 -27
v -54 35 -27
v -54 36 -27
v -54 51 -27
v -54 52 -27
v -54 71 -27
v -54 72 -27
v -54 87 -27
v -54 88 -27
v -53 35 -27
v -53 36 -27
v -53 51 -27
v -53 52 -27
v -53 71 -27
v -53 72 -27
v -53 87 -27
v -53 88 -27
v -52 35 -27
v -52 36 -27
v -52 51 -27
v -52 52 -27
v -52 71 -27
v -52 72 -27
v -52 87 -27
v -52 88 -27
v -55 12 -28
v -55 13 -28
v -55 34 -28
v -55 35 -28
v -55 88 -28
v -55 89 -28
v -55 110 -28
v -55 111 -28
v -54 12 -28
v -54 13 -28
v -54 34 -28
v -54 35 -28
v -54 88 -28
v -54 89 -28
v -54 110 -28
v -54 111 -28
v -53 12 -28
v -53 13 -28
v -53 34 -28
v -53 35 -28
v -53 88 -28
v -53 89 -28
v -53 110 -28
v -53 111 -28
v -52 12 -28
v -52 13 -28
v -52 34 -28
v -52 35 -28
v -52 88 -28
v -52 89 -28
v -52 110 -28
v -52 111 -28
v -55 13 -29
v -55 14 -29
v -55 33 -29
v -55 34 -29
v -55 50 -29
v -55 51 -29
v -55 72 -29
v -55 73 -29
v -55 89 -29
v -55 90 -29
v -55 109 -29
v -55 110 -29
v -54 13 -29
v -54 14 -29
v -54 33 -29
v -54 34 -29
v -54 50 -29
v -54 51 -29
v -54 72 -29
v -54 73 -29
v -54 89 -29
v -54 90 -29
v -54 109 -29
v -54 110 -29
v -53 13 -29
v -53 14 -29
v -53 33 -29
v -53 34 -29
v -53 50 -29
v -53 51 -29
v -53 72 -29
v -53 73 -29
v -53 89 -29
v -53 90 -29
v -53 109 -29
v -53 110 -29
v -52 13 -29
v -52 14 -29
v -52 33 -29
v -52 34 -29
v -52 50 -29
v -52 51 -29
v -52 72 -29
v -52 73 -29
v -52 89 -29
v -52 90 -29
v -52 109 -29
v -52 110 -29
v -55 32 -30
v -55 33 -30
v -55 90 -30
v -55 91 -30
v -54 32 -30
v -54 33 -30
v -54 90 -30
v -54 91 -30
v -53 32 -30
v -53 33 -30
v -53 90 -30
v -53 91 -30
v -52 32 -30
v -52 33 -30
v -52 90 -30
v -52 91 -30
v -55 14 -31
v -55 15 -31
v -55 31 -31
v -55 32 -31
v -55 49 -31
v -55 50 -31
v -55 73 -31
v -55 74 -31
v -55 91 -31
v -55 92 -31
v -55 108 -31
v -55 109 -31
v -54 14 -31
v -54 15 -31
v -54 31 -31
v -54 32 -31
v -54 49 -31
v -54 50 -31
v -54 73 -31
v -54 74 -31
v -54 91 -31
v -54 92 -31
v -54 108 -31
v -54 109 -31
v -53 14 -31
v -53 15 -31
v -53 31 -31
v -53 32 -31
v -53 49 -31
v -53 50 -31
v -53 73 -31
v -53 74 -31
v -53 91 -31
v -53 92 -31
v -53 108 -31
v -53 109 -31
v -52 14 -31
v -52 15 -31
v -52 31 -31
v -52 32 -31
v -52 49 -31
v -52 50 -31
v -52 73 -31
v -52 74 -31
v -52 91 -31
v -52 92 -31
v -52 108 -31
v -52 109 -31
v -55 30 -32
v -55 31 -32
v -55 92 -32
v -55 93 -32
v -54 30 -32
v -54 31 -32
v -54 92 -32
v -54 93 -32
v -53 30 -32
v -53 31 -32
v -53 92 -32
v -53 93 -32
v -52 30 -32
v -52 31 -32
v -52 92 -32
v -52 93 -32
v -55 15 -33
v -55 16 -33
v -55 29 -33
v -55 30 -33
v -55 48 -33
v -55 49 -33
v -55 74 -33
v -55 75 -33
v -55 93 -33
v -55 94 -33
v -55 107 -33
v -55 108 -33
v -54 15 -33
v -54 16 -33
v -54 29 -33
v -54 30 -33
v -54 48 -33
v -54 49 -33
v -54 74 -33
v -54 75 -33
v -54 93 -33
v -54 94 -33
v -54 107 -33
v -54 108 -33
v -53 15 -33
v -53 16 -33
v -53 29 -33
v -53 30 -33
v -53 48 -33
v -53 49 -33
v -53 74 -33
v -53 75 -33
v -53 93 -33
v -53 94 -33
v -53 107 -33
v -53 108 -33
v -52 15 -33
v -52 16 -33
v -52 29 -33
v -52 30 -33
v -52 48 -33
v -52 49 -33
v -52 74 -33
v -52 75 -33
v -52 93 -33
v -52 94 -33
v -52 107 -33
v -52 108 -33
v -55 16 -34
v -55 17 -34
v -55 28 -34
v -55 29 -34
v -55 94 -34
v -55 95 -34
v -55 106 -34
v -55 107 -34
v -54 16 -34
v -54 17 -34
v -54 28 -34
v -54 29 -34
v -54 94 -34
v -54 95 -34
v -54 106 -34
v -54 107 -34
v -53 16 -34
v -53 17 -34
v -53 28 -34
v -53 29 -34
v -53 94 -34
v -53 95 -34
v -53 106 -34
v -53 107 -34
v -52 16 -34
v -52 17 -34
v -52 28 -34
v -52 29 -34
v -52 94 -34
v -52 95 -34
v -52 106 -34
v -52 107 -34
v -55 17 -35
v -55 18 -35
v -55 27 -35
v -55 28 -35
v -55 47 -35
v -55 48 -35
v -55 75 -35
v -55 76 -35
v -55 95 -35
v -55 96 -35
v -55 105 -35
v -55 106 -35
v -54 17 -35
v -54 18 -35
v -54 27 -35
v -54 28 -35
v -54 47 -35
v -54 48 -35
v -54 75 -35
v -54 76 -35
v -54 95 -35
v -54 96 -35
v -54 105 -35
v -54 106 -35
v -53 17 -35
v -53 18 -35
v -53 27 -35
v -53 28 -35
v -53 47 -35
v -53 48 -35
v -53 75 -35
v -53 76 -35
v -53 95 -35
v -53 96 -35
v -53 105 -35
v -53 106 -35
v -52 17 -35
v -52 18 -35
v -52 27 -35
v -52 28 -35
v -52 47 -35
v -52 48 -35
v -52 75 -35
v -52 76 -35
v -52 95 -35
v -52 96 -35
v -52 105 -35
v -52 106 -35
v -55 26 -36
v -55 27 -36
v -55 96 -36
v -55 97 -36
v -54 26 -36
v -54 27 -36
v -54 96 -36
v -54 97 -36
v -53 26 -36
v -53 27 -36
v -53 96 -36
v -53 97 -36
v -52 26 -36
v -52 27 -36
v -52 96 -36
v -52 97 -36
v -55 18 -37
v -55 19 -37
v -55 25 -37
v -55 26 -37
v -55 46 -37
v -55 47 -37
v -55 76 -37
v -55 77 -37
v -55 97 -37
v -55 98 -37
v -55 104 -37
v -55 105 -37
v -54 18 -37
v -54 19 -37
v -54 25 -37
v -54 26 -37
v -54 46 -37
v -54 47 -37
v -54 76 -37
v -54 77 -37
v -54 97 -37
v -54 98 -37
v -54 104 -37
v -54 105 -37
v -53 18 -37
v -53 19 -37
v -53 25 -37
v -53 26 -37
v -53 46 -37
v -53 47 -37
v -53 76 -37
v -53 77 -37
v -53 97 -37
v -53 98 -37
v -53 104 -37
v -53 105 -37
v -52 18 -37
v -52 19 -37
v -52 25 -37
v -52 26 -37
v -52 46 -37
v -52 47 -37
v -52 76 -37
v -52 77 -37
v -52 97 -37
v -52 98 -37
v -52 104 -37
v -52 105 -37
v -55 19 -38
v -55 20 -38
v -55 24 -38
v -55 25 -38
v -55 98 -38
v -55 99 -38
v -55 103 -38
v -55 104 -38
v -54 19 -38
v -54 20 -38
v -54 24 -38
v -54 25 -38
v -54 98 -38
v -54 99 -38
v -54 103 -38
v -54 104 -38
v -53 19 -38
v -53 20 -38
v -53 24 -38
v -53 25 -38
v -53 98 -38
v -53 99 -38
v -53 103 -38
v -53 104 -38
v -52 19 -38
v -52 20 -38
v -52 24 -38
v -52 25 -38
v -52 98 -38
v -52 99 -38
v -52 103 -38
v -52 104 -38
v -55 20 -39
v -55 21 -39
v -55 23 -39
v -55 24 -39
v -55 45 -39
v -55 46 -39
v -55 77 -39
v -55 78 -39
v -55 99 -39
v -55 100 -39
v -55 102 -39
v -55 103 -39
v -54 20 -39
v -54 21 -39
v -54 23 -39
v -54 24 -39
v -54 45 -39
v -54 46 -39
v -54 77 -39
v -54 78 -39
v -54 99 -39
v -54 100 -39
v -54 102 -39
v -54 103 -39
v -53 20 -39
v -53 21 -39
v -53 23 -39
v -53 24 -39
v -53 45 -39
v -53 46 -39
v -53 77 -39
v -53 78 -39
v -53 99 -39
v -53 100 -39
v -53 102 -39
v -53 103 -39
v -52 20 -39
v -52 21 -39
v -52 23 -39
v -52 24 -39
v -52 45 -39
v -52 46 -39
v -52 77 -39
v -52 78 -39
v -52 99 -39
v -52 100 -39
v -52 102 -39
v -52 103 -39
v -55 21 -40
v -55 23 -40
v -55 100 -40
v -55 102 -40
v -54 21 -40
v -54 23 -40
v -54 100 -40
v -54 102 -40
v -53 21 -40
v -53 23 -40
v -53 100 -40
v -53 102 -40
v -52 21 -40
v -52 23 -40
v -52 100 -40
v -52 102 -40
v -55 44 -41
v -55 45 -41
v -55 78 -41
v -55 79 -41
v -54 44 -41
v -54 45 -41
v -54 78 -41
v -54 79 -41
v -53 44 -41
v -53 45 -41
v -53 78 -41
v -53 79 -41
v -52 44 -41
v -52 45 -41
v -52 78 -41
v -52 79 -41
v -55 23 -42
v -55 24 -42
v -55 99 -42
v -55 100 -42
v -54 23 -42
v -54 24 -42
v -54 99 -42
v -54 100 -42
v -53 23 -42
v -53 24 -42
v -53 99 -42
v -53 100 -42
v -52 23 -42
v -52 24 -42
v -52 99 -42
v -52 100 -42
v -55 24 -43
v -55 25 -43
v -55 43 -43
v -55 44 -43
v -55 79 -43
v -55 80 -43
v -55 98 -43
v -55 99 -43
v -54 24 -43
v -54 25 -43
v -54 43 -43
v -54 44 -43
v -54 79 -43
v -54 80 -43
v -54 98 -43
v -54 99 -43
v -53 24 -43
v -53 25 -43
v -53 43 -43
v -53 44 -43
v -53 79 -43
v -53 80 -43
v -53 98 -43
v -53 99 -43
v -52 24 -43
v -52 25 -43
v -52 43 -43
v -52 44 -43
v -52 79 -43
v -52 80 -43
v -52 98 -43
v -52 99 -43
v -55 25 -44
v -55 26 -44
v -55 97 -44
v -55 98 -44
v -54 25 -44
v -54 26 -44
v -54 97 -44
v -54 98 -44
v -53 25 -44
v -53 26 -44
v -53 97 -44
v -53 98 -44
v -52 25 -44
v -52 26 -44
v -52 97 -44
v -52 98 -44
v -55 26 -45
v -55 28 -45
v -55 42 -45
v -55 43 -45
v -55 80 -45
v -55 81 -45
v -55 95 -45
v -55 97 -45
v -54 26 -45
v -54 28 -45
v -54 42 -45
v -54 43 -45
v -54 80 -45
v -54 81 -45
v -54 95 -45
v -54 97 -45
v -53 26 -45
v -53 28 -45
v -53 42 -45
v -53 43 -45
v -53 80 -45
v -53 81 -45
v -53 95 -45
v -53 97 -45
v -52 26 -45
v -52 28 -45
v -52 42 -45
v -52 43 -45
v -52 80 -45
v -52 81 -45
v -52 95 -45
v -52 97 -45
v -55 28 -46
v -55 29 -46
v -55 94 -46
v -55 95 -46
v -54 28 -46
v -54 29 -46
v -54 94 -46
v -54 95 -46
v -53 28 -46
v -53 29 -46
v -53 94 -46
v -53 95 -46
v -52 28 -46
v -52 29 -46
v -52 94 -46
v -52 95 -46
v -55 29 -47
v -55 30 -47
v -55 41 -47
v -55 42 -47
v -55 81 -47
v -55 82 -47
v -55 93 -47
v -55 94 -47
v -54 29 -47
v -54 30 -47
v -54 41 -47
v -54 42 -47
v -54 81 -47
v -54 82 -47
v -54 93 -47
v -54 94 -47
v -53 29 -47
v -53 30 -47
v -53 41 -47
v -53 42 -47
v -53 81 -47
v -53 82 -47
v -53 93 -47
v -53 94 -47
v -52 29 -47
v -52 30 -47
v -52 41 -47
v -52 42 -47
v -52 81 -47
v -52 82 -47
v -52 93 -47
v -52 94 -47
v -55 30 -48
v -55 32 -48
v -55 91 -48
v -55 93 -48
v -54 30 -48
v -54 32 -48
v -54 91 -48
v -54 93 -48
v -53 30 -48
v -53 32 -48
v -53 91 -48
v -53 93 -48
v -52 30 -48
v -52 32 -48
v -52 91 -48
v -52 93 -48
v -55 32 -49
v -55 34 -49
v -55 40 -49
v -55 41 -49
v -55 82 -49
v -55 83 -49
v -55 89 -49
v -55 91 -49
v -54 32 -49
v -54 34 -49
v -54 40 -49
v -54 41 -49
v -54 82 -49
v -54 83 -49
v -54 89 -49
v -54 91 -49
v -53 32 -49
v -53 34 -49
v -53 40 -49
v -53 41 -49
v -53 82 -49
v -53 83 -49
v -53 89 -49
v -53 91 -49
v -52 32 -49
v -52 34 -49
v -52 40 -49
v -52 41 -49
v -52 82 -49
v -52 83 -49
v -52 89 -49
v -52 91 -49
v -55 34 -50
v -55 35 -50
v -55 88 -50
v -55 89 -50
v -54 34 -50
v -54 35 -50
v -54 88 -50
v -54 89 -50
v -53 34 -50
v -53 35 -50
v -53 88 -50
v -53 89 -50
v -52 34 -50
v -52 35 -50
v -52 88 -50
v -52 89 -50
v -55 35 -51
v -55 37 -51
v -55 39 -51
v -55 40 -51
v -55 83 -51
v -55 84 -51
v -55 86 -51
v -55 88 -51
v -54 35 -51
v -54 37 -51
v -54 39 -51
v -54 40 -51
v -54 83 -51
v -54 84 -51
v -54 86 -51
v -54 88 -51
v -53 35 -51
v -53 37 -51
v -53 39 -51
v -53 40 -51
v -53 83 -51
v -53 84 -51
v -53 86 -51
v -53 88 -51
v -52 35 -51
v -52 37 -51
v -52 39 -51
v -52 40 -51
v -52 83 -51
v -52 84 -51
v -52 86 -51
v -52 88 -51
v -55 37 -52
v -55 39 -52
v -55 84 -52
v -55 86 -52
v -54 37 -52
v -54 39 -52
v -54 84 -52
v -54 86 -52
v -53 37 -52
v -53 39 -52
v -53 84 -52
v -53 86 -52
v -52 37 -52
v -52 39 -52
v -52 84 -52
v -52 86 -52
v -55 40 -53
v -55 42 -53
v -55 81 -53
v -55 83 -53
v -54 40 -53
v -54 42 -53
v -54 81 -53
v -54 83 -53
v -53 40 -53
v -53 42 -53
v -53 81 -53
v -53 83 -53
v -52 40 -53
v -52 42 -53
v -52 81 -53
v -52 83 -53
v -55 42 -54
v -55 45 -54
v -55 78 -54
v -55 81 -54
v -54 42 -54
v -54 45 -54
v -54 78 -54
v -54 81 -54
v -53 42 -54
v -53 45 -54
v -53 78 -54
v -53 81 -54
v -52 42 -54
v -52 45 -54
v -52 78 -54
v -52 81 -54
v -55 45 -55
v -55 49 -55
v -55 74 -55
v -55 78 -55
v -54 45 -55
v -54 49 -55
v -54 74 -55
v -54 78 -55
v -53 45 -55
v -53 49 -55
v -53 74 -55
v -53 78 -55
v -52 45 -55
v -52 49 -55
v -52 74 -55
v -52 78 -55
v -55 49 -56
v -55 54 -56
v -55 69 -56
v -55 74 -56
v -54 49 -56
v -54 54 -56
v -54 69 -56
v -54 74 -56
v -53 49 -56
v -53 54 -56
v -53 69 -56
v -53 74 -56
v -52 49 -56
v -52 54 -56
v -52 69 -56
v -52 74 -56
v -55 54 -57
v -55 61 -57
v -55 62 -57
v -55 69 -57
v -54 54 -57
v -54 61 -57
v -54 62 -57
v -54 69 -57
v -53 54 -57
v -53 61 -57
v -53 62 -57
v -53 69 -57
v -52 54 -57
v -52 61 -57
v -52 62 -57
v -52 69 -57
v -55 54 54
v -55 61 54
v -55 62 54
v -55 69 54
v -54 54 54
v -54 61 54
v -54 62 54
v -54 69 54
v -53 54 54
v -53 61 54
v -53 62 54
v -53 69 54
v -52 54 54
v -52 61 54
v -52 62 54
v -52 69 54
v -55 49 53
v -55 54 53
v -55 69 53
v -55 74 53
v -54 49 53
v -54 54 53
v -54 69 53
v -54 74 53
v -53 49 53
v -53 54 53
v -53 69 53
v -53 74 53
v -52 49 53
v -52 54 53
v -52 69 53
v -52 74 53
v -55 45 52
v -55 49 52
v -55 74 52
v -55 78 52
v -54 45 52
v -54 49 52
v -54 74 52
v -54 78 52
v -53 45 52
v -53 49 52
v -53 74 52
v -53 78 52
v -52 45 52
v -52 49 52
v -52 74 52
v -52 78 52
v -55 42 51
v -55 45 51
v -55 78 51
v -55 81 51
v -54 42 51
v -54 45 51
v -54 78 51
v -54 81 51
v -53 42 51
v -53 45 51
v -53 78 51
v -53 81 51
v -52 42 51
v -52 45 51
v -52 78 51
v -52 81 51
v -55 40 50
v -55 42 50
v -55 81 50
v -55 83 50
v -54 40 50
v -54 42 50
v -54 81 50
v -54 83 50
v -53 40 50
v -53 42 50
v -53 81 50
v -53 83 50
v -52 40 50
v -52 42 50
v -52 81 50
v -52 83 50
v -55 37 49
v -55 39 49
v -55 84 49
v -55 86 49
v -54 37 49
v -54 39 49
v -54 84 49
v -54 86 49
v -53 37 49
v -53 39 49
v -53 84 49
v -53 86 49
v -52 37 49
v -52 39 49
v -52 84 49
v -52 86 49
v -55 35 48
v -55 37 48
v -55 39 48
v -55 40 48
v -55 83 48
v -55 84 48
v -55 86 48
v -55 88 48
v -54 35 48
v -54 37 48
v -54 39 48
v -54 40 48
v -54 83 48
v -54 84 48
v -54 86 48
v -54 88 48
v -53 35 48
v -53 37 48
v -53 39 48
v -53 40 48
v -53 83 48
v -53 84 48
v -53 86 48
v -53 88 48
v -52 35 48
v -52 37 48
v -52 39 48
v -52 40 48
v -52 83 48
v -52 84 48
v -52 86 48
v -52 88 48
v -55 34 47
v -55 35 47
v -55 88 47
v -55 89 47
v -54 34 47
v -54 35 47
v -54 88 47
v -54 89 47
v -53 34 47
v -53 35 47
v -53 88 47
v -53 89 47
v -52 34 47
v -52 35 47
v -52 88 47
v -52 89 47
v -55 32 46
v -55 34 46
v -55 40 46
v -55 41 46
v -55 82 46
v -55 83 46
v -55 89 46
v -55 91 46
v -54 32 46
v -54 34 46
v -54 40 46
v -54 41 46
v -54 82 46
v -54 83 46
v -54 89 46
v -54 91 46
v -53 32 46
v -53 34 46
v -53 40 46
v -53 41 46
v -53 82 46
v -53 83 46
v -53 89 46
v -53 91 46
v -52 32 46
v -52 34 46
v -52 40 46
v -52 41 46
v -52 82 46
v -52 83 46
v -52 89 46
v -52 91 46
v -55 30 45
v -55 32 45
v -55 91 45
v -55 93 45
v -54 30 45
v -54 32 45
v -54 91 45
v -54 93 45
v -53 30 45
v -53 32 45
v -53 91 45
v -53 93 45
v -52 30 45
v -52 32 45
v -52 91 45
v -52 93 45
v -55 29 44
v -55 30 44
v -55 41 44
v -55 42 44
v -55 81 44
v -55 82 44
v -55 93 44
v -55 94 44
v -54 29 44
v -54 30 44
v -54 41 44
v -54 42 44
v -54 81 44
v -54 82 44
v -54 93 44
v -54 94 44
v -53 29 44
v -53 30 44
v -53 41 44
v -53 42 44
v -53 81 44
v -53 82 44
v -53 93 44
v -53 94 44
v -52 29 44
v -52 30 44
v -52 41 44
v -52 42 44
v -52 81 44
v -52 82 44
v -52 93 44
v -52 94 44
v -55 28 43
v -55 29 43
v -55 94 43
v -55 95 43
v -54 28 43
v -54 29 43
v -54 94 43
v -54 95 43
v -53 28 43
v -53 29 43
v -53 94 43
v -53 95 43
v -52 28 43
v -52 29 43
v -52 94 43
v -52 95 43
v -55 26 42
v -55 28 42
v -55 42 42
v -55 43 42
v -55 80 42
v -55 81 42
v -55 95 42
v -55 97 42
v -54 26 42
v -54 28 42
v -54 42 42
v -54 43 42
v -54 80 42
v -54 81 42
v -54 95 42
v -54 97 42
v -53 26 42
v -53 28 42
v -53 42 42
v -53 43 42
v -53 80 42
v -53 81 42
v -53 95 42
v -53 97 42
v -52 26 42
v -52 28 42
v -52 42 42
v -52 43 42
v -52 80 42
v -52 81 42
v -52 95 42
v -52 97 42
v -55 25 41
v -55 26 41
v -55 97 41
v -55 98 41
v -54 25 41
v -54 26 41
v -54 97 41
v -54 98 41
v -53 25 41
v -53 26 41
v -53 97 41
v -53 98 41
v -52 25 41
v -52 26 41
v -52 97 41
v -52 98 41
v -55 24 40
v -55 25 40
v -55 43 40
v -55 44 40
v -55 79 40
v -55 80 40
v -55 98 40
v -55 99 40
v -54 24 40
v -54 25 40
v -54 43 40
v -54 44 40
v -54 79 40
v -54 80 40
v -54 98 40
v -54 99 40
v -53 24 40
v -53 25 40
v -53 43 40
v -53 44 40
v -53 79 40
v -53 80 40
v -53 98 40
v -53 99 40
v -52 24 40
v -52 25 40
v -52 43 40
v -52 44 40
v -52 79 40
v -52 80 40
v -52 98 40
v -52 99 40
v -55 23 39
v -55 24 39
v -55 99 39
v -55 100 39
v -54 23 39
v -54 24 39
v -54 99 39
v -54 100 39
v -53 23 39
v -53 24 39
v -53 99 39
v -53 100 39
v -52 23 39
v -52 24 39
v -52 99 39
v -52 100 39
v -55 44 38
v -55 45 38
v -55 78 38
v -55 79 38
v -54 44 38
v -54 45 38
v -54 78 38
v -54 79 38
v -53 44 38
v -53 45 38
v -53 78 38
v -53 79 38
v -52 44 38
v -52 45 38
v -52 78 38
v -52 79 38
v -55 21 37
v -55 23 37
v -55 100 37
v -55 102 37
v -54 21 37
v -54 23 37
v -54 100 37
v -54 102 37
v -53 21 37
v -53 23 37
v -53 100 37
v -53 102 37
v -52 21 37
v -52 23 37
v -52 100 37
v -52 102 37
v -55 20 36
v -55 21 36
v -55 23 36
v -55 24 36
v -55 45 36
v -55 46 36
v -55 77 36
v -55 78 36
v -55 99 36
v -55 100 36
v -55 102 36
v -55 103 36
v -54 20 36
v -54 21 36
v -54 23 36
v -54 24 36
v -54 45 36
v -54 46 36
v -54 77 36
v -54 78 36
v -54 99 36
v -54 100 36
v -54 102 36
v -54 103 36
v -53 20 36
v -53 21 36
v -53 23 36
v -53 24 36
v -53 45 36
v -53 46 36
v -53 77 36
v -53 78 36
v -53 99 36
v -53 100 36
v -53 102 36
v -53 103 36
v -52 20 36
v -52 21 36
v -52 23 36
v -52 24 36
v -52 45 36
v -52 46 36
v -52 77 36
v -52 78 36
v -52 99 36
v -52 100 36
v -52 102 36
v -52 103 36
v -55 19 35
v -55 20 35
v -55 24 35
v -55 25 35
v -55 98 35
v -55 99 35
v -55 103 35
v -55 104 35
v -54 19 35
v -54 20 35
v -54 24 35
v -54 25 35
v -54 98 35
v -54 99 35
v -54 103 35
v -54 104 35
v -53 19 35
v -53 20 35
v -53 24 35
v -53 25 35
v -53 98 35
v -53 99 35
v -53 103 35
v -53 104 35
v -52 19 35
v -52 20 35
v -52 24 35
v -52 25 35
v -52 98 35
v -52 99 35
v -52 103 35
v -52 104 35
v -55 18 34
v -55 19 34
v -55 25 34
v -55 26 34
v -55 46 34
v -55 47 34
v -55 76 34
v -55 77 34
v -55 97 34
v -55 98 34
v -55 104 34
v -55 105 34
v -54 18 34
v -54 19 34
v -54 25 34
v -54 26 34
v -54 46 34
v -54 47 34
v -54 76 34
v -54 77 34
v -54 97 34
v -54 98 34
v -54 104 34
v -54 105 34
v -53 18 34
v -53 19 34
v -53 25 34
v -53 26 34
v -53 46 34
v -53 47 34
v -53 76 34
v -53 77 34
v -53 97 34
v -53 98 34
v -53 104 34
v -53 105 34
v -52 18 34
v -52 19 34
v -52 25 34
v -52 26 34
v -52 46 34
v -52 47 34
v -52 76 34
v -52 77 34
v -52 97 34
v -52 98 34
v -52 104 34
v -52 105 34
v -55 26 33
v -55 27 33
v -55 96 33
v -55 97 33
v -54 26 33
v -54 27 33
v -54 96 33
v -54 97 33
v -53 26 33
v -53 27 33
v -53 96 33
v -53 97 33
v -52 26 33
v -52 27 33
v -52 96 33
v -52 97 33
v -55 17 32
v -55 18 32
v -55 27 32
v -55 28 32
v -55 47 32
v -55 48 32
v -55 75 32
v -55 76 32
v -55 95 32
v -55 96 32
v -55 105 32
v -55 106 32
v -54 17 32
v -54 18 32
v -54 27 32
v -54 28 32
v -54 47 32
v -54 48 32
v -54 75 32
v -54 76 32
v -54 95 32
v -54 96 32
v -54 105 32
v -54 106 32
v -53 17 32
v -53 18 32
v -53 27 32
v -53 28 32
v -53 47 32
v -53 48 32
v -53 75 32
v -53 76 32
v -53 95 32
v -53 96 32
v -53 105 32
v -53 106 32
v -52 17 32
v -52 18 32
v -52 27 32
v -52 28 32
v -52 47 32
v -52 48 32
v -52 75 32
v -52 76 32
v -52 95 32
v -52 96 32
v -52 105 32
v -52 106 32
v -55 16 31
v -55 17 31
v -55 28 31
v -55 29 31
v -55 94 31
v -55 95 31
v -55 106 31
v -55 107 31
v -54 16 31
v -54 17 31
v -54 28 31
v -54 29 31
v -54 94 31
v -54 95 31
v -54 106 31
v -54 107 31
v -53 16 31
v -53 17 31
v -53 28 31
v -53 29 31
v -53 94 31
v -53 95 31
v -53 106 31
v -53 107 31
v -52 16 31
v -52 17 31
v -52 28 31
v -52 29 31
v -52 94 31
v -52 95 31
v -52 106 31
v -52 107 31
v -55 15 30
v -55 16 30
v -55 29 30
v -55 30 30
v -55 48 30
v -55 49 30
v -55 74 30
v -55 75 30
v -55 93 30
v -55 94 30
v -55 107 30
v -55 108 30
v -54 15 30
v -54 16 30
v -54 29 30
v -54 30 30
v -54 48 30
v -54 49 30
v -54 74 30
v -54 75 30
v -54 93 30
v -54 94 30
v -54 107 30
v -54 108 30
v -53 15 30
v -53 16 30
v -53 29 30
v -53 30 30
v -53 48 30
v -53 49 30
v -53 74 30
v -53 75 30
v -53 93 30
v -53 94 30
v -53 107 30
v -53 108 30
v -52 15 30
v -52 16 30
v -52 29 30
v -52 30 30
v -52 48 30
v -52 49 30
v -52 74 30
v -52 75 30
v -52 93 30
v -52 94 30
v -52 107 30
v -52 108 30
v -55 30 29
v -55 31 29
v -55 92 29
v -55 93 29
v -54 30 29
v -54 31 29
v -54 92 29
v -54 93 29
v -53 30 29
v -53 31 29
v -53 92 29
v -53 93 29
v -52 30 29
v -52 31 29
v -52 92 29
v -52 93 29
v -55 14 28
v -55 15 28
v -55 31 28
v -55 32 28
v -55 49 28
v -55 50 28
v -55 73 28
v -55 74 28
v -55 91 28
v -55 92 28
v -55 108 28
v -55 109 28
v -54 14 28
v -54 15 28
v -54 31 28
v -54 32 28
v -54 49 28
v -54 50 28
v -54 73 28
v -54 74 28
v -54 91 28
v -54 92 28
v -54 108 28
v -54 109 28
v -53 14 28
v -53 15 28
v -53 31 28
v -53 32 28
v -53 49 28
v -53 50 28
v -53 73 28
v -53 74 28
v -53 91 28
v -53 92 28
v -53 108 28
v -53 109 28
v -52 14 28
v -52 15 28
v -52 31 28
v -52 32 28
v -52 49 28
v -52 50 28
v -52 73 28
v -52 74 28
v -52 91 28
v -52 92 28
v -52 108 28
v -52 109 28
v -55 32 27
v -55 33 27
v -55 90 27
v -55 91 27
v -54 32 27
v -54 33 27
v -54 90 27
v -54 91 27
v -53 32 27
v -53 33 27
v -53 90 27
v -53 91 27
v -52 32 27
v -52 33 27
v -52 90 27
v -52 91 27
v -55 13 26
v -55 14 26
v -55 33 26
v -55 34 26
v -55 50 26
v -55 51 26
v -55 72 26
v -55 73 26
v -55 89 26
v -55 90 26
v -55 109 26
v -55 110 26
v -54 13 26
v -54 14 26
v -54 33 26
v -54 34 26
v -54 50 26
v -54 51 26
v -54 72 26
v -54 73 26
v -54 89 26
v -54 90 26
v -54 109 26
v -54 110 26
v -53 13 26
v -53 14 26
v -53 33 26
v -53 34 26
v -53 50 26
v -53 51 26
v -53 72 26
v -53 73 26
v -53 89 26
v -53 90 26
v -53 109 26
v -53 110 26
v -52 13 26
v -52 14 26
v -52 33 26
v -52 34 26
v -52 50 26
v -52 51 26
v -52 72 26
v -52 73 26
v -52 89 26
v -52 90 26
v -52 109 26
v -52 110 26
v -55 12 25
v -55 13 25
v -55 34 25
v -55 35 25
v -55 88 25
v -55 89 25
v -55 110 25
v -55 111 25
v -54 12 25
v -54 13 25
v -54 34 25
v -54 35 25
v -54 88 25
v -54 89 25
v -54 110 25
v -54 111 25
v -53 12 25
v -53 13 25
v -53 34 25
v -53 35 25
v -53 88 25
v -53 89 25
v -53 110 25
v -53 111 25
v -52 12 25
v -52 13 25
v -52 34 25
v -52 35 25
v -52 88 25
v -52 89 25
v -52 110 25
v -52 111 25
v -55 35 24
v -55 36 24
v -55 51 24
v -55 52 24
v -55 71 24
v -55 72 24
v -55 87 24
v -55 88 24
v -54 35 24
v -54 36 24
v -54 51 24
v -54 52 24
v -54 71 24
v -54 72 24
v -54 87 24
v -54 88 24
v -53 35 24
v -53 36 24
v -53 51 24
v -53 52 24
v -53 71 24
v -53 72 24
v -53 87 24
v -53 88 24
v -52 35 24
v -52 36 24
v -52 51 24
v -52 52 24
v -52 71 24
v -52 72 24
v -52 87 24
v -52 88 24
v -55 11 23
v -55 12 23
v -55 36 23
v -55 37 23
v -55 57 23
v -55 66 23
v -55 86 23
v -55 87 23
v -55 111 23
v -55 112 23
v -54 11 23
v -54 12 23
v -54 36 23
v -54 37 23
v -54 57 23
v -54 66 23
v -54 86 23
v -54 87 23
v -54 111 23
v -54 112 23
v -53 11 23
v -53 12 23
v -53 36 23
v -53 37 23
v -53 57 23
v -53 66 23
v -53 86 23
v -53 87 23
v -53 111 23
v -53 112 23
v -52 11 23
v -52 12 23
v -52 36 23
v -52 37 23
v -52 57 23
v -52 66 23
v -52 86 23
v -52 87 23
v -52 111 23
v -52 112 23
v -55 37 22
v -55 38 22
v -55 52 22
v -55 57 22
v -55 66 22
v -55 70 22
v -55 85 22
v -55 86 22
v -54 37 22
v -54 38 22
v -54 52 22
v -54 53 22
v -54 57 22
v -54 66 22
v -54 70 22
v -54 85 22
v -54 86 22
v -53 37 22
v -53 38 22
v -53 53 22
v -53 57 22
v -53 66 22
v -53 70 22
v -53 85 22
v -53 86 22
v -52 37 22
v -52 38 22
v -52 53 22
v -52 57 22
v -52 66 22
v -52 70 22
v -52 85 22
v -52 86 22
v -55 38 21
v -55 39 21
v -55 51 21
v -55 52 21
v -55 70 21
v -55 72 21
v -55 84 21
v -55 85 21
v -54 38 21
v -54 39 21
v -54 51 21
v -54 52 21
v -54 70 21
v -54 72 21
v -54 84 21
v -54 85 21
v -53 38 21
v -53 39 21
v -53 51 21
v -53 53 21
v -53 70 21
v -53 72 21
v -53 84 21
v -53 85 21
v -52 38 21
v -52 39 21
v -52 51 21
v -52 52 21
v -52 53 21
v -52 70 21
v -52 71 21
v -52 72 21
v -52 84 21
v -52 85 21
v -51 52 21
v -51 53 21
v -51 70 21
v -51 71 21
v -45 52 21
v -45 53 21
v -45 70 21
v -45 71 21
v -55 10 20
v -55 12 20
v -55 39 20
v -55 40 20
v -55 49 20
v -55 51 20
v -55 72 20
v -55 74 20
v -55 83 20
v -55 84 20
v -55 111 20
v -55 113 20
v -54 10 20
v -54 12 20
v -54 39 20
v -54 40 20
v -54 49 20
v -54 51 20
v -54 57 20
v -54 66 20
v -54 72 20
v -54 74 20
v -54 83 20
v -54 84 20
v -54 111 20
v -54 113 20
v -53 10 20
v -53 12 20
v -53 39 20
v -53 40 20
v -53 49 20
v -53 51 20
v -53 57 20
v -53 66 20
v -53 72 20
v -53 74 20
v -53 83 20
v -53 84 20
v -53 111 20
v -53 113 20
v -52 10 20
v -52 12 20
v -52 39 20
v -52 40 20
v -52 49 20
v -52 51 20
v -52 52 20
v -52 53 20
v -52 70 20
v -52 71 20
v -52 72 20
v -52 74 20
v -52 83 20
v -52 84 20
v -52 111 20
v -52 113 20
v -51 52 20
v -51 53 20
v -51 70 20
v -51 71 20
v -45 52 20
v -45 53 20
v -45 70 20
v -45 71 20
v -44 52 20
v -44 53 20
v -44 70 20
v -44 71 20
v -55 12 19
v -55 14 19
v -55 40 19
v -55 41 19
v -55 47 19
v -55 49 19
v -55 74 19
v -55 76 19
v -55 82 19
v -55 83 19
v -55 109 19
v -55 111 19
v -54 12 19
v -54 14 19
v -54 40 19
v -54 41 19
v -54 47 19
v -54 49 19
v -54 53 19
v -54 57 19
v -54 66 19
v -54 70 19
v -54 74 19
v -54 76 19
v -54 82 19
v -54 83 19
v -54 109 19
v -54 111 19
v -53 12 19
v -53 14 19
v -53 40 19
v -53 41 19
v -53 47 19
v -53 49 19
v -53 53 19
v -53 57 19
v -53 66 19
v -53 70 19
v -53 74 19
v -53 76 19
v -53 82 19
v -53 83 19
v -53 109 19
v -53 111 19
v -52 12 19
v -52 14 19
v -52 40 19
v -52 41 19
v -52 47 19
v -52 49 19
v -52 74 19
v -52 76 19
v -52 82 19
v -52 83 19
v -52 109 19
v -52 111 19
v -55 9 18
v -55 10 18
v -55 14 18
v -55 16 18
v -55 41 18
v -55 42 18
v -55 46 18
v -55 47 18
v -55 76 18
v -55 77 18
v -55 81 18
v -55 82 18
v -55 107 18
v -55 109 18
v -55 113 18
v -55 114 18
v -54 9 18
v -54 10 18
v -54 14 18
v -54 16 18
v -54 41 18
v -54 42 18
v -54 46 18
v -54 47 18
v -54 51 18
v -54 53 18
v -54 70 18
v -54 72 18
v -54 76 18
v -54 77 18
v -54 81 18
v -54 82 18
v -54 107 18
v -54 109 18
v -54 113 18
v -54 114 18
v -53 9 18
v -53 10 18
v -53 14 18
v -53 16 18
v -53 41 18
v -53 42 18
v -53 46 18
v -53 47 18
v -53 51 18
v -53 53 18
v -53 70 18
v -53 72 18
v -53 76 18
v -53 77 18
v -53 81 18
v -53 82 18
v -53 107 18
v -53 109 18
v -53 113 18
v -53 114 18
v -52 9 18
v -52 10 18
v -52 14 18
v -52 16 18
v -52 41 18
v -52 42 18
v -52 46 18
v -52 47 18
v -52 53 18
v -52 54 18
v -52 69 18
v -52 70 18
v -52 76 18
v -52 77 18
v -52 81 18
v -52 82 18
v -52 107 18
v -52 109 18
v -52 113 18
v -52 114 18
v -51 53 18
v -51 54 18
v -51 69 18
v -51 70 18
v -45 53 18
v -45 54 18
v -45 69 18
v -45 70 18
v -44 53 18
v -44 54 18
v -44 69 18
v -44 70 18
v -55 16 17
v -55 18 17
v -55 45 17
v -55 46 17
v -55 77 17
v -55 78 17
v -55 105 17
v -55 107 17
v -54 16 17
v -54 18 17
v -54 45 17
v -54 46 17
v -54 49 17
v -54 51 17
v -54 72 17
v -54 74 17
v -54 77 17
v -54 78 17
v -54 105 17
v -54 107 17
v -53 16 17
v -53 18 17
v -53 45 17
v -53 46 17
v -53 49 17
v -53 51 17
v -53 72 17
v -53 74 17
v -53 77 17
v -53 78 17
v -53 105 17
v -53 107 17
v -52 16 17
v -52 18 17
v -52 45 17
v -52 46 17
v -52 77 17
v -52 78 17
v -52 105 17
v -52 107 17
v -55 18 16
v -55 20 16
v -55 44 16
v -55 45 16
v -55 78 16
v -55 79 16
v -55 103 16
v -55 105 16
v -54 18 16
v -54 20 16
v -54 44 16
v -54 45 16
v -54 48 16
v -54 49 16
v -54 74 16
v -54 75 16
v -54 78 16
v -54 79 16
v -54 103 16
v -54 105 16
v -53 18 16
v -53 20 16
v -53 44 16
v -53 45 16
v -53 48 16
v -53 49 16
v -53 74 16
v -53 75 16
v -53 78 16
v -53 79 16
v -53 103 16
v -53 105 16
v -52 18 16
v -52 20 16
v -52 44 16
v -52 45 16
v -52 54 16
v -52 55 16
v -52 68 16
v -52 69 16
v -52 78 16
v -52 79 16
v -52 103 16
v -52 105 16
v -51 54 16
v -51 55 16
v -51 68 16
v -51 69 16
v -45 54 16
v -45 55 16
v -45 68 16
v -45 69 16
v -44 54 16
v -44 55 16
v -44 68 16
v -44 69 16
v -55 8 15
v -55 9 15
v -55 20 15
v -55 22 15
v -55 43 15
v -55 44 15
v -55 79 15
v -55 80 15
v -55 101 15
v -55 103 15
v -55 114 15
v -55 115 15
v -54 8 15
v -54 9 15
v -54 20 15
v -54 22 15
v -54 43 15
v -54 44 15
v -54 47 15
v -54 48 15
v -54 75 15
v -54 76 15
v -54 79 15
v -54 80 15
v -54 101 15
v -54 103 15
v -54 114 15
v -54 115 15
v -53 8 15
v -53 9 15
v -53 20 15
v -53 22 15
v -53 43 15
v -53 44 15
v -53 47 15
v -53 48 15
v -53 75 15
v -53 76 15
v -53 79 15
v -53 80 15
v -53 101 15
v -53 103 15
v -53 114 15
v -53 115 15
v -52 8 15
v -52 9 15
v -52 20 15
v -52 22 15
v -52 43 15
v -52 44 15
v -52 79 15
v -52 80 15
v -52 101 15
v -52 103 15
v -52 114 15
v -52 115 15
v -55 22 14
v -55 24 14
v -55 42 14
v -55 43 14
v -55 80 14
v -55 81 14
v -55 99 14
v -55 101 14
v -54 22 14
v -54 24 14
v -54 42 14
v -54 43 14
v -54 46 14
v -54 47 14
v -54 76 14
v -54 77 14
v -54 80 14
v -54 81 14
v -54 99 14
v -54 101 14
v -53 22 14
v -53 24 14
v -53 42 14
v -53 43 14
v -53 46 14
v -53 47 14
v -53 76 14
v -53 77 14
v -53 80 14
v -53 81 14
v -53 99 14
v -53 101 14
v -52 22 14
v -52 24 14
v -52 42 14
v -52 43 14
v -52 80 14
v -52 81 14
v -52 99 14
v -52 101 14
v -55 24 13
v -55 26 13
v -55 41 13
v -55 42 13
v -55 60 13
v -55 63 13
v -55 81 13
v -55 82 13
v -55 97 13
v -55 99 13
v -54 24 13
v -54 26 13
v -54 41 13
v -54 42 13
v -54 45 13
v -54 46 13
v -54 60 13
v -54 63 13
v -54 77 13
v -54 78 13
v -54 81 13
v -54 82 13
v -54 97 13
v -54 99 13
v -53 24 13
v -53 26 13
v -53 41 13
v -53 42 13
v -53 45 13
v -53 46 13
v -53 77 13
v -53 78 13
v -53 81 13
v -53 82 13
v -53 97 13
v -53 99 13
v -52 24 13
v -52 26 13
v -52 41 13
v -52 42 13
v -52 81 13
v -52 82 13
v -52 97 13
v -52 99 13
v -42 60 13
v -42 63 13
v -41 60 13
v -41 63 13
v -55 26 12
v -55 28 12
v -55 95 12
v -55 97 12
v -54 26 12
v -54 28 12
v -54 44 12
v -54 45 12
v -54 78 12
v -54 79 12
v -54 95 12
v -54 97 12
v -53 26 12
v -53 28 12
v -53 44 12
v -53 45 12
v -53 78 12
v -53 79 12
v -53 95 12
v -53 97 12
v -52 26 12
v -52 28 12
v -52 95 12
v -52 97 12
v -55 7 11
v -55 8 11
v -55 28 11
v -55 30 11
v -55 40 11
v -55 41 11
v -55 82 11
v -55 83 11
v -55 93 11
v -55 95 11
v -55 115 11
v -55 116 11
v -54 7 11
v -54 8 11
v -54 28 11
v -54 30 11
v -54 40 11
v -54 41 11
v -54 43 11
v -54 44 11
v -54 79 11
v -54 80 11
v -54 82 11
v -54 83 11
v -54 93 11
v -54 95 11
v -54 115 11
v -54 116 11
v -53 7 11
v -53 8 11
v -53 28 11
v -53 30 11
v -53 40 11
v -53 41 11
v -53 43 11
v -53 44 11
v -53 79 11
v -53 80 11
v -53 82 11
v -53 83 11
v -53 93 11
v -53 95 11
v -53 115 11
v -53 116 11
v -52 7 11
v -52 8 11
v -52 28 11
v -52 30 11
v -52 40 11
v -52 41 11
v -52 82 11
v -52 83 11
v -52 93 11
v -52 95 11
v -52 115 11
v -52 116 11
v -55 30 10
v -55 32 10
v -55 52 10
v -55 53 10
v -55 58 10
v -55 65 10
v -55 70 10
v -55 71 10
v -55 91 10
v -55 93 10
v -54 30 10
v -54 32 10
v -54 52 10
v -54 53 10
v -54 58 10
v -54 65 10
v -54 70 10
v -54 71 10
v -54 91 10
v -54 93 10
v -53 30 10
v -53 32 10
v -53 91 10
v -53 93 10
v -52 30 10
v -52 32 10
v -52 91 10
v -52 93 10
v -42 52 10
v -42 53 10
v -42 58 10
v -42 65 10
v -42 70 10
v -42 71 10
v -41 52 10
v -41 53 10
v -41 58 10
v -41 65 10
v -41 70 10
v -41 71 10
v -55 32 9
v -55 34 9
v -55 38 9
v -55 40 9
v -55 51 9
v -55 52 9
v -55 53 9
v -55 54 9
v -55 56 9
v -55 58 9
v -55 65 9
v -55 67 9
v -55 69 9
v -55 70 9
v -55 71 9
v -55 72 9
v -55 83 9
v -55 84 9
v -55 89 9
v -55 91 9
v -54 32 9
v -54 34 9
v -54 38 9
v -54 39 9
v -54 40 9
v -54 42 9
v -54 43 9
v -54 51 9
v -54 52 9
v -54 53 9
v -54 54 9
v -54 56 9
v -54 58 9
v -54 65 9
v -54 67 9
v -54 69 9
v -54 70 9
v -54 71 9
v -54 72 9
v -54 80 9
v -54 81 9
v -54 83 9
v -54 84 9
v -54 89 9
v -54 91 9
v -53 32 9
v -53 34 9
v -53 39 9
v -53 40 9
v -53 42 9
v -53 43 9
v -53 80 9
v -53 81 9
v -53 83 9
v -53 84 9
v -53 89 9
v -53 91 9
v -52 32 9
v -52 34 9
v -52 39 9
v -52 40 9
v -52 83 9
v -52 84 9
v -52 89 9
v -52 91 9
v -51 58 9
v -51 65 9
v -45 58 9
v -45 65 9
v -42 51 9
v -42 52 9
v -42 53 9
v -42 54 9
v -42 56 9
v -42 58 9
v -42 65 9
v -42 67 9
v -42 69 9
v -42 70 9
v -42 71 9
v -42 72 9
v -41 51 9
v -41 52 9
v -41 53 9
v -41 54 9
v -41 56 9
v -41 58 9
v -41 65 9
v -41 67 9
v -41 69 9
v -41 70 9
v -41 71 9
v -41 72 9
v -55 34 8
v -55 36 8
v -55 50 8
v -55 51 8
v -55 55 8
v -55 56 8
v -55 67 8
v -55 68 8
v -55 72 8
v -55 73 8
v -55 87 8
v -55 89 8
v -54 34 8
v -54 36 8
v -54 50 8
v -54 51 8
v -54 55 8
v -54 56 8
v -54 58 8
v -54 65 8
v -54 67 8
v -54 68 8
v -54 72 8
v -54 73 8
v -54 87 8
v -54 89 8
v -53 34 8
v -53 36 8
v -53 47 8
v -53 48 8
v -53 75 8
v -53 76 8
v -53 87 8
v -53 89 8
v -52 34 8
v -52 36 8
v -52 47 8
v -52 48 8
v -52 75 8
v -52 76 8
v -52 87 8
v -52 89 8
v -51 56 8
v -51 58 8
v -51 65 8
v -51 67 8
v -50 47 8
v -50 48 8
v -50 61 8
v -50 62 8
v -50 75 8
v -50 76 8
v -49 47 8
v -49 48 8
v -49 61 8
v -49 62 8
v -49 75 8
v -49 76 8
v -47 47 8
v -47 48 8
v -47 61 8
v -47 62 8
v -47 75 8
v -47 76 8
v -46 47 8
v -46 48 8
v -46 61 8
v -46 62 8
v -46 75 8
v -46 76 8
v -45 56 8
v -45 58 8
v -45 65 8
v -45 67 8
v -44 47 8
v -44 48 8
v -44 75 8
v -44 76 8
v -43 47 8
v -43 48 8
v -43 75 8
v -43 76 8
v -42 50 8
v -42 51 8
v -42 55 8
v -42 56 8
v -42 58 8
v -42 65 8
v -42 67 8
v -42 68 8
v -42 72 8
v -42 73 8
v -41 50 8
v -41 51 8
v -41 55 8
v -41 56 8
v -41 67 8
v -41 68 8
v -41 72 8
v -41 73 8
v -55 54 7
v -55 55 7
v -55 68 7
v -55 69 7
v -55 84 7
v -55 85 7
v -54 41 7
v -54 42 7
v -54 54 7
v -54 55 7
v -54 56 7
v -54 67 7
v -54 68 7
v -54 69 7
v -54 81 7
v -54 82 7
v -54 84 7
v -54 85 7
v -53 38 7
v -53 39 7
v -53 41 7
v -53 42 7
v -53 81 7
v -53 82 7
v -53 84 7
v -53 85 7
v -52 38 7
v -52 39 7
v -52 40 7
v -52 83 7
v -52 84 7
v -52 85 7
v -51 39 7
v -51 40 7
v -51 55 7
v -51 56 7
v -51 58 7
v -51 65 7
v -51 67 7
v -51 68 7
v -51 83 7
v -51 84 7
v -45 39 7
v -45 40 7
v -45 55 7
v -45 56 7
v -45 58 7
v -45 65 7
v -45 67 7
v -45 68 7
v -45 83 7
v -45 84 7
v -44 38 7
v -44 40 7
v -44 83 7
v -44 85 7
v -42 54 7
v -42 55 7
v -42 56 7
v -42 67 7
v -42 68 7
v -42 69 7
v -41 54 7
v -41 55 7
v -41 68 7
v -41 69 7
v -55 6 6
v -55 7 6
v -55 53 6
v -55 54 6
v -55 69 6
v -55 70 6
v -55 116 6
v -55 117 6
v -54 6 6
v -54 7 6
v -54 53 6
v -54 54 6
v -54 55 6
v -54 68 6
v -54 69 6
v -54 70 6
v -54 116 6
v -54 117 6
v -53 6 6
v -53 7 6
v -53 116 6
v -53 117 6
v -52 6 6
v -52 7 6
v -52 40 6
v -52 42 6
v -52 81 6
v -52 83 6
v -52 116 6
v -52 117 6
v -51 40 6
v -51 42 6
v -51 54 6
v -51 55 6
v -51 56 6
v -51 67 6
v -51 68 6
v -51 69 6
v -51 81 6
v -51 83 6
v -45 40 6
v -45 42 6
v -45 54 6
v -45 55 6
v -45 56 6
v -45 67 6
v -45 68 6
v -45 69 6
v -45 81 6
v -45 83 6
v -44 40 6
v -44 42 6
v -44 81 6
v -44 83 6
v -42 53 6
v -42 54 6
v -42 55 6
v -42 68 6
v -42 69 6
v -42 70 6
v -41 53 6
v -41 54 6
v -41 69 6
v -41 70 6
v -55 52 5
v -55 53 5
v -55 70 5
v -55 71 5
v -54 52 5
v -54 53 5
v -54 54 5
v -54 69 5
v -54 70 5
v -54 71 5
v -52 42 5
v -52 44 5
v -52 79 5
v -52 81 5
v -51 42 5
v -51 44 5
v -51 53 5
v -51 54 5
v -51 55 5
v -51 68 5
v -51 69 5
v -51 70 5
v -51 79 5
v -51 81 5
v -50 55 5
v -50 68 5
v -49 55 5
v -49 68 5
v -47 55 5
v -47 68 5
v -46 55 5
v -46 68 5
v -45 42 5
v -45 44 5
v -45 53 5
v -45 54 5
v -45 55 5
v -45 68 5
v -45 69 5
v -45 70 5
v -45 79 5
v -45 81 5
v -44 42 5
v -44 44 5
v -44 79 5
v -44 81 5
v -42 52 5
v -42 53 5
v -42 54 5
v -42 69 5
v -42 70 5
v -42 71 5
v -41 52 5
v -41 53 5
v -41 70 5
v -41 71 5
v -55 51 4
v -55 52 4
v -55 71 4
v -55 72 4
v -54 51 4
v -54 52 4
v -54 53 4
v -54 70 4
v -54 71 4
v -54 72 4
v -52 44 4
v -52 46 4
v -52 77 4
v -52 79 4
v -51 44 4
v -51 46 4
v -51 52 4
v -51 53 4
v -51 54 4
v -51 69 4
v -51 70 4
v -51 71 4
v -51 77 4
v -51 79 4
v -50 55 4
v -50 56 4
v -50 67 4
v -50 68 4
v -49 55 4
v -49 56 4
v -49 67 4
v -49 68 4
v -47 55 4
v -47 56 4
v -47 67 4
v -47 68 4
v -46 55 4
v -46 56 4
v -46 67 4
v -46 68 4
v -45 44 4
v -45 46 4
v -45 52 4
v -45 53 4
v -45 54 4
v -45 69 4
v -45 70 4
v -45 71 4
v -45 77 4
v -45 79 4
v -44 44 4
v -44 46 4
v -44 77 4
v -44 79 4
v -42 51 4
v -42 52 4
v -42 53 4
v -42 70 4
v -42 71 4
v -42 72 4
v -41 51 4
v -41 52 4
v -41 71 4
v -41 72 4
v -55 37 3
v -55 38 3
v -55 85 3
v -55 86 3
v -54 37 3
v -54 38 3
v -54 40 3
v -54 41 3
v -54 82 3
v -54 83 3
v -54 85 3
v -54 86 3
v -53 37 3
v -53 38 3
v -53 40 3
v -53 41 3
v -53 82 3
v -53 83 3
v -53 85 3
v -53 86 3
v -52 37 3
v -52 38 3
v -52 85 3
v -52 86 3
v -50 56 3
v -50 57 3
v -50 66 3
v -50 67 3
v -49 56 3
v -49 57 3
v -49 66 3
v -49 67 3
v -47 56 3
v -47 57 3
v -47 66 3
v -47 67 3
v -46 56 3
v -46 57 3
v -46 66 3
v -46 67 3
v -55 50 2
v -55 51 2
v -55 72 2
v -55 73 2
v -54 50 2
v -54 51 2
v -54 52 2
v -54 71 2
v -54 72 2
v -54 73 2
v -51 51 2
v -51 52 2
v -51 53 2
v -51 70 2
v -51 71 2
v -51 72 2
v -50 57 2
v -50 58 2
v -50 65 2
v -50 66 2
v -49 57 2
v -49 58 2
v -49 65 2
v -49 66 2
v -47 57 2
v -47 58 2
v -47 65 2
v -47 66 2
v -46 57 2
v -46 58 2
v -46 65 2
v -46 66 2
v -45 51 2
v -45 52 2
v -45 53 2
v -45 70 2
v -45 71 2
v -45 72 2
v -42 50 2
v -42 51 2
v -42 52 2
v -42 71 2
v -42 72 2
v -42 73 2
v -41 50 2
v -41 51 2
v -41 72 2
v -41 73 2
v -35 60 2
v -35 63 2
v -34 60 2
v -34 63 2
v -50 58 1
v -50 59 1
v -50 64 1
v -50 65 1
v -49 58 1
v -49 59 1
v -49 64 1
v -49 65 1
v -47 58 1
v -47 59 1
v -47 64 1
v -47 65 1
v -46 58 1
v -46 59 1
v -46 64 1
v -46 65 1
v -35 59 1
v -35 60 1
v -35 63 1
v -35 64 1
v -34 59 1
v -34 60 1
v -34 63 1
v -34 64 1
v -55 47 -0
v -55 49 -0
v -55 74 -0
v -55 76 -0
v -54 47 -0
v -54 49 -0
v -54 74 -0
v -54 76 -0
v -52 44 -0
v -52 45 -0
v -52 78 -0
v -52 79 -0
v -49 44 -0
v -49 45 -0
v -49 78 -0
v -49 79 -0
v -47 44 -0
v -47 45 -0
v -47 78 -0
v -47 79 -0
v -44 44 -0
v -44 45 -0
v -44 78 -0
v -44 79 -0
v -42 47 -0
v -42 49 -0
v -42 74 -0
v -42 76 -0
v -41 47 -0
v -41 49 -0
v -41 74 -0
v -41 76 -0
v -35 58 -0
v -35 59 -0
v -35 64 -0
v -35 65 -0
v -34 58 -0
v -34 59 -0
v -34 64 -0
v -34 65 -0
v -51 45 -1
v -51 46 -1
v -51 77 -1
v -51 78 -1
v -50 45 -1
v -50 46 -1
v -50 77 -1
v -50 78 -1
v -46 45 -1
v -46 46 -1
v -46 77 -1
v -46 78 -1
v -45 45 -1
v -45 46 -1
v -45 77 -1
v -45 78 -1
v -63 61 -2
v -63 62 -2
v -58 61 -2
v -58 62 -2
v -57 59 -2
v -57 60 -2
v -57 63 -2
v -57 64 -2
v -56 59 -2
v -56 60 -2
v -56 63 -2
v -56 64 -2
v -55 6 -2
v -55 35 -2
v -55 88 -2
v -55 117 -2
v -54 6 -2
v -54 35 -2
v -54 88 -2
v -54 117 -2
v -53 6 -2
v -53 35 -2
v -53 88 -2
v -53 117 -2
v -52 6 -2
v -52 35 -2
v -52 88 -2
v -52 117 -2
v -50 52 -2
v -50 58 -2
v -50 65 -2
v -50 71 -2
v -49 52 -2
v -49 58 -2
v -49 65 -2
v -49 71 -2
v -47 52 -2
v -47 58 -2
v -47 65 -2
v -47 71 -2
v -46 52 -2
v -46 58 -2
v -46 65 -2
v -46 71 -2
v -41 58 -2
v -41 59 -2
v -41 64 -2
v -41 65 -2
v -39 58 -2
v -39 59 -2
v -39 64 -2
v -39 65 -2
v -38 57 -2
v -38 58 -2
v -38 65 -2
v -38 66 -2
v -37 57 -2
v -37 58 -2
v -37 65 -2
v -37 66 -2
v -58 60 -3
v -58 63 -3
v -57 61 -3
v -57 62 -3
v -56 59 -3
v -56 60 -3
v -56 61 -3
v -56 62 -3
v -56 63 -3
v -56 64 -3
v -53 44 -3
v -53 45 -3
v -53 78 -3
v -53 79 -3
v -52 44 -3
v -52 45 -3
v -52 78 -3
v -52 79 -3
v -51 58 -3
v -51 59 -3
v -51 60 -3
v -51 63 -3
v -51 64 -3
v -51 65 -3
v -49 44 -3
v -49 45 -3
v -49 78 -3
v -49 79 -3
v -47 44 -3
v -47 45 -3
v -47 78 -3
v -47 79 -3
v -45 58 -3
v -45 59 -3
v -45 60 -3
v -45 63 -3
v -45 64 -3
v -45 65 -3
v -44 44 -3
v -44 45 -3
v -44 78 -3
v -44 79 -3
v -43 44 -3
v -43 45 -3
v -43 78 -3
v -43 79 -3
v -41 59 -3
v -41 60 -3
v -41 63 -3
v -41 64 -3
v -40 59 -3
v -40 60 -3
v -40 63 -3
v -40 64 -3
v -39 58 -3
v -39 59 -3
v -39 64 -3
v -39 65 -3
v -37 57 -3
v -37 58 -3
v -37 59 -3
v -37 64 -3
v -37 65 -3
v -37 66 -3
v -34 57 -3
v -34 58 -3
v -34 65 -3
v -34 66 -3
v -57 61 -4
v -57 62 -4
v -56 60 -4
v -56 61 -4
v -56 62 -4
v -56 63 -4
v -52 44 -4
v -52 45 -4
v -52 78 -4
v -52 79 -4
v -51 59 -4
v -51 60 -4
v -51 63 -4
v -51 64 -4
v -50 59 -4
v -50 64 -4
v -49 44 -4
v -49 45 -4
v -49 59 -4
v -49 64 -4
v -49 78 -4
v -49 79 -4
v -47 44 -4
v -47 45 -4
v -47 59 -4
v -47 64 -4
v -47 78 -4
v -47 79 -4
v -46 59 -4
v -46 64 -4
v -45 59 -4
v -45 60 -4
v -45 63 -4
v -45 64 -4
v -44 44 -4
v -44 45 -4
v -44 78 -4
v -44 79 -4
v -41 60 -4
v -41 61 -4
v -41 62 -4
v -41 63 -4
v -40 59 -4
v -40 60 -4
v -40 63 -4
v -40 64 -4
v -39 60 -4
v -39 61 -4
v -39 62 -4
v -39 63 -4
v -37 58 -4
v -37 59 -4
v -37 60 -4
v -37 63 -4
v -37 64 -4
v -37 65 -4
v -36 58 -4
v -36 59 -4
v -36 64 -4
v -36 65 -4
v -51 60 -5
v -51 63 -5
v -50 58 -5
v -50 59 -5
v -50 61 -5
v -50 62 -5
v -50 64 -5
v -50 65 -5
v -49 58 -5
v -49 59 -5
v -49 61 -5
v -49 62 -5
v -49 64 -5
v -49 65 -5
v -47 58 -5
v -47 59 -5
v -47 61 -5
v -47 62 -5
v -47 64 -5
v -47 65 -5
v -46 58 -5
v -46 59 -5
v -46 61 -5
v -46 62 -5
v -46 64 -5
v -46 65 -5
v -45 60 -5
v -45 63 -5
v -41 61 -5
v -41 62 -5
v -39 60 -5
v -39 61 -5
v -39 62 -5
v -39 63 -5
v -38 61 -5
v -38 62 -5
v -37 59 -5
v -37 60 -5
v -37 61 -5
v -37 62 -5
v -37 63 -5
v -37 64 -5
v -36 58 -5
v -36 59 -5
v -36 64 -5
v -36 65 -5
v -34 58 -5
v -34 60 -5
v -34 63 -5
v -34 65 -5
v -55 46 -6
v -55 47 -6
v -55 76 -6
v -55 77 -6
v -54 45 -6
v -54 46 -6
v -54 47 -6
v -54 76 -6
v -54 77 -6
v -54 78 -6
v -50 57 -6
v -50 58 -6
v -50 65 -6
v -50 66 -6
v -49 57 -6
v -49 58 -6
v -49 65 -6
v -49 66 -6
v -47 57 -6
v -47 58 -6
v -47 65 -6
v -47 66 -6
v -46 57 -6
v -46 58 -6
v -46 65 -6
v -46 66 -6
v -42 45 -6
v -42 46 -6
v -42 47 -6
v -42 76 -6
v -42 77 -6
v -42 78 -6
v -41 46 -6
v -41 47 -6
v -41 76 -6
v -41 77 -6
v -38 61 -6
v -38 62 -6
v -37 60 -6
v -37 61 -6
v -37 62 -6
v -37 63 -6
v -34 60 -6
v -34 63 -6
v -55 35 -7
v -55 36 -7
v -55 87 -7
v -55 88 -7
v -54 35 -7
v -54 36 -7
v -54 87 -7
v -54 88 -7
v -53 35 -7
v -53 36 -7
v -53 87 -7
v -53 88 -7
v -52 35 -7
v -52 36 -7
v -52 87 -7
v -52 88 -7
v -50 56 -7
v -50 57 -7
v -50 66 -7
v -50 67 -7
v -49 56 -7
v -49 57 -7
v -49 66 -7
v -49 67 -7
v -47 56 -7
v -47 57 -7
v -47 66 -7
v -47 67 -7
v -46 56 -7
v -46 57 -7
v -46 66 -7
v -46 67 -7
v -55 47 -8
v -55 48 -8
v -55 75 -8
v -55 76 -8
v -54 46 -8
v -54 47 -8
v -54 48 -8
v -54 75 -8
v -54 76 -8
v -54 77 -8
v -52 44 -8
v -52 46 -8
v -52 77 -8
v -52 79 -8
v -51 44 -8
v -51 46 -8
v -51 77 -8
v -51 79 -8
v -50 55 -8
v -50 56 -8
v -50 67 -8
v -50 68 -8
v -49 55 -8
v -49 56 -8
v -49 67 -8
v -49 68 -8
v -47 55 -8
v -47 56 -8
v -47 67 -8
v -47 68 -8
v -46 55 -8
v -46 56 -8
v -46 67 -8
v -46 68 -8
v -45 44 -8
v -45 46 -8
v -45 77 -8
v -45 79 -8
v -44 44 -8
v -44 46 -8
v -44 77 -8
v -44 79 -8
v -42 46 -8
v -42 47 -8
v -42 48 -8
v -42 75 -8
v -42 76 -8
v -42 77 -8
v -41 47 -8
v -41 48 -8
v -41 75 -8
v -41 76 -8
v -55 4 -9
v -55 5 -9
v -55 51 -9
v -55 52 -9
v -55 71 -9
v -55 72 -9
v -55 118 -9
v -55 119 -9
v -54 1 -9
v -54 2 -9
v -54 4 -9
v -54 5 -9
v -54 51 -9
v -54 52 -9
v -54 71 -9
v -54 72 -9
v -54 118 -9
v -54 119 -9
v -54 121 -9
v -54 122 -9
v -53 1 -9
v -53 2 -9
v -53 4 -9
v -53 5 -9
v -53 118 -9
v -53 119 -9
v -53 121 -9
v -53 122 -9
v -52 4 -9
v -52 5 -9
v -52 42 -9
v -52 44 -9
v -52 79 -9
v -52 81 -9
v -52 118 -9
v -52 119 -9
v -51 42 -9
v -51 44 -9
v -51 79 -9
v -51 81 -9
v -45 42 -9
v -45 44 -9
v -45 79 -9
v -45 81 -9
v -44 42 -9
v -44 44 -9
v -44 79 -9
v -44 81 -9
v -42 51 -9
v -42 52 -9
v -42 71 -9
v -42 72 -9
v -41 51 -9
v -41 52 -9
v -41 71 -9
v -41 72 -9
v -55 48 -10
v -55 49 -10
v -55 50 -10
v -55 51 -10
v -55 52 -10
v -55 53 -10
v -55 70 -10
v -55 71 -10
v -55 72 -10
v -55 73 -10
v -55 74 -10
v -55 75 -10
v -54 47 -10
v -54 48 -10
v -54 49 -10
v -54 50 -10
v -54 51 -10
v -54 52 -10
v -54 53 -10
v -54 70 -10
v -54 71 -10
v -54 72 -10
v -54 73 -10
v -54 74 -10
v -54 75 -10
v -54 76 -10
v -52 40 -10
v -52 42 -10
v -52 81 -10
v -52 83 -10
v -51 40 -10
v -51 42 -10
v -51 81 -10
v -51 83 -10
v -45 40 -10
v -45 42 -10
v -45 81 -10
v -45 83 -10
v -44 40 -10
v -44 42 -10
v -44 81 -10
v -44 83 -10
v -42 47 -10
v -42 48 -10
v -42 49 -10
v -42 50 -10
v -42 51 -10
v -42 52 -10
v -42 53 -10
v -42 70 -10
v -42 71 -10
v -42 72 -10
v -42 73 -10
v -42 74 -10
v -42 75 -10
v -42 76 -10
v -41 48 -10
v -41 49 -10
v -41 50 -10
v -41 51 -10
v -41 52 -10
v -41 53 -10
v -41 70 -10
v -41 71 -10
v -41 72 -10
v -41 73 -10
v -41 74 -10
v -41 75 -10
v -55 36 -11
v -55 37 -11
v -55 53 -11
v -55 54 -11
v -55 69 -11
v -55 70 -11
v -55 86 -11
v -55 87 -11
v -54 36 -11
v -54 37 -11
v -54 53 -11
v -54 54 -11
v -54 69 -11
v -54 70 -11
v -54 86 -11
v -54 87 -11
v -53 36 -11
v -53 37 -11
v -53 86 -11
v -53 87 -11
v -52 36 -11
v -52 37 -11
v -52 38 -11
v -52 39 -11
v -52 40 -11
v -52 83 -11
v -52 84 -11
v -52 85 -11
v -52 86 -11
v -52 87 -11
v -51 39 -11
v -51 40 -11
v -51 83 -11
v -51 84 -11
v -45 39 -11
v -45 40 -11
v -45 83 -11
v -45 84 -11
v -44 38 -11
v -44 40 -11
v -44 83 -11
v -44 85 -11
v -42 53 -11
v -42 54 -11
v -42 69 -11
v -42 70 -11
v -41 53 -11
v -41 54 -11
v -41 69 -11
v -41 70 -11
v -55 34 -12
v -55 36 -12
v -55 49 -12
v -55 50 -12
v -55 73 -12
v -55 74 -12
v -55 87 -12
v -55 89 -12
v -54 34 -12
v -54 36 -12
v -54 48 -12
v -54 49 -12
v -54 50 -12
v -54 73 -12
v -54 74 -12
v -54 75 -12
v -54 87 -12
v -54 89 -12
v -53 34 -12
v -53 36 -12
v -53 47 -12
v -53 48 -12
v -53 49 -12
v -53 74 -12
v -53 75 -12
v -53 76 -12
v -53 87 -12
v -53 89 -12
v -52 34 -12
v -52 36 -12
v -52 47 -12
v -52 48 -12
v -52 49 -12
v -52 74 -12
v -52 75 -12
v -52 76 -12
v -52 87 -12
v -52 89 -12
v -50 47 -12
v -50 48 -12
v -50 49 -12
v -50 74 -12
v -50 75 -12
v -50 76 -12
v -49 47 -12
v -49 48 -12
v -49 49 -12
v -49 74 -12
v -49 75 -12
v -49 76 -12
v -47 47 -12
v -47 48 -12
v -47 49 -12
v -47 74 -12
v -47 75 -12
v -47 76 -12
v -46 47 -12
v -46 48 -12
v -46 49 -12
v -46 74 -12
v -46 75 -12
v -46 76 -12
v -44 47 -12
v -44 48 -12
v -44 49 -12
v -44 74 -12
v -44 75 -12
v -44 76 -12
v -43 47 -12
v -43 48 -12
v -43 49 -12
v -43 74 -12
v -43 75 -12
v -43 76 -12
v -42 48 -12
v -42 49 -12
v -42 50 -12
v -42 73 -12
v -42 74 -12
v -42 75 -12
v -41 49 -12
v -41 50 -12
v -41 73 -12
v -41 74 -12
v -55 32 -13
v -55 34 -13
v -55 37 -13
v -55 38 -13
v -55 50 -13
v -55 51 -13
v -55 72 -13
v -55 73 -13
v -55 85 -13
v -55 86 -13
v -55 89 -13
v -55 91 -13
v -54 32 -13
v -54 34 -13
v -54 37 -13
v -54 38 -13
v -54 49 -13
v -54 50 -13
v -54 51 -13
v -54 72 -13
v -54 73 -13
v -54 74 -13
v -54 85 -13
v -54 86 -13
v -54 89 -13
v -54 91 -13
v -53 32 -13
v -53 34 -13
v -53 37 -13
v -53 38 -13
v -53 48 -13
v -53 49 -13
v -53 50 -13
v -53 73 -13
v -53 74 -13
v -53 75 -13
v -53 85 -13
v -53 86 -13
v -53 89 -13
v -53 91 -13
v -52 32 -13
v -52 34 -13
v -52 37 -13
v -52 38 -13
v -52 48 -13
v -52 49 -13
v -52 50 -13
v -52 73 -13
v -52 74 -13
v -52 75 -13
v -52 85 -13
v -52 86 -13
v -52 89 -13
v -52 91 -13
v -50 48 -13
v -50 49 -13
v -50 50 -13
v -50 73 -13
v -50 74 -13
v -50 75 -13
v -49 48 -13
v -49 49 -13
v -49 50 -13
v -49 73 -13
v -49 74 -13
v -49 75 -13
v -47 48 -13
v -47 49 -13
v -47 50 -13
v -47 73 -13
v -47 74 -13
v -47 75 -13
v -46 48 -13
v -46 49 -13
v -46 50 -13
v -46 73 -13
v -46 74 -13
v -46 75 -13
v -44 48 -13
v -44 49 -13
v -44 50 -13
v -44 73 -13
v -44 74 -13
v -44 75 -13
v -43 48 -13
v -43 49 -13
v -43 50 -13
v -43 73 -13
v -43 74 -13
v -43 75 -13
v -42 49 -13
v -42 50 -13
v -42 51 -13
v -42 72 -13
v -42 73 -13
v -42 74 -13
v -41 50 -13
v -41 51 -13
v -41 72 -13
v -41 73 -13
v -55 30 -14
v -55 32 -14
v -55 51 -14
v -55 53 -14
v -55 60 -14
v -55 63 -14
v -55 70 -14
v -55 72 -14
v -55 91 -14
v -55 93 -14
v -54 30 -14
v -54 32 -14
v -54 50 -14
v -54 51 -14
v -54 53 -14
v -54 60 -14
v -54 63 -14
v -54 70 -14
v -54 72 -14
v -54 73 -14
v -54 91 -14
v -54 93 -14
v -53 30 -14
v -53 32 -14
v -53 49 -14
v -53 50 -14
v -53 51 -14
v -53 72 -14
v -53 73 -14
v -53 74 -14
v -53 91 -14
v -53 93 -14
v -52 30 -14
v -52 32 -14
v -52 49 -14
v -52 50 -14
v -52 51 -14
v -52 72 -14
v -52 73 -14
v -52 74 -14
v -52 91 -14
v -52 93 -14
v -50 49 -14
v -50 50 -14
v -50 51 -14
v -50 72 -14
v -50 73 -14
v -50 74 -14
v -49 49 -14
v -49 50 -14
v -49 51 -14
v -49 72 -14
v -49 73 -14
v -49 74 -14
v -47 49 -14
v -47 50 -14
v -47 51 -14
v -47 72 -14
v -47 73 -14
v -47 74 -14
v -46 49 -14
v -46 50 -14
v -46 51 -14
v -46 72 -14
v -46 73 -14
v -46 74 -14
v -44 49 -14
v -44 50 -14
v -44 51 -14
v -44 72 -14
v -44 73 -14
v -44 74 -14
v -43 49 -14
v -43 50 -14
v -43 51 -14
v -43 72 -14
v -43 73 -14
v -43 74 -14
v -42 50 -14
v -42 51 -14
v -42 53 -14
v -42 60 -14
v -42 63 -14
v -42 70 -14
v -42 72 -14
v -42 73 -14
v -41 51 -14
v -41 53 -14
v -41 60 -14
v -41 63 -14
v -41 70 -14
v -41 72 -14
v -55 5 -15
v -55 6 -15
v -55 28 -15
v -55 30 -15
v -55 38 -15
v -55 39 -15
v -55 53 -15
v -55 55 -15
v -55 68 -15
v -55 70 -15
v -55 84 -15
v -55 85 -15
v -55 93 -15
v -55 95 -15
v -55 117 -15
v -55 118 -15
v -54 2 -15
v -54 3 -15
v -54 5 -15
v -54 6 -15
v -54 28 -15
v -54 30 -15
v -54 38 -15
v -54 39 -15
v -54 51 -15
v -54 53 -15
v -54 55 -15
v -54 68 -15
v -54 70 -15
v -54 72 -15
v -54 84 -15
v -54 85 -15
v -54 93 -15
v -54 95 -15
v -54 117 -15
v -54 118 -15
v -54 120 -15
v -54 121 -15
v -53 2 -15
v -53 3 -15
v -53 5 -15
v -53 6 -15
v -53 28 -15
v -53 30 -15
v -53 38 -15
v -53 39 -15
v -53 50 -15
v -53 51 -15
v -53 52 -15
v -53 71 -15
v -53 72 -15
v -53 73 -15
v -53 84 -15
v -53 85 -15
v -53 93 -15
v -53 95 -15
v -53 117 -15
v -53 118 -15
v -53 120 -15
v -53 121 -15
v -52 5 -15
v -52 6 -15
v -52 28 -15
v -52 30 -15
v -52 38 -15
v -52 39 -15
v -52 50 -15
v -52 51 -15
v -52 52 -15
v -52 71 -15
v -52 72 -15
v -52 73 -15
v -52 84 -15
v -52 85 -15
v -52 93 -15
v -52 95 -15
v -52 117 -15
v -52 118 -15
v -50 50 -15
v -50 51 -15
v -50 52 -15
v -50 71 -15
v -50 72 -15
v -50 73 -15
v -49 50 -15
v -49 51 -15
v -49 52 -15
v -49 71 -15
v -49 72 -15
v -49 73 -15
v -47 50 -15
v -47 51 -15
v -47 52 -15
v -47 71 -15
v -47 72 -15
v -47 73 -15
v -46 50 -15
v -46 51 -15
v -46 52 -15
v -46 71 -15
v -46 72 -15
v -46 73 -15
v -44 50 -15
v -44 51 -15
v -44 52 -15
v -44 71 -15
v -44 72 -15
v -44 73 -15
v -43 50 -15
v -43 51 -15
v -43 52 -15
v -43 71 -15
v -43 72 -15
v -43 73 -15
v -42 51 -15
v -42 53 -15
v -42 55 -15
v -42 68 -15
v -42 70 -15
v -42 72 -15
v -41 53 -15
v -41 55 -15
v -41 68 -15
v -41 70 -15
v -55 26 -16
v -55 28 -16
v -55 39 -16
v -55 40 -16
v -55 55 -16
v -55 57 -16
v -55 66 -16
v -55 68 -16
v -55 83 -16
v -55 84 -16
v -55 95 -16
v -55 97 -16
v -54 26 -16
v -54 28 -16
v -54 39 -16
v -54 40 -16
v -54 53 -16
v -54 55 -16
v -54 57 -16
v -54 66 -16
v -54 68 -16
v -54 70 -16
v -54 83 -16
v -54 84 -16
v -54 95 -16
v -54 97 -16
v -53 26 -16
v -53 28 -16
v -53 39 -16
v -53 40 -16
v -53 51 -16
v -53 52 -16
v -53 71 -16
v -53 72 -16
v -53 83 -16
v -53 84 -16
v -53 95 -16
v -53 97 -16
v -52 26 -16
v -52 28 -16
v -52 39 -16
v -52 40 -16
v -52 51 -16
v -52 52 -16
v -52 71 -16
v -52 72 -16
v -52 83 -16
v -52 84 -16
v -52 95 -16
v -52 97 -16
v -50 51 -16
v -50 52 -16
v -50 71 -16
v -50 72 -16
v -49 51 -16
v -49 52 -16
v -49 71 -16
v -49 72 -16
v -47 51 -16
v -47 52 -16
v -47 71 -16
v -47 72 -16
v -46 51 -16
v -46 52 -16
v -46 71 -16
v -46 72 -16
v -44 51 -16
v -44 52 -16
v -44 71 -16
v -44 72 -16
v -43 51 -16
v -43 52 -16
v -43 71 -16
v -43 72 -16
v -42 53 -16
v -42 55 -16
v -42 57 -16
v -42 66 -16
v -42 68 -16
v -42 70 -16
v -41 55 -16
v -41 57 -16
v -41 66 -16
v -41 68 -16
v -55 24 -17
v -55 26 -17
v -55 57 -17
v -55 66 -17
v -55 97 -17
v -55 99 -17
v -54 24 -17
v -54 26 -17
v -54 55 -17
v -54 57 -17
v -54 66 -17
v -54 68 -17
v -54 97 -17
v -54 99 -17
v -53 24 -17
v -53 26 -17
v -53 97 -17
v -53 99 -17
v -52 24 -17
v -52 26 -17
v -52 55 -17
v -52 56 -17
v -52 67 -17
v -52 68 -17
v -52 97 -17
v -52 99 -17
v -51 55 -17
v -51 56 -17
v -51 61 -17
v -51 62 -17
v -51 67 -17
v -51 68 -17
v -50 61 -17
v -50 62 -17
v -46 61 -17
v -46 62 -17
v -45 55 -17
v -45 56 -17
v -45 61 -17
v -45 62 -17
v -45 67 -17
v -45 68 -17
v -44 55 -17
v -44 56 -17
v -44 67 -17
v -44 68 -17
v -42 55 -17
v -42 57 -17
v -42 66 -17
v -42 68 -17
v -41 57 -17
v -41 66 -17
v -55 6 -18
v -55 7 -18
v -55 22 -18
v -55 24 -18
v -55 40 -18
v -55 41 -18
v -55 82 -18
v -55 83 -18
v -55 99 -18
v -55 101 -18
v -55 116 -18
v -55 117 -18
v -54 6 -18
v -54 7 -18
v -54 22 -18
v -54 24 -18
v -54 40 -18
v -54 41 -18
v -54 57 -18
v -54 66 -18
v -54 82 -18
v -54 83 -18
v -54 99 -18
v -54 101 -18
v -54 116 -18
v -54 117 -18
v -53 6 -18
v -53 7 -18
v -53 22 -18
v -53 24 -18
v -53 40 -18
v -53 41 -18
v -53 60 -18
v -53 63 -18
v -53 82 -18
v -53 83 -18
v -53 99 -18
v -53 101 -18
v -53 116 -18
v -53 117 -18
v -52 6 -18
v -52 7 -18
v -52 22 -18
v -52 24 -18
v -52 40 -18
v -52 41 -18
v -52 59 -18
v -52 60 -18
v -52 63 -18
v -52 64 -18
v -52 82 -18
v -52 83 -18
v -52 99 -18
v -52 101 -18
v -52 116 -18
v -52 117 -18
v -51 61 -18
v -51 62 -18
v -50 61 -18
v -50 62 -18
v -49 59 -18
v -49 60 -18
v -49 63 -18
v -49 64 -18
v -47 59 -18
v -47 60 -18
v -47 63 -18
v -47 64 -18
v -46 61 -18
v -46 62 -18
v -45 61 -18
v -45 62 -18
v -44 59 -18
v -44 60 -18
v -44 63 -18
v -44 64 -18
v -43 60 -18
v -43 63 -18
v -42 57 -18
v -42 66 -18
v -55 20 -19
v -55 22 -19
v -55 41 -19
v -55 42 -19
v -55 81 -19
v -55 82 -19
v -55 101 -19
v -55 103 -19
v -54 3 -19
v -54 4 -19
v -54 20 -19
v -54 22 -19
v -54 41 -19
v -54 42 -19
v -54 81 -19
v -54 82 -19
v -54 101 -19
v -54 103 -19
v -54 119 -19
v -54 120 -19
v -53 3 -19
v -53 4 -19
v -53 20 -19
v -53 22 -19
v -53 41 -19
v -53 42 -19
v -53 60 -19
v -53 63 -19
v -53 81 -19
v -53 82 -19
v -53 101 -19
v -53 103 -19
v -53 119 -19
v -53 120 -19
v -52 20 -19
v -52 22 -19
v -52 41 -19
v -52 42 -19
v -52 55 -19
v -52 56 -19
v -52 59 -19
v -52 60 -19
v -52 63 -19
v -52 64 -19
v -52 67 -19
v -52 68 -19
v -52 81 -19
v -52 82 -19
v -52 101 -19
v -52 103 -19
v -51 55 -19
v -51 56 -19
v -51 67 -19
v -51 68 -19
v -49 59 -19
v -49 60 -19
v -49 63 -19
v -49 64 -19
v -47 59 -19
v -47 60 -19
v -47 63 -19
v -47 64 -19
v -45 55 -19
v -45 56 -19
v -45 67 -19
v -45 68 -19
v -44 55 -19
v -44 56 -19
v -44 59 -19
v -44 60 -19
v -44 63 -19
v -44 64 -19
v -44 67 -19
v -44 68 -19
v -43 60 -19
v -43 63 -19
v -55 18 -20
v -55 20 -20
v -55 103 -20
v -55 105 -20
v -54 18 -20
v -54 20 -20
v -54 103 -20
v -54 105 -20
v -53 18 -20
v -53 20 -20
v -53 103 -20
v -53 105 -20
v -52 18 -20
v -52 20 -20
v -52 103 -20
v -52 105 -20
v -55 7 -21
v -55 8 -21
v -55 16 -21
v -55 18 -21
v -55 42 -21
v -55 44 -21
v -55 79 -21
v -55 81 -21
v -55 105 -21
v -55 107 -21
v -55 115 -21
v -55 116 -21
v -54 7 -21
v -54 8 -21
v -54 16 -21
v -54 18 -21
v -54 42 -21
v -54 44 -21
v -54 79 -21
v -54 81 -21
v -54 105 -21
v -54 107 -21
v -54 115 -21
v -54 116 -21
v -53 7 -21
v -53 8 -21
v -53 16 -21
v -53 18 -21
v -53 42 -21
v -53 44 -21
v -53 79 -21
v -53 81 -21
v -53 105 -21
v -53 107 -21
v -53 115 -21
v -53 116 -21
v -52 7 -21
v -52 8 -21
v -52 16 -21
v -52 18 -21
v -52 42 -21
v -52 44 -21
v -52 54 -21
v -52 55 -21
v -52 68 -21
v -52 69 -21
v -52 79 -21
v -52 81 -21
v -52 105 -21
v -52 107 -21
v -52 115 -21
v -52 116 -21
v -51 54 -21
v -51 55 -21
v -51 68 -21
v -51 69 -21
v -45 54 -21
v -45 55 -21
v -45 68 -21
v -45 69 -21
v -44 54 -21
v -44 55 -21
v -44 68 -21
v -44 69 -21
v -55 14 -22
v -55 16 -22
v -55 41 -22
v -55 42 -22
v -55 44 -22
v -55 45 -22
v -55 78 -22
v -55 79 -22
v -55 81 -22
v -55 82 -22
v -55 107 -22
v -55 109 -22
v -54 4 -22
v -54 5 -22
v -54 14 -22
v -54 16 -22
v -54 41 -22
v -54 42 -22
v -54 44 -22
v -54 45 -22
v -54 78 -22
v -54 79 -22
v -54 81 -22
v -54 82 -22
v -54 107 -22
v -54 109 -22
v -54 118 -22
v -54 119 -22
v -53 4 -22
v -53 5 -22
v -53 14 -22
v -53 16 -22
v -53 41 -22
v -53 42 -22
v -53 44 -22
v -53 45 -22
v -53 78 -22
v -53 79 -22
v -53 81 -22
v -53 82 -22
v -53 107 -22
v -53 109 -22
v -53 118 -22
v -53 119 -22
v -52 14 -22
v -52 16 -22
v -52 41 -22
v -52 42 -22
v -52 44 -22
v -52 45 -22
v -52 78 -22
v -52 79 -22
v -52 81 -22
v -52 82 -22
v -52 107 -22
v -52 109 -22
v -55 12 -23
v -55 14 -23
v -55 40 -23
v -55 41 -23
v -55 45 -23
v -55 47 -23
v -55 76 -23
v -55 78 -23
v -55 82 -23
v -55 83 -23
v -55 109 -23
v -55 111 -23
v -54 12 -23
v -54 14 -23
v -54 40 -23
v -54 41 -23
v -54 45 -23
v -54 47 -23
v -54 76 -23
v -54 78 -23
v -54 82 -23
v -54 83 -23
v -54 109 -23
v -54 111 -23
v -53 12 -23
v -53 14 -23
v -53 40 -23
v -53 41 -23
v -53 45 -23
v -53 47 -23
v -53 76 -23
v -53 78 -23
v -53 82 -23
v -53 83 -23
v -53 109 -23
v -53 111 -23
v -52 12 -23
v -52 14 -23
v -52 40 -23
v -52 41 -23
v -52 45 -23
v -52 47 -23
v -52 53 -23
v -52 54 -23
v -52 69 -23
v -52 70 -23
v -52 76 -23
v -52 78 -23
v -52 82 -23
v -52 83 -23
v -52 109 -23
v -52 111 -23
v -51 53 -23
v -51 54 -23
v -51 69 -23
v -51 70 -23
v -45 53 -23
v -45 54 -23
v -45 69 -23
v -45 70 -23
v -44 53 -23
v -44 54 -23
v -44 69 -23
v -44 70 -23
v -55 8 -24
v -55 9 -24
v -55 11 -24
v -55 12 -24
v -55 39 -24
v -55 40 -24
v -55 47 -24
v -55 48 -24
v -55 75 -24
v -55 76 -24
v -55 83 -24
v -55 84 -24
v -55 111 -24
v -55 112 -24
v -55 114 -24
v -55 115 -24
v -54 5 -24
v -54 6 -24
v -54 8 -24
v -54 9 -24
v -54 11 -24
v -54 12 -24
v -54 39 -24
v -54 40 -24
v -54 47 -24
v -54 48 -24
v -54 75 -24
v -54 76 -24
v -54 83 -24
v -54 84 -24
v -54 111 -24
v -54 112 -24
v -54 114 -24
v -54 115 -24
v -54 117 -24
v -54 118 -24
v -53 5 -24
v -53 6 -24
v -53 8 -24
v -53 9 -24
v -53 11 -24
v -53 12 -24
v -53 39 -24
v -53 40 -24
v -53 47 -24
v -53 48 -24
v -53 75 -24
v -53 76 -24
v -53 83 -24
v -53 84 -24
v -53 111 -24
v -53 112 -24
v -53 114 -24
v -53 115 -24
v -53 117 -24
v -53 118 -24
v -52 8 -24
v -52 9 -24
v -52 11 -24
v -52 12 -24
v -52 39 -24
v -52 40 -24
v -52 47 -24
v -52 48 -24
v -52 75 -24
v -52 76 -24
v -52 83 -24
v -52 84 -24
v -52 111 -24
v -52 112 -24
v -52 114 -24
v -52 115 -24
v -55 38 -25
v -55 39 -25
v -55 48 -25
v -55 50 -25
v -55 73 -25
v -55 75 -25
v -55 84 -25
v -55 85 -25
v -54 38 -25
v -54 39 -25
v -54 48 -25
v -54 50 -25
v -54 73 -25
v -54 75 -25
v -54 84 -25
v -54 85 -25
v -53 38 -25
v -53 39 -25
v -53 48 -25
v -53 50 -25
v -53 73 -25
v -53 75 -25
v -53 84 -25
v -53 85 -25
v -52 38 -25
v -52 39 -25
v -52 48 -25
v -52 50 -25
v -52 52 -25
v -52 53 -25
v -52 70 -25
v -52 71 -25
v -52 73 -25
v -52 75 -25
v -52 84 -25
v -52 85 -25
v -44 52 -25
v -44 53 -25
v -44 70 -25
v -44 71 -25
v -55 9 -26
v -55 10 -26
v -55 37 -26
v -55 38 -26
v -55 50 -26
v -55 52 -26
v -55 71 -26
v -55 73 -26
v -55 85 -26
v -55 86 -26
v -55 113 -26
v -55 114 -26
v -54 9 -26
v -54 10 -26
v -54 37 -26
v -54 38 -26
v -54 50 -26
v -54 52 -26
v -54 71 -26
v -54 73 -26
v -54 85 -26
v -54 86 -26
v -54 113 -26
v -54 114 -26
v -53 9 -26
v -53 10 -26
v -53 37 -26
v -53 38 -26
v -53 50 -26
v -53 52 -26
v -53 71 -26
v -53 73 -26
v -53 85 -26
v -53 86 -26
v -53 113 -26
v -53 114 -26
v -52 9 -26
v -52 10 -26
v -52 37 -26
v -52 38 -26
v -52 50 -26
v -52 52 -26
v -52 71 -26
v -52 73 -26
v -52 85 -26
v -52 86 -26
v -52 113 -26
v -52 114 -26
v -55 36 -27
v -55 37 -27
v -55 52 -27
v -55 56 -27
v -55 67 -27
v -55 71 -27
v -55 86 -27
v -55 87 -27
v -54 6 -27
v -54 7 -27
v -54 36 -27
v -54 37 -27
v -54 52 -27
v -54 56 -27
v -54 67 -27
v -54 71 -27
v -54 86 -27
v -54 87 -27
v -54 116 -27
v -54 117 -27
v -53 6 -27
v -53 7 -27
v -53 36 -27
v -53 37 -27
v -53 52 -27
v -53 56 -27
v -53 67 -27
v -53 71 -27
v -53 86 -27
v -53 87 -27
v -53 116 -27
v -53 117 -27
v -52 36 -27
v -52 37 -27
v -52 52 -27
v -52 56 -27
v -52 67 -27
v -52 71 -27
v -52 86 -27
v -52 87 -27
v -55 10 -28
v -55 11 -28
v -55 35 -28
v -55 36 -28
v -55 56 -28
v -55 61 -28
v -55 62 -28
v -55 67 -28
v -55 87 -28
v -55 88 -28
v -55 112 -28
v -55 113 -28
v -54 10 -28
v -54 11 -28
v -54 35 -28
v -54 36 -28
v -54 56 -28
v -54 61 -28
v -54 62 -28
v -54 67 -28
v -54 87 -28
v -54 88 -28
v -54 112 -28
v -54 113 -28
v -53 10 -28
v -53 11 -28
v -53 35 -28
v -53 36 -28
v -53 56 -28
v -53 61 -28
v -53 62 -28
v -53 67 -28
v -53 87 -28
v -53 88 -28
v -53 112 -28
v -53 113 -28
v -52 10 -28
v -52 11 -28
v -52 35 -28
v -52 36 -28
v -52 56 -28
v -52 61 -28
v -52 62 -28
v -52 67 -28
v -52 87 -28
v -52 88 -28
v -52 112 -28
v -52 113 -28
v -55 34 -29
v -55 35 -29
v -55 51 -29
v -55 52 -29
v -55 71 -29
v -55 72 -29
v -55 88 -29
v -55 89 -29
v -54 7 -29
v -54 8 -29
v -54 34 -29
v -54 35 -29
v -54 51 -29
v -54 52 -29
v -54 71 -29
v -54 72 -29
v -54 88 -29
v -54 89 -29
v -54 115 -29
v -54 116 -29
v -53 7 -29
v -53 8 -29
v -53 34 -29
v -53 35 -29
v -53 51 -29
v -53 52 -29
v -53 71 -29
v -53 72 -29
v -53 88 -29
v -53 89 -29
v -53 115 -29
v -53 116 -29
v -52 34 -29
v -52 35 -29
v -52 51 -29
v -52 52 -29
v -52 71 -29
v -52 72 -29
v -52 88 -29
v -52 89 -29
v -55 11 -30
v -55 12 -30
v -55 33 -30
v -55 34 -30
v -55 89 -30
v -55 90 -30
v -55 111 -30
v -55 112 -30
v -54 11 -30
v -54 12 -30
v -54 33 -30
v -54 34 -30
v -54 89 -30
v -54 90 -30
v -54 111 -30
v -54 112 -30
v -53 11 -30
v -53 12 -30
v -53 33 -30
v -53 34 -30
v -53 89 -30
v -53 90 -30
v -53 111 -30
v -53 112 -30
v -52 11 -30
v -52 12 -30
v -52 33 -30
v -52 34 -30
v -52 89 -30
v -52 90 -30
v -52 111 -30
v -52 112 -30
v -55 32 -31
v -55 33 -31
v -55 50 -31
v -55 51 -31
v -55 72 -31
v -55 73 -31
v -55 90 -31
v -55 91 -31
v -54 8 -31
v -54 9 -31
v -54 32 -31
v -54 33 -31
v -54 50 -31
v -54 51 -31
v -54 72 -31
v -54 73 -31
v -54 90 -31
v -54 91 -31
v -54 114 -31
v -54 115 -31
v -53 8 -31
v -53 9 -31
v -53 32 -31
v -53 33 -31
v -53 50 -31
v -53 51 -31
v -53 72 -31
v -53 73 -31
v -53 90 -31
v -53 91 -31
v -53 114 -31
v -53 115 -31
v -52 32 -31
v -52 33 -31
v -52 50 -31
v -52 51 -31
v -52 72 -31
v -52 73 -31
v -52 90 -31
v -52 91 -31
v -55 12 -32
v -55 13 -32
v -55 31 -32
v -55 32 -32
v -55 91 -32
v -55 92 -32
v -55 110 -32
v -55 111 -32
v -54 9 -32
v -54 10 -32
v -54 12 -32
v -54 13 -32
v -54 31 -32
v -54 32 -32
v -54 91 -32
v -54 92 -32
v -54 110 -32
v -54 111 -32
v -54 113 -32
v -54 114 -32
v -53 9 -32
v -53 10 -32
v -53 12 -32
v -53 13 -32
v -53 31 -32
v -53 32 -32
v -53 91 -32
v -53 92 -32
v -53 110 -32
v -53 111 -32
v -53 113 -32
v -53 114 -32
v -52 12 -32
v -52 13 -32
v -52 31 -32
v -52 32 -32
v -52 91 -32
v -52 92 -32
v -52 110 -32
v -52 111 -32
v -55 13 -33
v -55 14 -33
v -55 30 -33
v -55 31 -33
v -55 49 -33
v -55 50 -33
v -55 73 -33
v -55 74 -33
v -55 92 -33
v -55 93 -33
v -55 109 -33
v -55 110 -33
v -54 13 -33
v -54 14 -33
v -54 30 -33
v -54 31 -33
v -54 49 -33
v -54 50 -33
v -54 73 -33
v -54 74 -33
v -54 92 -33
v -54 93 -33
v -54 109 -33
v -54 110 -33
v -53 13 -33
v -53 14 -33
v -53 30 -33
v -53 31 -33
v -53 49 -33
v -53 50 -33
v -53 73 -33
v -53 74 -33
v -53 92 -33
v -53 93 -33
v -53 109 -33
v -53 110 -33
v -52 13 -33
v -52 14 -33
v -52 30 -33
v -52 31 -33
v -52 49 -33
v -52 50 -33
v -52 73 -33
v -52 74 -33
v -52 92 -33
v -52 93 -33
v -52 109 -33
v -52 110 -33
v -55 29 -34
v -55 30 -34
v -55 93 -34
v -55 94 -34
v -54 10 -34
v -54 11 -34
v -54 29 -34
v -54 30 -34
v -54 93 -34
v -54 94 -34
v -54 112 -34
v -54 113 -34
v -53 10 -34
v -53 11 -34
v -53 29 -34
v -53 30 -34
v -53 93 -34
v -53 94 -34
v -53 112 -34
v -53 113 -34
v -52 29 -34
v -52 30 -34
v -52 93 -34
v -52 94 -34
v -55 14 -35
v -55 15 -35
v -55 28 -35
v -55 29 -35
v -55 48 -35
v -55 49 -35
v -55 74 -35
v -55 75 -35
v -55 94 -35
v -55 95 -35
v -55 108 -35
v -55 109 -35
v -54 14 -35
v -54 15 -35
v -54 28 -35
v -54 29 -35
v -54 48 -35
v -54 49 -35
v -54 74 -35
v -54 75 -35
v -54 94 -35
v -54 95 -35
v -54 108 -35
v -54 109 -35
v -53 14 -35
v -53 15 -35
v -53 28 -35
v -53 29 -35
v -53 48 -35
v -53 49 -35
v -53 74 -35
v -53 75 -35
v -53 94 -35
v -53 95 -35
v -53 108 -35
v -53 109 -35
v -52 14 -35
v -52 15 -35
v -52 28 -35
v -52 29 -35
v -52 48 -35
v -52 49 -35
v -52 74 -35
v -52 75 -35
v -52 94 -35
v -52 95 -35
v -52 108 -35
v -52 109 -35
v -55 15 -36
v -55 16 -36
v -55 27 -36
v -55 28 -36
v -55 95 -36
v -55 96 -36
v -55 107 -36
v -55 108 -36
v -54 11 -36
v -54 12 -36
v -54 15 -36
v -54 16 -36
v -54 27 -36
v -54 28 -36
v -54 95 -36
v -54 96 -36
v -54 107 -36
v -54 108 -36
v -54 111 -36
v -54 112 -36
v -53 11 -36
v -53 12 -36
v -53 15 -36
v -53 16 -36
v -53 27 -36
v -53 28 -36
v -53 95 -36
v -53 96 -36
v -53 107 -36
v -53 108 -36
v -53 111 -36
v -53 112 -36
v -52 15 -36
v -52 16 -36
v -52 27 -36
v -52 28 -36
v -52 95 -36
v -52 96 -36
v -52 107 -36
v -52 108 -36
v -55 16 -37
v -55 17 -37
v -55 26 -37
v -55 27 -37
v -55 47 -37
v -55 48 -37
v -55 75 -37
v -55 76 -37
v -55 96 -37
v -55 97 -37
v -55 106 -37
v -55 107 -37
v -54 12 -37
v -54 13 -37
v -54 16 -37
v -54 17 -37
v -54 26 -37
v -54 27 -37
v -54 47 -37
v -54 48 -37
v -54 75 -37
v -54 76 -37
v -54 96 -37
v -54 97 -37
v -54 106 -37
v -54 107 -37
v -54 110 -37
v -54 111 -37
v -53 12 -37
v -53 13 -37
v -53 16 -37
v -53 17 -37
v -53 26 -37
v -53 27 -37
v -53 47 -37
v -53 48 -37
v -53 75 -37
v -53 76 -37
v -53 96 -37
v -53 97 -37
v -53 106 -37
v -53 107 -37
v -53 110 -37
v -53 111 -37
v -52 16 -37
v -52 17 -37
v -52 26 -37
v -52 27 -37
v -52 47 -37
v -52 48 -37
v -52 75 -37
v -52 76 -37
v -52 96 -37
v -52 97 -37
v -52 106 -37
v -52 107 -37
v -55 25 -38
v -55 26 -38
v -55 97 -38
v -55 98 -38
v -54 13 -38
v -54 14 -38
v -54 25 -38
v -54 26 -38
v -54 97 -38
v -54 98 -38
v -54 109 -38
v -54 110 -38
v -53 13 -38
v -53 14 -38
v -53 25 -38
v -53 26 -38
v -53 97 -38
v -53 98 -38
v -53 109 -38
v -53 110 -38
v -52 25 -38
v -52 26 -38
v -52 97 -38
v -52 98 -38
v -55 17 -39
v -55 18 -39
v -55 24 -39
v -55 25 -39
v -55 46 -39
v -55 47 -39
v -55 76 -39
v -55 77 -39
v -55 98 -39
v -55 99 -39
v -55 105 -39
v -55 106 -39
v -54 17 -39
v -54 18 -39
v -54 24 -39
v -54 25 -39
v -54 46 -39
v -54 47 -39
v -54 76 -39
v -54 77 -39
v -54 98 -39
v -54 99 -39
v -54 105 -39
v -54 106 -39
v -53 17 -39
v -53 18 -39
v -53 24 -39
v -53 25 -39
v -53 46 -39
v -53 47 -39
v -53 76 -39
v -53 77 -39
v -53 98 -39
v -53 99 -39
v -53 105 -39
v -53 106 -39
v -52 17 -39
v -52 18 -39
v -52 24 -39
v -52 25 -39
v -52 46 -39
v -52 47 -39
v -52 76 -39
v -52 77 -39
v -52 98 -39
v -52 99 -39
v -52 105 -39
v -52 106 -39
v -55 18 -40
v -55 19 -40
v -55 23 -40
v -55 24 -40
v -55 99 -40
v -55 100 -40
v -55 104 -40
v -55 105 -40
v -54 14 -40
v -54 15 -40
v -54 18 -40
v -54 19 -40
v -54 23 -40
v -54 24 -40
v -54 99 -40
v -54 100 -40
v -54 104 -40
v -54 105 -40
v -54 108 -40
v -54 109 -40
v -53 14 -40
v -53 15 -40
v -53 18 -40
v -53 19 -40
v -53 23 -40
v -53 24 -40
v -53 99 -40
v -53 100 -40
v -53 104 -40
v -53 105 -40
v -53 108 -40
v -53 109 -40
v -52 18 -40
v -52 19 -40
v -52 23 -40
v -52 24 -40
v -52 99 -40
v -52 100 -40
v -52 104 -40
v -52 105 -40
v -55 19 -41
v -55 20 -41
v -55 45 -41
v -55 46 -41
v -55 77 -41
v -55 78 -41
v -55 103 -41
v -55 104 -41
v -54 15 -41
v -54 16 -41
v -54 19 -41
v -54 20 -41
v -54 45 -41
v -54 46 -41
v -54 77 -41
v -54 78 -41
v -54 103 -41
v -54 104 -41
v -54 107 -41
v -54 108 -41
v -53 15 -41
v -53 16 -41
v -53 19 -41
v -53 20 -41
v -53 45 -41
v -53 46 -41
v -53 77 -41
v -53 78 -41
v -53 103 -41
v -53 104 -41
v -53 107 -41
v -53 108 -41
v -52 19 -41
v -52 20 -41
v -52 45 -41
v -52 46 -41
v -52 77 -41
v -52 78 -41
v -52 103 -41
v -52 104 -41
v -55 20 -42
v -55 21 -42
v -55 102 -42
v -55 103 -42
v -54 16 -42
v -54 17 -42
v -54 20 -42
v -54 21 -42
v -54 102 -42
v -54 103 -42
v -54 106 -42
v -54 107 -42
v -53 16 -42
v -53 17 -42
v -53 20 -42
v -53 21 -42
v -53 102 -42
v -53 103 -42
v -53 106 -42
v -53 107 -42
v -52 20 -42
v -52 21 -42
v -52 102 -42
v -52 103 -42
v -55 21 -43
v -55 22 -43
v -55 44 -43
v -55 45 -43
v -55 78 -43
v -55 79 -43
v -55 101 -43
v -55 102 -43
v -54 17 -43
v -54 18 -43
v -54 21 -43
v -54 22 -43
v -54 44 -43
v -54 45 -43
v -54 78 -43
v -54 79 -43
v -54 101 -43
v -54 102 -43
v -54 105 -43
v -54 106 -43
v -53 17 -43
v -53 18 -43
v -53 21 -43
v -53 22 -43
v -53 44 -43
v -53 45 -43
v -53 78 -43
v -53 79 -43
v -53 101 -43
v -53 102 -43
v -53 105 -43
v -53 106 -43
v -52 21 -43
v -52 22 -43
v -52 44 -43
v -52 45 -43
v -52 78 -43
v -52 79 -43
v -52 101 -43
v -52 102 -43
v -55 22 -44
v -55 23 -44
v -55 100 -44
v -55 101 -44
v -54 18 -44
v -54 19 -44
v -54 22 -44
v -54 23 -44
v -54 100 -44
v -54 101 -44
v -54 104 -44
v -54 105 -44
v -53 18 -44
v -53 19 -44
v -53 22 -44
v -53 23 -44
v -53 100 -44
v -53 101 -44
v -53 104 -44
v -53 105 -44
v -52 22 -44
v -52 23 -44
v -52 100 -44
v -52 101 -44
v -55 23 -45
v -55 24 -45
v -55 43 -45
v -55 44 -45
v -55 79 -45
v -55 80 -45
v -55 99 -45
v -55 100 -45
v -54 19 -45
v -54 20 -45
v -54 23 -45
v -54 24 -45
v -54 43 -45
v -54 44 -45
v -54 79 -45
v -54 80 -45
v -54 99 -45
v -54 100 -45
v -54 103 -45
v -54 104 -45
v -53 19 -45
v -53 20 -45
v -53 23 -45
v -53 24 -45
v -53 43 -45
v -53 44 -45
v -53 79 -45
v -53 80 -45
v -53 99 -45
v -53 100 -45
v -53 103 -45
v -53 104 -45
v -52 23 -45
v -52 24 -45
v -52 43 -45
v -52 44 -45
v -52 79 -45
v -52 80 -45
v -52 99 -45
v -52 100 -45
v -55 24 -46
v -55 26 -46
v -55 97 -46
v -55 99 -46
v -54 20 -46
v -54 21 -46
v -54 24 -46
v -54 26 -46
v -54 97 -46
v -54 99 -46
v -54 102 -46
v -54 103 -46
v -53 20 -46
v -53 21 -46
v -53 24 -46
v -53 26 -46
v -53 97 -46
v -53 99 -46
v -53 102 -46
v -53 103 -46
v -52 24 -46
v -52 26 -46
v -52 97 -46
v -52 99 -46
v -55 26 -47
v -55 27 -47
v -55 42 -47
v -55 43 -47
v -55 80 -47
v -55 81 -47
v -55 96 -47
v -55 97 -47
v -54 21 -47
v -54 22 -47
v -54 26 -47
v -54 27 -47
v -54 42 -47
v -54 43 -47
v -54 80 -47
v -54 81 -47
v -54 96 -47
v -54 97 -47
v -54 101 -47
v -54 102 -47
v -53 21 -47
v -53 22 -47
v -53 26 -47
v -53 27 -47
v -53 42 -47
v -53 43 -47
v -53 80 -47
v -53 81 -47
v -53 96 -47
v -53 97 -47
v -53 101 -47
v -53 102 -47
v -52 26 -47
v -52 27 -47
v -52 42 -47
v -52 43 -47
v -52 80 -47
v -52 81 -47
v -52 96 -47
v -52 97 -47
v -55 27 -48
v -55 28 -48
v -55 95 -48
v -55 96 -48
v -54 22 -48
v -54 23 -48
v -54 27 -48
v -54 28 -48
v -54 95 -48
v -54 96 -48
v -54 100 -48
v -54 101 -48
v -53 22 -48
v -53 23 -48
v -53 27 -48
v -53 28 -48
v -53 95 -48
v -53 96 -48
v -53 100 -48
v -53 101 -48
v -52 27 -48
v -52 28 -48
v -52 95 -48
v -52 96 -48
v -55 28 -49
v -55 30 -49
v -55 41 -49
v -55 42 -49
v -55 81 -49
v -55 82 -49
v -55 93 -49
v -55 95 -49
v -54 23 -49
v -54 25 -49
v -54 28 -49
v -54 30 -49
v -54 41 -49
v -54 42 -49
v -54 81 -49
v -54 82 -49
v -54 93 -49
v -54 95 -49
v -54 98 -49
v -54 100 -49
v -53 23 -49
v -53 25 -49
v -53 28 -49
v -53 30 -49
v -53 41 -49
v -53 42 -49
v -53 81 -49
v -53 82 -49
v -53 93 -49
v -53 95 -49
v -53 98 -49
v -53 100 -49
v -52 28 -49
v -52 30 -49
v -52 41 -49
v -52 42 -49
v -52 81 -49
v -52 82 -49
v -52 93 -49
v -52 95 -49
v -55 30 -50
v -55 31 -50
v -55 92 -50
v -55 93 -50
v -54 25 -50
v -54 26 -50
v -54 30 -50
v -54 31 -50
v -54 92 -50
v -54 93 -50
v -54 97 -50
v -54 98 -50
v -53 25 -50
v -53 26 -50
v -53 30 -50
v -53 31 -50
v -53 92 -50
v -53 93 -50
v -53 97 -50
v -53 98 -50
v -52 30 -50
v -52 31 -50
v -52 92 -50
v -52 93 -50
v -55 31 -51
v -55 33 -51
v -55 40 -51
v -55 41 -51
v -55 82 -51
v -55 83 -51
v -55 90 -51
v -55 92 -51
v -54 26 -51
v -54 27 -51
v -54 31 -51
v -54 33 -51
v -54 40 -51
v -54 41 -51
v -54 82 -51
v -54 83 -51
v -54 90 -51
v -54 92 -51
v -54 96 -51
v -54 97 -51
v -53 26 -51
v -53 27 -51
v -53 31 -51
v -53 33 -51
v -53 40 -51
v -53 41 -51
v -53 82 -51
v -53 83 -51
v -53 90 -51
v -53 92 -51
v -53 96 -51
v -53 97 -51
v -52 31 -51
v -52 33 -51
v -52 40 -51
v -52 41 -51
v -52 82 -51
v -52 83 -51
v -52 90 -51
v -52 92 -51
v -55 33 -52
v -55 35 -52
v -55 88 -52
v -55 90 -52
v -54 27 -52
v -54 29 -52
v -54 33 -52
v -54 35 -52
v -54 88 -52
v -54 90 -52
v -54 94 -52
v -54 96 -52
v -53 27 -52
v -53 29 -52
v -53 33 -52
v -53 35 -52
v -53 88 -52
v -53 90 -52
v -53 94 -52
v -53 96 -52
v -52 33 -52
v -52 35 -52
v -52 88 -52
v -52 90 -52
v -55 35 -53
v -55 37 -53
v -55 86 -53
v -55 88 -53
v -54 29 -53
v -54 31 -53
v -54 35 -53
v -54 37 -53
v -54 86 -53
v -54 88 -53
v -54 92 -53
v -54 94 -53
v -53 29 -53
v -53 31 -53
v -53 35 -53
v -53 37 -53
v -53 86 -53
v -53 88 -53
v -53 92 -53
v -53 94 -53
v -52 35 -53
v -52 37 -53
v -52 86 -53
v -52 88 -53
v -55 37 -54
v -55 39 -54
v -55 84 -54
v -55 86 -54
v -54 31 -54
v -54 32 -54
v -54 37 -54
v -54 39 -54
v -54 84 -54
v -54 86 -54
v -54 91 -54
v -54 92 -54
v -53 31 -54
v -53 32 -54
v -53 37 -54
v -53 39 -54
v -53 84 -54
v -53 86 -54
v -53 91 -54
v -53 92 -54
v -52 37 -54
v -52 39 -54
v -52 84 -54
v -52 86 -54
v -55 39 -55
v -55 42 -55
v -55 81 -55
v -55 84 -55
v -54 32 -55
v -54 34 -55
v -54 39 -55
v -54 42 -55
v -54 81 -55
v -54 84 -55
v -54 89 -55
v -54 91 -55
v -53 32 -55
v -53 34 -55
v -53 39 -55
v -53 42 -55
v -53 81 -55
v -53 84 -55
v -53 89 -55
v -53 91 -55
v -52 39 -55
v -52 42 -55
v -52 81 -55
v -52 84 -55
v -55 42 -56
v -55 45 -56
v -55 78 -56
v -55 81 -56
v -54 34 -56
v -54 36 -56
v -54 42 -56
v -54 45 -56
v -54 78 -56
v -54 81 -56
v -54 87 -56
v -54 89 -56
v -53 34 -56
v -53 36 -56
v -53 42 -56
v -53 45 -56
v -53 78 -56
v -53 81 -56
v -53 87 -56
v -53 89 -56
v -52 42 -56
v -52 45 -56
v -52 78 -56
v -52 81 -56
v -55 45 -57
v -55 48 -57
v -55 75 -57
v -55 78 -57
v -54 36 -57
v -54 39 -57
v -54 45 -57
v -54 48 -57
v -54 75 -57
v -54 78 -57
v -54 84 -57
v -54 87 -57
v -53 36 -57
v -53 39 -57
v -53 45 -57
v -53 48 -57
v -53 75 -57
v -53 78 -57
v -53 84 -57
v -53 87 -57
v -52 45 -57
v -52 48 -57
v -52 75 -57
v -52 78 -57
v -55 48 -58
v -55 54 -58
v -55 69 -58
v -55 75 -58
v -54 39 -58
v -54 41 -58
v -54 48 -58
v -54 54 -58
v -54 69 -58
v -54 75 -58
v -54 82 -58
v -54 84 -58
v -53 39 -58
v -53 41 -58
v -53 48 -58
v -53 54 -58
v -53 69 -58
v -53 75 -58
v -53 82 -58
v -53 84 -58
v -52 48 -58
v -52 54 -58
v -52 69 -58
v -52 75 -58
v -55 54 -59
v -55 69 -59
v -54 41 -59
v -54 44 -59
v -54 54 -59
v -54 69 -59
v -54 79 -59
v -54 82 -59
v -53 41 -59
v -53 44 -59
v -53 54 -59
v -53 69 -59
v -53 79 -59
v -53 82 -59
v -52 54 -59
v -52 69 -59
v -54 44 -60
v -54 48 -60
v -54 75 -60
v -54 79 -60
v -53 44 -60
v -53 48 -60
v -53 75 -60
v -53 79 -60
v -54 48 -61
v -54 54 -61
v -54 69 -61
v -54 75 -61
v -53 48 -61
v -53 54 -61
v -53 69 -61
v -53 75 -61
v -54 54 -62
v -54 69 -62
v -53 54 -62
v -53 69 -62
v -54 1 6
v -53 1 6
v -54 1 -9
v -53 1 -9
v -54 2 12
v -53 2 12
v -54 2 6
v -53 2 6
v -54 2 -9
v -53 2 -9
v -54 2 -15
v -53 2 -15
v -54 3 16
v -53 3 16
v -54 3 12
v -53 3 12
v -54 3 -15
v -53 3 -15
v -54 3 -19
v -53 3 -19
v -54 4 19
v -53 4 19
v -54 4 16
v -53 4 16
v -55 4 6
v -54 4 6
v -53 4 6
v -52 4 6
v -55 4 -9
v -54 4 -9
v -53 4 -9
v -52 4 -9
v -54 4 -19
v -53 4 -19
v -54 4 -22
v -53 4 -22
v -54 5 21
v -53 5 21
v -54 5 19
v -53 5 19
v -55 5 12
v -54 5 12
v -53 5 12
v -52 5 12
v -55 5 6
v -54 5 6
v -53 5 6
v -52 5 6
v -55 5 -9
v -54 5 -9
v -53 5 -9
v -52 5 -9
v -55 5 -15
v -54 5 -15
v -53 5 -15
v -52 5 -15
v -54 5 -22
v -53 5 -22
v -54 5 -24
v -53 5 -24
v -54 6 24
v -53 6 24
v -54 6 21
v -53 6 21
v -55 6 15
v -54 6 15
v -53 6 15
v -52 6 15
v -55 6 12
v -54 6 12
v -53 6 12
v -52 6 12
v -55 6 -15
v -54 6 -15
v -53 6 -15
v -52 6 -15
v -55 6 -18
v -54 6 -18
v -53 6 -18
v -52 6 -18
v -54 6 -24
v -53 6 -24
v -54 6 -27
v -53 6 -27
v -54 7 26
v -53 7 26
v -54 7 24
v -53 7 24
v -55 7 18
v -54 7 18
v -53 7 18
v -52 7 18
v -55 7 15
v -54 7 15
v -53 7 15
v -52 7 15
v -55 7 -18
v -54 7 -18
v -53 7 -18
v -52 7 -18
v -55 7 -21
v -54 7 -21
v -53 7 -21
v -52 7 -21
v -54 7 -27
v -53 7 -27
v -54 7 -29
v -53 7 -29
v -54 8 28
v -53 8 28
v -54 8 26
v -53 8 26
v -55 8 21
v -54 8 21
v -53 8 21
v -52 8 21
v -55 8 18
v -54 8 18
v -53 8 18
v -52 8 18
v -55 8 -21
v -54 8 -21
v -53 8 -21
v -52 8 -21
v -55 8 -24
v -54 8 -24
v -53 8 -24
v -52 8 -24
v -54 8 -29
v -53 8 -29
v -54 8 -31
v -53 8 -31
v -54 9 29
v -53 9 29
v -54 9 28
v -53 9 28
v -55 9 23
v -54 9 23
v -53 9 23
v -52 9 23
v -55 9 21
v -54 9 21
v -53 9 21
v -52 9 21
v -55 9 -24
v -54 9 -24
v -53 9 -24
v -52 9 -24
v -55 9 -26
v -54 9 -26
v -53 9 -26
v -52 9 -26
v -54 9 -31
v -53 9 -31
v -54 9 -32
v -53 9 -32
v -54 10 31
v -53 10 31
v -54 10 29
v -53 10 29
v -55 10 25
v -54 10 25
v -53 10 25
v -52 10 25
v -55 10 23
v -54 10 23
v -53 10 23
v -52 10 23
v -55 10 -26
v -54 10 -26
v -53 10 -26
v -52 10 -26
v -55 10 -28
v -54 10 -28
v -53 10 -28
v -52 10 -28
v -54 10 -32
v -53 10 -32
v -54 10 -34
v -53 10 -34
v -54 11 33
v -53 11 33
v -54 11 31
v -53 11 31
v -55 11 27
v -54 11 27
v -53 11 27
v -52 11 27
v -55 11 25
v -54 11 25
v -53 11 25
v -52 11 25
v -55 11 -28
v -54 11 -28
v -53 11 -28
v -52 11 -28
v -55 11 -30
v -54 11 -30
v -53 11 -30
v -52 11 -30
v -54 11 -34
v -53 11 -34
v -54 11 -36
v -53 11 -36
v -54 12 34
v -53 12 34
v -54 12 33
v -53 12 33
v -55 12 29
v -54 12 29
v -53 12 29
v -52 12 29
v -55 12 27
v -54 12 27
v -53 12 27
v -52 12 27
v -55 12 20
v -54 12 20
v -53 12 20
v -52 12 20
v -55 12 19
v -54 12 19
v -53 12 19
v -52 12 19
v -55 12 -22
v -54 12 -22
v -53 12 -22
v -52 12 -22
v -55 12 -23
v -54 12 -23
v -53 12 -23
v -52 12 -23
v -55 12 -30
v -54 12 -30
v -53 12 -30
v -52 12 -30
v -55 12 -32
v -54 12 -32
v -53 12 -32
v -52 12 -32
v -54 12 -36
v -53 12 -36
v -54 12 -37
v -53 12 -37
v -54 13 35
v -53 13 35
v -54 13 34
v -53 13 34
v -55 13 30
v -54 13 30
v -53 13 30
v -52 13 30
v -55 13 29
v -54 13 29
v -53 13 29
v -52 13 29
v -55 13 -32
v -54 13 -32
v -53 13 -32
v -52 13 -32
v -55 13 -33
v -54 13 -33
v -53 13 -33
v -52 13 -33
v -54 13 -37
v -53 13 -37
v -54 13 -38
v -53 13 -38
v -54 14 37
v -53 14 37
v -54 14 35
v -53 14 35
v -55 14 32
v -54 14 32
v -53 14 32
v -52 14 32
v -55 14 30
v -54 14 30
v -53 14 30
v -52 14 30
v -55 14 19
v -54 14 19
v -53 14 19
v -52 14 19
v -55 14 18
v -54 14 18
v -53 14 18
v -52 14 18
v -55 14 -21
v -54 14 -21
v -53 14 -21
v -52 14 -21
v -55 14 -22
v -54 14 -22
v -53 14 -22
v -52 14 -22
v -55 14 -33
v -54 14 -33
v -53 14 -33
v -52 14 -33
v -55 14 -35
v -54 14 -35
v -53 14 -35
v -52 14 -35
v -54 14 -38
v -53 14 -38
v -54 14 -40
v -53 14 -40
v -54 15 38
v -53 15 38
v -54 15 37
v -53 15 37
v -55 15 33
v -54 15 33
v -53 15 33
v -52 15 33
v -55 15 32
v -54 15 32
v -53 15 32
v -52 15 32
v -55 15 -35
v -54 15 -35
v -53 15 -35
v -52 15 -35
v -55 15 -36
v -54 15 -36
v -53 15 -36
v -52 15 -36
v -54 15 -40
v -53 15 -40
v -54 15 -41
v -53 15 -41
v -54 16 39
v -53 16 39
v -54 16 38
v -53 16 38
v -55 16 34
v -54 16 34
v -53 16 34
v -52 16 34
v -55 16 33
v -54 16 33
v -53 16 33
v -52 16 33
v -55 16 18
v -54 16 18
v -53 16 18
v -52 16 18
v -55 16 17
v -54 16 17
v -53 16 17
v -52 16 17
v -55 16 -20
v -54 16 -20
v -53 16 -20
v -52 16 -20
v -55 16 -21
v -54 16 -21
v -53 16 -21
v -52 16 -21
v -55 16 -36
v -54 16 -36
v -53 16 -36
v -52 16 -36
v -55 16 -37
v -54 16 -37
v -53 16 -37
v -52 16 -37
v -54 16 -41
v -53 16 -41
v -54 16 -42
v -53 16 -42
v -54 17 40
v -53 17 40
v -54 17 39
v -53 17 39
v -55 17 36
v -54 17 36
v -53 17 36
v -52 17 36
v -55 17 34
v -54 17 34
v -53 17 34
v -52 17 34
v -55 17 -37
v -54 17 -37
v -53 17 -37
v -52 17 -37
v -55 17 -39
v -54 17 -39
v -53 17 -39
v -52 17 -39
v -54 17 -42
v -53 17 -42
v -54 17 -43
v -53 17 -43
v -54 18 41
v -53 18 41
v -54 18 40
v -53 18 40
v -55 18 37
v -54 18 37
v -53 18 37
v -52 18 37
v -55 18 36
v -54 18 36
v -53 18 36
v -52 18 36
v -55 18 17
v -54 18 17
v -53 18 17
v -52 18 17
v -55 18 16
v -54 18 16
v -53 18 16
v -52 18 16
v -55 18 -19
v -54 18 -19
v -53 18 -19
v -52 18 -19
v -55 18 -20
v -54 18 -20
v -53 18 -20
v -52 18 -20
v -55 18 -39
v -54 18 -39
v -53 18 -39
v -52 18 -39
v -55 18 -40
v -54 18 -40
v -53 18 -40
v -52 18 -40
v -54 18 -43
v -53 18 -43
v -54 18 -44
v -53 18 -44
v -54 19 42
v -53 19 42
v -54 19 41
v -53 19 41
v -55 19 38
v -54 19 38
v -53 19 38
v -52 19 38
v -55 19 37
v -54 19 37
v -53 19 37
v -52 19 37
v -55 19 -40
v -54 19 -40
v -53 19 -40
v -52 19 -40
v -55 19 -41
v -54 19 -41
v -53 19 -41
v -52 19 -41
v -54 19 -44
v -53 19 -44
v -54 19 -45
v -53 19 -45
v -54 20 43
v -53 20 43
v -54 20 42
v -53 20 42
v -55 20 39
v -54 20 39
v -53 20 39
v -52 20 39
v -55 20 38
v -54 20 38
v -53 20 38
v -52 20 38
v -55 20 16
v -54 20 16
v -53 20 16
v -52 20 16
v -55 20 15
v -54 20 15
v -53 20 15
v -52 20 15
v -55 20 -18
v -54 20 -18
v -53 20 -18
v -52 20 -18
v -55 20 -19
v -54 20 -19
v -53 20 -19
v -52 20 -19
v -55 20 -41
v -54 20 -41
v -53 20 -41
v -52 20 -41
v -55 20 -42
v -54 20 -42
v -53 20 -42
v -52 20 -42
v -54 20 -45
v -53 20 -45
v -54 20 -46
v -53 20 -46
v -54 21 44
v -53 21 44
v -54 21 43
v -53 21 43
v -55 21 40
v -54 21 40
v -53 21 40
v -52 21 40
v -55 21 39
v -54 21 39
v -53 21 39
v -52 21 39
v -55 21 -42
v -54 21 -42
v -53 21 -42
v -52 21 -42
v -55 21 -43
v -54 21 -43
v -53 21 -43
v -52 21 -43
v -54 21 -46
v -53 21 -46
v -54 21 -47
v -53 21 -47
v -54 22 45
v -53 22 45
v -54 22 44
v -53 22 44
v -55 22 41
v -54 22 41
v -53 22 41
v -52 22 41
v -55 22 40
v -54 22 40
v -53 22 40
v -52 22 40
v -55 22 15
v -54 22 15
v -53 22 15
v -52 22 15
v -55 22 14
v -54 22 14
v -53 22 14
v -52 22 14
v -55 22 -17
v -54 22 -17
v -53 22 -17
v -52 22 -17
v -55 22 -18
v -54 22 -18
v -53 22 -18
v -52 22 -18
v -55 22 -43
v -54 22 -43
v -53 22 -43
v -52 22 -43
v -55 22 -44
v -54 22 -44
v -53 22 -44
v -52 22 -44
v -54 22 -47
v -53 22 -47
v -54 22 -48
v -53 22 -48
v -54 23 46
v -53 23 46
v -54 23 45
v -53 23 45
v -55 23 42
v -54 23 42
v -53 23 42
v -52 23 42
v -55 23 41
v -54 23 41
v -53 23 41
v -52 23 41
v -55 23 37
v -54 23 37
v -53 23 37
v -52 23 37
v -55 23 36
v -54 23 36
v -53 23 36
v -52 23 36
v -55 23 -39
v -54 23 -39
v -53 23 -39
v -52 23 -39
v -55 23 -40
v -54 23 -40
v -53 23 -40
v -52 23 -40
v -55 23 -44
v -54 23 -44
v -53 23 -44
v -52 23 -44
v -55 23 -45
v -54 23 -45
v -53 23 -45
v -52 23 -45
v -54 23 -48
v -53 23 -48
v -54 23 -49
v -53 23 -49
v -55 24 43
v -54 24 43
v -53 24 43
v -52 24 43
v -55 24 42
v -54 24 42
v -53 24 42
v -52 24 42
v -55 24 36
v -54 24 36
v -53 24 36
v -52 24 36
v -55 24 35
v -54 24 35
v -53 24 35
v -52 24 35
v -55 24 14
v -54 24 14
v -53 24 14
v -52 24 14
v -55 24 13
v -54 24 13
v -53 24 13
v -52 24 13
v -55 24 -16
v -54 24 -16
v -53 24 -16
v -52 24 -16
v -55 24 -17
v -54 24 -17
v -53 24 -17
v -52 24 -17
v -55 24 -38
v -54 24 -38
v -53 24 -38
v -52 24 -38
v -55 24 -39
v -54 24 -39
v -53 24 -39
v -52 24 -39
v -55 24 -45
v -54 24 -45
v -53 24 -45
v -52 24 -45
v -55 24 -46
v -54 24 -46
v -53 24 -46
v -52 24 -46
v -54 25 47
v -53 25 47
v -54 25 46
v -53 25 46
v -55 25 35
v -54 25 35
v -53 25 35
v -52 25 35
v -55 25 34
v -54 25 34
v -53 25 34
v -52 25 34
v -55 25 -37
v -54 25 -37
v -53 25 -37
v -52 25 -37
v -55 25 -38
v -54 25 -38
v -53 25 -38
v -52 25 -38
v -54 25 -49
v -53 25 -49
v -54 25 -50
v -53 25 -50
v -54 26 48
v -53 26 48
v -54 26 47
v -53 26 47
v -55 26 44
v -54 26 44
v -53 26 44
v -52 26 44
v -55 26 43
v -54 26 43
v -53 26 43
v -52 26 43
v -55 26 34
v -54 26 34
v -53 26 34
v -52 26 34
v -55 26 33
v -54 26 33
v -53 26 33
v -52 26 33
v -55 26 13
v -54 26 13
v -53 26 13
v -52 26 13
v -55 26 12
v -54 26 12
v -53 26 12
v -52 26 12
v -55 26 -15
v -54 26 -15
v -53 26 -15
v -52 26 -15
v -55 26 -16
v -54 26 -16
v -53 26 -16
v -52 26 -16
v -55 26 -36
v -54 26 -36
v -53 26 -36
v -52 26 -36
v -55 26 -37
v -54 26 -37
v -53 26 -37
v -52 26 -37
v -55 26 -46
v -54 26 -46
v -53 26 -46
v -52 26 -46
v -55 26 -47
v -54 26 -47
v -53 26 -47
v -52 26 -47
v -54 26 -50
v -53 26 -50
v -54 26 -51
v -53 26 -51
v -54 27 49
v -53 27 49
v -54 27 48
v -53 27 48
v -55 27 45
v -54 27 45
v -53 27 45
v -52 27 45
v -55 27 44
v -54 27 44
v -53 27 44
v -52 27 44
v -55 27 33
v -54 27 33
v -53 27 33
v -52 27 33
v -55 27 32
v -54 27 32
v -53 27 32
v -52 27 32
v -55 27 -35
v -54 27 -35
v -53 27 -35
v -52 27 -35
v -55 27 -36
v -54 27 -36
v -53 27 -36
v -52 27 -36
v -55 27 -47
v -54 27 -47
v -53 27 -47
v -52 27 -47
v -55 27 -48
v -54 27 -48
v -53 27 -48
v -52 27 -48
v -54 27 -51
v -53 27 -51
v -54 27 -52
v -53 27 -52
v -55 28 46
v -54 28 46
v -53 28 46
v -52 28 46
v -55 28 45
v -54 28 45
v -53 28 45
v -52 28 45
v -55 28 32
v -54 28 32
v -53 28 32
v -52 28 32
v -55 28 31
v -54 28 31
v -53 28 31
v -52 28 31
v -55 28 12
v -54 28 12
v -53 28 12
v -52 28 12
v -55 28 11
v -54 28 11
v -53 28 11
v -52 28 11
v -55 28 -14
v -54 28 -14
v -53 28 -14
v -52 28 -14
v -55 28 -15
v -54 28 -15
v -53 28 -15
v -52 28 -15
v -55 28 -34
v -54 28 -34
v -53 28 -34
v -52 28 -34
v -55 28 -35
v -54 28 -35
v -53 28 -35
v -52 28 -35
v -55 28 -48
v -54 28 -48
v -53 28 -48
v -52 28 -48
v -55 28 -49
v -54 28 -49
v -53 28 -49
v -52 28 -49
v -54 29 50
v -53 29 50
v -54 29 49
v -53 29 49
v -55 29 31
v -54 29 31
v -53 29 31
v -52 29 31
v -55 29 30
v -54 29 30
v -53 29 30
v -52 29 30
v -55 29 -33
v -54 29 -33
v -53 29 -33
v -52 29 -33
v -55 29 -34
v -54 29 -34
v -53 29 -34
v -52 29 -34
v -54 29 -52
v -53 29 -52
v -54 29 -53
v -53 29 -53
v -55 30 47
v -54 30 47
v -53 30 47
v -52 30 47
v -55 30 46
v -54 30 46
v -53 30 46
v -52 30 46
v -55 30 30
v -54 30 30
v -53 30 30
v -52 30 30
v -55 30 29
v -54 30 29
v -53 30 29
v -52 30 29
v -55 30 11
v -54 30 11
v -53 30 11
v -52 30 11
v -55 30 10
v -54 30 10
v -53 30 10
v -52 30 10
v -55 30 -13
v -54 30 -13
v -53 30 -13
v -52 30 -13
v -55 30 -14
v -54 30 -14
v -53 30 -14
v -52 30 -14
v -55 30 -32
v -54 30 -32
v -53 30 -32
v -52 30 -32
v -55 30 -33
v -54 30 -33
v -53 30 -33
v -52 30 -33
v -55 30 -49
v -54 30 -49
v -53 30 -49
v -52 30 -49
v -55 30 -50
v -54 30 -50
v -53 30 -50
v -52 30 -50
v -54 31 51
v -53 31 51
v -54 31 50
v -53 31 50
v -55 31 48
v -54 31 48
v -53 31 48
v -52 31 48
v -55 31 47
v -54 31 47
v -53 31 47
v -52 31 47
v -55 31 29
v -54 31 29
v -53 31 29
v -52 31 29
v -55 31 28
v -54 31 28
v -53 31 28
v -52 31 28
v -55 31 -31
v -54 31 -31
v -53 31 -31
v -52 31 -31
v -55 31 -32
v -54 31 -32
v -53 31 -32
v -52 31 -32
v -55 31 -50
v -54 31 -50
v -53 31 -50
v -52 31 -50
v -55 31 -51
v -54 31 -51
v -53 31 -51
v -52 31 -51
v -54 31 -53
v -53 31 -53
v -54 31 -54
v -53 31 -54
v -54 32 52
v -53 32 52
v -54 32 51
v -53 32 51
v -55 32 28
v -54 32 28
v -53 32 28
v -52 32 28
v -55 32 27
v -54 32 27
v -53 32 27
v -52 32 27
v -55 32 10
v -54 32 10
v -53 32 10
v -52 32 10
v -55 32 9
v -54 32 9
v -53 32 9
v -52 32 9
v -55 32 -12
v -54 32 -12
v -53 32 -12
v -52 32 -12
v -55 32 -13
v -54 32 -13
v -53 32 -13
v -52 32 -13
v -55 32 -30
v -54 32 -30
v -53 32 -30
v -52 32 -30
v -55 32 -31
v -54 32 -31
v -53 32 -31
v -52 32 -31
v -54 32 -54
v -53 32 -54
v -54 32 -55
v -53 32 -55
v -55 33 49
v -54 33 49
v -53 33 49
v -52 33 49
v -55 33 48
v -54 33 48
v -53 33 48
v -52 33 48
v -55 33 27
v -54 33 27
v -53 33 27
v -52 33 27
v -55 33 26
v -54 33 26
v -53 33 26
v -52 33 26
v -55 33 -29
v -54 33 -29
v -53 33 -29
v -52 33 -29
v -55 33 -30
v -54 33 -30
v -53 33 -30
v -52 33 -30
v -55 33 -51
v -54 33 -51
v -53 33 -51
v -52 33 -51
v -55 33 -52
v -54 33 -52
v -53 33 -52
v -52 33 -52
v -54 34 53
v -53 34 53
v -54 34 52
v -53 34 52
v -55 34 26
v -54 34 26
v -53 34 26
v -52 34 26
v -55 34 25
v -54 34 25
v -53 34 25
v -52 34 25
v -55 34 9
v -54 34 9
v -53 34 9
v -52 34 9
v -55 34 8
v -54 34 8
v -53 34 8
v -52 34 8
v -55 34 -11
v -54 34 -11
v -53 34 -11
v -52 34 -11
v -55 34 -12
v -54 34 -12
v -53 34 -12
v -52 34 -12
v -55 34 -28
v -54 34 -28
v -53 34 -28
v -52 34 -28
v -55 34 -29
v -54 34 -29
v -53 34 -29
v -52 34 -29
v -54 34 -55
v -53 34 -55
v -54 34 -56
v -53 34 -56
v -55 35 50
v -54 35 50
v -53 35 50
v -52 35 50
v -55 35 49
v -54 35 49
v -53 35 49
v -52 35 49
v -55 35 25
v -54 35 25
v -53 35 25
v -52 35 25
v -55 35 24
v -54 35 24
v -53 35 24
v -52 35 24
v -55 35 4
v -54 35 4
v -53 35 4
v -52 35 4
v -55 35 -1
v -54 35 -1
v -53 35 -1
v -52 35 -1
v -55 35 -2
v -54 35 -2
v -53 35 -2
v -52 35 -2
v -55 35 -7
v -54 35 -7
v -53 35 -7
v -52 35 -7
v -55 35 -27
v -54 35 -27
v -53 35 -27
v -52 35 -27
v -55 35 -28
v -54 35 -28
v -53 35 -28
v -52 35 -28
v -55 35 -52
v -54 35 -52
v -53 35 -52
v -52 35 -52
v -55 35 -53
v -54 35 -53
v -53 35 -53
v -52 35 -53
v -54 36 54
v -53 36 54
v -54 36 53
v -53 36 53
v -55 36 24
v -54 36 24
v -53 36 24
v -52 36 24
v -55 36 23
v -54 36 23
v -53 36 23
v -52 36 23
v -55 36 8
v -54 36 8
v -53 36 8
v -52 36 8
v -55 36 4
v -54 36 4
v -53 36 4
v -52 36 4
v -55 36 -7
v -54 36 -7
v -53 36 -7
v -52 36 -7
v -55 36 -11
v -54 36 -11
v -53 36 -11
v -52 36 -11
v -55 36 -26
v -54 36 -26
v -53 36 -26
v -52 36 -26
v -55 36 -27
v -54 36 -27
v -53 36 -27
v -52 36 -27
v -54 36 -56
v -53 36 -56
v -54 36 -57
v -53 36 -57
v -55 37 51
v -54 37 51
v -53 37 51
v -52 37 51
v -55 37 50
v -54 37 50
v -53 37 50
v -52 37 50
v -55 37 23
v -54 37 23
v -53 37 23
v -52 37 23
v -55 37 22
v -54 37 22
v -53 37 22
v -52 37 22
v -55 37 10
v -54 37 10
v -53 37 10
v -52 37 10
v -55 37 8
v -54 37 8
v -53 37 8
v -52 37 8
v -55 37 -11
v -54 37 -11
v -53 37 -11
v -52 37 -11
v -55 37 -13
v -54 37 -13
v -53 37 -13
v -52 37 -13
v -55 37 -25
v -54 37 -25
v -53 37 -25
v -52 37 -25
v -55 37 -26
v -54 37 -26
v -53 37 -26
v -52 37 -26
v -55 37 -53
v -54 37 -53
v -53 37 -53
v -52 37 -53
v -55 37 -54
v -54 37 -54
v -53 37 -54
v -52 37 -54
v -55 38 22
v -54 38 22
v -53 38 22
v -52 38 22
v -55 38 21
v -54 38 21
v -53 38 21
v -52 38 21
v -55 38 12
v -54 38 12
v -53 38 12
v -52 38 12
v -55 38 10
v -54 38 10
v -53 38 10
v -52 38 10
v -52 38 8
v -44 38 8
v -52 38 7
v -44 38 7
v -52 38 -10
v -44 38 -10
v -52 38 -11
v -44 38 -11
v -55 38 -13
v -54 38 -13
v -53 38 -13
v -52 38 -13
v -55 38 -15
v -54 38 -15
v -53 38 -15
v -52 38 -15
v -55 38 -24
v -54 38 -24
v -53 38 -24
v -52 38 -24
v -55 38 -25
v -54 38 -25
v -53 38 -25
v -52 38 -25
v -54 39 55
v -53 39 55
v -54 39 54
v -53 39 54
v -55 39 52
v -54 39 52
v -53 39 52
v -52 39 52
v -55 39 51
v -54 39 51
v -53 39 51
v -52 39 51
v -55 39 49
v -54 39 49
v -53 39 49
v -52 39 49
v -55 39 48
v -54 39 48
v -53 39 48
v -52 39 48
v -55 39 21
v -54 39 21
v -53 39 21
v -52 39 21
v -55 39 20
v -54 39 20
v -53 39 20
v -52 39 20
v -55 39 13
v -54 39 13
v -53 39 13
v -52 39 13
v -55 39 12
v -54 39 12
v -53 39 12
v -52 39 12
v -55 39 -15
v -54 39 -15
v -53 39 -15
v -52 39 -15
v -55 39 -16
v -54 39 -16
v -53 39 -16
v -52 39 -16
v -55 39 -23
v -54 39 -23
v -53 39 -23
v -52 39 -23
v -55 39 -24
v -54 39 -24
v -53 39 -24
v -52 39 -24
v -55 39 -51
v -54 39 -51
v -53 39 -51
v -52 39 -51
v -55 39 -52
v -54 39 -52
v -53 39 -52
v -52 39 -52
v -55 39 -54
v -54 39 -54
v -53 39 -54
v -52 39 -54
v -55 39 -55
v -54 39 -55
v -53 39 -55
v -52 39 -55
v -54 39 -57
v -53 39 -57
v -54 39 -58
v -53 39 -58
v -55 40 48
v -54 40 48
v -53 40 48
v -52 40 48
v -55 40 46
v -54 40 46
v -53 40 46
v -52 40 46
v -55 40 20
v -54 40 20
v -53 40 20
v -52 40 20
v -55 40 19
v -54 40 19
v -53 40 19
v -52 40 19
v -55 40 15
v -54 40 15
v -53 40 15
v -52 40 15
v -55 40 13
v -54 40 13
v -53 40 13
v -52 40 13
v -52 40 7
v -51 40 7
v -45 40 7
v -44 40 7
v -52 40 6
v -51 40 6
v -45 40 6
v -44 40 6
v -52 40 -9
v -51 40 -9
v -45 40 -9
v -44 40 -9
v -52 40 -10
v -51 40 -10
v -45 40 -10
v -44 40 -10
v -55 40 -16
v -54 40 -16
v -53 40 -16
v -52 40 -16
v -55 40 -18
v -54 40 -18
v -53 40 -18
v -52 40 -18
v -55 40 -22
v -54 40 -22
v -53 40 -22
v -52 40 -22
v -55 40 -23
v -54 40 -23
v -53 40 -23
v -52 40 -23
v -55 40 -49
v -54 40 -49
v -53 40 -49
v -52 40 -49
v -55 40 -51
v -54 40 -51
v -53 40 -51
v -52 40 -51
v -54 41 56
v -53 41 56
v -54 41 55
v -53 41 55
v -55 41 46
v -54 41 46
v -53 41 46
v -52 41 46
v -55 41 44
v -54 41 44
v -53 41 44
v -52 41 44
v -55 41 19
v -54 41 19
v -53 41 19
v -52 41 19
v -55 41 18
v -54 41 18
v -53 41 18
v -52 41 18
v -55 41 16
v -54 41 16
v -53 41 16
v -52 41 16
v -55 41 15
v -54 41 15
v -53 41 15
v -52 41 15
v -55 41 -18
v -54 41 -18
v -53 41 -18
v -52 41 -18
v -55 41 -19
v -54 41 -19
v -53 41 -19
v -52 41 -19
v -55 41 -21
v -54 41 -21
v -53 41 -21
v -52 41 -21
v -55 41 -22
v -54 41 -22
v -53 41 -22
v -52 41 -22
v -55 41 -47
v -54 41 -47
v -53 41 -47
v -52 41 -47
v -55 41 -49
v -54 41 -49
v -53 41 -49
v -52 41 -49
v -54 41 -58
v -53 41 -58
v -54 41 -59
v -53 41 -59
v -55 42 53
v -54 42 53
v -53 42 53
v -52 42 53
v -55 42 52
v -54 42 52
v -53 42 52
v -52 42 52
v -55 42 44
v -54 42 44
v -53 42 44
v -52 42 44
v -55 42 42
v -54 42 42
v -53 42 42
v -52 42 42
v -55 42 18
v -54 42 18
v -53 42 18
v -52 42 18
v -55 42 16
v -54 42 16
v -53 42 16
v -52 42 16
v -52 42 6
v -51 42 6
v -45 42 6
v -44 42 6
v -52 42 5
v -51 42 5
v -45 42 5
v -44 42 5
v -52 42 -8
v -51 42 -8
v -45 42 -8
v -44 42 -8
v -52 42 -9
v -51 42 -9
v -45 42 -9
v -44 42 -9
v -55 42 -19
v -54 42 -19
v -53 42 -19
v -52 42 -19
v -55 42 -21
v -54 42 -21
v -53 42 -21
v -52 42 -21
v -55 42 -45
v -54 42 -45
v -53 42 -45
v -52 42 -45
v -55 42 -47
v -54 42 -47
v -53 42 -47
v -52 42 -47
v -55 42 -55
v -54 42 -55
v -53 42 -55
v -52 42 -55
v -55 42 -56
v -54 42 -56
v -53 42 -56
v -52 42 -56
v -55 43 42
v -54 43 42
v -53 43 42
v -52 43 42
v -55 43 40
v -54 43 40
v -53 43 40
v -52 43 40
v -55 43 -43
v -54 43 -43
v -53 43 -43
v -52 43 -43
v -55 43 -45
v -54 43 -45
v -53 43 -45
v -52 43 -45
v -54 44 57
v -53 44 57
v -54 44 56
v -53 44 56
v -55 44 40
v -54 44 40
v -53 44 40
v -52 44 40
v -55 44 38
v -54 44 38
v -53 44 38
v -52 44 38
v -55 44 19
v -54 44 19
v -53 44 19
v -52 44 19
v -55 44 18
v -54 44 18
v -53 44 18
v -52 44 18
v -52 44 5
v -51 44 5
v -45 44 5
v -44 44 5
v -52 44 4
v -51 44 4
v -45 44 4
v -44 44 4
v -52 44 1
v -49 44 1
v -47 44 1
v -44 44 1
v -53 44 -0
v -52 44 -0
v -49 44 -0
v -47 44 -0
v -44 44 -0
v -43 44 -0
v -53 44 -3
v -52 44 -3
v -49 44 -3
v -47 44 -3
v -44 44 -3
v -43 44 -3
v -52 44 -4
v -49 44 -4
v -47 44 -4
v -44 44 -4
v -52 44 -7
v -51 44 -7
v -45 44 -7
v -44 44 -7
v -52 44 -8
v -51 44 -8
v -45 44 -8
v -44 44 -8
v -55 44 -21
v -54 44 -21
v -53 44 -21
v -52 44 -21
v -55 44 -22
v -54 44 -22
v -53 44 -22
v -52 44 -22
v -55 44 -41
v -54 44 -41
v -53 44 -41
v -52 44 -41
v -55 44 -43
v -54 44 -43
v -53 44 -43
v -52 44 -43
v -54 44 -59
v -53 44 -59
v -54 44 -60
v -53 44 -60
v -55 45 54
v -54 45 54
v -53 45 54
v -52 45 54
v -55 45 53
v -54 45 53
v -53 45 53
v -52 45 53
v -55 45 38
v -54 45 38
v -53 45 38
v -52 45 38
v -55 45 36
v -54 45 36
v -53 45 36
v -52 45 36
v -55 45 20
v -54 45 20
v -53 45 20
v -52 45 20
v -55 45 19
v -54 45 19
v -53 45 19
v -52 45 19
v -54 45 3
v -42 45 3
v -52 45 1
v -49 45 1
v -47 45 1
v -44 45 1
v -53 45 -0
v -52 45 -0
v -49 45 -0
v -47 45 -0
v -44 45 -0
v -43 45 -0
v -51 45 -1
v -50 45 -1
v -46 45 -1
v -45 45 -1
v -51 45 -2
v -50 45 -2
v -46 45 -2
v -45 45 -2
v -53 45 -3
v -52 45 -3
v -49 45 -3
v -47 45 -3
v -44 45 -3
v -43 45 -3
v -52 45 -4
v -49 45 -4
v -47 45 -4
v -44 45 -4
v -54 45 -6
v -42 45 -6
v -55 45 -22
v -54 45 -22
v -53 45 -22
v -52 45 -22
v -55 45 -23
v -54 45 -23
v -53 45 -23
v -52 45 -23
v -55 45 -39
v -54 45 -39
v -53 45 -39
v -52 45 -39
v -55 45 -41
v -54 45 -41
v -53 45 -41
v -52 45 -41
v -55 45 -56
v -54 45 -56
v -53 45 -56
v -52 45 -56
v -55 45 -57
v -54 45 -57
v -53 45 -57
v -52 45 -57
v -55 46 36
v -54 46 36
v -53 46 36
v -52 46 36
v -55 46 34
v -54 46 34
v -53 46 34
v -52 46 34
v -54 46 5
v -52 46 5
v -51 46 5
v -45 46 5
v -44 46 5
v -42 46 5
v -52 46 4
v -51 46 4
v -45 46 4
v -44 46 4
v -55 46 3
v -54 46 3
v -42 46 3
v -41 46 3
v -51 46 -1
v -50 46 -1
v -46 46 -1
v -45 46 -1
v -51 46 -2
v -50 46 -2
v -46 46 -2
v -45 46 -2
v -55 46 -6
v -54 46 -6
v -42 46 -6
v -41 46 -6
v -52 46 -7
v -51 46 -7
v -45 46 -7
v -44 46 -7
v -54 46 -8
v -52 46 -8
v -51 46 -8
v -45 46 -8
v -44 46 -8
v -42 46 -8
v -55 46 -37
v -54 46 -37
v -53 46 -37
v -52 46 -37
v -55 46 -39
v -54 46 -39
v -53 46 -39
v -52 46 -39
v -55 47 34
v -54 47 34
v -53 47 34
v -52 47 34
v -55 47 32
v -54 47 32
v -53 47 32
v -52 47 32
v -55 47 21
v -54 47 21
v -53 47 21
v -52 47 21
v -55 47 20
v -54 47 20
v -53 47 20
v -52 47 20
v -53 47 9
v -52 47 9
v -50 47 9
v -49 47 9
v -47 47 9
v -46 47 9
v -44 47 9
v -43 47 9
v -53 47 8
v -52 47 8
v -50 47 8
v -49 47 8
v -47 47 8
v -46 47 8
v -44 47 8
v -43 47 8
v -54 47 7
v -42 47 7
v -55 47 5
v -54 47 5
v -42 47 5
v -41 47 5
v -55 47 3
v -54 47 3
v -42 47 3
v -41 47 3
v -55 47 -6
v -54 47 -6
v -42 47 -6
v -41 47 -6
v -55 47 -8
v -54 47 -8
v -42 47 -8
v -41 47 -8
v -54 47 -10
v -42 47 -10
v -53 47 -11
v -52 47 -11
v -50 47 -11
v -49 47 -11
v -47 47 -11
v -46 47 -11
v -44 47 -11
v -43 47 -11
v -53 47 -12
v -52 47 -12
v -50 47 -12
v -49 47 -12
v -47 47 -12
v -46 47 -12
v -44 47 -12
v -43 47 -12
v -55 47 -23
v -54 47 -23
v -53 47 -23
v -52 47 -23
v -55 47 -24
v -54 47 -24
v -53 47 -24
v -52 47 -24
v -55 47 -35
v -54 47 -35
v -53 47 -35
v -52 47 -35
v -55 47 -37
v -54 47 -37
v -53 47 -37
v -52 47 -37
v -54 48 58
v -53 48 58
v -54 48 57
v -53 48 57
v -55 48 55
v -54 48 55
v -53 48 55
v -52 48 55
v -55 48 54
v -54 48 54
v -53 48 54
v -52 48 54
v -55 48 32
v -54 48 32
v -53 48 32
v -52 48 32
v -55 48 30
v -54 48 30
v -53 48 30
v -52 48 30
v -55 48 22
v -54 48 22
v -53 48 22
v -52 48 22
v -55 48 21
v -54 48 21
v -53 48 21
v -52 48 21
v -53 48 10
v -52 48 10
v -50 48 10
v -49 48 10
v -47 48 10
v -46 48 10
v -44 48 10
v -43 48 10
v -54 48 9
v -53 48 9
v -52 48 9
v -50 48 9
v -49 48 9
v -47 48 9
v -46 48 9
v -44 48 9
v -43 48 9
v -42 48 9
v -53 48 8
v -52 48 8
v -50 48 8
v -49 48 8
v -47 48 8
v -46 48 8
v -44 48 8
v -43 48 8
v -55 48 7
v -54 48 7
v -42 48 7
v -41 48 7
v -55 48 5
v -54 48 5
v -42 48 5
v -41 48 5
v -55 48 -8
v -54 48 -8
v -42 48 -8
v -41 48 -8
v -55 48 -10
v -54 48 -10
v -42 48 -10
v -41 48 -10
v -53 48 -11
v -52 48 -11
v -50 48 -11
v -49 48 -11
v -47 48 -11
v -46 48 -11
v -44 48 -11
v -43 48 -11
v -54 48 -12
v -53 48 -12
v -52 48 -12
v -50 48 -12
v -49 48 -12
v -47 48 -12
v -46 48 -12
v -44 48 -12
v -43 48 -12
v -42 48 -12
v -53 48 -13
v -52 48 -13
v -50 48 -13
v -49 48 -13
v -47 48 -13
v -46 48 -13
v -44 48 -13
v -43 48 -13
v -55 48 -24
v -54 48 -24
v -53 48 -24
v -52 48 -24
v -55 48 -25
v -54 48 -25
v -53 48 -25
v -52 48 -25
v -55 48 -33
v -54 48 -33
v -53 48 -33
v -52 48 -33
v -55 48 -35
v -54 48 -35
v -53 48 -35
v -52 48 -35
v -55 48 -57
v -54 48 -57
v -53 48 -57
v -52 48 -57
v -55 48 -58
v -54 48 -58
v -53 48 -58
v -52 48 -58
v -54 48 -60
v -53 48 -60
v -54 48 -61
v -53 48 -61
v -55 49 30
v -54 49 30
v -53 49 30
v -52 49 30
v -55 49 28
v -54 49 28
v -53 49 28
v -52 49 28
v -53 49 11
v -52 49 11
v -50 49 11
v -49 49 11
v -47 49 11
v -46 49 11
v -44 49 11
v -43 49 11
v -54 49 10
v -53 49 10
v -52 49 10
v -50 49 10
v -49 49 10
v -47 49 10
v -46 49 10
v -44 49 10
v -43 49 10
v -42 49 10
v -55 49 9
v -54 49 9
v -53 49 9
v -52 49 9
v -50 49 9
v -49 49 9
v -47 49 9
v -46 49 9
v -44 49 9
v -43 49 9
v -42 49 9
v -41 49 9
v -55 49 7
v -54 49 7
v -42 49 7
v -41 49 7
v -55 49 -0
v -54 49 -0
v -42 49 -0
v -41 49 -0
v -55 49 -3
v -54 49 -3
v -42 49 -3
v -41 49 -3
v -55 49 -10
v -54 49 -10
v -42 49 -10
v -41 49 -10
v -55 49 -12
v -54 49 -12
v -53 49 -12
v -52 49 -12
v -50 49 -12
v -49 49 -12
v -47 49 -12
v -46 49 -12
v -44 49 -12
v -43 49 -12
v -42 49 -12
v -41 49 -12
v -54 49 -13
v -53 49 -13
v -52 49 -13
v -50 49 -13
v -49 49 -13
v -47 49 -13
v -46 49 -13
v -44 49 -13
v -43 49 -13
v -42 49 -13
v -53 49 -14
v -52 49 -14
v -50 49 -14
v -49 49 -14
v -47 49 -14
v -46 49 -14
v -44 49 -14
v -43 49 -14
v -55 49 -31
v -54 49 -31
v -53 49 -31
v -52 49 -31
v -55 49 -33
v -54 49 -33
v -53 49 -33
v -52 49 -33
v -55 50 28
v -54 50 28
v -53 50 28
v -52 50 28
v -55 50 26
v -54 50 26
v -53 50 26
v -52 50 26
v -55 50 23
v -54 50 23
v -53 50 23
v -52 50 23
v -55 50 22
v -54 50 22
v -53 50 22
v -52 50 22
v -53 50 12
v -52 50 12
v -50 50 12
v -49 50 12
v -47 50 12
v -46 50 12
v -44 50 12
v -43 50 12
v -54 50 11
v -53 50 11
v -52 50 11
v -50 50 11
v -49 50 11
v -47 50 11
v -46 50 11
v -44 50 11
v -43 50 11
v -42 50 11
v -55 50 10
v -54 50 10
v -53 50 10
v -52 50 10
v -50 50 10
v -49 50 10
v -47 50 10
v -46 50 10
v -44 50 10
v -43 50 10
v -42 50 10
v -41 50 10
v -55 50 9
v -54 50 9
v -42 50 9
v -41 50 9
v -55 50 -12
v -54 50 -12
v -42 50 -12
v -41 50 -12
v -55 50 -13
v -54 50 -13
v -53 50 -13
v -52 50 -13
v -50 50 -13
v -49 50 -13
v -47 50 -13
v -46 50 -13
v -44 50 -13
v -43 50 -13
v -42 50 -13
v -41 50 -13
v -54 50 -14
v -53 50 -14
v -52 50 -14
v -50 50 -14
v -49 50 -14
v -47 50 -14
v -46 50 -14
v -44 50 -14
v -43 50 -14
v -42 50 -14
v -53 50 -15
v -52 50 -15
v -50 50 -15
v -49 50 -15
v -47 50 -15
v -46 50 -15
v -44 50 -15
v -43 50 -15
v -55 50 -25
v -54 50 -25
v -53 50 -25
v -52 50 -25
v -55 50 -26
v -54 50 -26
v -53 50 -26
v -52 50 -26
v -55 50 -29
v -54 50 -29
v -53 50 -29
v -52 50 -29
v -55 50 -31
v -54 50 -31
v -53 50 -31
v -52 50 -31
v -55 51 26
v -54 51 26
v -53 51 26
v -52 51 26
v -55 51 24
v -54 51 24
v -53 51 24
v -52 51 24
v -53 51 13
v -52 51 13
v -50 51 13
v -49 51 13
v -47 51 13
v -46 51 13
v -44 51 13
v -43 51 13
v -54 51 12
v -53 51 12
v -52 51 12
v -50 51 12
v -49 51 12
v -47 51 12
v -46 51 12
v -44 51 12
v -43 51 12
v -42 51 12
v -55 51 11
v -54 51 11
v -53 51 11
v -52 51 11
v -50 51 11
v -49 51 11
v -47 51 11
v -46 51 11
v -44 51 11
v -43 51 11
v -42 51 11
v -41 51 11
v -55 51 10
v -54 51 10
v -42 51 10
v -41 51 10
v -55 51 -13
v -54 51 -13
v -42 51 -13
v -41 51 -13
v -55 51 -14
v -54 51 -14
v -53 51 -14
v -52 51 -14
v -50 51 -14
v -49 51 -14
v -47 51 -14
v -46 51 -14
v -44 51 -14
v -43 51 -14
v -42 51 -14
v -41 51 -14
v -54 51 -15
v -53 51 -15
v -52 51 -15
v -50 51 -15
v -49 51 -15
v -47 51 -15
v -46 51 -15
v -44 51 -15
v -43 51 -15
v -42 51 -15
v -53 51 -16
v -52 51 -16
v -50 51 -16
v -49 51 -16
v -47 51 -16
v -46 51 -16
v -44 51 -16
v -43 51 -16
v -55 51 -27
v -54 51 -27
v -53 51 -27
v -52 51 -27
v -55 51 -29
v -54 51 -29
v -53 51 -29
v -52 51 -29
v -55 52 24
v -54 52 24
v -53 52 24
v -52 52 24
v -55 52 23
v -54 52 23
v -53 52 23
v -52 52 23
v -52 52 22
v -44 52 22
v -52 52 21
v -51 52 21
v -45 52 21
v -52 52 20
v -51 52 20
v -45 52 20
v -44 52 20
v -55 52 7
v -54 52 7
v -42 52 7
v -41 52 7
v -55 52 6
v -54 52 6
v -42 52 6
v -41 52 6
v -55 52 -9
v -54 52 -9
v -42 52 -9
v -41 52 -9
v -55 52 -10
v -54 52 -10
v -42 52 -10
v -41 52 -10
v -52 52 -23
v -51 52 -23
v -45 52 -23
v -44 52 -23
v -52 52 -24
v -51 52 -24
v -45 52 -24
v -52 52 -25
v -44 52 -25
v -55 52 -26
v -54 52 -26
v -53 52 -26
v -52 52 -26
v -55 52 -27
v -54 52 -27
v -53 52 -27
v -52 52 -27
v -52 53 20
v -51 53 20
v -45 53 20
v -44 53 20
v -52 53 18
v -51 53 18
v -45 53 18
v -44 53 18
v -54 53 13
v -42 53 13
v -55 53 12
v -54 53 12
v -42 53 12
v -41 53 12
v -55 53 11
v -54 53 11
v -42 53 11
v -41 53 11
v -55 53 10
v -54 53 10
v -42 53 10
v -41 53 10
v -55 53 9
v -54 53 9
v -42 53 9
v -41 53 9
v -55 53 8
v -54 53 8
v -42 53 8
v -41 53 8
v -55 53 7
v -54 53 7
v -42 53 7
v -41 53 7
v -55 53 -10
v -54 53 -10
v -42 53 -10
v -41 53 -10
v -55 53 -11
v -54 53 -11
v -42 53 -11
v -41 53 -11
v -55 53 -12
v -54 53 -12
v -42 53 -12
v -41 53 -12
v -55 53 -13
v -54 53 -13
v -42 53 -13
v -41 53 -13
v -55 53 -14
v -54 53 -14
v -42 53 -14
v -41 53 -14
v -55 53 -15
v -54 53 -15
v -42 53 -15
v -41 53 -15
v -54 53 -16
v -42 53 -16
v -52 53 -21
v -51 53 -21
v -45 53 -21
v -44 53 -21
v -52 53 -23
v -51 53 -23
v -45 53 -23
v -44 53 -23
v -54 54 59
v -53 54 59
v -54 54 58
v -53 54 58
v -55 54 56
v -54 54 56
v -53 54 56
v -52 54 56
v -55 54 55
v -54 54 55
v -53 54 55
v -52 54 55
v -52 54 18
v -51 54 18
v -45 54 18
v -44 54 18
v -52 54 16
v -51 54 16
v -45 54 16
v -44 54 16
v -55 54 9
v -54 54 9
v -42 54 9
v -41 54 9
v -55 54 8
v -54 54 8
v -42 54 8
v -41 54 8
v -55 54 -11
v -54 54 -11
v -42 54 -11
v -41 54 -11
v -55 54 -12
v -54 54 -12
v -42 54 -12
v -41 54 -12
v -52 54 -19
v -51 54 -19
v -45 54 -19
v -44 54 -19
v -52 54 -21
v -51 54 -21
v -45 54 -21
v -44 54 -21
v -55 54 -58
v -54 54 -58
v -53 54 -58
v -52 54 -58
v -55 54 -59
v -54 54 -59
v -53 54 -59
v -52 54 -59
v -54 54 -61
v -53 54 -61
v -54 54 -62
v -53 54 -62
v -52 55 16
v -51 55 16
v -45 55 16
v -44 55 16
v -54 55 14
v -52 55 14
v -51 55 14
v -45 55 14
v -44 55 14
v -42 55 14
v -55 55 13
v -54 55 13
v -42 55 13
v -41 55 13
v -55 55 12
v -54 55 12
v -42 55 12
v -41 55 12
v -50 55 5
v -49 55 5
v -47 55 5
v -46 55 5
v -50 55 4
v -49 55 4
v -47 55 4
v -46 55 4
v -50 55 -7
v -49 55 -7
v -47 55 -7
v -46 55 -7
v -50 55 -8
v -49 55 -8
v -47 55 -8
v -46 55 -8
v -55 55 -15
v -54 55 -15
v -42 55 -15
v -41 55 -15
v -55 55 -16
v -54 55 -16
v -42 55 -16
v -41 55 -16
v -54 55 -17
v -52 55 -17
v -51 55 -17
v -45 55 -17
v -44 55 -17
v -42 55 -17
v -52 55 -19
v -51 55 -19
v -45 55 -19
v -44 55 -19
v -55 56 25
v -54 56 25
v -53 56 25
v -52 56 25
v -55 56 24
v -54 56 24
v -53 56 24
v -52 56 24
v -50 56 4
v -49 56 4
v -47 56 4
v -46 56 4
v -50 56 3
v -49 56 3
v -47 56 3
v -46 56 3
v -50 56 -6
v -49 56 -6
v -47 56 -6
v -46 56 -6
v -50 56 -7
v -49 56 -7
v -47 56 -7
v -46 56 -7
v -55 56 -27
v -54 56 -27
v -53 56 -27
v -52 56 -27
v -55 56 -28
v -54 56 -28
v -53 56 -28
v -52 56 -28
v -54 57 15
v -42 57 15
v -55 57 14
v -54 57 14
v -42 57 14
v -41 57 14
v -55 57 13
v -54 57 13
v -42 57 13
v -41 57 13
v -50 57 3
v -49 57 3
v -47 57 3
v -46 57 3
v -50 57 2
v -49 57 2
v -47 57 2
v -46 57 2
v -37 57 -0
v -34 57 -0
v -38 57 -1
v -37 57 -1
v -38 57 -2
v -37 57 -2
v -37 57 -3
v -34 57 -3
v -50 57 -5
v -49 57 -5
v -47 57 -5
v -46 57 -5
v -50 57 -6
v -49 57 -6
v -47 57 -6
v -46 57 -6
v -55 57 -16
v -54 57 -16
v -42 57 -16
v -41 57 -16
v -55 57 -17
v -54 57 -17
v -42 57 -17
v -41 57 -17
v -54 57 -18
v -42 57 -18
v -50 58 2
v -49 58 2
v -47 58 2
v -46 58 2
v -36 58 2
v -34 58 2
v -50 58 1
v -49 58 1
v -47 58 1
v -46 58 1
v -37 58 1
v -36 58 1
v -51 58 -0
v -45 58 -0
v -39 58 -0
v -37 58 -0
v -34 58 -0
v -50 58 -1
v -49 58 -1
v -47 58 -1
v -46 58 -1
v -41 58 -1
v -39 58 -1
v -38 58 -1
v -37 58 -1
v -50 58 -2
v -49 58 -2
v -47 58 -2
v -46 58 -2
v -41 58 -2
v -39 58 -2
v -38 58 -2
v -37 58 -2
v -51 58 -3
v -45 58 -3
v -39 58 -3
v -37 58 -3
v -34 58 -3
v -50 58 -4
v -49 58 -4
v -47 58 -4
v -46 58 -4
v -37 58 -4
v -36 58 -4
v -50 58 -5
v -49 58 -5
v -47 58 -5
v -46 58 -5
v -36 58 -5
v -34 58 -5
v -52 59 16
v -49 59 16
v -47 59 16
v -44 59 16
v -52 59 15
v -49 59 15
v -47 59 15
v -44 59 15
v -37 59 2
v -36 59 2
v -51 59 1
v -50 59 1
v -49 59 1
v -47 59 1
v -46 59 1
v -45 59 1
v -40 59 1
v -37 59 1
v -36 59 1
v -56 59 -0
v -51 59 -0
v -45 59 -0
v -41 59 -0
v -40 59 -0
v -39 59 -0
v -37 59 -0
v -57 59 -1
v -56 59 -1
v -41 59 -1
v -39 59 -1
v -57 59 -2
v -56 59 -2
v -41 59 -2
v -39 59 -2
v -56 59 -3
v -51 59 -3
v -45 59 -3
v -41 59 -3
v -40 59 -3
v -39 59 -3
v -37 59 -3
v -51 59 -4
v -50 59 -4
v -49 59 -4
v -47 59 -4
v -46 59 -4
v -45 59 -4
v -40 59 -4
v -37 59 -4
v -36 59 -4
v -37 59 -5
v -36 59 -5
v -52 59 -18
v -49 59 -18
v -47 59 -18
v -44 59 -18
v -52 59 -19
v -49 59 -19
v -47 59 -19
v -44 59 -19
v -53 60 16
v -52 60 16
v -49 60 16
v -47 60 16
v -44 60 16
v -43 60 16
v -53 60 15
v -52 60 15
v -49 60 15
v -47 60 15
v -44 60 15
v -43 60 15
v -37 60 3
v -34 60 3
v -51 60 2
v -45 60 2
v -39 60 2
v -37 60 2
v -34 60 2
v -56 60 1
v -51 60 1
v -45 60 1
v -41 60 1
v -40 60 1
v -39 60 1
v -37 60 1
v -58 60 -0
v -56 60 -0
v -51 60 -0
v -45 60 -0
v -41 60 -0
v -40 60 -0
v -57 60 -1
v -56 60 -1
v -57 60 -2
v -56 60 -2
v -58 60 -3
v -56 60 -3
v -51 60 -3
v -45 60 -3
v -41 60 -3
v -40 60 -3
v -56 60 -4
v -51 60 -4
v -45 60 -4
v -41 60 -4
v -40 60 -4
v -39 60 -4
v -37 60 -4
v -51 60 -5
v -45 60 -5
v -39 60 -5
v -37 60 -5
v -34 60 -5
v -37 60 -6
v -34 60 -6
v -53 60 -18
v -52 60 -18
v -49 60 -18
v -47 60 -18
v -44 60 -18
v -43 60 -18
v -53 60 -19
v -52 60 -19
v -49 60 -19
v -47 60 -19
v -44 60 -19
v -43 60 -19
v -55 61 54
v -54 61 54
v -53 61 54
v -52 61 54
v -55 61 25
v -54 61 25
v -53 61 25
v -52 61 25
v -50 61 8
v -49 61 8
v -47 61 8
v -46 61 8
v -38 61 3
v -37 61 3
v -50 61 2
v -49 61 2
v -47 61 2
v -46 61 2
v -41 61 2
v -39 61 2
v -38 61 2
v -37 61 2
v -57 61 1
v -56 61 1
v -41 61 1
v -39 61 1
v -57 61 -0
v -56 61 -0
v -63 61 -1
v -58 61 -1
v -63 61 -2
v -58 61 -2
v -57 61 -3
v -56 61 -3
v -57 61 -4
v -56 61 -4
v -41 61 -4
v -39 61 -4
v -50 61 -5
v -49 61 -5
v -47 61 -5
v -46 61 -5
v -41 61 -5
v -39 61 -5
v -38 61 -5
v -37 61 -5
v -38 61 -6
v -37 61 -6
v -50 61 -11
v -49 61 -11
v -47 61 -11
v -46 61 -11
v -55 61 -28
v -54 61 -28
v -53 61 -28
v -52 61 -28
v -55 61 -57
v -54 61 -57
v -53 61 -57
v -52 61 -57
v -51 62 15
v -50 62 15
v -46 62 15
v -45 62 15
v -51 62 14
v -50 62 14
v -46 62 14
v -45 62 14
v -51 62 -17
v -50 62 -17
v -46 62 -17
v -45 62 -17
v -51 62 -18
v -50 62 -18
v -46 62 -18
v -45 62 -18
v -52 63 16
v -49 63 16
v -47 63 16
v -44 63 16
v -52 63 15
v -49 63 15
v -47 63 15
v -44 63 15
v -55 63 13
v -54 63 13
v -42 63 13
v -41 63 13
v -55 63 11
v -54 63 11
v -42 63 11
v -41 63 11
v -35 63 2
v -34 63 2
v -35 63 1
v -34 63 1
v -35 63 -4
v -34 63 -4
v -35 63 -5
v -34 63 -5
v -55 63 -14
v -54 63 -14
v -42 63 -14
v -41 63 -14
v -55 63 -16
v -54 63 -16
v -42 63 -16
v -41 63 -16
v -52 63 -18
v -49 63 -18
v -47 63 -18
v -44 63 -18
v -52 63 -19
v -49 63 -19
v -47 63 -19
v -44 63 -19
v -50 64 2
v -49 64 2
v -47 64 2
v -46 64 2
v -50 64 1
v -49 64 1
v -47 64 1
v -46 64 1
v -35 64 1
v -34 64 1
v -35 64 -0
v -34 64 -0
v -35 64 -3
v -34 64 -3
v -50 64 -4
v -49 64 -4
v -47 64 -4
v -46 64 -4
v -35 64 -4
v -34 64 -4
v -50 64 -5
v -49 64 -5
v -47 64 -5
v -46 64 -5
v -55 65 10
v -54 65 10
v -42 65 10
v -41 65 10
v -55 65 9
v -54 65 9
v -51 65 9
v -45 65 9
v -42 65 9
v -41 65 9
v -54 65 8
v -51 65 8
v -45 65 8
v -42 65 8
v -51 65 7
v -45 65 7
v -50 65 3
v -49 65 3
v -47 65 3
v -46 65 3
v -50 65 2
v -49 65 2
v -47 65 2
v -46 65 2
v -35 65 -0
v -34 65 -0
v -35 65 -3
v -34 65 -3
v -50 65 -5
v -49 65 -5
v -47 65 -5
v -46 65 -5
v -50 65 -6
v -49 65 -6
v -47 65 -6
v -46 65 -6
v -51 65 -10
v -45 65 -10
v -54 65 -11
v -51 65 -11
v -45 65 -11
v -42 65 -11
v -55 65 -12
v -54 65 -12
v -51 65 -12
v -45 65 -12
v -42 65 -12
v -41 65 -12
v -55 65 -13
v -54 65 -13
v -42 65 -13
v -41 65 -13
v -55 66 23
v -54 66 23
v -53 66 23
v -52 66 23
v -55 66 22
v -54 66 22
v -53 66 22
v -52 66 22
v -54 66 20
v -53 66 20
v -54 66 19
v -53 66 19
v -50 66 4
v -49 66 4
v -47 66 4
v -46 66 4
v -50 66 3
v -49 66 3
v -47 66 3
v -46 66 3
v -50 66 -6
v -49 66 -6
v -47 66 -6
v -46 66 -6
v -50 66 -7
v -49 66 -7
v -47 66 -7
v -46 66 -7
v -54 66 -22
v -53 66 -22
v -54 66 -23
v -53 66 -23
v -55 66 -25
v -54 66 -25
v -53 66 -25
v -52 66 -25
v -55 66 -26
v -54 66 -26
v -53 66 -26
v -52 66 -26
v -52 67 16
v -51 67 16
v -45 67 16
v -44 67 16
v -52 67 14
v -51 67 14
v -45 67 14
v -44 67 14
v -55 67 9
v -54 67 9
v -42 67 9
v -41 67 9
v -55 67 8
v -54 67 8
v -51 67 8
v -45 67 8
v -42 67 8
v -41 67 8
v -54 67 7
v -51 67 7
v -45 67 7
v -42 67 7
v -51 67 6
v -45 67 6
v -50 67 5
v -49 67 5
v -47 67 5
v -46 67 5
v -50 67 4
v -49 67 4
v -47 67 4
v -46 67 4
v -50 67 -7
v -49 67 -7
v -47 67 -7
v -46 67 -7
v -50 67 -8
v -49 67 -8
v -47 67 -8
v -46 67 -8
v -51 67 -9
v -45 67 -9
v -54 67 -10
v -51 67 -10
v -45 67 -10
v -42 67 -10
v -55 67 -11
v -54 67 -11
v -51 67 -11
v -45 67 -11
v -42 67 -11
v -41 67 -11
v -55 67 -12
v -54 67 -12
v -42 67 -12
v -41 67 -12
v -52 67 -17
v -51 67 -17
v -45 67 -17
v -44 67 -17
v -52 67 -19
v -51 67 -19
v -45 67 -19
v -44 67 -19
v -52 68 18
v -51 68 18
v -45 68 18
v -44 68 18
v -52 68 16
v -51 68 16
v -45 68 16
v -44 68 16
v -55 68 8
v -54 68 8
v -42 68 8
v -41 68 8
v -55 68 7
v -54 68 7
v -51 68 7
v -45 68 7
v -42 68 7
v -41 68 7
v -54 68 6
v -51 68 6
v -45 68 6
v -42 68 6
v -51 68 5
v -50 68 5
v -49 68 5
v -47 68 5
v -46 68 5
v -45 68 5
v -51 68 -8
v -50 68 -8
v -49 68 -8
v -47 68 -8
v -46 68 -8
v -45 68 -8
v -54 68 -9
v -51 68 -9
v -45 68 -9
v -42 68 -9
v -55 68 -10
v -54 68 -10
v -51 68 -10
v -45 68 -10
v -42 68 -10
v -41 68 -10
v -55 68 -11
v -54 68 -11
v -42 68 -11
v -41 68 -11
v -52 68 -19
v -51 68 -19
v -45 68 -19
v -44 68 -19
v -52 68 -21
v -51 68 -21
v -45 68 -21
v -44 68 -21
v -55 69 54
v -54 69 54
v -53 69 54
v -52 69 54
v -55 69 53
v -54 69 53
v -53 69 53
v -52 69 53
v -52 69 20
v -51 69 20
v -45 69 20
v -44 69 20
v -52 69 18
v -51 69 18
v -45 69 18
v -44 69 18
v -55 69 7
v -54 69 7
v -42 69 7
v -41 69 7
v -55 69 6
v -54 69 6
v -51 69 6
v -45 69 6
v -42 69 6
v -41 69 6
v -54 69 5
v -51 69 5
v -45 69 5
v -42 69 5
v -51 69 4
v -45 69 4
v -51 69 -7
v -45 69 -7
v -54 69 -8
v -51 69 -8
v -45 69 -8
v -42 69 -8
v -55 69 -9
v -54 69 -9
v -51 69 -9
v -45 69 -9
v -42 69 -9
v -41 69 -9
v -55 69 -10
v -54 69 -10
v -42 69 -10
v -41 69 -10
v -52 69 -21
v -51 69 -21
v -45 69 -21
v -44 69 -21
v -52 69 -23
v -51 69 -23
v -45 69 -23
v -44 69 -23
v -55 69 -56
v -54 69 -56
v -53 69 -56
v -52 69 -56
v -55 69 -57
v -54 69 -57
v -53 69 -57
v -52 69 -57
v -55 70 22
v -54 70 22
v -53 70 22
v -52 70 22
v -44 70 22
v -55 70 21
v -54 70 21
v -53 70 21
v -52 70 21
v -51 70 21
v -45 70 21
v -52 70 20
v -51 70 20
v -45 70 20
v -44 70 20
v -54 70 19
v -53 70 19
v -54 70 18
v -53 70 18
v -55 70 6
v -54 70 6
v -42 70 6
v -41 70 6
v -55 70 5
v -54 70 5
v -51 70 5
v -45 70 5
v -42 70 5
v -41 70 5
v -54 70 4
v -51 70 4
v -45 70 4
v -42 70 4
v -51 70 2
v -45 70 2
v -51 70 -5
v -45 70 -5
v -54 70 -7
v -51 70 -7
v -45 70 -7
v -42 70 -7
v -55 70 -8
v -54 70 -8
v -51 70 -8
v -45 70 -8
v -42 70 -8
v -41 70 -8
v -55 70 -9
v -54 70 -9
v -42 70 -9
v -41 70 -9
v -54 70 -21
v -53 70 -21
v -54 70 -22
v -53 70 -22
v -52 70 -23
v -51 70 -23
v -45 70 -23
v -44 70 -23
v -55 70 -24
v -54 70 -24
v -53 70 -24
v -52 70 -24
v -51 70 -24
v -45 70 -24
v -55 70 -25
v -54 70 -25
v -53 70 -25
v -52 70 -25
v -44 70 -25
v -55 71 26
v -54 71 26
v -53 71 26
v -52 71 26
v -55 71 24
v -54 71 24
v -53 71 24
v -52 71 24
v -53 71 13
v -52 71 13
v -50 71 13
v -49 71 13
v -47 71 13
v -46 71 13
v -44 71 13
v -43 71 13
v -53 71 12
v -52 71 12
v -50 71 12
v -49 71 12
v -47 71 12
v -46 71 12
v -44 71 12
v -43 71 12
v -55 71 10
v -54 71 10
v -42 71 10
v -41 71 10
v -55 71 9
v -54 71 9
v -42 71 9
v -41 71 9
v -55 71 5
v -54 71 5
v -42 71 5
v -41 71 5
v -55 71 4
v -54 71 4
v -51 71 4
v -45 71 4
v -42 71 4
v -41 71 4
v -54 71 2
v -51 71 2
v -45 71 2
v -42 71 2
v -50 71 -1
v -49 71 -1
v -47 71 -1
v -46 71 -1
v -50 71 -2
v -49 71 -2
v -47 71 -2
v -46 71 -2
v -54 71 -5
v -51 71 -5
v -45 71 -5
v -42 71 -5
v -55 71 -7
v -54 71 -7
v -51 71 -7
v -45 71 -7
v -42 71 -7
v -41 71 -7
v -55 71 -8
v -54 71 -8
v -42 71 -8
v -41 71 -8
v -55 71 -12
v -54 71 -12
v -42 71 -12
v -41 71 -12
v -55 71 -13
v -54 71 -13
v -42 71 -13
v -41 71 -13
v -53 71 -15
v -52 71 -15
v -50 71 -15
v -49 71 -15
v -47 71 -15
v -46 71 -15
v -44 71 -15
v -43 71 -15
v -53 71 -16
v -52 71 -16
v -50 71 -16
v -49 71 -16
v -47 71 -16
v -46 71 -16
v -44 71 -16
v -43 71 -16
v -55 71 -27
v -54 71 -27
v -53 71 -27
v -52 71 -27
v -55 71 -29
v -54 71 -29
v -53 71 -29
v -52 71 -29
v -55 72 28
v -54 72 28
v -53 72 28
v -52 72 28
v -55 72 26
v -54 72 26
v -53 72 26
v -52 72 26
v -55 72 21
v -54 72 21
v -53 72 21
v -52 72 21
v -55 72 20
v -54 72 20
v -53 72 20
v -52 72 20
v -54 72 18
v -53 72 18
v -54 72 17
v -53 72 17
v -55 72 9
v -54 72 9
v -42 72 9
v -41 72 9
v -55 72 8
v -54 72 8
v -42 72 8
v -41 72 8
v -55 72 7
v -54 72 7
v -42 72 7
v -41 72 7
v -55 72 6
v -54 72 6
v -42 72 6
v -41 72 6
v -55 72 4
v -54 72 4
v -42 72 4
v -41 72 4
v -55 72 2
v -54 72 2
v -51 72 2
v -45 72 2
v -42 72 2
v -41 72 2
v -55 72 -5
v -54 72 -5
v -51 72 -5
v -45 72 -5
v -42 72 -5
v -41 72 -5
v -55 72 -7
v -54 72 -7
v -42 72 -7
v -41 72 -7
v -55 72 -9
v -54 72 -9
v -42 72 -9
v -41 72 -9
v -55 72 -10
v -54 72 -10
v -42 72 -10
v -41 72 -10
v -55 72 -11
v -54 72 -11
v -42 72 -11
v -41 72 -11
v -55 72 -12
v -54 72 -12
v -42 72 -12
v -41 72 -12
v -54 72 -20
v -53 72 -20
v -54 72 -21
v -53 72 -21
v -55 72 -23
v -54 72 -23
v -53 72 -23
v -52 72 -23
v -55 72 -24
v -54 72 -24
v -53 72 -24
v -52 72 -24
v -55 72 -29
v -54 72 -29
v -53 72 -29
v -52 72 -29
v -55 72 -31
v -54 72 -31
v -53 72 -31
v -52 72 -31
v -55 73 30
v -54 73 30
v -53 73 30
v -52 73 30
v -55 73 28
v -54 73 28
v -53 73 28
v -52 73 28
v -55 73 8
v -54 73 8
v -42 73 8
v -41 73 8
v -55 73 7
v -54 73 7
v -42 73 7
v -41 73 7
v -55 73 2
v -54 73 2
v -42 73 2
v -41 73 2
v -55 73 -5
v -54 73 -5
v -42 73 -5
v -41 73 -5
v -55 73 -10
v -54 73 -10
v -42 73 -10
v -41 73 -10
v -55 73 -11
v -54 73 -11
v -42 73 -11
v -41 73 -11
v -55 73 -31
v -54 73 -31
v -53 73 -31
v -52 73 -31
v -55 73 -33
v -54 73 -33
v -53 73 -33
v -52 73 -33
v -55 74 53
v -54 74 53
v -53 74 53
v -52 74 53
v -55 74 52
v -54 74 52
v -53 74 52
v -52 74 52
v -55 74 32
v -54 74 32
v -53 74 32
v -52 74 32
v -55 74 30
v -54 74 30
v -53 74 30
v -52 74 30
v -55 74 20
v -54 74 20
v -53 74 20
v -52 74 20
v -55 74 19
v -54 74 19
v -53 74 19
v -52 74 19
v -54 74 17
v -53 74 17
v -54 74 16
v -53 74 16
v -54 74 -19
v -53 74 -19
v -54 74 -20
v -53 74 -20
v -55 74 -22
v -54 74 -22
v -53 74 -22
v -52 74 -22
v -55 74 -23
v -54 74 -23
v -53 74 -23
v -52 74 -23
v -55 74 -33
v -54 74 -33
v -53 74 -33
v -52 74 -33
v -55 74 -35
v -54 74 -35
v -53 74 -35
v -52 74 -35
v -55 74 -55
v -54 74 -55
v -53 74 -55
v -52 74 -55
v -55 74 -56
v -54 74 -56
v -53 74 -56
v -52 74 -56
v -55 75 34
v -54 75 34
v -53 75 34
v -52 75 34
v -55 75 32
v -54 75 32
v -53 75 32
v -52 75 32
v -54 75 16
v -53 75 16
v -54 75 15
v -53 75 15
v -54 75 -18
v -53 75 -18
v -54 75 -19
v -53 75 -19
v -55 75 -35
v -54 75 -35
v -53 75 -35
v -52 75 -35
v -55 75 -37
v -54 75 -37
v -53 75 -37
v -52 75 -37
v -55 76 36
v -54 76 36
v -53 76 36
v -52 76 36
v -55 76 34
v -54 76 34
v -53 76 34
v -52 76 34
v -55 76 19
v -54 76 19
v -53 76 19
v -52 76 19
v -55 76 18
v -54 76 18
v -53 76 18
v -52 76 18
v -54 76 15
v -53 76 15
v -54 76 14
v -53 76 14
v -55 76 -0
v -54 76 -0
v -42 76 -0
v -41 76 -0
v -55 76 -3
v -54 76 -3
v -42 76 -3
v -41 76 -3
v -54 76 -17
v -53 76 -17
v -54 76 -18
v -53 76 -18
v -55 76 -21
v -54 76 -21
v -53 76 -21
v -52 76 -21
v -55 76 -22
v -54 76 -22
v -53 76 -22
v -52 76 -22
v -55 76 -37
v -54 76 -37
v -53 76 -37
v -52 76 -37
v -55 76 -39
v -54 76 -39
v -53 76 -39
v -52 76 -39
v -55 77 38
v -54 77 38
v -53 77 38
v -52 77 38
v -55 77 36
v -54 77 36
v -53 77 36
v -52 77 36
v -55 77 18
v -54 77 18
v -53 77 18
v -52 77 18
v -55 77 17
v -54 77 17
v -53 77 17
v -52 77 17
v -54 77 14
v -53 77 14
v -54 77 13
v -53 77 13
v -54 77 -16
v -53 77 -16
v -54 77 -17
v -53 77 -17
v -55 77 -20
v -54 77 -20
v -53 77 -20
v -52 77 -20
v -55 77 -21
v -54 77 -21
v -53 77 -21
v -52 77 -21
v -55 77 -39
v -54 77 -39
v -53 77 -39
v -52 77 -39
v -55 77 -41
v -54 77 -41
v -53 77 -41
v -52 77 -41
v -55 78 52
v -54 78 52
v -53 78 52
v -52 78 52
v -55 78 51
v -54 78 51
v -53 78 51
v -52 78 51
v -55 78 40
v -54 78 40
v -53 78 40
v -52 78 40
v -55 78 38
v -54 78 38
v -53 78 38
v -52 78 38
v -55 78 17
v -54 78 17
v -53 78 17
v -52 78 17
v -55 78 16
v -54 78 16
v -53 78 16
v -52 78 16
v -54 78 13
v -53 78 13
v -54 78 12
v -53 78 12
v -54 78 -15
v -53 78 -15
v -54 78 -16
v -53 78 -16
v -55 78 -19
v -54 78 -19
v -53 78 -19
v -52 78 -19
v -55 78 -20
v -54 78 -20
v -53 78 -20
v -52 78 -20
v -55 78 -41
v -54 78 -41
v -53 78 -41
v -52 78 -41
v -55 78 -43
v -54 78 -43
v -53 78 -43
v -52 78 -43
v -55 78 -54
v -54 78 -54
v -53 78 -54
v -52 78 -54
v -55 78 -55
v -54 78 -55
v -53 78 -55
v -52 78 -55
v -55 79 42
v -54 79 42
v -53 79 42
v -52 79 42
v -55 79 40
v -54 79 40
v -53 79 40
v -52 79 40
v -55 79 16
v -54 79 16
v -53 79 16
v -52 79 16
v -55 79 15
v -54 79 15
v -53 79 15
v -52 79 15
v -54 79 12
v -53 79 12
v -54 79 11
v -53 79 11
v -52 79 6
v -51 79 6
v -45 79 6
v -44 79 6
v -52 79 5
v -51 79 5
v -45 79 5
v -44 79 5
v -52 79 -8
v -51 79 -8
v -45 79 -8
v -44 79 -8
v -52 79 -9
v -51 79 -9
v -45 79 -9
v -44 79 -9
v -54 79 -14
v -53 79 -14
v -54 79 -15
v -53 79 -15
v -55 79 -18
v -54 79 -18
v -53 79 -18
v -52 79 -18
v -55 79 -19
v -54 79 -19
v -53 79 -19
v -52 79 -19
v -55 79 -43
v -54 79 -43
v -53 79 -43
v -52 79 -43
v -55 79 -45
v -54 79 -45
v -53 79 -45
v -52 79 -45
v -55 80 44
v -54 80 44
v -53 80 44
v -52 80 44
v -55 80 42
v -54 80 42
v -53 80 42
v -52 80 42
v -55 80 15
v -54 80 15
v -53 80 15
v -52 80 15
v -55 80 14
v -54 80 14
v -53 80 14
v -52 80 14
v -54 80 11
v -53 80 11
v -54 80 9
v -53 80 9
v -54 80 -12
v -53 80 -12
v -54 80 -14
v -53 80 -14
v -55 80 -17
v -54 80 -17
v -53 80 -17
v -52 80 -17
v -55 80 -18
v -54 80 -18
v -53 80 -18
v -52 80 -18
v -55 80 -45
v -54 80 -45
v -53 80 -45
v -52 80 -45
v -55 80 -47
v -54 80 -47
v -53 80 -47
v -52 80 -47
v -55 81 51
v -54 81 51
v -53 81 51
v -52 81 51
v -55 81 50
v -54 81 50
v -53 81 50
v -52 81 50
v -55 81 46
v -54 81 46
v -53 81 46
v -52 81 46
v -55 81 44
v -54 81 44
v -53 81 44
v -52 81 44
v -55 81 19
v -54 81 19
v -53 81 19
v -52 81 19
v -55 81 18
v -54 81 18
v -53 81 18
v -52 81 18
v -55 81 14
v -54 81 14
v -53 81 14
v -52 81 14
v -55 81 13
v -54 81 13
v -53 81 13
v -52 81 13
v -54 81 9
v -53 81 9
v -54 81 7
v -53 81 7
v -52 81 7
v -51 81 7
v -45 81 7
v -44 81 7
v -52 81 6
v -51 81 6
v -45 81 6
v -44 81 6
v -52 81 -9
v -51 81 -9
v -45 81 -9
v -44 81 -9
v -54 81 -10
v -53 81 -10
v -52 81 -10
v -51 81 -10
v -45 81 -10
v -44 81 -10
v -54 81 -12
v -53 81 -12
v -55 81 -16
v -54 81 -16
v -53 81 -16
v -52 81 -16
v -55 81 -17
v -54 81 -17
v -53 81 -17
v -52 81 -17
v -55 81 -21
v -54 81 -21
v -53 81 -21
v -52 81 -21
v -55 81 -22
v -54 81 -22
v -53 81 -22
v -52 81 -22
v -55 81 -47
v -54 81 -47
v -53 81 -47
v -52 81 -47
v -55 81 -49
v -54 81 -49
v -53 81 -49
v -52 81 -49
v -55 81 -53
v -54 81 -53
v -53 81 -53
v -52 81 -53
v -55 81 -54
v -54 81 -54
v -53 81 -54
v -52 81 -54
v -55 82 48
v -54 82 48
v -53 82 48
v -52 82 48
v -55 82 46
v -54 82 46
v -53 82 46
v -52 82 46
v -55 82 20
v -54 82 20
v -53 82 20
v -52 82 20
v -55 82 19
v -54 82 19
v -53 82 19
v -52 82 19
v -55 82 13
v -54 82 13
v -53 82 13
v -52 82 13
v -55 82 11
v -54 82 11
v -53 82 11
v -52 82 11
v -54 82 7
v -53 82 7
v -54 82 3
v -53 82 3
v -54 82 -6
v -53 82 -6
v -54 82 -10
v -53 82 -10
v -55 82 -14
v -54 82 -14
v -53 82 -14
v -52 82 -14
v -55 82 -16
v -54 82 -16
v -53 82 -16
v -52 82 -16
v -55 82 -22
v -54 82 -22
v -53 82 -22
v -52 82 -22
v -55 82 -23
v -54 82 -23
v -53 82 -23
v -52 82 -23
v -55 82 -49
v -54 82 -49
v -53 82 -49
v -52 82 -49
v -55 82 -51
v -54 82 -51
v -53 82 -51
v -52 82 -51
v -55 83 50
v -54 83 50
v -53 83 50
v -52 83 50
v -55 83 48
v -54 83 48
v -53 83 48
v -52 83 48
v -55 83 21
v -54 83 21
v -53 83 21
v -52 83 21
v -55 83 20
v -54 83 20
v -53 83 20
v -52 83 20
v -55 83 11
v -54 83 11
v -53 83 11
v -52 83 11
v -55 83 9
v -54 83 9
v -53 83 9
v -52 83 9
v -52 83 8
v -51 83 8
v -45 83 8
v -44 83 8
v -52 83 7
v -51 83 7
v -45 83 7
v -44 83 7
v -54 83 3
v -53 83 3
v -54 83 -6
v -53 83 -6
v -52 83 -10
v -51 83 -10
v -45 83 -10
v -44 83 -10
v -52 83 -11
v -51 83 -11
v -45 83 -11
v -44 83 -11
v -55 83 -12
v -54 83 -12
v -53 83 -12
v -52 83 -12
v -55 83 -14
v -54 83 -14
v -53 83 -14
v -52 83 -14
v -55 83 -23
v -54 83 -23
v -53 83 -23
v -52 83 -23
v -55 83 -24
v -54 83 -24
v -53 83 -24
v -52 83 -24
v -55 83 -51
v -54 83 -51
v -53 83 -51
v -52 83 -51
v -55 83 -53
v -54 83 -53
v -53 83 -53
v -52 83 -53
v -55 84 22
v -54 84 22
v -53 84 22
v -52 84 22
v -55 84 21
v -54 84 21
v -53 84 21
v -52 84 21
v -55 84 9
v -54 84 9
v -53 84 9
v -52 84 9
v -52 84 8
v -51 84 8
v -45 84 8
v -55 84 7
v -54 84 7
v -53 84 7
v -52 84 7
v -51 84 7
v -45 84 7
v -55 84 -10
v -54 84 -10
v -53 84 -10
v -52 84 -10
v -51 84 -10
v -45 84 -10
v -52 84 -11
v -51 84 -11
v -45 84 -11
v -55 84 -12
v -54 84 -12
v -53 84 -12
v -52 84 -12
v -55 84 -24
v -54 84 -24
v -53 84 -24
v -52 84 -24
v -55 84 -25
v -54 84 -25
v -53 84 -25
v -52 84 -25
v -55 85 23
v -54 85 23
v -53 85 23
v -52 85 23
v -55 85 22
v -54 85 22
v -53 85 22
v -52 85 22
v -55 85 7
v -54 85 7
v -53 85 7
v -52 85 7
v -55 85 3
v -54 85 3
v -53 85 3
v -52 85 3
v -55 85 -6
v -54 85 -6
v -53 85 -6
v -52 85 -6
v -55 85 -10
v -54 85 -10
v -53 85 -10
v -52 85 -10
v -55 85 -25
v -54 85 -25
v -53 85 -25
v -52 85 -25
v -55 85 -26
v -54 85 -26
v -53 85 -26
v -52 85 -26
v -55 86 49
v -54 86 49
v -53 86 49
v -52 86 49
v -55 86 48
v -54 86 48
v -53 86 48
v -52 86 48
v -55 86 24
v -54 86 24
v -53 86 24
v -52 86 24
v -55 86 23
v -54 86 23
v -53 86 23
v -52 86 23
v -55 86 3
v -54 86 3
v -53 86 3
v -52 86 3
v -55 86 -6
v -54 86 -6
v -53 86 -6
v -52 86 -6
v -55 86 -26
v -54 86 -26
v -53 86 -26
v -52 86 -26
v -55 86 -27
v -54 86 -27
v -53 86 -27
v -52 86 -27
v -55 86 -51
v -54 86 -51
v -53 86 -51
v -52 86 -51
v -55 86 -52
v -54 86 -52
v -53 86 -52
v -52 86 -52
v -55 87 25
v -54 87 25
v -53 87 25
v -52 87 25
v -55 87 24
v -54 87 24
v -53 87 24
v -52 87 24
v -55 87 9
v -54 87 9
v -53 87 9
v -52 87 9
v -55 87 8
v -54 87 8
v -53 87 8
v -52 87 8
v -55 87 -11
v -54 87 -11
v -53 87 -11
v -52 87 -11
v -55 87 -12
v -54 87 -12
v -53 87 -12
v -52 87 -12
v -55 87 -27
v -54 87 -27
v -53 87 -27
v -52 87 -27
v -55 87 -28
v -54 87 -28
v -53 87 -28
v -52 87 -28
v -55 88 48
v -54 88 48
v -53 88 48
v -52 88 48
v -55 88 47
v -54 88 47
v -53 88 47
v -52 88 47
v -55 88 26
v -54 88 26
v -53 88 26
v -52 88 26
v -55 88 25
v -54 88 25
v -53 88 25
v -52 88 25
v -55 88 -28
v -54 88 -28
v -53 88 -28
v -52 88 -28
v -55 88 -29
v -54 88 -29
v -53 88 -29
v -52 88 -29
v -55 88 -50
v -54 88 -50
v -53 88 -50
v -52 88 -50
v -55 88 -51
v -54 88 -51
v -53 88 -51
v -52 88 -51
v -55 89 47
v -54 89 47
v -53 89 47
v -52 89 47
v -55 89 46
v -54 89 46
v -53 89 46
v -52 89 46
v -55 89 27
v -54 89 27
v -53 89 27
v -52 89 27
v -55 89 26
v -54 89 26
v -53 89 26
v -52 89 26
v -55 89 10
v -54 89 10
v -53 89 10
v -52 89 10
v -55 89 9
v -54 89 9
v -53 89 9
v -52 89 9
v -55 89 -12
v -54 89 -12
v -53 89 -12
v -52 89 -12
v -55 89 -13
v -54 89 -13
v -53 89 -13
v -52 89 -13
v -55 89 -29
v -54 89 -29
v -53 89 -29
v -52 89 -29
v -55 89 -30
v -54 89 -30
v -53 89 -30
v -52 89 -30
v -55 89 -49
v -54 89 -49
v -53 89 -49
v -52 89 -49
v -55 89 -50
v -54 89 -50
v -53 89 -50
v -52 89 -50
v -55 90 28
v -54 90 28
v -53 90 28
v -52 90 28
v -55 90 27
v -54 90 27
v -53 90 27
v -52 90 27
v -55 90 -30
v -54 90 -30
v -53 90 -30
v -52 90 -30
v -55 90 -31
v -54 90 -31
v -53 90 -31
v -52 90 -31
v -55 91 46
v -54 91 46
v -53 91 46
v -52 91 46
v -55 91 45
v -54 91 45
v -53 91 45
v -52 91 45
v -55 91 29
v -54 91 29
v -53 91 29
v -52 91 29
v -55 91 28
v -54 91 28
v -53 91 28
v -52 91 28
v -55 91 11
v -54 91 11
v -53 91 11
v -52 91 11
v -55 91 10
v -54 91 10
v -53 91 10
v -52 91 10
v -55 91 -13
v -54 91 -13
v -53 91 -13
v -52 91 -13
v -55 91 -14
v -54 91 -14
v -53 91 -14
v -52 91 -14
v -55 91 -31
v -54 91 -31
v -53 91 -31
v -52 91 -31
v -55 91 -32
v -54 91 -32
v -53 91 -32
v -52 91 -32
v -55 91 -48
v -54 91 -48
v -53 91 -48
v -52 91 -48
v -55 91 -49
v -54 91 -49
v -53 91 -49
v -52 91 -49
v -55 92 30
v -54 92 30
v -53 92 30
v -52 92 30
v -55 92 29
v -54 92 29
v -53 92 29
v -52 92 29
v -55 92 -32
v -54 92 -32
v -53 92 -32
v -52 92 -32
v -55 92 -33
v -54 92 -33
v -53 92 -33
v -52 92 -33
v -55 93 45
v -54 93 45
v -53 93 45
v -52 93 45
v -55 93 44
v -54 93 44
v -53 93 44
v -52 93 44
v -55 93 31
v -54 93 31
v -53 93 31
v -52 93 31
v -55 93 30
v -54 93 30
v -53 93 30
v -52 93 30
v -55 93 12
v -54 93 12
v -53 93 12
v -52 93 12
v -55 93 11
v -54 93 11
v -53 93 11
v -52 93 11
v -55 93 -14
v -54 93 -14
v -53 93 -14
v -52 93 -14
v -55 93 -15
v -54 93 -15
v -53 93 -15
v -52 93 -15
v -55 93 -33
v -54 93 -33
v -53 93 -33
v -52 93 -33
v -55 93 -34
v -54 93 -34
v -53 93 -34
v -52 93 -34
v -55 93 -47
v -54 93 -47
v -53 93 -47
v -52 93 -47
v -55 93 -48
v -54 93 -48
v -53 93 -48
v -52 93 -48
v -55 94 44
v -54 94 44
v -53 94 44
v -52 94 44
v -55 94 43
v -54 94 43
v -53 94 43
v -52 94 43
v -55 94 32
v -54 94 32
v -53 94 32
v -52 94 32
v -55 94 31
v -54 94 31
v -53 94 31
v -52 94 31
v -55 94 -34
v -54 94 -34
v -53 94 -34
v -52 94 -34
v -55 94 -35
v -54 94 -35
v -53 94 -35
v -52 94 -35
v -55 94 -46
v -54 94 -46
v -53 94 -46
v -52 94 -46
v -55 94 -47
v -54 94 -47
v -53 94 -47
v -52 94 -47
v -55 95 43
v -54 95 43
v -53 95 43
v -52 95 43
v -55 95 42
v -54 95 42
v -53 95 42
v -52 95 42
v -55 95 33
v -54 95 33
v -53 95 33
v -52 95 33
v -55 95 32
v -54 95 32
v -53 95 32
v -52 95 32
v -55 95 13
v -54 95 13
v -53 95 13
v -52 95 13
v -55 95 12
v -54 95 12
v -53 95 12
v -52 95 12
v -55 95 -15
v -54 95 -15
v -53 95 -15
v -52 95 -15
v -55 95 -16
v -54 95 -16
v -53 95 -16
v -52 95 -16
v -55 95 -35
v -54 95 -35
v -53 95 -35
v -52 95 -35
v -55 95 -36
v -54 95 -36
v -53 95 -36
v -52 95 -36
v -55 95 -45
v -54 95 -45
v -53 95 -45
v -52 95 -45
v -55 95 -46
v -54 95 -46
v -53 95 -46
v -52 95 -46
v -55 96 34
v -54 96 34
v -53 96 34
v -52 96 34
v -55 96 33
v -54 96 33
v -53 96 33
v -52 96 33
v -55 96 -36
v -54 96 -36
v -53 96 -36
v -52 96 -36
v -55 96 -37
v -54 96 -37
v -53 96 -37
v -52 96 -37
v -55 97 42
v -54 97 42
v -53 97 42
v -52 97 42
v -55 97 41
v -54 97 41
v -53 97 41
v -52 97 41
v -55 97 35
v -54 97 35
v -53 97 35
v -52 97 35
v -55 97 34
v -54 97 34
v -53 97 34
v -52 97 34
v -55 97 14
v -54 97 14
v -53 97 14
v -52 97 14
v -55 97 13
v -54 97 13
v -53 97 13
v -52 97 13
v -55 97 -16
v -54 97 -16
v -53 97 -16
v -52 97 -16
v -55 97 -17
v -54 97 -17
v -53 97 -17
v -52 97 -17
v -55 97 -37
v -54 97 -37
v -53 97 -37
v -52 97 -37
v -55 97 -38
v -54 97 -38
v -53 97 -38
v -52 97 -38
v -55 97 -44
v -54 97 -44
v -53 97 -44
v -52 97 -44
v -55 97 -45
v -54 97 -45
v -53 97 -45
v -52 97 -45
v -55 98 41
v -54 98 41
v -53 98 41
v -52 98 41
v -55 98 40
v -54 98 40
v -53 98 40
v -52 98 40
v -55 98 36
v -54 98 36
v -53 98 36
v -52 98 36
v -55 98 35
v -54 98 35
v -53 98 35
v -52 98 35
v -55 98 -38
v -54 98 -38
v -53 98 -38
v -52 98 -38
v -55 98 -39
v -54 98 -39
v -53 98 -39
v -52 98 -39
v -55 98 -43
v -54 98 -43
v -53 98 -43
v -52 98 -43
v -55 98 -44
v -54 98 -44
v -53 98 -44
v -52 98 -44
v -55 99 40
v -54 99 40
v -53 99 40
v -52 99 40
v -55 99 39
v -54 99 39
v -53 99 39
v -52 99 39
v -55 99 37
v -54 99 37
v -53 99 37
v -52 99 37
v -55 99 36
v -54 99 36
v -53 99 36
v -52 99 36
v -55 99 15
v -54 99 15
v -53 99 15
v -52 99 15
v -55 99 14
v -54 99 14
v -53 99 14
v -52 99 14
v -55 99 -17
v -54 99 -17
v -53 99 -17
v -52 99 -17
v -55 99 -18
v -54 99 -18
v -53 99 -18
v -52 99 -18
v -55 99 -39
v -54 99 -39
v -53 99 -39
v -52 99 -39
v -55 99 -40
v -54 99 -40
v -53 99 -40
v -52 99 -40
v -55 99 -42
v -54 99 -42
v -53 99 -42
v -52 99 -42
v -55 99 -43
v -54 99 -43
v -53 99 -43
v -52 99 -43
v -55 100 39
v -54 100 39
v -53 100 39
v -52 100 39
v -55 100 37
v -54 100 37
v -53 100 37
v -52 100 37
v -55 100 -40
v -54 100 -40
v -53 100 -40
v -52 100 -40
v -55 100 -42
v -54 100 -42
v -53 100 -42
v -52 100 -42
v -55 101 16
v -54 101 16
v -53 101 16
v -52 101 16
v -55 101 15
v -54 101 15
v -53 101 15
v -52 101 15
v -55 101 -18
v -54 101 -18
v -53 101 -18
v -52 101 -18
v -55 101 -19
v -54 101 -19
v -53 101 -19
v -52 101 -19
v -55 102 37
v -54 102 37
v -53 102 37
v -52 102 37
v -55 102 36
v -54 102 36
v -53 102 36
v -52 102 36
v -55 102 -39
v -54 102 -39
v -53 102 -39
v -52 102 -39
v -55 102 -40
v -54 102 -40
v -53 102 -40
v -52 102 -40
v -55 103 36
v -54 103 36
v -53 103 36
v -52 103 36
v -55 103 35
v -54 103 35
v -53 103 35
v -52 103 35
v -55 103 17
v -54 103 17
v -53 103 17
v -52 103 17
v -55 103 16
v -54 103 16
v -53 103 16
v -52 103 16
v -55 103 -19
v -54 103 -19
v -53 103 -19
v -52 103 -19
v -55 103 -20
v -54 103 -20
v -53 103 -20
v -52 103 -20
v -55 103 -38
v -54 103 -38
v -53 103 -38
v -52 103 -38
v -55 103 -39
v -54 103 -39
v -53 103 -39
v -52 103 -39
v -55 104 35
v -54 104 35
v -53 104 35
v -52 104 35
v -55 104 34
v -54 104 34
v -53 104 34
v -52 104 34
v -55 104 -37
v -54 104 -37
v -53 104 -37
v -52 104 -37
v -55 104 -38
v -54 104 -38
v -53 104 -38
v -52 104 -38
v -55 105 34
v -54 105 34
v -53 105 34
v -52 105 34
v -55 105 32
v -54 105 32
v -53 105 32
v -52 105 32
v -55 105 18
v -54 105 18
v -53 105 18
v -52 105 18
v -55 105 17
v -54 105 17
v -53 105 17
v -52 105 17
v -55 105 -20
v -54 105 -20
v -53 105 -20
v -52 105 -20
v -55 105 -21
v -54 105 -21
v -53 105 -21
v -52 105 -21
v -55 105 -35
v -54 105 -35
v -53 105 -35
v -52 105 -35
v -55 105 -37
v -54 105 -37
v -53 105 -37
v -52 105 -37
v -55 106 32
v -54 106 32
v -53 106 32
v -52 106 32
v -55 106 31
v -54 106 31
v -53 106 31
v -52 106 31
v -55 106 -34
v -54 106 -34
v -53 106 -34
v -52 106 -34
v -55 106 -35
v -54 106 -35
v -53 106 -35
v -52 106 -35
v -55 107 31
v -54 107 31
v -53 107 31
v -52 107 31
v -55 107 30
v -54 107 30
v -53 107 30
v -52 107 30
v -55 107 19
v -54 107 19
v -53 107 19
v -52 107 19
v -55 107 18
v -54 107 18
v -53 107 18
v -52 107 18
v -55 107 -21
v -54 107 -21
v -53 107 -21
v -52 107 -21
v -55 107 -22
v -54 107 -22
v -53 107 -22
v -52 107 -22
v -55 107 -33
v -54 107 -33
v -53 107 -33
v -52 107 -33
v -55 107 -34
v -54 107 -34
v -53 107 -34
v -52 107 -34
v -55 108 30
v -54 108 30
v -53 108 30
v -52 108 30
v -55 108 28
v -54 108 28
v -53 108 28
v -52 108 28
v -55 108 -31
v -54 108 -31
v -53 108 -31
v -52 108 -31
v -55 108 -33
v -54 108 -33
v -53 108 -33
v -52 108 -33
v -55 109 28
v -54 109 28
v -53 109 28
v -52 109 28
v -55 109 26
v -54 109 26
v -53 109 26
v -52 109 26
v -55 109 20
v -54 109 20
v -53 109 20
v -52 109 20
v -55 109 19
v -54 109 19
v -53 109 19
v -52 109 19
v -55 109 -22
v -54 109 -22
v -53 109 -22
v -52 109 -22
v -55 109 -23
v -54 109 -23
v -53 109 -23
v -52 109 -23
v -55 109 -29
v -54 109 -29
v -53 109 -29
v -52 109 -29
v -55 109 -31
v -54 109 -31
v -53 109 -31
v -52 109 -31
v -55 110 26
v -54 110 26
v -53 110 26
v -52 110 26
v -55 110 25
v -54 110 25
v -53 110 25
v -52 110 25
v -55 110 -28
v -54 110 -28
v -53 110 -28
v -52 110 -28
v -55 110 -29
v -54 110 -29
v -53 110 -29
v -52 110 -29
v -55 111 25
v -54 111 25
v -53 111 25
v -52 111 25
v -55 111 23
v -54 111 23
v -53 111 23
v -52 111 23
v -55 111 21
v -54 111 21
v -53 111 21
v -52 111 21
v -55 111 20
v -54 111 20
v -53 111 20
v -52 111 20
v -55 111 -23
v -54 111 -23
v -53 111 -23
v -52 111 -23
v -55 111 -24
v -54 111 -24
v -53 111 -24
v -52 111 -24
v -55 111 -26
v -54 111 -26
v -53 111 -26
v -52 111 -26
v -55 111 -28
v -54 111 -28
v -53 111 -28
v -52 111 -28
v -55 112 23
v -54 112 23
v -53 112 23
v -52 112 23
v -55 112 21
v -54 112 21
v -53 112 21
v -52 112 21
v -55 112 -24
v -54 112 -24
v -53 112 -24
v -52 112 -24
v -55 112 -26
v -54 112 -26
v -53 112 -26
v -52 112 -26
v -55 113 20
v -54 113 20
v -53 113 20
v -52 113 20
v -55 113 18
v -54 113 18
v -53 113 18
v -52 113 18
v -55 113 -21
v -54 113 -21
v -53 113 -21
v -52 113 -21
v -55 113 -23
v -54 113 -23
v -53 113 -23
v -52 113 -23
v -55 114 18
v -54 114 18
v -53 114 18
v -52 114 18
v -55 114 15
v -54 114 15
v -53 114 15
v -52 114 15
v -55 114 -18
v -54 114 -18
v -53 114 -18
v -52 114 -18
v -55 114 -21
v -54 114 -21
v -53 114 -21
v -52 114 -21
v -55 115 15
v -54 115 15
v -53 115 15
v -52 115 15
v -55 115 11
v -54 115 11
v -53 115 11
v -52 115 11
v -55 115 -14
v -54 115 -14
v -53 115 -14
v -52 115 -14
v -55 115 -18
v -54 115 -18
v -53 115 -18
v -52 115 -18
v -55 116 11
v -54 116 11
v -53 116 11
v -52 116 11
v -55 116 6
v -54 116 6
v -53 116 6
v -52 116 6
v -55 116 -9
v -54 116 -9
v -53 116 -9
v -52 116 -9
v -55 116 -14
v -54 116 -14
v -53 116 -14
v -52 116 -14
v -55 117 6
v -54 117 6
v -53 117 6
v -52 117 6
v -55 117 -1
v -54 117 -1
v -53 117 -1
v -52 117 -1
v -55 117 -2
v -54 117 -2
v -53 117 -2
v -52 117 -2
v -55 117 -9
v -54 117 -9
v -53 117 -9
v -52 117 -9
v -55 6 6
v -54 6 6
v -53 6 6
v -52 6 6
v -55 6 -1
v -54 6 -1
v -53 6 -1
v -52 6 -1
v -55 6 -2
v -54 6 -2
v -53 6 -2
v -52 6 -2
v -55 6 -9
v -54 6 -9
v -53 6 -9
v -52 6 -9
v -55 7 11
v -54 7 11
v -53 7 11
v -52 7 11
v -55 7 6
v -54 7 6
v -53 7 6
v -52 7 6
v -55 7 -9
v -54 7 -9
v -53 7 -9
v -52 7 -9
v -55 7 -14
v -54 7 -14
v -53 7 -14
v -52 7 -14
v -55 8 15
v -54 8 15
v -53 8 15
v -52 8 15
v -55 8 11
v -54 8 11
v -53 8 11
v -52 8 11
v -55 8 -14
v -54 8 -14
v -53 8 -14
v -52 8 -14
v -55 8 -18
v -54 8 -18
v -53 8 -18
v -52 8 -18
v -55 9 18
v -54 9 18
v -53 9 18
v -52 9 18
v -55 9 15
v -54 9 15
v -53 9 15
v -52 9 15
v -55 9 -18
v -54 9 -18
v -53 9 -18
v -52 9 -18
v -55 9 -21
v -54 9 -21
v -53 9 -21
v -52 9 -21
v -55 10 20
v -54 10 20
v -53 10 20
v -52 10 20
v -55 10 18
v -54 10 18
v -53 10 18
v -52 10 18
v -55 10 -21
v -54 10 -21
v -53 10 -21
v -52 10 -21
v -55 10 -23
v -54 10 -23
v -53 10 -23
v -52 10 -23
v -55 11 23
v -54 11 23
v -53 11 23
v -52 11 23
v -55 11 21
v -54 11 21
v -53 11 21
v -52 11 21
v -55 11 -24
v -54 11 -24
v -53 11 -24
v -52 11 -24
v -55 11 -26
v -54 11 -26
v -53 11 -26
v -52 11 -26
v -55 12 25
v -54 12 25
v -53 12 25
v -52 12 25
v -55 12 23
v -54 12 23
v -53 12 23
v -52 12 23
v -55 12 21
v -54 12 21
v -53 12 21
v -52 12 21
v -55 12 20
v -54 12 20
v -53 12 20
v -52 12 20
v -55 12 -23
v -54 12 -23
v -53 12 -23
v -52 12 -23
v -55 12 -24
v -54 12 -24
v -53 12 -24
v -52 12 -24
v -55 12 -26
v -54 12 -26
v -53 12 -26
v -52 12 -26
v -55 12 -28
v -54 12 -28
v -53 12 -28
v -52 12 -28
v -55 13 26
v -54 13 26
v -53 13 26
v -52 13 26
v -55 13 25
v -54 13 25
v -53 13 25
v -52 13 25
v -55 13 -28
v -54 13 -28
v -53 13 -28
v -52 13 -28
v -55 13 -29
v -54 13 -29
v -53 13 -29
v -52 13 -29
v -55 14 28
v -54 14 28
v -53 14 28
v -52 14 28
v -55 14 26
v -54 14 26
v -53 14 26
v -52 14 26
v -55 14 20
v -54 14 20
v -53 14 20
v -52 14 20
v -55 14 19
v -54 14 19
v -53 14 19
v -52 14 19
v -55 14 -22
v -54 14 -22
v -53 14 -22
v -52 14 -22
v -55 14 -23
v -54 14 -23
v -53 14 -23
v -52 14 -23
v -55 14 -29
v -54 14 -29
v -53 14 -29
v -52 14 -29
v -55 14 -31
v -54 14 -31
v -53 14 -31
v -52 14 -31
v -55 15 30
v -54 15 30
v -53 15 30
v -52 15 30
v -55 15 28
v -54 15 28
v -53 15 28
v -52 15 28
v -55 15 -31
v -54 15 -31
v -53 15 -31
v -52 15 -31
v -55 15 -33
v -54 15 -33
v -53 15 -33
v -52 15 -33
v -55 16 31
v -54 16 31
v -53 16 31
v -52 16 31
v -55 16 30
v -54 16 30
v -53 16 30
v -52 16 30
v -55 16 19
v -54 16 19
v -53 16 19
v -52 16 19
v -55 16 18
v -54 16 18
v -53 16 18
v -52 16 18
v -55 16 -21
v -54 16 -21
v -53 16 -21
v -52 16 -21
v -55 16 -22
v -54 16 -22
v -53 16 -22
v -52 16 -22
v -55 16 -33
v -54 16 -33
v -53 16 -33
v -52 16 -33
v -55 16 -34
v -54 16 -34
v -53 16 -34
v -52 16 -34
v -55 17 32
v -54 17 32
v -53 17 32
v -52 17 32
v -55 17 31
v -54 17 31
v -53 17 31
v -52 17 31
v -55 17 -34
v -54 17 -34
v -53 17 -34
v -52 17 -34
v -55 17 -35
v -54 17 -35
v -53 17 -35
v -52 17 -35
v -55 18 34
v -54 18 34
v -53 18 34
v -52 18 34
v -55 18 32
v -54 18 32
v -53 18 32
v -52 18 32
v -55 18 18
v -54 18 18
v -53 18 18
v -52 18 18
v -55 18 17
v -54 18 17
v -53 18 17
v -52 18 17
v -55 18 -20
v -54 18 -20
v -53 18 -20
v -52 18 -20
v -55 18 -21
v -54 18 -21
v -53 18 -21
v -52 18 -21
v -55 18 -35
v -54 18 -35
v -53 18 -35
v -52 18 -35
v -55 18 -37
v -54 18 -37
v -53 18 -37
v -52 18 -37
v -55 19 35
v -54 19 35
v -53 19 35
v -52 19 35
v -55 19 34
v -54 19 34
v -53 19 34
v -52 19 34
v -55 19 -37
v -54 19 -37
v -53 19 -37
v -52 19 -37
v -55 19 -38
v -54 19 -38
v -53 19 -38
v -52 19 -38
v -55 20 36
v -54 20 36
v -53 20 36
v -52 20 36
v -55 20 35
v -54 20 35
v -53 20 35
v -52 20 35
v -55 20 17
v -54 20 17
v -53 20 17
v -52 20 17
v -55 20 16
v -54 20 16
v -53 20 16
v -52 20 16
v -55 20 -19
v -54 20 -19
v -53 20 -19
v -52 20 -19
v -55 20 -20
v -54 20 -20
v -53 20 -20
v -52 20 -20
v -55 20 -38
v -54 20 -38
v -53 20 -38
v -52 20 -38
v -55 20 -39
v -54 20 -39
v -53 20 -39
v -52 20 -39
v -55 21 37
v -54 21 37
v -53 21 37
v -52 21 37
v -55 21 36
v -54 21 36
v -53 21 36
v -52 21 36
v -55 21 -39
v -54 21 -39
v -53 21 -39
v -52 21 -39
v -55 21 -40
v -54 21 -40
v -53 21 -40
v -52 21 -40
v -55 22 16
v -54 22 16
v -53 22 16
v -52 22 16
v -55 22 15
v -54 22 15
v -53 22 15
v -52 22 15
v -55 22 -18
v -54 22 -18
v -53 22 -18
v -52 22 -18
v -55 22 -19
v -54 22 -19
v -53 22 -19
v -52 22 -19
v -55 23 39
v -54 23 39
v -53 23 39
v -52 23 39
v -55 23 37
v -54 23 37
v -53 23 37
v -52 23 37
v -55 23 -40
v -54 23 -40
v -53 23 -40
v -52 23 -40
v -55 23 -42
v -54 23 -42
v -53 23 -42
v -52 23 -42
v -55 24 40
v -54 24 40
v -53 24 40
v -52 24 40
v -55 24 39
v -54 24 39
v -53 24 39
v -52 24 39
v -55 24 37
v -54 24 37
v -53 24 37
v -52 24 37
v -55 24 36
v -54 24 36
v -53 24 36
v -52 24 36
v -55 24 15
v -54 24 15
v -53 24 15
v -52 24 15
v -55 24 14
v -54 24 14
v -53 24 14
v -52 24 14
v -55 24 -17
v -54 24 -17
v -53 24 -17
v -52 24 -17
v -55 24 -18
v -54 24 -18
v -53 24 -18
v -52 24 -18
v -55 24 -39
v -54 24 -39
v -53 24 -39
v -52 24 -39
v -55 24 -40
v -54 24 -40
v -53 24 -40
v -52 24 -40
v -55 24 -42
v -54 24 -42
v -53 24 -42
v -52 24 -42
v -55 24 -43
v -54 24 -43
v -53 24 -43
v -52 24 -43
v -55 25 41
v -54 25 41
v -53 25 41
v -52 25 41
v -55 25 40
v -54 25 40
v -53 25 40
v -52 25 40
v -55 25 36
v -54 25 36
v -53 25 36
v -52 25 36
v -55 25 35
v -54 25 35
v -53 25 35
v -52 25 35
v -55 25 -38
v -54 25 -38
v -53 25 -38
v -52 25 -38
v -55 25 -39
v -54 25 -39
v -53 25 -39
v -52 25 -39
v -55 25 -43
v -54 25 -43
v -53 25 -43
v -52 25 -43
v -55 25 -44
v -54 25 -44
v -53 25 -44
v -52 25 -44
v -55 26 42
v -54 26 42
v -53 26 42
v -52 26 42
v -55 26 41
v -54 26 41
v -53 26 41
v -52 26 41
v -55 26 35
v -54 26 35
v -53 26 35
v -52 26 35
v -55 26 34
v -54 26 34
v -53 26 34
v -52 26 34
v -55 26 14
v -54 26 14
v -53 26 14
v -52 26 14
v -55 26 13
v -54 26 13
v -53 26 13
v -52 26 13
v -55 26 -16
v -54 26 -16
v -53 26 -16
v -52 26 -16
v -55 26 -17
v -54 26 -17
v -53 26 -17
v -52 26 -17
v -55 26 -37
v -54 26 -37
v -53 26 -37
v -52 26 -37
v -55 26 -38
v -54 26 -38
v -53 26 -38
v -52 26 -38
v -55 26 -44
v -54 26 -44
v -53 26 -44
v -52 26 -44
v -55 26 -45
v -54 26 -45
v -53 26 -45
v -52 26 -45
v -55 27 34
v -54 27 34
v -53 27 34
v -52 27 34
v -55 27 33
v -54 27 33
v -53 27 33
v -52 27 33
v -55 27 -36
v -54 27 -36
v -53 27 -36
v -52 27 -36
v -55 27 -37
v -54 27 -37
v -53 27 -37
v -52 27 -37
v -55 28 43
v -54 28 43
v -53 28 43
v -52 28 43
v -55 28 42
v -54 28 42
v -53 28 42
v -52 28 42
v -55 28 33
v -54 28 33
v -53 28 33
v -52 28 33
v -55 28 32
v -54 28 32
v -53 28 32
v -52 28 32
v -55 28 13
v -54 28 13
v -53 28 13
v -52 28 13
v -55 28 12
v -54 28 12
v -53 28 12
v -52 28 12
v -55 28 -15
v -54 28 -15
v -53 28 -15
v -52 28 -15
v -55 28 -16
v -54 28 -16
v -53 28 -16
v -52 28 -16
v -55 28 -35
v -54 28 -35
v -53 28 -35
v -52 28 -35
v -55 28 -36
v -54 28 -36
v -53 28 -36
v -52 28 -36
v -55 28 -45
v -54 28 -45
v -53 28 -45
v -52 28 -45
v -55 28 -46
v -54 28 -46
v -53 28 -46
v -52 28 -46
v -55 29 44
v -54 29 44
v -53 29 44
v -52 29 44
v -55 29 43
v -54 29 43
v -53 29 43
v -52 29 43
v -55 29 32
v -54 29 32
v -53 29 32
v -52 29 32
v -55 29 31
v -54 29 31
v -53 29 31
v -52 29 31
v -55 29 -34
v -54 29 -34
v -53 29 -34
v -52 29 -34
v -55 29 -35
v -54 29 -35
v -53 29 -35
v -52 29 -35
v -55 29 -46
v -54 29 -46
v -53 29 -46
v -52 29 -46
v -55 29 -47
v -54 29 -47
v -53 29 -47
v -52 29 -47
v -55 30 45
v -54 30 45
v -53 30 45
v -52 30 45
v -55 30 44
v -54 30 44
v -53 30 44
v -52 30 44
v -55 30 31
v -54 30 31
v -53 30 31
v -52 30 31
v -55 30 30
v -54 30 30
v -53 30 30
v -52 30 30
v -55 30 12
v -54 30 12
v -53 30 12
v -52 30 12
v -55 30 11
v -54 30 11
v -53 30 11
v -52 30 11
v -55 30 -14
v -54 30 -14
v -53 30 -14
v -52 30 -14
v -55 30 -15
v -54 30 -15
v -53 30 -15
v -52 30 -15
v -55 30 -33
v -54 30 -33
v -53 30 -33
v -52 30 -33
v -55 30 -34
v -54 30 -34
v -53 30 -34
v -52 30 -34
v -55 30 -47
v -54 30 -47
v -53 30 -47
v -52 30 -47
v -55 30 -48
v -54 30 -48
v -53 30 -48
v -52 30 -48
v -55 31 30
v -54 31 30
v -53 31 30
v -52 31 30
v -55 31 29
v -54 31 29
v -53 31 29
v -52 31 29
v -55 31 -32
v -54 31 -32
v -53 31 -32
v -52 31 -32
v -55 31 -33
v -54 31 -33
v -53 31 -33
v -52 31 -33
v -55 32 46
v -54 32 46
v -53 32 46
v -52 32 46
v -55 32 45
v -54 32 45
v -53 32 45
v -52 32 45
v -55 32 29
v -54 32 29
v -53 32 29
v -52 32 29
v -55 32 28
v -54 32 28
v -53 32 28
v -52 32 28
v -55 32 11
v -54 32 11
v -53 32 11
v -52 32 11
v -55 32 10
v -54 32 10
v -53 32 10
v -52 32 10
v -55 32 -13
v -54 32 -13
v -53 32 -13
v -52 32 -13
v -55 32 -14
v -54 32 -14
v -53 32 -14
v -52 32 -14
v -55 32 -31
v -54 32 -31
v -53 32 -31
v -52 32 -31
v -55 32 -32
v -54 32 -32
v -53 32 -32
v -52 32 -32
v -55 32 -48
v -54 32 -48
v -53 32 -48
v -52 32 -48
v -55 32 -49
v -54 32 -49
v -53 32 -49
v -52 32 -49
v -55 33 28
v -54 33 28
v -53 33 28
v -52 33 28
v -55 33 27
v -54 33 27
v -53 33 27
v -52 33 27
v -55 33 -30
v -54 33 -30
v -53 33 -30
v -52 33 -30
v -55 33 -31
v -54 33 -31
v -53 33 -31
v -52 33 -31
v -55 34 47
v -54 34 47
v -53 34 47
v -52 34 47
v -55 34 46
v -54 34 46
v -53 34 46
v -52 34 46
v -55 34 27
v -54 34 27
v -53 34 27
v -52 34 27
v -55 34 26
v -54 34 26
v -53 34 26
v -52 34 26
v -55 34 10
v -54 34 10
v -53 34 10
v -52 34 10
v -55 34 9
v -54 34 9
v -53 34 9
v -52 34 9
v -55 34 -12
v -54 34 -12
v -53 34 -12
v -52 34 -12
v -55 34 -13
v -54 34 -13
v -53 34 -13
v -52 34 -13
v -55 34 -29
v -54 34 -29
v -53 34 -29
v -52 34 -29
v -55 34 -30
v -54 34 -30
v -53 34 -30
v -52 34 -30
v -55 34 -49
v -54 34 -49
v -53 34 -49
v -52 34 -49
v -55 34 -50
v -54 34 -50
v -53 34 -50
v -52 34 -50
v -55 35 48
v -54 35 48
v -53 35 48
v -52 35 48
v -55 35 47
v -54 35 47
v -53 35 47
v -52 35 47
v -55 35 26
v -54 35 26
v -53 35 26
v -52 35 26
v -55 35 25
v -54 35 25
v -53 35 25
v -52 35 25
v -55 35 -28
v -54 35 -28
v -53 35 -28
v -52 35 -28
v -55 35 -29
v -54 35 -29
v -53 35 -29
v -52 35 -29
v -55 35 -50
v -54 35 -50
v -53 35 -50
v -52 35 -50
v -55 35 -51
v -54 35 -51
v -53 35 -51
v -52 35 -51
v -55 36 25
v -54 36 25
v -53 36 25
v -52 36 25
v -55 36 24
v -54 36 24
v -53 36 24
v -52 36 24
v -55 36 9
v -54 36 9
v -53 36 9
v -52 36 9
v -55 36 8
v -54 36 8
v -53 36 8
v -52 36 8
v -55 36 -11
v -54 36 -11
v -53 36 -11
v -52 36 -11
v -55 36 -12
v -54 36 -12
v -53 36 -12
v -52 36 -12
v -55 36 -27
v -54 36 -27
v -53 36 -27
v -52 36 -27
v -55 36 -28
v -54 36 -28
v -53 36 -28
v -52 36 -28
v -55 37 49
v -54 37 49
v -53 37 49
v -52 37 49
v -55 37 48
v -54 37 48
v -53 37 48
v -52 37 48
v -55 37 24
v -54 37 24
v -53 37 24
v -52 37 24
v -55 37 23
v -54 37 23
v -53 37 23
v -52 37 23
v -55 37 3
v -54 37 3
v -53 37 3
v -52 37 3
v -55 37 -6
v -54 37 -6
v -53 37 -6
v -52 37 -6
v -55 37 -26
v -54 37 -26
v -53 37 -26
v -52 37 -26
v -55 37 -27
v -54 37 -27
v -53 37 -27
v -52 37 -27
v -55 37 -51
v -54 37 -51
v -53 37 -51
v -52 37 -51
v -55 37 -52
v -54 37 -52
v -53 37 -52
v -52 37 -52
v -55 38 23
v -54 38 23
v -53 38 23
v -52 38 23
v -55 38 22
v -54 38 22
v -53 38 22
v -52 38 22
v -55 38 9
v -54 38 9
v -54 38 7
v -53 38 7
v -52 38 7
v -55 38 3
v -54 38 3
v -53 38 3
v -52 38 3
v -55 38 -6
v -54 38 -6
v -53 38 -6
v -52 38 -6
v -54 38 -10
v -53 38 -10
v -52 38 -10
v -55 38 -12
v -54 38 -12
v -55 38 -25
v -54 38 -25
v -53 38 -25
v -52 38 -25
v -55 38 -26
v -54 38 -26
v -53 38 -26
v -52 38 -26
v -55 39 22
v -54 39 22
v -53 39 22
v -52 39 22
v -55 39 21
v -54 39 21
v -53 39 21
v -52 39 21
v -53 39 9
v -52 39 9
v -52 39 8
v -51 39 8
v -45 39 8
v -53 39 7
v -52 39 7
v -51 39 7
v -45 39 7
v -53 39 -10
v -52 39 -10
v -51 39 -10
v -45 39 -10
v -52 39 -11
v -51 39 -11
v -45 39 -11
v -53 39 -12
v -52 39 -12
v -55 39 -24
v -54 39 -24
v -53 39 -24
v -52 39 -24
v -55 39 -25
v -54 39 -25
v -53 39 -25
v -52 39 -25
v -55 40 50
v -54 40 50
v -53 40 50
v -52 40 50
v -55 40 48
v -54 40 48
v -53 40 48
v -52 40 48
v -55 40 21
v -54 40 21
v -53 40 21
v -52 40 21
v -55 40 20
v -54 40 20
v -53 40 20
v -52 40 20
v -55 40 11
v -54 40 11
v -53 40 11
v -52 40 11
v -55 40 9
v -54 40 9
v -53 40 9
v -52 40 9
v -52 40 8
v -51 40 8
v -45 40 8
v -44 40 8
v -52 40 7
v -51 40 7
v -45 40 7
v -44 40 7
v -54 40 3
v -53 40 3
v -54 40 -6
v -53 40 -6
v -52 40 -10
v -51 40 -10
v -45 40 -10
v -44 40 -10
v -52 40 -11
v -51 40 -11
v -45 40 -11
v -44 40 -11
v -55 40 -12
v -54 40 -12
v -53 40 -12
v -52 40 -12
v -55 40 -14
v -54 40 -14
v -53 40 -14
v -52 40 -14
v -55 40 -23
v -54 40 -23
v -53 40 -23
v -52 40 -23
v -55 40 -24
v -54 40 -24
v -53 40 -24
v -52 40 -24
v -55 40 -51
v -54 40 -51
v -53 40 -51
v -52 40 -51
v -55 40 -53
v -54 40 -53
v -53 40 -53
v -52 40 -53
v -55 41 48
v -54 41 48
v -53 41 48
v -52 41 48
v -55 41 46
v -54 41 46
v -53 41 46
v -52 41 46
v -55 41 20
v -54 41 20
v -53 41 20
v -52 41 20
v -55 41 19
v -54 41 19
v -53 41 19
v -52 41 19
v -55 41 13
v -54 41 13
v -53 41 13
v -52 41 13
v -55 41 11
v -54 41 11
v -53 41 11
v -52 41 11
v -54 41 7
v -53 41 7
v -54 41 3
v -53 41 3
v -54 41 -6
v -53 41 -6
v -54 41 -10
v -53 41 -10
v -55 41 -14
v -54 41 -14
v -53 41 -14
v -52 41 -14
v -55 41 -16
v -54 41 -16
v -53 41 -16
v -52 41 -16
v -55 41 -22
v -54 41 -22
v -53 41 -22
v -52 41 -22
v -55 41 -23
v -54 41 -23
v -53 41 -23
v -52 41 -23
v -55 41 -49
v -54 41 -49
v -53 41 -49
v -52 41 -49
v -55 41 -51
v -54 41 -51
v -53 41 -51
v -52 41 -51
v -55 42 51
v -54 42 51
v -53 42 51
v -52 42 51
v -55 42 50
v -54 42 50
v -53 42 50
v -52 42 50
v -55 42 46
v -54 42 46
v -53 42 46
v -52 42 46
v -55 42 44
v -54 42 44
v -53 42 44
v -52 42 44
v -55 42 19
v -54 42 19
v -53 42 19
v -52 42 19
v -55 42 18
v -54 42 18
v -53 42 18
v -52 42 18
v -55 42 14
v -54 42 14
v -53 42 14
v -52 42 14
v -55 42 13
v -54 42 13
v -53 42 13
v -52 42 13
v -54 42 9
v -53 42 9
v -54 42 7
v -53 42 7
v -52 42 7
v -51 42 7
v -45 42 7
v -44 42 7
v -52 42 6
v -51 42 6
v -45 42 6
v -44 42 6
v -52 42 -9
v -51 42 -9
v -45 42 -9
v -44 42 -9
v -54 42 -10
v -53 42 -10
v -52 42 -10
v -51 42 -10
v -45 42 -10
v -44 42 -10
v -54 42 -12
v -53 42 -12
v -55 42 -16
v -54 42 -16
v -53 42 -16
v -52 42 -16
v -55 42 -17
v -54 42 -17
v -53 42 -17
v -52 42 -17
v -55 42 -21
v -54 42 -21
v -53 42 -21
v -52 42 -21
v -55 42 -22
v -54 42 -22
v -53 42 -22
v -52 42 -22
v -55 42 -47
v -54 42 -47
v -53 42 -47
v -52 42 -47
v -55 42 -49
v -54 42 -49
v -53 42 -49
v -52 42 -49
v -55 42 -53
v -54 42 -53
v -53 42 -53
v -52 42 -53
v -55 42 -54
v -54 42 -54
v -53 42 -54
v -52 42 -54
v -55 43 44
v -54 43 44
v -53 43 44
v -52 43 44
v -55 43 42
v -54 43 42
v -53 43 42
v -52 43 42
v -55 43 15
v -54 43 15
v -53 43 15
v -52 43 15
v -55 43 14
v -54 43 14
v -53 43 14
v -52 43 14
v -54 43 11
v -53 43 11
v -54 43 9
v -53 43 9
v -54 43 -12
v -53 43 -12
v -54 43 -14
v -53 43 -14
v -55 43 -17
v -54 43 -17
v -53 43 -17
v -52 43 -17
v -55 43 -18
v -54 43 -18
v -53 43 -18
v -52 43 -18
v -55 43 -45
v -54 43 -45
v -53 43 -45
v -52 43 -45
v -55 43 -47
v -54 43 -47
v -53 43 -47
v -52 43 -47
v -55 44 42
v -54 44 42
v -53 44 42
v -52 44 42
v -55 44 40
v -54 44 40
v -53 44 40
v -52 44 40
v -55 44 16
v -54 44 16
v -53 44 16
v -52 44 16
v -55 44 15
v -54 44 15
v -53 44 15
v -52 44 15
v -54 44 12
v -53 44 12
v -54 44 11
v -53 44 11
v -52 44 6
v -51 44 6
v -45 44 6
v -44 44 6
v -52 44 5
v -51 44 5
v -45 44 5
v -44 44 5
v -52 44 -8
v -51 44 -8
v -45 44 -8
v -44 44 -8
v -52 44 -9
v -51 44 -9
v -45 44 -9
v -44 44 -9
v -54 44 -14
v -53 44 -14
v -54 44 -15
v -53 44 -15
v -55 44 -18
v -54 44 -18
v -53 44 -18
v -52 44 -18
v -55 44 -19
v -54 44 -19
v -53 44 -19
v -52 44 -19
v -55 44 -43
v -54 44 -43
v -53 44 -43
v -52 44 -43
v -55 44 -45
v -54 44 -45
v -53 44 -45
v -52 44 -45
v -55 45 52
v -54 45 52
v -53 45 52
v -52 45 52
v -55 45 51
v -54 45 51
v -53 45 51
v -52 45 51
v -55 45 40
v -54 45 40
v -53 45 40
v -52 45 40
v -55 45 38
v -54 45 38
v -53 45 38
v -52 45 38
v -55 45 17
v -54 45 17
v -53 45 17
v -52 45 17
v -55 45 16
v -54 45 16
v -53 45 16
v -52 45 16
v -54 45 13
v -53 45 13
v -54 45 12
v -53 45 12
v -54 45 -15
v -53 45 -15
v -54 45 -16
v -53 45 -16
v -55 45 -19
v -54 45 -19
v -53 45 -19
v -52 45 -19
v -55 45 -20
v -54 45 -20
v -53 45 -20
v -52 45 -20
v -55 45 -41
v -54 45 -41
v -53 45 -41
v -52 45 -41
v -55 45 -43
v -54 45 -43
v -53 45 -43
v -52 45 -43
v -55 45 -54
v -54 45 -54
v -53 45 -54
v -52 45 -54
v -55 45 -55
v -54 45 -55
v -53 45 -55
v -52 45 -55
v -55 46 38
v -54 46 38
v -53 46 38
v -52 46 38
v -55 46 36
v -54 46 36
v -53 46 36
v -52 46 36
v -55 46 18
v -54 46 18
v -53 46 18
v -52 46 18
v -55 46 17
v -54 46 17
v -53 46 17
v -52 46 17
v -54 46 14
v -53 46 14
v -54 46 13
v -53 46 13
v -54 46 -16
v -53 46 -16
v -54 46 -17
v -53 46 -17
v -55 46 -20
v -54 46 -20
v -53 46 -20
v -52 46 -20
v -55 46 -21
v -54 46 -21
v -53 46 -21
v -52 46 -21
v -55 46 -39
v -54 46 -39
v -53 46 -39
v -52 46 -39
v -55 46 -41
v -54 46 -41
v -53 46 -41
v -52 46 -41
v -55 47 36
v -54 47 36
v -53 47 36
v -52 47 36
v -55 47 34
v -54 47 34
v -53 47 34
v -52 47 34
v -55 47 19
v -54 47 19
v -53 47 19
v -52 47 19
v -55 47 18
v -54 47 18
v -53 47 18
v -52 47 18
v -54 47 15
v -53 47 15
v -54 47 14
v -53 47 14
v -55 47 -0
v -54 47 -0
v -42 47 -0
v -41 47 -0
v -55 47 -3
v -54 47 -3
v -42 47 -3
v -41 47 -3
v -54 47 -17
v -53 47 -17
v -54 47 -18
v -53 47 -18
v -55 47 -21
v -54 47 -21
v -53 47 -21
v -52 47 -21
v -55 47 -22
v -54 47 -22
v -53 47 -22
v -52 47 -22
v -55 47 -37
v -54 47 -37
v -53 47 -37
v -52 47 -37
v -55 47 -39
v -54 47 -39
v -53 47 -39
v -52 47 -39
v -55 48 34
v -54 48 34
v -53 48 34
v -52 48 34
v -55 48 32
v -54 48 32
v -53 48 32
v -52 48 32
v -54 48 16
v -53 48 16
v -54 48 15
v -53 48 15
v -54 48 -18
v -53 48 -18
v -54 48 -19
v -53 48 -19
v -55 48 -35
v -54 48 -35
v -53 48 -35
v -52 48 -35
v -55 48 -37
v -54 48 -37
v -53 48 -37
v -52 48 -37
v -55 49 53
v -54 49 53
v -53 49 53
v -52 49 53
v -55 49 52
v -54 49 52
v -53 49 52
v -52 49 52
v -55 49 32
v -54 49 32
v -53 49 32
v -52 49 32
v -55 49 30
v -54 49 30
v -53 49 30
v -52 49 30
v -55 49 20
v -54 49 20
v -53 49 20
v -52 49 20
v -55 49 19
v -54 49 19
v -53 49 19
v -52 49 19
v -54 49 17
v -53 49 17
v -54 49 16
v -53 49 16
v -54 49 -19
v -53 49 -19
v -54 49 -20
v -53 49 -20
v -55 49 -22
v -54 49 -22
v -53 49 -22
v -52 49 -22
v -55 49 -23
v -54 49 -23
v -53 49 -23
v -52 49 -23
v -55 49 -33
v -54 49 -33
v -53 49 -33
v -52 49 -33
v -55 49 -35
v -54 49 -35
v -53 49 -35
v -52 49 -35
v -55 49 -55
v -54 49 -55
v -53 49 -55
v -52 49 -55
v -55 49 -56
v -54 49 -56
v -53 49 -56
v -52 49 -56
v -55 50 30
v -54 50 30
v -53 50 30
v -52 50 30
v -55 50 28
v -54 50 28
v -53 50 28
v -52 50 28
v -55 50 8
v -54 50 8
v -42 50 8
v -41 50 8
v -55 50 7
v -54 50 7
v -42 50 7
v -41 50 7
v -55 50 2
v -54 50 2
v -42 50 2
v -41 50 2
v -55 50 -5
v -54 50 -5
v -42 50 -5
v -41 50 -5
v -55 50 -10
v -54 50 -10
v -42 50 -10
v -41 50 -10
v -55 50 -11
v -54 50 -11
v -42 50 -11
v -41 50 -11
v -55 50 -31
v -54 50 -31
v -53 50 -31
v -52 50 -31
v -55 50 -33
v -54 50 -33
v -53 50 -33
v -52 50 -33
v -55 51 28
v -54 51 28
v -53 51 28
v -52 51 28
v -55 51 26
v -54 51 26
v -53 51 26
v -52 51 26
v -55 51 21
v -54 51 21
v -53 51 21
v -52 51 21
v -55 51 20
v -54 51 20
v -53 51 20
v -52 51 20
v -54 51 18
v -53 51 18
v -54 51 17
v -53 51 17
v -55 51 9
v -54 51 9
v -42 51 9
v -41 51 9
v -55 51 8
v -54 51 8
v -42 51 8
v -41 51 8
v -55 51 7
v -54 51 7
v -42 51 7
v -41 51 7
v -55 51 6
v -54 51 6
v -42 51 6
v -41 51 6
v -55 51 4
v -54 51 4
v -42 51 4
v -41 51 4
v -55 51 2
v -54 51 2
v -51 51 2
v -45 51 2
v -42 51 2
v -41 51 2
v -55 51 -5
v -54 51 -5
v -51 51 -5
v -45 51 -5
v -42 51 -5
v -41 51 -5
v -55 51 -7
v -54 51 -7
v -42 51 -7
v -41 51 -7
v -55 51 -9
v -54 51 -9
v -42 51 -9
v -41 51 -9
v -55 51 -10
v -54 51 -10
v -42 51 -10
v -41 51 -10
v -55 51 -11
v -54 51 -11
v -42 51 -11
v -41 51 -11
v -55 51 -12
v -54 51 -12
v -42 51 -12
v -41 51 -12
v -54 51 -20
v -53 51 -20
v -54 51 -21
v -53 51 -21
v -55 51 -23
v -54 51 -23
v -53 51 -23
v -52 51 -23
v -55 51 -24
v -54 51 -24
v -53 51 -24
v -52 51 -24
v -55 51 -29
v -54 51 -29
v -53 51 -29
v -52 51 -29
v -55 51 -31
v -54 51 -31
v -53 51 -31
v -52 51 -31
v -55 52 26
v -54 52 26
v -53 52 26
v -52 52 26
v -55 52 24
v -54 52 24
v -53 52 24
v -52 52 24
v -55 52 22
v -54 52 22
v -55 52 21
v -54 52 21
v -53 52 13
v -52 52 13
v -50 52 13
v -49 52 13
v -47 52 13
v -46 52 13
v -44 52 13
v -43 52 13
v -53 52 12
v -52 52 12
v -50 52 12
v -49 52 12
v -47 52 12
v -46 52 12
v -44 52 12
v -43 52 12
v -55 52 10
v -54 52 10
v -42 52 10
v -41 52 10
v -55 52 9
v -54 52 9
v -42 52 9
v -41 52 9
v -55 52 5
v -54 52 5
v -42 52 5
v -41 52 5
v -55 52 4
v -54 52 4
v -51 52 4
v -45 52 4
v -42 52 4
v -41 52 4
v -54 52 2
v -51 52 2
v -45 52 2
v -42 52 2
v -50 52 -1
v -49 52 -1
v -47 52 -1
v -46 52 -1
v -50 52 -2
v -49 52 -2
v -47 52 -2
v -46 52 -2
v -54 52 -5
v -51 52 -5
v -45 52 -5
v -42 52 -5
v -55 52 -7
v -54 52 -7
v -51 52 -7
v -45 52 -7
v -42 52 -7
v -41 52 -7
v -55 52 -8
v -54 52 -8
v -42 52 -8
v -41 52 -8
v -55 52 -12
v -54 52 -12
v -42 52 -12
v -41 52 -12
v -55 52 -13
v -54 52 -13
v -42 52 -13
v -41 52 -13
v -53 52 -15
v -52 52 -15
v -50 52 -15
v -49 52 -15
v -47 52 -15
v -46 52 -15
v -44 52 -15
v -43 52 -15
v -53 52 -16
v -52 52 -16
v -50 52 -16
v -49 52 -16
v -47 52 -16
v -46 52 -16
v -44 52 -16
v -43 52 -16
v -55 52 -24
v -54 52 -24
v -55 52 -25
v -54 52 -25
v -55 52 -27
v -54 52 -27
v -53 52 -27
v -52 52 -27
v -55 52 -29
v -54 52 -29
v -53 52 -29
v -52 52 -29
v -53 53 22
v -52 53 22
v -44 53 22
v -53 53 21
v -52 53 21
v -51 53 21
v -45 53 21
v -52 53 20
v -51 53 20
v -45 53 20
v -44 53 20
v -54 53 19
v -53 53 19
v -54 53 18
v -53 53 18
v -55 53 6
v -54 53 6
v -42 53 6
v -41 53 6
v -55 53 5
v -54 53 5
v -51 53 5
v -45 53 5
v -42 53 5
v -41 53 5
v -54 53 4
v -51 53 4
v -45 53 4
v -42 53 4
v -51 53 2
v -45 53 2
v -51 53 -5
v -45 53 -5
v -54 53 -7
v -51 53 -7
v -45 53 -7
v -42 53 -7
v -55 53 -8
v -54 53 -8
v -51 53 -8
v -45 53 -8
v -42 53 -8
v -41 53 -8
v -55 53 -9
v -54 53 -9
v -42 53 -9
v -41 53 -9
v -54 53 -21
v -53 53 -21
v -54 53 -22
v -53 53 -22
v -52 53 -23
v -51 53 -23
v -45 53 -23
v -44 53 -23
v -53 53 -24
v -52 53 -24
v -51 53 -24
v -45 53 -24
v -53 53 -25
v -52 53 -25
v -44 53 -25
v -55 54 54
v -54 54 54
v -53 54 54
v -52 54 54
v -55 54 53
v -54 54 53
v -53 54 53
v -52 54 53
v -52 54 20
v -51 54 20
v -45 54 20
v -44 54 20
v -52 54 18
v -51 54 18
v -45 54 18
v -44 54 18
v -55 54 7
v -54 54 7
v -42 54 7
v -41 54 7
v -55 54 6
v -54 54 6
v -51 54 6
v -45 54 6
v -42 54 6
v -41 54 6
v -54 54 5
v -51 54 5
v -45 54 5
v -42 54 5
v -51 54 4
v -45 54 4
v -51 54 -7
v -45 54 -7
v -54 54 -8
v -51 54 -8
v -45 54 -8
v -42 54 -8
v -55 54 -9
v -54 54 -9
v -51 54 -9
v -45 54 -9
v -42 54 -9
v -41 54 -9
v -55 54 -10
v -54 54 -10
v -42 54 -10
v -41 54 -10
v -52 54 -21
v -51 54 -21
v -45 54 -21
v -44 54 -21
v -52 54 -23
v -51 54 -23
v -45 54 -23
v -44 54 -23
v -55 54 -56
v -54 54 -56
v -53 54 -56
v -52 54 -56
v -55 54 -57
v -54 54 -57
v -53 54 -57
v -52 54 -57
v -52 55 18
v -51 55 18
v -45 55 18
v -44 55 18
v -52 55 16
v -51 55 16
v -45 55 16
v -44 55 16
v -55 55 8
v -54 55 8
v -42 55 8
v -41 55 8
v -55 55 7
v -54 55 7
v -51 55 7
v -45 55 7
v -42 55 7
v -41 55 7
v -54 55 6
v -51 55 6
v -45 55 6
v -42 55 6
v -51 55 5
v -50 55 5
v -49 55 5
v -47 55 5
v -46 55 5
v -45 55 5
v -51 55 -8
v -50 55 -8
v -49 55 -8
v -47 55 -8
v -46 55 -8
v -45 55 -8
v -54 55 -9
v -51 55 -9
v -45 55 -9
v -42 55 -9
v -55 55 -10
v -54 55 -10
v -51 55 -10
v -45 55 -10
v -42 55 -10
v -41 55 -10
v -55 55 -11
v -54 55 -11
v -42 55 -11
v -41 55 -11
v -52 55 -19
v -51 55 -19
v -45 55 -19
v -44 55 -19
v -52 55 -21
v -51 55 -21
v -45 55 -21
v -44 55 -21
v -52 56 16
v -51 56 16
v -45 56 16
v -44 56 16
v -52 56 14
v -51 56 14
v -45 56 14
v -44 56 14
v -55 56 9
v -54 56 9
v -42 56 9
v -41 56 9
v -55 56 8
v -54 56 8
v -51 56 8
v -45 56 8
v -42 56 8
v -41 56 8
v -54 56 7
v -51 56 7
v -45 56 7
v -42 56 7
v -51 56 6
v -45 56 6
v -50 56 5
v -49 56 5
v -47 56 5
v -46 56 5
v -50 56 4
v -49 56 4
v -47 56 4
v -46 56 4
v -50 56 -7
v -49 56 -7
v -47 56 -7
v -46 56 -7
v -50 56 -8
v -49 56 -8
v -47 56 -8
v -46 56 -8
v -51 56 -9
v -45 56 -9
v -54 56 -10
v -51 56 -10
v -45 56 -10
v -42 56 -10
v -55 56 -11
v -54 56 -11
v -51 56 -11
v -45 56 -11
v -42 56 -11
v -41 56 -11
v -55 56 -12
v -54 56 -12
v -42 56 -12
v -41 56 -12
v -52 56 -17
v -51 56 -17
v -45 56 -17
v -44 56 -17
v -52 56 -19
v -51 56 -19
v -45 56 -19
v -44 56 -19
v -55 57 23
v -54 57 23
v -53 57 23
v -52 57 23
v -55 57 22
v -54 57 22
v -53 57 22
v -52 57 22
v -54 57 20
v -53 57 20
v -54 57 19
v -53 57 19
v -50 57 4
v -49 57 4
v -47 57 4
v -46 57 4
v -50 57 3
v -49 57 3
v -47 57 3
v -46 57 3
v -50 57 -6
v -49 57 -6
v -47 57 -6
v -46 57 -6
v -50 57 -7
v -49 57 -7
v -47 57 -7
v -46 57 -7
v -54 57 -22
v -53 57 -22
v -54 57 -23
v -53 57 -23
v -55 57 -25
v -54 57 -25
v -53 57 -25
v -52 57 -25
v -55 57 -26
v -54 57 -26
v -53 57 -26
v -52 57 -26
v -55 58 10
v -54 58 10
v -42 58 10
v -41 58 10
v -55 58 9
v -54 58 9
v -51 58 9
v -45 58 9
v -42 58 9
v -41 58 9
v -54 58 8
v -51 58 8
v -45 58 8
v -42 58 8
v -51 58 7
v -45 58 7
v -50 58 3
v -49 58 3
v -47 58 3
v -46 58 3
v -50 58 2
v -49 58 2
v -47 58 2
v -46 58 2
v -35 58 -0
v -34 58 -0
v -35 58 -3
v -34 58 -3
v -50 58 -5
v -49 58 -5
v -47 58 -5
v -46 58 -5
v -50 58 -6
v -49 58 -6
v -47 58 -6
v -46 58 -6
v -51 58 -10
v -45 58 -10
v -54 58 -11
v -51 58 -11
v -45 58 -11
v -42 58 -11
v -55 58 -12
v -54 58 -12
v -51 58 -12
v -45 58 -12
v -42 58 -12
v -41 58 -12
v -55 58 -13
v -54 58 -13
v -42 58 -13
v -41 58 -13
v -50 59 2
v -49 59 2
v -47 59 2
v -46 59 2
v -50 59 1
v -49 59 1
v -47 59 1
v -46 59 1
v -35 59 1
v -34 59 1
v -35 59 -0
v -34 59 -0
v -35 59 -3
v -34 59 -3
v -50 59 -4
v -49 59 -4
v -47 59 -4
v -46 59 -4
v -35 59 -4
v -34 59 -4
v -50 59 -5
v -49 59 -5
v -47 59 -5
v -46 59 -5
v -52 60 16
v -49 60 16
v -47 60 16
v -44 60 16
v -52 60 15
v -49 60 15
v -47 60 15
v -44 60 15
v -55 60 13
v -54 60 13
v -42 60 13
v -41 60 13
v -55 60 11
v -54 60 11
v -42 60 11
v -41 60 11
v -35 60 2
v -34 60 2
v -35 60 1
v -34 60 1
v -35 60 -4
v -34 60 -4
v -35 60 -5
v -34 60 -5
v -55 60 -14
v -54 60 -14
v -42 60 -14
v -41 60 -14
v -55 60 -16
v -54 60 -16
v -42 60 -16
v -41 60 -16
v -52 60 -18
v -49 60 -18
v -47 60 -18
v -44 60 -18
v -52 60 -19
v -49 60 -19
v -47 60 -19
v -44 60 -19
v -51 61 15
v -50 61 15
v -46 61 15
v -45 61 15
v -51 61 14
v -50 61 14
v -46 61 14
v -45 61 14
v -51 61 -17
v -50 61 -17
v -46 61 -17
v -45 61 -17
v -51 61 -18
v -50 61 -18
v -46 61 -18
v -45 61 -18
v -55 62 54
v -54 62 54
v -53 62 54
v -52 62 54
v -55 62 25
v -54 62 25
v -53 62 25
v -52 62 25
v -50 62 8
v -49 62 8
v -47 62 8
v -46 62 8
v -38 62 3
v -37 62 3
v -50 62 2
v -49 62 2
v -47 62 2
v -46 62 2
v -41 62 2
v -39 62 2
v -38 62 2
v -37 62 2
v -57 62 1
v -56 62 1
v -41 62 1
v -39 62 1
v -57 62 -0
v -56 62 -0
v -63 62 -1
v -58 62 -1
v -63 62 -2
v -58 62 -2
v -57 62 -3
v -56 62 -3
v -57 62 -4
v -56 62 -4
v -41 62 -4
v -39 62 -4
v -50 62 -5
v -49 62 -5
v -47 62 -5
v -46 62 -5
v -41 62 -5
v -39 62 -5
v -38 62 -5
v -37 62 -5
v -38 62 -6
v -37 62 -6
v -50 62 -11
v -49 62 -11
v -47 62 -11
v -46 62 -11
v -55 62 -28
v -54 62 -28
v -53 62 -28
v -52 62 -28
v -55 62 -57
v -54 62 -57
v -53 62 -57
v -52 62 -57
v -53 63 16
v -52 63 16
v -49 63 16
v -47 63 16
v -44 63 16
v -43 63 16
v -53 63 15
v -52 63 15
v -49 63 15
v -47 63 15
v -44 63 15
v -43 63 15
v -37 63 3
v -34 63 3
v -51 63 2
v -45 63 2
v -39 63 2
v -37 63 2
v -34 63 2
v -56 63 1
v -51 63 1
v -45 63 1
v -41 63 1
v -40 63 1
v -39 63 1
v -37 63 1
v -58 63 -0
v -56 63 -0
v -51 63 -0
v -45 63 -0
v -41 63 -0
v -40 63 -0
v -57 63 -1
v -56 63 -1
v -57 63 -2
v -56 63 -2
v -58 63 -3
v -56 63 -3
v -51 63 -3
v -45 63 -3
v -41 63 -3
v -40 63 -3
v -56 63 -4
v -51 63 -4
v -45 63 -4
v -41 63 -4
v -40 63 -4
v -39 63 -4
v -37 63 -4
v -51 63 -5
v -45 63 -5
v -39 63 -5
v -37 63 -5
v -34 63 -5
v -37 63 -6
v -34 63 -6
v -53 63 -18
v -52 63 -18
v -49 63 -18
v -47 63 -18
v -44 63 -18
v -43 63 -18
v -53 63 -19
v -52 63 -19
v -49 63 -19
v -47 63 -19
v -44 63 -19
v -43 63 -19
v -52 64 16
v -49 64 16
v -47 64 16
v -44 64 16
v -52 64 15
v -49 64 15
v -47 64 15
v -44 64 15
v -37 64 2
v -36 64 2
v -51 64 1
v -50 64 1
v -49 64 1
v -47 64 1
v -46 64 1
v -45 64 1
v -40 64 1
v -37 64 1
v -36 64 1
v -56 64 -0
v -51 64 -0
v -45 64 -0
v -41 64 -0
v -40 64 -0
v -39 64 -0
v -37 64 -0
v -57 64 -1
v -56 64 -1
v -41 64 -1
v -39 64 -1
v -57 64 -2
v -56 64 -2
v -41 64 -2
v -39 64 -2
v -56 64 -3
v -51 64 -3
v -45 64 -3
v -41 64 -3
v -40 64 -3
v -39 64 -3
v -37 64 -3
v -51 64 -4
v -50 64 -4
v -49 64 -4
v -47 64 -4
v -46 64 -4
v -45 64 -4
v -40 64 -4
v -37 64 -4
v -36 64 -4
v -37 64 -5
v -36 64 -5
v -52 64 -18
v -49 64 -18
v -47 64 -18
v -44 64 -18
v -52 64 -19
v -49 64 -19
v -47 64 -19
v -44 64 -19
v -50 65 2
v -49 65 2
v -47 65 2
v -46 65 2
v -36 65 2
v -34 65 2
v -50 65 1
v -49 65 1
v -47 65 1
v -46 65 1
v -37 65 1
v -36 65 1
v -51 65 -0
v -45 65 -0
v -39 65 -0
v -37 65 -0
v -34 65 -0
v -50 65 -1
v -49 65 -1
v -47 65 -1
v -46 65 -1
v -41 65 -1
v -39 65 -1
v -38 65 -1
v -37 65 -1
v -50 65 -2
v -49 65 -2
v -47 65 -2
v -46 65 -2
v -41 65 -2
v -39 65 -2
v -38 65 -2
v -37 65 -2
v -51 65 -3
v -45 65 -3
v -39 65 -3
v -37 65 -3
v -34 65 -3
v -50 65 -4
v -49 65 -4
v -47 65 -4
v -46 65 -4
v -37 65 -4
v -36 65 -4
v -50 65 -5
v -49 65 -5
v -47 65 -5
v -46 65 -5
v -36 65 -5
v -34 65 -5
v -54 66 15
v -42 66 15
v -55 66 14
v -54 66 14
v -42 66 14
v -41 66 14
v -55 66 13
v -54 66 13
v -42 66 13
v -41 66 13
v -50 66 3
v -49 66 3
v -47 66 3
v -46 66 3
v -50 66 2
v -49 66 2
v -47 66 2
v -46 66 2
v -37 66 -0
v -34 66 -0
v -38 66 -1
v -37 66 -1
v -38 66 -2
v -37 66 -2
v -37 66 -3
v -34 66 -3
v -50 66 -5
v -49 66 -5
v -47 66 -5
v -46 66 -5
v -50 66 -6
v -49 66 -6
v -47 66 -6
v -46 66 -6
v -55 66 -16
v -54 66 -16
v -42 66 -16
v -41 66 -16
v -55 66 -17
v -54 66 -17
v -42 66 -17
v -41 66 -17
v -54 66 -18
v -42 66 -18
v -55 67 25
v -54 67 25
v -53 67 25
v -52 67 25
v -55 67 24
v -54 67 24
v -53 67 24
v -52 67 24
v -50 67 4
v -49 67 4
v -47 67 4
v -46 67 4
v -50 67 3
v -49 67 3
v -47 67 3
v -46 67 3
v -50 67 -6
v -49 67 -6
v -47 67 -6
v -46 67 -6
v -50 67 -7
v -49 67 -7
v -47 67 -7
v -46 67 -7
v -55 67 -27
v -54 67 -27
v -53 67 -27
v -52 67 -27
v -55 67 -28
v -54 67 -28
v -53 67 -28
v -52 67 -28
v -52 68 16
v -51 68 16
v -45 68 16
v -44 68 16
v -54 68 14
v -52 68 14
v -51 68 14
v -45 68 14
v -44 68 14
v -42 68 14
v -55 68 13
v -54 68 13
v -42 68 13
v -41 68 13
v -55 68 12
v -54 68 12
v -42 68 12
v -41 68 12
v -50 68 5
v -49 68 5
v -47 68 5
v -46 68 5
v -50 68 4
v -49 68 4
v -47 68 4
v -46 68 4
v -50 68 -7
v -49 68 -7
v -47 68 -7
v -46 68 -7
v -50 68 -8
v -49 68 -8
v -47 68 -8
v -46 68 -8
v -55 68 -15
v -54 68 -15
v -42 68 -15
v -41 68 -15
v -55 68 -16
v -54 68 -16
v -42 68 -16
v -41 68 -16
v -54 68 -17
v -52 68 -17
v -51 68 -17
v -45 68 -17
v -44 68 -17
v -42 68 -17
v -52 68 -19
v -51 68 -19
v -45 68 -19
v -44 68 -19
v -54 69 59
v -53 69 59
v -54 69 58
v -53 69 58
v -55 69 56
v -54 69 56
v -53 69 56
v -52 69 56
v -55 69 55
v -54 69 55
v -53 69 55
v -52 69 55
v -52 69 18
v -51 69 18
v -45 69 18
v -44 69 18
v -52 69 16
v -51 69 16
v -45 69 16
v -44 69 16
v -55 69 9
v -54 69 9
v -42 69 9
v -41 69 9
v -55 69 8
v -54 69 8
v -42 69 8
v -41 69 8
v -55 69 -11
v -54 69 -11
v -42 69 -11
v -41 69 -11
v -55 69 -12
v -54 69 -12
v -42 69 -12
v -41 69 -12
v -52 69 -19
v -51 69 -19
v -45 69 -19
v -44 69 -19
v -52 69 -21
v -51 69 -21
v -45 69 -21
v -44 69 -21
v -55 69 -58
v -54 69 -58
v -53 69 -58
v -52 69 -58
v -55 69 -59
v -54 69 -59
v -53 69 -59
v -52 69 -59
v -54 69 -61
v -53 69 -61
v -54 69 -62
v -53 69 -62
v -52 70 20
v -51 70 20
v -45 70 20
v -44 70 20
v -52 70 18
v -51 70 18
v -45 70 18
v -44 70 18
v -54 70 13
v -42 70 13
v -55 70 12
v -54 70 12
v -42 70 12
v -41 70 12
v -55 70 11
v -54 70 11
v -42 70 11
v -41 70 11
v -55 70 10
v -54 70 10
v -42 70 10
v -41 70 10
v -55 70 9
v -54 70 9
v -42 70 9
v -41 70 9
v -55 70 8
v -54 70 8
v -42 70 8
v -41 70 8
v -55 70 7
v -54 70 7
v -42 70 7
v -41 70 7
v -55 70 -10
v -54 70 -10
v -42 70 -10
v -41 70 -10
v -55 70 -11
v -54 70 -11
v -42 70 -11
v -41 70 -11
v -55 70 -12
v -54 70 -12
v -42 70 -12
v -41 70 -12
v -55 70 -13
v -54 70 -13
v -42 70 -13
v -41 70 -13
v -55 70 -14
v -54 70 -14
v -42 70 -14
v -41 70 -14
v -55 70 -15
v -54 70 -15
v -42 70 -15
v -41 70 -15
v -54 70 -16
v -42 70 -16
v -52 70 -21
v -51 70 -21
v -45 70 -21
v -44 70 -21
v -52 70 -23
v -51 70 -23
v -45 70 -23
v -44 70 -23
v -55 71 24
v -54 71 24
v -53 71 24
v -52 71 24
v -55 71 23
v -54 71 23
v -53 71 23
v -52 71 23
v -52 71 22
v -44 71 22
v -52 71 21
v -51 71 21
v -45 71 21
v -52 71 20
v -51 71 20
v -45 71 20
v -44 71 20
v -55 71 7
v -54 71 7
v -42 71 7
v -41 71 7
v -55 71 6
v -54 71 6
v -42 71 6
v -41 71 6
v -55 71 -9
v -54 71 -9
v -42 71 -9
v -41 71 -9
v -55 71 -10
v -54 71 -10
v -42 71 -10
v -41 71 -10
v -52 71 -23
v -51 71 -23
v -45 71 -23
v -44 71 -23
v -52 71 -24
v -51 71 -24
v -45 71 -24
v -52 71 -25
v -44 71 -25
v -55 71 -26
v -54 71 -26
v -53 71 -26
v -52 71 -26
v -55 71 -27
v -54 71 -27
v -53 71 -27
v -52 71 -27
v -55 72 26
v -54 72 26
v -53 72 26
v -52 72 26
v -55 72 24
v -54 72 24
v -53 72 24
v -52 72 24
v -53 72 13
v -52 72 13
v -50 72 13
v -49 72 13
v -47 72 13
v -46 72 13
v -44 72 13
v -43 72 13
v -54 72 12
v -53 72 12
v -52 72 12
v -50 72 12
v -49 72 12
v -47 72 12
v -46 72 12
v -44 72 12
v -43 72 12
v -42 72 12
v -55 72 11
v -54 72 11
v -53 72 11
v -52 72 11
v -50 72 11
v -49 72 11
v -47 72 11
v -46 72 11
v -44 72 11
v -43 72 11
v -42 72 11
v -41 72 11
v -55 72 10
v -54 72 10
v -42 72 10
v -41 72 10
v -55 72 -13
v -54 72 -13
v -42 72 -13
v -41 72 -13
v -55 72 -14
v -54 72 -14
v -53 72 -14
v -52 72 -14
v -50 72 -14
v -49 72 -14
v -47 72 -14
v -46 72 -14
v -44 72 -14
v -43 72 -14
v -42 72 -14
v -41 72 -14
v -54 72 -15
v -53 72 -15
v -52 72 -15
v -50 72 -15
v -49 72 -15
v -47 72 -15
v -46 72 -15
v -44 72 -15
v -43 72 -15
v -42 72 -15
v -53 72 -16
v -52 72 -16
v -50 72 -16
v -49 72 -16
v -47 72 -16
v -46 72 -16
v -44 72 -16
v -43 72 -16
v -55 72 -27
v -54 72 -27
v -53 72 -27
v -52 72 -27
v -55 72 -29
v -54 72 -29
v -53 72 -29
v -52 72 -29
v -55 73 28
v -54 73 28
v -53 73 28
v -52 73 28
v -55 73 26
v -54 73 26
v -53 73 26
v -52 73 26
v -55 73 23
v -54 73 23
v -53 73 23
v -52 73 23
v -55 73 22
v -54 73 22
v -53 73 22
v -52 73 22
v -53 73 12
v -52 73 12
v -50 73 12
v -49 73 12
v -47 73 12
v -46 73 12
v -44 73 12
v -43 73 12
v -54 73 11
v -53 73 11
v -52 73 11
v -50 73 11
v -49 73 11
v -47 73 11
v -46 73 11
v -44 73 11
v -43 73 11
v -42 73 11
v -55 73 10
v -54 73 10
v -53 73 10
v -52 73 10
v -50 73 10
v -49 73 10
v -47 73 10
v -46 73 10
v -44 73 10
v -43 73 10
v -42 73 10
v -41 73 10
v -55 73 9
v -54 73 9
v -42 73 9
v -41 73 9
v -55 73 -12
v -54 73 -12
v -42 73 -12
v -41 73 -12
v -55 73 -13
v -54 73 -13
v -53 73 -13
v -52 73 -13
v -50 73 -13
v -49 73 -13
v -47 73 -13
v -46 73 -13
v -44 73 -13
v -43 73 -13
v -42 73 -13
v -41 73 -13
v -54 73 -14
v -53 73 -14
v -52 73 -14
v -50 73 -14
v -49 73 -14
v -47 73 -14
v -46 73 -14
v -44 73 -14
v -43 73 -14
v -42 73 -14
v -53 73 -15
v -52 73 -15
v -50 73 -15
v -49 73 -15
v -47 73 -15
v -46 73 -15
v -44 73 -15
v -43 73 -15
v -55 73 -25
v -54 73 -25
v -53 73 -25
v -52 73 -25
v -55 73 -26
v -54 73 -26
v -53 73 -26
v -52 73 -26
v -55 73 -29
v -54 73 -29
v -53 73 -29
v -52 73 -29
v -55 73 -31
v -54 73 -31
v -53 73 -31
v -52 73 -31
v -55 74 30
v -54 74 30
v -53 74 30
v -52 74 30
v -55 74 28
v -54 74 28
v -53 74 28
v -52 74 28
v -53 74 11
v -52 74 11
v -50 74 11
v -49 74 11
v -47 74 11
v -46 74 11
v -44 74 11
v -43 74 11
v -54 74 10
v -53 74 10
v -52 74 10
v -50 74 10
v -49 74 10
v -47 74 10
v -46 74 10
v -44 74 10
v -43 74 10
v -42 74 10
v -55 74 9
v -54 74 9
v -53 74 9
v -52 74 9
v -50 74 9
v -49 74 9
v -47 74 9
v -46 74 9
v -44 74 9
v -43 74 9
v -42 74 9
v -41 74 9
v -55 74 7
v -54 74 7
v -42 74 7
v -41 74 7
v -55 74 -0
v -54 74 -0
v -42 74 -0
v -41 74 -0
v -55 74 -3
v -54 74 -3
v -42 74 -3
v -41 74 -3
v -55 74 -10
v -54 74 -10
v -42 74 -10
v -41 74 -10
v -55 74 -12
v -54 74 -12
v -53 74 -12
v -52 74 -12
v -50 74 -12
v -49 74 -12
v -47 74 -12
v -46 74 -12
v -44 74 -12
v -43 74 -12
v -42 74 -12
v -41 74 -12
v -54 74 -13
v -53 74 -13
v -52 74 -13
v -50 74 -13
v -49 74 -13
v -47 74 -13
v -46 74 -13
v -44 74 -13
v -43 74 -13
v -42 74 -13
v -53 74 -14
v -52 74 -14
v -50 74 -14
v -49 74 -14
v -47 74 -14
v -46 74 -14
v -44 74 -14
v -43 74 -14
v -55 74 -31
v -54 74 -31
v -53 74 -31
v -52 74 -31
v -55 74 -33
v -54 74 -33
v -53 74 -33
v -52 74 -33
v -54 75 58
v -53 75 58
v -54 75 57
v -53 75 57
v -55 75 55
v -54 75 55
v -53 75 55
v -52 75 55
v -55 75 54
v -54 75 54
v -53 75 54
v -52 75 54
v -55 75 32
v -54 75 32
v -53 75 32
v -52 75 32
v -55 75 30
v -54 75 30
v -53 75 30
v -52 75 30
v -55 75 22
v -54 75 22
v -53 75 22
v -52 75 22
v -55 75 21
v -54 75 21
v -53 75 21
v -52 75 21
v -53 75 10
v -52 75 10
v -50 75 10
v -49 75 10
v -47 75 10
v -46 75 10
v -44 75 10
v -43 75 10
v -54 75 9
v -53 75 9
v -52 75 9
v -50 75 9
v -49 75 9
v -47 75 9
v -46 75 9
v -44 75 9
v -43 75 9
v -42 75 9
v -53 75 8
v -52 75 8
v -50 75 8
v -49 75 8
v -47 75 8
v -46 75 8
v -44 75 8
v -43 75 8
v -55 75 7
v -54 75 7
v -42 75 7
v -41 75 7
v -55 75 5
v -54 75 5
v -42 75 5
v -41 75 5
v -55 75 -8
v -54 75 -8
v -42 75 -8
v -41 75 -8
v -55 75 -10
v -54 75 -10
v -42 75 -10
v -41 75 -10
v -53 75 -11
v -52 75 -11
v -50 75 -11
v -49 75 -11
v -47 75 -11
v -46 75 -11
v -44 75 -11
v -43 75 -11
v -54 75 -12
v -53 75 -12
v -52 75 -12
v -50 75 -12
v -49 75 -12
v -47 75 -12
v -46 75 -12
v -44 75 -12
v -43 75 -12
v -42 75 -12
v -53 75 -13
v -52 75 -13
v -50 75 -13
v -49 75 -13
v -47 75 -13
v -46 75 -13
v -44 75 -13
v -43 75 -13
v -55 75 -24
v -54 75 -24
v -53 75 -24
v -52 75 -24
v -55 75 -25
v -54 75 -25
v -53 75 -25
v -52 75 -25
v -55 75 -33
v -54 75 -33
v -53 75 -33
v -52 75 -33
v -55 75 -35
v -54 75 -35
v -53 75 -35
v -52 75 -35
v -55 75 -57
v -54 75 -57
v -53 75 -57
v -52 75 -57
v -55 75 -58
v -54 75 -58
v -53 75 -58
v -52 75 -58
v -54 75 -60
v -53 75 -60
v -54 75 -61
v -53 75 -61
v -55 76 34
v -54 76 34
v -53 76 34
v -52 76 34
v -55 76 32
v -54 76 32
v -53 76 32
v -52 76 32
v -55 76 21
v -54 76 21
v -53 76 21
v -52 76 21
v -55 76 20
v -54 76 20
v -53 76 20
v -52 76 20
v -53 76 9
v -52 76 9
v -50 76 9
v -49 76 9
v -47 76 9
v -46 76 9
v -44 76 9
v -43 76 9
v -53 76 8
v -52 76 8
v -50 76 8
v -49 76 8
v -47 76 8
v -46 76 8
v -44 76 8
v -43 76 8
v -54 76 7
v -42 76 7
v -55 76 5
v -54 76 5
v -42 76 5
v -41 76 5
v -55 76 3
v -54 76 3
v -42 76 3
v -41 76 3
v -55 76 -6
v -54 76 -6
v -42 76 -6
v -41 76 -6
v -55 76 -8
v -54 76 -8
v -42 76 -8
v -41 76 -8
v -54 76 -10
v -42 76 -10
v -53 76 -11
v -52 76 -11
v -50 76 -11
v -49 76 -11
v -47 76 -11
v -46 76 -11
v -44 76 -11
v -43 76 -11
v -53 76 -12
v -52 76 -12
v -50 76 -12
v -49 76 -12
v -47 76 -12
v -46 76 -12
v -44 76 -12
v -43 76 -12
v -55 76 -23
v -54 76 -23
v -53 76 -23
v -52 76 -23
v -55 76 -24
v -54 76 -24
v -53 76 -24
v -52 76 -24
v -55 76 -35
v -54 76 -35
v -53 76 -35
v -52 76 -35
v -55 76 -37
v -54 76 -37
v -53 76 -37
v -52 76 -37
v -55 77 36
v -54 77 36
v -53 77 36
v -52 77 36
v -55 77 34
v -54 77 34
v -53 77 34
v -52 77 34
v -54 77 5
v -52 77 5
v -51 77 5
v -45 77 5
v -44 77 5
v -42 77 5
v -52 77 4
v -51 77 4
v -45 77 4
v -44 77 4
v -55 77 3
v -54 77 3
v -42 77 3
v -41 77 3
v -51 77 -1
v -50 77 -1
v -46 77 -1
v -45 77 -1
v -51 77 -2
v -50 77 -2
v -46 77 -2
v -45 77 -2
v -55 77 -6
v -54 77 -6
v -42 77 -6
v -41 77 -6
v -52 77 -7
v -51 77 -7
v -45 77 -7
v -44 77 -7
v -54 77 -8
v -52 77 -8
v -51 77 -8
v -45 77 -8
v -44 77 -8
v -42 77 -8
v -55 77 -37
v -54 77 -37
v -53 77 -37
v -52 77 -37
v -55 77 -39
v -54 77 -39
v -53 77 -39
v -52 77 -39
v -55 78 54
v -54 78 54
v -53 78 54
v -52 78 54
v -55 78 53
v -54 78 53
v -53 78 53
v -52 78 53
v -55 78 38
v -54 78 38
v -53 78 38
v -52 78 38
v -55 78 36
v -54 78 36
v -53 78 36
v -52 78 36
v -55 78 20
v -54 78 20
v -53 78 20
v -52 78 20
v -55 78 19
v -54 78 19
v -53 78 19
v -52 78 19
v -54 78 3
v -42 78 3
v -52 78 1
v -49 78 1
v -47 78 1
v -44 78 1
v -53 78 -0
v -52 78 -0
v -49 78 -0
v -47 78 -0
v -44 78 -0
v -43 78 -0
v -51 78 -1
v -50 78 -1
v -46 78 -1
v -45 78 -1
v -51 78 -2
v -50 78 -2
v -46 78 -2
v -45 78 -2
v -53 78 -3
v -52 78 -3
v -49 78 -3
v -47 78 -3
v -44 78 -3
v -43 78 -3
v -52 78 -4
v -49 78 -4
v -47 78 -4
v -44 78 -4
v -54 78 -6
v -42 78 -6
v -55 78 -22
v -54 78 -22
v -53 78 -22
v -52 78 -22
v -55 78 -23
v -54 78 -23
v -53 78 -23
v -52 78 -23
v -55 78 -39
v -54 78 -39
v -53 78 -39
v -52 78 -39
v -55 78 -41
v -54 78 -41
v -53 78 -41
v -52 78 -41
v -55 78 -56
v -54 78 -56
v -53 78 -56
v -52 78 -56
v -55 78 -57
v -54 78 -57
v -53 78 -57
v -52 78 -57
v -54 79 57
v -53 79 57
v -54 79 56
v -53 79 56
v -55 79 40
v -54 79 40
v -53 79 40
v -52 79 40
v -55 79 38
v -54 79 38
v -53 79 38
v -52 79 38
v -55 79 19
v -54 79 19
v -53 79 19
v -52 79 19
v -55 79 18
v -54 79 18
v -53 79 18
v -52 79 18
v -52 79 5
v -51 79 5
v -45 79 5
v -44 79 5
v -52 79 4
v -51 79 4
v -45 79 4
v -44 79 4
v -52 79 1
v -49 79 1
v -47 79 1
v -44 79 1
v -53 79 -0
v -52 79 -0
v -49 79 -0
v -47 79 -0
v -44 79 -0
v -43 79 -0
v -53 79 -3
v -52 79 -3
v -49 79 -3
v -47 79 -3
v -44 79 -3
v -43 79 -3
v -52 79 -4
v -49 79 -4
v -47 79 -4
v -44 79 -4
v -52 79 -7
v -51 79 -7
v -45 79 -7
v -44 79 -7
v -52 79 -8
v -51 79 -8
v -45 79 -8
v -44 79 -8
v -55 79 -21
v -54 79 -21
v -53 79 -21
v -52 79 -21
v -55 79 -22
v -54 79 -22
v -53 79 -22
v -52 79 -22
v -55 79 -41
v -54 79 -41
v -53 79 -41
v -52 79 -41
v -55 79 -43
v -54 79 -43
v -53 79 -43
v -52 79 -43
v -54 79 -59
v -53 79 -59
v -54 79 -60
v -53 79 -60
v -55 80 42
v -54 80 42
v -53 80 42
v -52 80 42
v -55 80 40
v -54 80 40
v -53 80 40
v -52 80 40
v -55 80 -43
v -54 80 -43
v -53 80 -43
v -52 80 -43
v -55 80 -45
v -54 80 -45
v -53 80 -45
v -52 80 -45
v -55 81 53
v -54 81 53
v -53 81 53
v -52 81 53
v -55 81 52
v -54 81 52
v -53 81 52
v -52 81 52
v -55 81 44
v -54 81 44
v -53 81 44
v -52 81 44
v -55 81 42
v -54 81 42
v -53 81 42
v -52 81 42
v -55 81 18
v -54 81 18
v -53 81 18
v -52 81 18
v -55 81 16
v -54 81 16
v -53 81 16
v -52 81 16
v -52 81 6
v -51 81 6
v -45 81 6
v -44 81 6
v -52 81 5
v -51 81 5
v -45 81 5
v -44 81 5
v -52 81 -8
v -51 81 -8
v -45 81 -8
v -44 81 -8
v -52 81 -9
v -51 81 -9
v -45 81 -9
v -44 81 -9
v -55 81 -19
v -54 81 -19
v -53 81 -19
v -52 81 -19
v -55 81 -21
v -54 81 -21
v -53 81 -21
v -52 81 -21
v -55 81 -45
v -54 81 -45
v -53 81 -45
v -52 81 -45
v -55 81 -47
v -54 81 -47
v -53 81 -47
v -52 81 -47
v -55 81 -55
v -54 81 -55
v -53 81 -55
v -52 81 -55
v -55 81 -56
v -54 81 -56
v -53 81 -56
v -52 81 -56
v -54 82 56
v -53 82 56
v -54 82 55
v -53 82 55
v -55 82 46
v -54 82 46
v -53 82 46
v -52 82 46
v -55 82 44
v -54 82 44
v -53 82 44
v -52 82 44
v -55 82 19
v -54 82 19
v -53 82 19
v -52 82 19
v -55 82 18
v -54 82 18
v -53 82 18
v -52 82 18
v -55 82 16
v -54 82 16
v -53 82 16
v -52 82 16
v -55 82 15
v -54 82 15
v -53 82 15
v -52 82 15
v -55 82 -18
v -54 82 -18
v -53 82 -18
v -52 82 -18
v -55 82 -19
v -54 82 -19
v -53 82 -19
v -52 82 -19
v -55 82 -21
v -54 82 -21
v -53 82 -21
v -52 82 -21
v -55 82 -22
v -54 82 -22
v -53 82 -22
v -52 82 -22
v -55 82 -47
v -54 82 -47
v -53 82 -47
v -52 82 -47
v -55 82 -49
v -54 82 -49
v -53 82 -49
v -52 82 -49
v -54 82 -58
v -53 82 -58
v -54 82 -59
v -53 82 -59
v -55 83 48
v -54 83 48
v -53 83 48
v -52 83 48
v -55 83 46
v -54 83 46
v -53 83 46
v -52 83 46
v -55 83 20
v -54 83 20
v -53 83 20
v -52 83 20
v -55 83 19
v -54 83 19
v -53 83 19
v -52 83 19
v -55 83 15
v -54 83 15
v -53 83 15
v -52 83 15
v -55 83 13
v -54 83 13
v -53 83 13
v -52 83 13
v -52 83 7
v -51 83 7
v -45 83 7
v -44 83 7
v -52 83 6
v -51 83 6
v -45 83 6
v -44 83 6
v -52 83 -9
v -51 83 -9
v -45 83 -9
v -44 83 -9
v -52 83 -10
v -51 83 -10
v -45 83 -10
v -44 83 -10
v -55 83 -16
v -54 83 -16
v -53 83 -16
v -52 83 -16
v -55 83 -18
v -54 83 -18
v -53 83 -18
v -52 83 -18
v -55 83 -22
v -54 83 -22
v -53 83 -22
v -52 83 -22
v -55 83 -23
v -54 83 -23
v -53 83 -23
v -52 83 -23
v -55 83 -49
v -54 83 -49
v -53 83 -49
v -52 83 -49
v -55 83 -51
v -54 83 -51
v -53 83 -51
v -52 83 -51
v -54 84 55
v -53 84 55
v -54 84 54
v -53 84 54
v -55 84 52
v -54 84 52
v -53 84 52
v -52 84 52
v -55 84 51
v -54 84 51
v -53 84 51
v -52 84 51
v -55 84 49
v -54 84 49
v -53 84 49
v -52 84 49
v -55 84 48
v -54 84 48
v -53 84 48
v -52 84 48
v -55 84 21
v -54 84 21
v -53 84 21
v -52 84 21
v -55 84 20
v -54 84 20
v -53 84 20
v -52 84 20
v -55 84 13
v -54 84 13
v -53 84 13
v -52 84 13
v -55 84 12
v -54 84 12
v -53 84 12
v -52 84 12
v -55 84 -15
v -54 84 -15
v -53 84 -15
v -52 84 -15
v -55 84 -16
v -54 84 -16
v -53 84 -16
v -52 84 -16
v -55 84 -23
v -54 84 -23
v -53 84 -23
v -52 84 -23
v -55 84 -24
v -54 84 -24
v -53 84 -24
v -52 84 -24
v -55 84 -51
v -54 84 -51
v -53 84 -51
v -52 84 -51
v -55 84 -52
v -54 84 -52
v -53 84 -52
v -52 84 -52
v -55 84 -54
v -54 84 -54
v -53 84 -54
v -52 84 -54
v -55 84 -55
v -54 84 -55
v -53 84 -55
v -52 84 -55
v -54 84 -57
v -53 84 -57
v -54 84 -58
v -53 84 -58
v -55 85 22
v -54 85 22
v -53 85 22
v -52 85 22
v -55 85 21
v -54 85 21
v -53 85 21
v -52 85 21
v -55 85 12
v -54 85 12
v -53 85 12
v -52 85 12
v -55 85 10
v -54 85 10
v -53 85 10
v -52 85 10
v -52 85 8
v -44 85 8
v -52 85 7
v -44 85 7
v -52 85 -10
v -44 85 -10
v -52 85 -11
v -44 85 -11
v -55 85 -13
v -54 85 -13
v -53 85 -13
v -52 85 -13
v -55 85 -15
v -54 85 -15
v -53 85 -15
v -52 85 -15
v -55 85 -24
v -54 85 -24
v -53 85 -24
v -52 85 -24
v -55 85 -25
v -54 85 -25
v -53 85 -25
v -52 85 -25
v -55 86 51
v -54 86 51
v -53 86 51
v -52 86 51
v -55 86 50
v -54 86 50
v -53 86 50
v -52 86 50
v -55 86 23
v -54 86 23
v -53 86 23
v -52 86 23
v -55 86 22
v -54 86 22
v -53 86 22
v -52 86 22
v -55 86 10
v -54 86 10
v -53 86 10
v -52 86 10
v -55 86 8
v -54 86 8
v -53 86 8
v -52 86 8
v -55 86 -11
v -54 86 -11
v -53 86 -11
v -52 86 -11
v -55 86 -13
v -54 86 -13
v -53 86 -13
v -52 86 -13
v -55 86 -25
v -54 86 -25
v -53 86 -25
v -52 86 -25
v -55 86 -26
v -54 86 -26
v -53 86 -26
v -52 86 -26
v -55 86 -53
v -54 86 -53
v -53 86 -53
v -52 86 -53
v -55 86 -54
v -54 86 -54
v -53 86 -54
v -52 86 -54
v -54 87 54
v -53 87 54
v -54 87 53
v -53 87 53
v -55 87 24
v -54 87 24
v -53 87 24
v -52 87 24
v -55 87 23
v -54 87 23
v -53 87 23
v -52 87 23
v -55 87 8
v -54 87 8
v -53 87 8
v -52 87 8
v -55 87 4
v -54 87 4
v -53 87 4
v -52 87 4
v -55 87 -7
v -54 87 -7
v -53 87 -7
v -52 87 -7
v -55 87 -11
v -54 87 -11
v -53 87 -11
v -52 87 -11
v -55 87 -26
v -54 87 -26
v -53 87 -26
v -52 87 -26
v -55 87 -27
v -54 87 -27
v -53 87 -27
v -52 87 -27
v -54 87 -56
v -53 87 -56
v -54 87 -57
v -53 87 -57
v -55 88 50
v -54 88 50
v -53 88 50
v -52 88 50
v -55 88 49
v -54 88 49
v -53 88 49
v -52 88 49
v -55 88 25
v -54 88 25
v -53 88 25
v -52 88 25
v -55 88 24
v -54 88 24
v -53 88 24
v -52 88 24
v -55 88 4
v -54 88 4
v -53 88 4
v -52 88 4
v -55 88 -1
v -54 88 -1
v -53 88 -1
v -52 88 -1
v -55 88 -2
v -54 88 -2
v -53 88 -2
v -52 88 -2
v -55 88 -7
v -54 88 -7
v -53 88 -7
v -52 88 -7
v -55 88 -27
v -54 88 -27
v -53 88 -27
v -52 88 -27
v -55 88 -28
v -54 88 -28
v -53 88 -28
v -52 88 -28
v -55 88 -52
v -54 88 -52
v -53 88 -52
v -52 88 -52
v -55 88 -53
v -54 88 -53
v -53 88 -53
v -52 88 -53
v -54 89 53
v -53 89 53
v -54 89 52
v -53 89 52
v -55 89 26
v -54 89 26
v -53 89 26
v -52 89 26
v -55 89 25
v -54 89 25
v -53 89 25
v -52 89 25
v -55 89 9
v -54 89 9
v -53 89 9
v -52 89 9
v -55 89 8
v -54 89 8
v -53 89 8
v -52 89 8
v -55 89 -11
v -54 89 -11
v -53 89 -11
v -52 89 -11
v -55 89 -12
v -54 89 -12
v -53 89 -12
v -52 89 -12
v -55 89 -28
v -54 89 -28
v -53 89 -28
v -52 89 -28
v -55 89 -29
v -54 89 -29
v -53 89 -29
v -52 89 -29
v -54 89 -55
v -53 89 -55
v -54 89 -56
v -53 89 -56
v -55 90 49
v -54 90 49
v -53 90 49
v -52 90 49
v -55 90 48
v -54 90 48
v -53 90 48
v -52 90 48
v -55 90 27
v -54 90 27
v -53 90 27
v -52 90 27
v -55 90 26
v -54 90 26
v -53 90 26
v -52 90 26
v -55 90 -29
v -54 90 -29
v -53 90 -29
v -52 90 -29
v -55 90 -30
v -54 90 -30
v -53 90 -30
v -52 90 -30
v -55 90 -51
v -54 90 -51
v -53 90 -51
v -52 90 -51
v -55 90 -52
v -54 90 -52
v -53 90 -52
v -52 90 -52
v -54 91 52
v -53 91 52
v -54 91 51
v -53 91 51
v -55 91 28
v -54 91 28
v -53 91 28
v -52 91 28
v -55 91 27
v -54 91 27
v -53 91 27
v -52 91 27
v -55 91 10
v -54 91 10
v -53 91 10
v -52 91 10
v -55 91 9
v -54 91 9
v -53 91 9
v -52 91 9
v -55 91 -12
v -54 91 -12
v -53 91 -12
v -52 91 -12
v -55 91 -13
v -54 91 -13
v -53 91 -13
v -52 91 -13
v -55 91 -30
v -54 91 -30
v -53 91 -30
v -52 91 -30
v -55 91 -31
v -54 91 -31
v -53 91 -31
v -52 91 -31
v -54 91 -54
v -53 91 -54
v -54 91 -55
v -53 91 -55
v -54 92 51
v -53 92 51
v -54 92 50
v -53 92 50
v -55 92 48
v -54 92 48
v -53 92 48
v -52 92 48
v -55 92 47
v -54 92 47
v -53 92 47
v -52 92 47
v -55 92 29
v -54 92 29
v -53 92 29
v -52 92 29
v -55 92 28
v -54 92 28
v -53 92 28
v -52 92 28
v -55 92 -31
v -54 92 -31
v -53 92 -31
v -52 92 -31
v -55 92 -32
v -54 92 -32
v -53 92 -32
v -52 92 -32
v -55 92 -50
v -54 92 -50
v -53 92 -50
v -52 92 -50
v -55 92 -51
v -54 92 -51
v -53 92 -51
v -52 92 -51
v -54 92 -53
v -53 92 -53
v -54 92 -54
v -53 92 -54
v -55 93 47
v -54 93 47
v -53 93 47
v -52 93 47
v -55 93 46
v -54 93 46
v -53 93 46
v -52 93 46
v -55 93 30
v -54 93 30
v -53 93 30
v -52 93 30
v -55 93 29
v -54 93 29
v -53 93 29
v -52 93 29
v -55 93 11
v -54 93 11
v -53 93 11
v -52 93 11
v -55 93 10
v -54 93 10
v -53 93 10
v -52 93 10
v -55 93 -13
v -54 93 -13
v -53 93 -13
v -52 93 -13
v -55 93 -14
v -54 93 -14
v -53 93 -14
v -52 93 -14
v -55 93 -32
v -54 93 -32
v -53 93 -32
v -52 93 -32
v -55 93 -33
v -54 93 -33
v -53 93 -33
v -52 93 -33
v -55 93 -49
v -54 93 -49
v -53 93 -49
v -52 93 -49
v -55 93 -50
v -54 93 -50
v -53 93 -50
v -52 93 -50
v -54 94 50
v -53 94 50
v -54 94 49
v -53 94 49
v -55 94 31
v -54 94 31
v -53 94 31
v -52 94 31
v -55 94 30
v -54 94 30
v -53 94 30
v -52 94 30
v -55 94 -33
v -54 94 -33
v -53 94 -33
v -52 94 -33
v -55 94 -34
v -54 94 -34
v -53 94 -34
v -52 94 -34
v -54 94 -52
v -53 94 -52
v -54 94 -53
v -53 94 -53
v -55 95 46
v -54 95 46
v -53 95 46
v -52 95 46
v -55 95 45
v -54 95 45
v -53 95 45
v -52 95 45
v -55 95 32
v -54 95 32
v -53 95 32
v -52 95 32
v -55 95 31
v -54 95 31
v -53 95 31
v -52 95 31
v -55 95 12
v -54 95 12
v -53 95 12
v -52 95 12
v -55 95 11
v -54 95 11
v -53 95 11
v -52 95 11
v -55 95 -14
v -54 95 -14
v -53 95 -14
v -52 95 -14
v -55 95 -15
v -54 95 -15
v -53 95 -15
v -52 95 -15
v -55 95 -34
v -54 95 -34
v -53 95 -34
v -52 95 -34
v -55 95 -35
v -54 95 -35
v -53 95 -35
v -52 95 -35
v -55 95 -48
v -54 95 -48
v -53 95 -48
v -52 95 -48
v -55 95 -49
v -54 95 -49
v -53 95 -49
v -52 95 -49
v -54 96 49
v -53 96 49
v -54 96 48
v -53 96 48
v -55 96 45
v -54 96 45
v -53 96 45
v -52 96 45
v -55 96 44
v -54 96 44
v -53 96 44
v -52 96 44
v -55 96 33
v -54 96 33
v -53 96 33
v -52 96 33
v -55 96 32
v -54 96 32
v -53 96 32
v -52 96 32
v -55 96 -35
v -54 96 -35
v -53 96 -35
v -52 96 -35
v -55 96 -36
v -54 96 -36
v -53 96 -36
v -52 96 -36
v -55 96 -47
v -54 96 -47
v -53 96 -47
v -52 96 -47
v -55 96 -48
v -54 96 -48
v -53 96 -48
v -52 96 -48
v -54 96 -51
v -53 96 -51
v -54 96 -52
v -53 96 -52
v -54 97 48
v -53 97 48
v -54 97 47
v -53 97 47
v -55 97 44
v -54 97 44
v -53 97 44
v -52 97 44
v -55 97 43
v -54 97 43
v -53 97 43
v -52 97 43
v -55 97 34
v -54 97 34
v -53 97 34
v -52 97 34
v -55 97 33
v -54 97 33
v -53 97 33
v -52 97 33
v -55 97 13
v -54 97 13
v -53 97 13
v -52 97 13
v -55 97 12
v -54 97 12
v -53 97 12
v -52 97 12
v -55 97 -15
v -54 97 -15
v -53 97 -15
v -52 97 -15
v -55 97 -16
v -54 97 -16
v -53 97 -16
v -52 97 -16
v -55 97 -36
v -54 97 -36
v -53 97 -36
v -52 97 -36
v -55 97 -37
v -54 97 -37
v -53 97 -37
v -52 97 -37
v -55 97 -46
v -54 97 -46
v -53 97 -46
v -52 97 -46
v -55 97 -47
v -54 97 -47
v -53 97 -47
v -52 97 -47
v -54 97 -50
v -53 97 -50
v -54 97 -51
v -53 97 -51
v -54 98 47
v -53 98 47
v -54 98 46
v -53 98 46
v -55 98 35
v -54 98 35
v -53 98 35
v -52 98 35
v -55 98 34
v -54 98 34
v -53 98 34
v -52 98 34
v -55 98 -37
v -54 98 -37
v -53 98 -37
v -52 98 -37
v -55 98 -38
v -54 98 -38
v -53 98 -38
v -52 98 -38
v -54 98 -49
v -53 98 -49
v -54 98 -50
v -53 98 -50
v -55 99 43
v -54 99 43
v -53 99 43
v -52 99 43
v -55 99 42
v -54 99 42
v -53 99 42
v -52 99 42
v -55 99 36
v -54 99 36
v -53 99 36
v -52 99 36
v -55 99 35
v -54 99 35
v -53 99 35
v -52 99 35
v -55 99 14
v -54 99 14
v -53 99 14
v -52 99 14
v -55 99 13
v -54 99 13
v -53 99 13
v -52 99 13
v -55 99 -16
v -54 99 -16
v -53 99 -16
v -52 99 -16
v -55 99 -17
v -54 99 -17
v -53 99 -17
v -52 99 -17
v -55 99 -38
v -54 99 -38
v -53 99 -38
v -52 99 -38
v -55 99 -39
v -54 99 -39
v -53 99 -39
v -52 99 -39
v -55 99 -45
v -54 99 -45
v -53 99 -45
v -52 99 -45
v -55 99 -46
v -54 99 -46
v -53 99 -46
v -52 99 -46
v -54 100 46
v -53 100 46
v -54 100 45
v -53 100 45
v -55 100 42
v -54 100 42
v -53 100 42
v -52 100 42
v -55 100 41
v -54 100 41
v -53 100 41
v -52 100 41
v -55 100 37
v -54 100 37
v -53 100 37
v -52 100 37
v -55 100 36
v -54 100 36
v -53 100 36
v -52 100 36
v -55 100 -39
v -54 100 -39
v -53 100 -39
v -52 100 -39
v -55 100 -40
v -54 100 -40
v -53 100 -40
v -52 100 -40
v -55 100 -44
v -54 100 -44
v -53 100 -44
v -52 100 -44
v -55 100 -45
v -54 100 -45
v -53 100 -45
v -52 100 -45
v -54 100 -48
v -53 100 -48
v -54 100 -49
v -53 100 -49
v -54 101 45
v -53 101 45
v -54 101 44
v -53 101 44
v -55 101 41
v -54 101 41
v -53 101 41
v -52 101 41
v -55 101 40
v -54 101 40
v -53 101 40
v -52 101 40
v -55 101 15
v -54 101 15
v -53 101 15
v -52 101 15
v -55 101 14
v -54 101 14
v -53 101 14
v -52 101 14
v -55 101 -17
v -54 101 -17
v -53 101 -17
v -52 101 -17
v -55 101 -18
v -54 101 -18
v -53 101 -18
v -52 101 -18
v -55 101 -43
v -54 101 -43
v -53 101 -43
v -52 101 -43
v -55 101 -44
v -54 101 -44
v -53 101 -44
v -52 101 -44
v -54 101 -47
v -53 101 -47
v -54 101 -48
v -53 101 -48
v -54 102 44
v -53 102 44
v -54 102 43
v -53 102 43
v -55 102 40
v -54 102 40
v -53 102 40
v -52 102 40
v -55 102 39
v -54 102 39
v -53 102 39
v -52 102 39
v -55 102 -42
v -54 102 -42
v -53 102 -42
v -52 102 -42
v -55 102 -43
v -54 102 -43
v -53 102 -43
v -52 102 -43
v -54 102 -46
v -53 102 -46
v -54 102 -47
v -53 102 -47
v -54 103 43
v -53 103 43
v -54 103 42
v -53 103 42
v -55 103 39
v -54 103 39
v -53 103 39
v -52 103 39
v -55 103 38
v -54 103 38
v -53 103 38
v -52 103 38
v -55 103 16
v -54 103 16
v -53 103 16
v -52 103 16
v -55 103 15
v -54 103 15
v -53 103 15
v -52 103 15
v -55 103 -18
v -54 103 -18
v -53 103 -18
v -52 103 -18
v -55 103 -19
v -54 103 -19
v -53 103 -19
v -52 103 -19
v -55 103 -41
v -54 103 -41
v -53 103 -41
v -52 103 -41
v -55 103 -42
v -54 103 -42
v -53 103 -42
v -52 103 -42
v -54 103 -45
v -53 103 -45
v -54 103 -46
v -53 103 -46
v -54 104 42
v -53 104 42
v -54 104 41
v -53 104 41
v -55 104 38
v -54 104 38
v -53 104 38
v -52 104 38
v -55 104 37
v -54 104 37
v -53 104 37
v -52 104 37
v -55 104 -40
v -54 104 -40
v -53 104 -40
v -52 104 -40
v -55 104 -41
v -54 104 -41
v -53 104 -41
v -52 104 -41
v -54 104 -44
v -53 104 -44
v -54 104 -45
v -53 104 -45
v -54 105 41
v -53 105 41
v -54 105 40
v -53 105 40
v -55 105 37
v -54 105 37
v -53 105 37
v -52 105 37
v -55 105 36
v -54 105 36
v -53 105 36
v -52 105 36
v -55 105 17
v -54 105 17
v -53 105 17
v -52 105 17
v -55 105 16
v -54 105 16
v -53 105 16
v -52 105 16
v -55 105 -19
v -54 105 -19
v -53 105 -19
v -52 105 -19
v -55 105 -20
v -54 105 -20
v -53 105 -20
v -52 105 -20
v -55 105 -39
v -54 105 -39
v -53 105 -39
v -52 105 -39
v -55 105 -40
v -54 105 -40
v -53 105 -40
v -52 105 -40
v -54 105 -43
v -53 105 -43
v -54 105 -44
v -53 105 -44
v -54 106 40
v -53 106 40
v -54 106 39
v -53 106 39
v -55 106 36
v -54 106 36
v -53 106 36
v -52 106 36
v -55 106 34
v -54 106 34
v -53 106 34
v -52 106 34
v -55 106 -37
v -54 106 -37
v -53 106 -37
v -52 106 -37
v -55 106 -39
v -54 106 -39
v -53 106 -39
v -52 106 -39
v -54 106 -42
v -53 106 -42
v -54 106 -43
v -53 106 -43
v -54 107 39
v -53 107 39
v -54 107 38
v -53 107 38
v -55 107 34
v -54 107 34
v -53 107 34
v -52 107 34
v -55 107 33
v -54 107 33
v -53 107 33
v -52 107 33
v -55 107 18
v -54 107 18
v -53 107 18
v -52 107 18
v -55 107 17
v -54 107 17
v -53 107 17
v -52 107 17
v -55 107 -20
v -54 107 -20
v -53 107 -20
v -52 107 -20
v -55 107 -21
v -54 107 -21
v -53 107 -21
v -52 107 -21
v -55 107 -36
v -54 107 -36
v -53 107 -36
v -52 107 -36
v -55 107 -37
v -54 107 -37
v -53 107 -37
v -52 107 -37
v -54 107 -41
v -53 107 -41
v -54 107 -42
v -53 107 -42
v -54 108 38
v -53 108 38
v -54 108 37
v -53 108 37
v -55 108 33
v -54 108 33
v -53 108 33
v -52 108 33
v -55 108 32
v -54 108 32
v -53 108 32
v -52 108 32
v -55 108 -35
v -54 108 -35
v -53 108 -35
v -52 108 -35
v -55 108 -36
v -54 108 -36
v -53 108 -36
v -52 108 -36
v -54 108 -40
v -53 108 -40
v -54 108 -41
v -53 108 -41
v -54 109 37
v -53 109 37
v -54 109 35
v -53 109 35
v -55 109 32
v -54 109 32
v -53 109 32
v -52 109 32
v -55 109 30
v -54 109 30
v -53 109 30
v -52 109 30
v -55 109 19
v -54 109 19
v -53 109 19
v -52 109 19
v -55 109 18
v -54 109 18
v -53 109 18
v -52 109 18
v -55 109 -21
v -54 109 -21
v -53 109 -21
v -52 109 -21
v -55 109 -22
v -54 109 -22
v -53 109 -22
v -52 109 -22
v -55 109 -33
v -54 109 -33
v -53 109 -33
v -52 109 -33
v -55 109 -35
v -54 109 -35
v -53 109 -35
v -52 109 -35
v -54 109 -38
v -53 109 -38
v -54 109 -40
v -53 109 -40
v -54 110 35
v -53 110 35
v -54 110 34
v -53 110 34
v -55 110 30
v -54 110 30
v -53 110 30
v -52 110 30
v -55 110 29
v -54 110 29
v -53 110 29
v -52 110 29
v -55 110 -32
v -54 110 -32
v -53 110 -32
v -52 110 -32
v -55 110 -33
v -54 110 -33
v -53 110 -33
v -52 110 -33
v -54 110 -37
v -53 110 -37
v -54 110 -38
v -53 110 -38
v -54 111 34
v -53 111 34
v -54 111 33
v -53 111 33
v -55 111 29
v -54 111 29
v -53 111 29
v -52 111 29
v -55 111 27
v -54 111 27
v -53 111 27
v -52 111 27
v -55 111 20
v -54 111 20
v -53 111 20
v -52 111 20
v -55 111 19
v -54 111 19
v -53 111 19
v -52 111 19
v -55 111 -22
v -54 111 -22
v -53 111 -22
v -52 111 -22
v -55 111 -23
v -54 111 -23
v -53 111 -23
v -52 111 -23
v -55 111 -30
v -54 111 -30
v -53 111 -30
v -52 111 -30
v -55 111 -32
v -54 111 -32
v -53 111 -32
v -52 111 -32
v -54 111 -36
v -53 111 -36
v -54 111 -37
v -53 111 -37
v -54 112 33
v -53 112 33
v -54 112 31
v -53 112 31
v -55 112 27
v -54 112 27
v -53 112 27
v -52 112 27
v -55 112 25
v -54 112 25
v -53 112 25
v -52 112 25
v -55 112 -28
v -54 112 -28
v -53 112 -28
v -52 112 -28
v -55 112 -30
v -54 112 -30
v -53 112 -30
v -52 112 -30
v -54 112 -34
v -53 112 -34
v -54 112 -36
v -53 112 -36
v -54 113 31
v -53 113 31
v -54 113 29
v -53 113 29
v -55 113 25
v -54 113 25
v -53 113 25
v -52 113 25
v -55 113 23
v -54 113 23
v -53 113 23
v -52 113 23
v -55 113 -26
v -54 113 -26
v -53 113 -26
v -52 113 -26
v -55 113 -28
v -54 113 -28
v -53 113 -28
v -52 113 -28
v -54 113 -32
v -53 113 -32
v -54 113 -34
v -53 113 -34
v -54 114 29
v -53 114 29
v -54 114 28
v -53 114 28
v -55 114 23
v -54 114 23
v -53 114 23
v -52 114 23
v -55 114 21
v -54 114 21
v -53 114 21
v -52 114 21
v -55 114 -24
v -54 114 -24
v -53 114 -24
v -52 114 -24
v -55 114 -26
v -54 114 -26
v -53 114 -26
v -52 114 -26
v -54 114 -31
v -53 114 -31
v -54 114 -32
v -53 114 -32
v -54 115 28
v -53 115 28
v -54 115 26
v -53 115 26
v -55 115 21
v -54 115 21
v -53 115 21
v -52 115 21
v -55 115 18
v -54 115 18
v -53 115 18
v -52 115 18
v -55 115 -21
v -54 115 -21
v -53 115 -21
v -52 115 -21
v -55 115 -24
v -54 115 -24
v -53 115 -24
v -52 115 -24
v -54 115 -29
v -53 115 -29
v -54 115 -31
v -53 115 -31
v -54 116 26
v -53 116 26
v -54 116 24
v -53 116 24
v -55 116 18
v -54 116 18
v -53 116 18
v -52 116 18
v -55 116 15
v -54 116 15
v -53 116 15
v -52 116 15
v -55 116 -18
v -54 116 -18
v -53 116 -18
v -52 116 -18
v -55 116 -21
v -54 116 -21
v -53 116 -21
v -52 116 -21
v -54 116 -27
v -53 116 -27
v -54 116 -29
v -53 116 -29
v -54 117 24
v -53 117 24
v -54 117 21
v -53 117 21
v -55 117 15
v -54 117 15
v -53 117 15
v -52 117 15
v -55 117 12
v -54 117 12
v -53 117 12
v -52 117 12
v -55 117 -15
v -54 117 -15
v -53 117 -15
v -52 117 -15
v -55 117 -18
v -54 117 -18
v -53 117 -18
v -52 117 -18
v -54 117 -24
v -53 117 -24
v -54 117 -27
v -53 117 -27
v -54 118 21
v -53 118 21
v -54 118 19
v -53 118 19
v -55 118 12
v -54 118 12
v -53 118 12
v -52 118 12
v -55 118 6
v -54 118 6
v -53 118 6
v -52 118 6
v -55 118 -9
v -54 118 -9
v -53 118 -9
v -52 118 -9
v -55 118 -15
v -54 118 -15
v -53 118 -15
v -52 118 -15
v -54 118 -22
v -53 118 -22
v -54 118 -24
v -53 118 -24
v -54 119 19
v -53 119 19
v -54 119 16
v -53 119 16
v -55 119 6
v -54 119 6
v -53 119 6
v -52 119 6
v -55 119 -9
v -54 119 -9
v -53 119 -9
v -52 119 -9
v -54 119 -19
v -53 119 -19
v -54 119 -22
v -53 119 -22
v -54 120 16
v -53 120 16
v -54 120 12
v -53 120 12
v -54 120 -15
v -53 120 -15
v -54 120 -19
v -53 120 -19
v -54 121 12
v -53 121 12
v -54 121 6
v -53 121 6
v -54 121 -9
v -53 121 -9
v -54 121 -15
v -53 121 -15
v -54 122 6
v -53 122 6
v -54 122 -9
v -53 122 -9

# faces
f 3/3/1 2/3/1 1/3/1
f 4/3/1 2/3/1 3/3/1
f 7/10/1 6/10/1 5/10/1
f 8/10/1 6/10/1 7/10/1
f 9/10/1 7/10/1 5/10/1
f 10/10/1 6/10/1 8/10/1
f 11/10/1 9/10/1 5/10/1
f 11/10/1 10/10/1 9/10/1
f 12/10/1 6/10/1 10/10/1
f 12/10/1 10/10/1 11/10/1
f 15/10/1 14/10/1 13/10/1
f 16/10/1 14/10/1 15/10/1
f 21/10/1 18/10/1 17/10/1
f 22/10/1 18/10/1 21/10/1
f 23/10/1 20/10/1 19/10/1
f 24/10/1 20/10/1 23/10/1
f 27/10/1 26/10/1 25/10/1
f 28/10/1 26/10/1 27/10/1
f 34/10/1 30/10/1 29/10/1
f 35/10/1 30/10/1 34/10/1
f 36/10/1 32/10/1 31/10/1
f 37/10/1 32/10/1 36/10/1
f 39/10/1 34/10/1 33/10/1
f 40/10/1 34/10/1 39/10/1
f 41/10/1 38/10/1 37/10/1
f 42/10/1 38/10/1 41/10/1
f 47/10/1 44/10/1 43/10/1
f 48/10/1 44/10/1 47/10/1
f 51/10/1 46/10/1 45/10/1
f 52/10/1 46/10/1 51/10/1
f 53/10/1 49/10/1 48/10/1
f 54/10/1 49/10/1 53/10/1
f 55/10/1 51/10/1 50/10/1
f 56/10/1 51/10/1 55/10/1
f 60/4/1 58/4/1 57/4/1
f 61/4/1 58/4/1 60/4/1
f 64/4/1 60/4/1 59/4/1
f 64/4/1 62/4/1 61/4/1
f 64/4/1 61/4/1 60/4/1
f 65/4/1 62/4/1 64/4/1
f 66/4/1 62/4/1 65/4/1
f 67/4/1 62/4/1 66/4/1
f 68/4/1 62/4/1 67/4/1
f 69/4/1 62/4/1 68/4/1
f 72/4/1 64/4/1 63/4/1
f 72/4/1 65/4/1 64/4/1
f 73/4/1 65/4/1 72/4/1
f 74/4/1 65/4/1 73/4/1
f 75/4/1 69/4/1 68/4/1
f 75/4/1 70/4/1 69/4/1
f 76/4/1 70/4/1 75/4/1
f 77/4/1 70/4/1 76/4/1
f 80/4/1 73/4/1 72/4/1
f 80/4/1 72/4/1 71/4/1
f 81/4/1 73/4/1 80/4/1
f 82/4/1 73/4/1 81/4/1
f 83/4/1 78/4/1 77/4/1
f 83/4/1 77/4/1 76/4/1
f 84/4/1 78/4/1 83/4/1
f 85/4/1 78/4/1 84/4/1
f 88/4/1 81/4/1 80/4/1
f 88/4/1 80/4/1 79/4/1
f 89/4/1 81/4/1 88/4/1
f 90/4/1 81/4/1 89/4/1
f 91/4/1 86/4/1 85/4/1
f 91/4/1 85/4/1 84/4/1
f 92/4/1 86/4/1 91/4/1
f 93/4/1 86/4/1 92/4/1
f 96/4/1 89/4/1 88/4/1
f 96/4/1 88/4/1 87/4/1
f 97/4/1 89/4/1 96/4/1
f 98/4/1 89/4/1 97/4/1
f 99/4/1 94/4/1 93/4/1
f 99/4/1 93/4/1 92/4/1
f 100/4/1 94/4/1 99/4/1
f 101/4/1 94/4/1 100/4/1
f 104/4/1 97/4/1 96/4/1
f 104/4/1 96/4/1 95/4/1
f 105/4/1 97/4/1 104/4/1
f 106/4/1 97/4/1 105/4/1
f 107/4/1 102/4/1 101/4/1
f 107/4/1 101/4/1 100/4/1
f 108/4/1 102/4/1 107/4/1
f 109/4/1 102/4/1 108/4/1
f 112/4/1 104/4/1 103/4/1
f 112/4/1 105/4/1 104/4/1
f 113/4/1 105/4/1 112/4/1
f 114/4/1 105/4/1 113/4/1
f 115/4/1 97/4/1 106/4/1
f 116/4/1 97/4/1 115/4/1
f 119/4/1 107/4/1 100/4/1
f 120/4/1 107/4/1 119/4/1
f 121/4/1 110/4/1 109/4/1
f 121/4/1 109/4/1 108/4/1
f 122/4/1 110/4/1 121/4/1
f 123/4/1 110/4/1 122/4/1
f 126/4/1 112/4/1 111/4/1
f 126/4/1 113/4/1 112/4/1
f 127/4/1 113/4/1 126/4/1
f 128/4/1 113/4/1 127/4/1
f 129/4/1 124/4/1 123/4/1
f 129/4/1 123/4/1 122/4/1
f 130/4/1 124/4/1 129/4/1
f 131/4/1 124/4/1 130/4/1
f 134/4/1 127/4/1 126/4/1
f 134/4/1 126/4/1 125/4/1
f 135/4/1 127/4/1 134/4/1
f 136/4/1 127/4/1 135/4/1
f 137/4/1 117/4/1 116/4/1
f 138/4/1 117/4/1 137/4/1
f 141/4/1 119/4/1 118/4/1
f 142/4/1 119/4/1 141/4/1
f 143/4/1 132/4/1 131/4/1
f 143/4/1 131/4/1 130/4/1
f 144/4/1 132/4/1 143/4/1
f 145/4/1 132/4/1 144/4/1
f 148/4/1 134/4/1 133/4/1
f 148/4/1 135/4/1 134/4/1
f 149/4/1 135/4/1 148/4/1
f 150/4/1 135/4/1 149/4/1
f 151/4/1 146/4/1 145/4/1
f 151/4/1 145/4/1 144/4/1
f 152/4/1 146/4/1 151/4/1
f 153/4/1 146/4/1 152/4/1
f 156/4/1 149/4/1 148/4/1
f 156/4/1 148/4/1 147/4/1
f 157/4/1 149/4/1 156/4/1
f 158/4/1 149/4/1 157/4/1
f 159/4/1 139/4/1 138/4/1
f 160/4/1 139/4/1 159/4/1
f 163/4/1 141/4/1 140/4/1
f 164/4/1 141/4/1 163/4/1
f 165/4/1 154/4/1 153/4/1
f 165/4/1 153/4/1 152/4/1
f 166/4/1 154/4/1 165/4/1
f 167/4/1 154/4/1 166/4/1
f 170/4/1 156/4/1 155/4/1
f 170/4/1 157/4/1 156/4/1
f 171/4/1 157/4/1 170/4/1
f 172/4/1 157/4/1 171/4/1
f 173/4/1 168/4/1 167/4/1
f 173/4/1 167/4/1 166/4/1
f 174/4/1 168/4/1 173/4/1
f 175/4/1 168/4/1 174/4/1
f 178/4/1 171/4/1 170/4/1
f 178/4/1 170/4/1 169/4/1
f 179/4/1 171/4/1 178/4/1
f 180/4/1 171/4/1 179/4/1
f 181/4/1 161/4/1 160/4/1
f 182/4/1 161/4/1 181/4/1
f 185/4/1 163/4/1 162/4/1
f 186/4/1 163/4/1 185/4/1
f 187/4/1 176/4/1 175/4/1
f 187/4/1 175/4/1 174/4/1
f 188/4/1 176/4/1 187/4/1
f 189/4/1 176/4/1 188/4/1
f 192/4/1 178/4/1 177/4/1
f 192/4/1 179/4/1 178/4/1
f 193/4/1 179/4/1 192/4/1
f 194/4/1 179/4/1 193/4/1
f 195/4/1 190/4/1 189/4/1
f 195/4/1 189/4/1 188/4/1
f 196/4/1 190/4/1 195/4/1
f 197/4/1 190/4/1 196/4/1
f 200/4/1 193/4/1 192/4/1
f 200/4/1 192/4/1 191/4/1
f 201/4/1 193/4/1 200/4/1
f 202/4/1 193/4/1 201/4/1
f 203/4/1 183/4/1 182/4/1
f 204/4/1 183/4/1 203/4/1
f 207/4/1 185/4/1 184/4/1
f 208/4/1 185/4/1 207/4/1
f 209/4/1 198/4/1 197/4/1
f 209/4/1 197/4/1 196/4/1
f 210/4/1 198/4/1 209/4/1
f 211/4/1 198/4/1 210/4/1
f 214/4/1 200/4/1 199/4/1
f 214/4/1 201/4/1 200/4/1
f 215/4/1 201/4/1 214/4/1
f 216/4/1 201/4/1 215/4/1
f 217/4/1 212/4/1 211/4/1
f 217/4/1 211/4/1 210/4/1
f 218/4/1 212/4/1 217/4/1
f 219/4/1 212/4/1 218/4/1
f 222/4/1 215/4/1 214/4/1
f 222/4/1 214/4/1 213/4/1
f 223/4/1 205/4/1 204/4/1
f 224/4/1 205/4/1 223/4/1
f 227/4/1 207/4/1 206/4/1
f 228/4/1 207/4/1 227/4/1
f 229/4/1 220/4/1 219/4/1
f 229/4/1 219/4/1 218/4/1
f 232/4/1 222/4/1 221/4/1
f 233/4/1 215/4/1 222/4/1
f 233/4/1 222/4/1 232/4/1
f 234/4/1 215/4/1 233/4/1
f 237/4/1 230/4/1 229/4/1
f 237/4/1 229/4/1 218/4/1
f 238/4/1 230/4/1 237/4/1
f 239/4/1 230/4/1 238/4/1
f 242/4/1 232/4/1 231/4/1
f 242/4/1 233/4/1 232/4/1
f 243/4/1 233/4/1 242/4/1
f 244/4/1 233/4/1 243/4/1
f 245/4/1 235/4/1 234/4/1
f 246/4/1 235/4/1 245/4/1
f 248/4/1 225/4/1 224/4/1
f 249/4/1 225/4/1 248/4/1
f 252/4/1 227/4/1 226/4/1
f 253/4/1 227/4/1 252/4/1
f 255/4/1 237/4/1 236/4/1
f 256/4/1 237/4/1 255/4/1
f 257/4/1 239/4/1 238/4/1
f 257/4/1 240/4/1 239/4/1
f 258/4/1 240/4/1 257/4/1
f 259/4/1 240/4/1 258/4/1
f 261/4/1 242/4/1 241/4/1
f 261/4/1 243/4/1 242/4/1
f 262/4/1 243/4/1 261/4/1
f 263/4/1 247/4/1 246/4/1
f 264/4/1 247/4/1 263/4/1
f 267/4/1 255/4/1 254/4/1
f 268/4/1 255/4/1 267/4/1
f 269/4/1 260/4/1 259/4/1
f 269/4/1 259/4/1 258/4/1
f 270/4/1 260/4/1 269/4/1
f 272/4/1 261/4/1 241/4/1
f 273/4/1 261/4/1 272/4/1
f 274/4/1 261/4/1 273/4/1
f 275/4/1 265/4/1 264/4/1
f 276/4/1 265/4/1 275/4/1
f 278/4/1 250/4/1 249/4/1
f 279/4/1 250/4/1 278/4/1
f 282/4/1 252/4/1 251/4/1
f 283/4/1 252/4/1 282/4/1
f 285/4/1 267/4/1 266/4/1
f 286/4/1 267/4/1 285/4/1
f 287/4/1 260/4/1 270/4/1
f 288/4/1 260/4/1 287/4/1
f 289/4/1 260/4/1 288/4/1
f 292/4/1 272/4/1 271/4/1
f 292/4/1 273/4/1 272/4/1
f 293/4/1 277/4/1 276/4/1
f 294/4/1 277/4/1 293/4/1
f 297/4/1 285/4/1 284/4/1
f 298/4/1 285/4/1 297/4/1
f 299/4/1 290/4/1 289/4/1
f 299/4/1 289/4/1 288/4/1
f 302/4/1 292/4/1 291/4/1
f 303/4/1 273/4/1 292/4/1
f 303/4/1 292/4/1 302/4/1
f 304/4/1 273/4/1 303/4/1
f 305/4/1 295/4/1 294/4/1
f 306/4/1 295/4/1 305/4/1
f 308/4/1 280/4/1 279/4/1
f 309/4/1 280/4/1 308/4/1
f 312/4/1 282/4/1 281/4/1
f 313/4/1 282/4/1 312/4/1
f 315/4/1 297/4/1 296/4/1
f 316/4/1 297/4/1 315/4/1
f 317/4/1 300/4/1 299/4/1
f 317/4/1 299/4/1 288/4/1
f 318/4/1 300/4/1 317/4/1
f 319/4/1 300/4/1 318/4/1
f 321/4/1 302/4/1 301/4/1
f 321/4/1 303/4/1 302/4/1
f 322/4/1 303/4/1 321/4/1
f 323/4/1 307/4/1 306/4/1
f 324/4/1 307/4/1 323/4/1
f 327/4/1 315/4/1 314/4/1
f 328/4/1 315/4/1 327/4/1
f 329/4/1 320/4/1 319/4/1
f 329/4/1 319/4/1 318/4/1
f 330/4/1 320/4/1 329/4/1
f 332/4/1 321/4/1 301/4/1
f 333/4/1 321/4/1 332/4/1
f 334/4/1 321/4/1 333/4/1
f 335/4/1 325/4/1 324/4/1
f 336/4/1 325/4/1 335/4/1
f 338/4/1 310/4/1 309/4/1
f 339/4/1 310/4/1 338/4/1
f 342/4/1 312/4/1 311/4/1
f 343/4/1 312/4/1 342/4/1
f 345/4/1 327/4/1 326/4/1
f 346/4/1 327/4/1 345/4/1
f 347/4/1 320/4/1 330/4/1
f 348/4/1 320/4/1 347/4/1
f 349/4/1 320/4/1 348/4/1
f 352/4/1 332/4/1 331/4/1
f 352/4/1 333/4/1 332/4/1
f 353/4/1 337/4/1 336/4/1
f 354/4/1 337/4/1 353/4/1
f 357/4/1 345/4/1 344/4/1
f 358/4/1 345/4/1 357/4/1
f 359/4/1 350/4/1 349/4/1
f 359/4/1 349/4/1 348/4/1
f 361/4/1 352/4/1 351/4/1
f 361/4/1 333/4/1 352/4/1
f 362/4/1 333/4/1 361/4/1
f 363/4/1 355/4/1 354/4/1
f 364/4/1 355/4/1 363/4/1
f 366/4/1 340/4/1 339/4/1
f 367/4/1 340/4/1 366/4/1
f 370/4/1 342/4/1 341/4/1
f 371/4/1 342/4/1 370/4/1
f 373/4/1 357/4/1 356/4/1
f 374/4/1 357/4/1 373/4/1
f 375/4/1 360/4/1 359/4/1
f 375/4/1 359/4/1 348/4/1
f 376/4/1 360/4/1 375/4/1
f 378/4/1 361/4/1 351/4/1
f 379/4/1 365/4/1 364/4/1
f 380/4/1 365/4/1 379/4/1
f 383/4/1 373/4/1 372/4/1
f 384/4/1 373/4/1 383/4/1
f 385/4/1 360/4/1 376/4/1
f 387/4/1 378/4/1 377/4/1
f 387/4/1 361/4/1 378/4/1
f 388/4/1 361/4/1 387/4/1
f 389/4/1 381/4/1 380/4/1
f 390/4/1 381/4/1 389/4/1
f 392/4/1 368/4/1 367/4/1
f 393/4/1 368/4/1 392/4/1
f 396/4/1 370/4/1 369/4/1
f 397/4/1 370/4/1 396/4/1
f 399/4/1 383/4/1 382/4/1
f 400/4/1 383/4/1 399/4/1
f 401/4/1 386/4/1 385/4/1
f 401/4/1 385/4/1 376/4/1
f 402/4/1 386/4/1 401/4/1
f 404/4/1 387/4/1 377/4/1
f 405/4/1 387/4/1 404/4/1
f 406/4/1 387/4/1 405/4/1
f 407/4/1 391/4/1 390/4/1
f 408/4/1 391/4/1 407/4/1
f 411/4/1 67/4/1 66/4/1
f 412/4/1 67/4/1 411/4/1
f 415/4/1 399/4/1 398/4/1
f 416/4/1 399/4/1 415/4/1
f 417/4/1 386/4/1 402/4/1
f 418/4/1 386/4/1 417/4/1
f 419/4/1 386/4/1 418/4/1
f 421/4/1 409/4/1 408/4/1
f 422/4/1 409/4/1 421/4/1
f 424/4/1 394/4/1 393/4/1
f 425/4/1 394/4/1 424/4/1
f 426/4/1 413/4/1 412/4/1
f 426/4/1 411/4/1 410/4/1
f 426/4/1 412/4/1 411/4/1
f 427/4/1 413/4/1 426/4/1
f 428/4/1 396/4/1 395/4/1
f 429/4/1 396/4/1 428/4/1
f 431/4/1 415/4/1 414/4/1
f 432/4/1 415/4/1 431/4/1
f 434/4/1 404/4/1 403/4/1
f 434/4/1 405/4/1 404/4/1
f 435/4/1 405/4/1 434/4/1
f 436/4/1 405/4/1 435/4/1
f 437/4/1 423/4/1 422/4/1
f 438/4/1 423/4/1 437/4/1
f 441/4/1 427/4/1 426/4/1
f 441/4/1 428/4/1 427/4/1
f 441/4/1 426/4/1 425/4/1
f 442/4/1 428/4/1 441/4/1
f 443/4/1 428/4/1 442/4/1
f 444/4/1 428/4/1 443/4/1
f 447/4/1 431/4/1 430/4/1
f 448/4/1 431/4/1 447/4/1
f 449/4/1 420/4/1 419/4/1
f 449/4/1 419/4/1 418/4/1
f 450/4/1 420/4/1 449/4/1
f 451/4/1 420/4/1 450/4/1
f 453/4/1 439/4/1 438/4/1
f 454/4/1 439/4/1 453/4/1
f 457/4/1 441/4/1 440/4/1
f 457/4/1 442/4/1 441/4/1
f 458/4/1 442/4/1 457/4/1
f 459/4/1 442/4/1 458/4/1
f 460/4/1 444/4/1 443/4/1
f 460/4/1 445/4/1 444/4/1
f 461/4/1 445/4/1 460/4/1
f 462/4/1 445/4/1 461/4/1
f 465/4/1 447/4/1 446/4/1
f 466/4/1 447/4/1 465/4/1
f 468/4/1 434/4/1 433/4/1
f 468/4/1 435/4/1 434/4/1
f 469/4/1 435/4/1 468/4/1
f 471/4/1 455/4/1 454/4/1
f 472/4/1 455/4/1 471/4/1
f 475/4/1 458/4/1 457/4/1
f 475/4/1 457/4/1 456/4/1
f 476/4/1 463/4/1 462/4/1
f 476/4/1 462/4/1 461/4/1
f 479/4/1 465/4/1 464/4/1
f 480/4/1 465/4/1 479/4/1
f 482/4/1 452/4/1 451/4/1
f 482/4/1 451/4/1 450/4/1
f 483/4/1 452/4/1 482/4/1
f 485/4/1 470/4/1 469/4/1
f 485/4/1 468/4/1 467/4/1
f 485/4/1 469/4/1 468/4/1
f 486/4/1 470/4/1 485/4/1
f 488/4/1 473/4/1 472/4/1
f 489/4/1 473/4/1 488/4/1
f 492/4/1 475/4/1 474/4/1
f 493/4/1 458/4/1 475/4/1
f 493/4/1 475/4/1 492/4/1
f 494/4/1 458/4/1 493/4/1
f 495/4/1 477/4/1 476/4/1
f 495/4/1 476/4/1 461/4/1
f 496/4/1 477/4/1 495/4/1
f 497/4/1 477/4/1 496/4/1
f 500/4/1 479/4/1 478/4/1
f 501/4/1 479/4/1 500/4/1
f 503/4/1 484/4/1 483/4/1
f 503/4/1 483/4/1 482/4/1
f 503/4/1 482/4/1 481/4/1
f 504/4/1 484/4/1 503/4/1
f 505/4/1 487/4/1 486/4/1
f 506/4/1 487/4/1 505/4/1
f 508/4/1 490/4/1 489/4/1
f 509/4/1 490/4/1 508/4/1
f 512/4/1 492/4/1 491/4/1
f 512/4/1 493/4/1 492/4/1
f 513/4/1 493/4/1 512/4/1
f 514/4/1 493/4/1 513/4/1
f 515/4/1 498/4/1 497/4/1
f 515/4/1 497/4/1 496/4/1
f 516/4/1 498/4/1 515/4/1
f 517/4/1 498/4/1 516/4/1
f 520/4/1 500/4/1 499/4/1
f 521/4/1 500/4/1 520/4/1
f 523/4/1 503/4/1 502/4/1
f 524/4/1 503/4/1 523/4/1
f 526/4/1 485/4/1 467/4/1
f 527/4/1 485/4/1 526/4/1
f 528/4/1 485/4/1 527/4/1
f 529/4/1 507/4/1 506/4/1
f 530/4/1 507/4/1 529/4/1
f 532/4/1 510/4/1 509/4/1
f 533/4/1 510/4/1 532/4/1
f 534/4/1 513/4/1 512/4/1
f 534/4/1 512/4/1 511/4/1
f 535/4/1 513/4/1 534/4/1
f 536/4/1 513/4/1 535/4/1
f 537/4/1 518/4/1 517/4/1
f 537/4/1 517/4/1 516/4/1
f 538/4/1 518/4/1 537/4/1
f 539/4/1 518/4/1 538/4/1
f 540/4/1 520/4/1 519/4/1
f 541/4/1 520/4/1 540/4/1
f 543/4/1 523/4/1 522/4/1
f 544/4/1 523/4/1 543/4/1
f 545/4/1 484/4/1 504/4/1
f 546/4/1 484/4/1 545/4/1
f 547/4/1 484/4/1 546/4/1
f 549/4/1 531/4/1 530/4/1
f 550/4/1 531/4/1 549/4/1
f 552/4/1 535/4/1 534/4/1
f 552/4/1 534/4/1 533/4/1
f 553/4/1 535/4/1 552/4/1
f 554/4/1 540/4/1 539/4/1
f 554/4/1 539/4/1 538/4/1
f 555/4/1 540/4/1 554/4/1
f 557/4/1 543/4/1 542/4/1
f 558/4/1 543/4/1 557/4/1
f 559/4/1 551/4/1 550/4/1
f 560/4/1 551/4/1 559/4/1
f 563/4/1 552/4/1 533/4/1
f 564/4/1 552/4/1 563/4/1
f 565/4/1 552/4/1 564/4/1
f 566/4/1 540/4/1 555/4/1
f 567/4/1 540/4/1 566/4/1
f 568/4/1 540/4/1 567/4/1
f 571/4/1 557/4/1 556/4/1
f 572/4/1 557/4/1 571/4/1
f 574/4/1 526/4/1 525/4/1
f 574/4/1 527/4/1 526/4/1
f 575/4/1 527/4/1 574/4/1
f 576/4/1 527/4/1 575/4/1
f 577/4/1 561/4/1 560/4/1
f 578/4/1 561/4/1 577/4/1
f 581/4/1 563/4/1 562/4/1
f 581/4/1 564/4/1 563/4/1
f 582/4/1 564/4/1 581/4/1
f 583/4/1 564/4/1 582/4/1
f 584/4/1 569/4/1 568/4/1
f 584/4/1 568/4/1 567/4/1
f 585/4/1 569/4/1 584/4/1
f 586/4/1 569/4/1 585/4/1
f 589/4/1 571/4/1 570/4/1
f 590/4/1 571/4/1 589/4/1
f 591/4/1 548/4/1 547/4/1
f 591/4/1 547/4/1 546/4/1
f 592/4/1 548/4/1 591/4/1
f 593/4/1 548/4/1 592/4/1
f 595/4/1 579/4/1 578/4/1
f 596/4/1 579/4/1 595/4/1
f 598/4/1 582/4/1 581/4/1
f 598/4/1 581/4/1 580/4/1
f 599/4/1 582/4/1 598/4/1
f 602/4/1 586/4/1 585/4/1
f 602/4/1 587/4/1 586/4/1
f 603/4/1 587/4/1 602/4/1
f 605/4/1 589/4/1 588/4/1
f 606/4/1 589/4/1 605/4/1
f 607/4/1 597/4/1 596/4/1
f 608/4/1 597/4/1 607/4/1
f 611/4/1 598/4/1 580/4/1
f 612/4/1 598/4/1 611/4/1
f 613/4/1 598/4/1 612/4/1
f 615/10/1 601/10/1 600/10/1
f 616/10/1 601/10/1 615/10/1
f 617/10/1 601/10/1 616/10/1
f 618/10/1 601/10/1 617/10/1
f 620/4/1 587/4/1 603/4/1
f 621/4/1 587/4/1 620/4/1
f 622/4/1 587/4/1 621/4/1
f 625/4/1 605/4/1 604/4/1
f 626/4/1 605/4/1 625/4/1
f 628/4/1 574/4/1 573/4/1
f 628/4/1 575/4/1 574/4/1
f 629/4/1 609/4/1 608/4/1
f 630/4/1 609/4/1 629/4/1
f 633/4/1 611/4/1 610/4/1
f 633/4/1 612/4/1 611/4/1
f 635/10/1 615/10/1 614/10/1
f 635/10/1 616/10/1 615/10/1
f 636/10/1 619/10/1 618/10/1
f 636/10/1 618/10/1 617/10/1
f 638/4/1 623/4/1 622/4/1
f 638/4/1 622/4/1 621/4/1
f 641/4/1 625/4/1 624/4/1
f 642/4/1 625/4/1 641/4/1
f 643/4/1 594/4/1 593/4/1
f 643/4/1 593/4/1 592/4/1
f 645/4/1 628/4/1 627/4/1
f 645/4/1 575/4/1 628/4/1
f 646/4/1 575/4/1 645/4/1
f 647/4/1 631/4/1 630/4/1
f 648/4/1 631/4/1 647/4/1
f 650/4/1 633/4/1 632/4/1
f 650/4/1 612/4/1 633/4/1
f 651/4/1 612/4/1 650/4/1
f 653/10/1 635/10/1 634/10/1
f 654/10/1 616/10/1 635/10/1
f 654/10/1 635/10/1 653/10/1
f 655/10/1 637/10/1 636/10/1
f 655/10/1 636/10/1 617/10/1
f 656/10/1 637/10/1 655/10/1
f 658/4/1 638/4/1 621/4/1
f 658/4/1 639/4/1 638/4/1
f 659/4/1 639/4/1 658/4/1
f 661/4/1 641/4/1 640/4/1
f 662/4/1 641/4/1 661/4/1
f 663/4/1 644/4/1 643/4/1
f 663/4/1 643/4/1 592/4/1
f 664/4/1 644/4/1 663/4/1
f 665/4/1 649/4/1 648/4/1
f 666/4/1 649/4/1 665/4/1
f 669/4/1 650/4/1 632/4/1
f 671/10/1 657/10/1 656/10/1
f 671/10/1 654/10/1 653/10/1
f 671/10/1 656/10/1 655/10/1
f 671/10/1 655/10/1 654/10/1
f 671/10/1 653/10/1 652/10/1
f 672/10/1 657/10/1 671/10/1
f 673/10/1 657/10/1 672/10/1
f 674/10/1 657/10/1 673/10/1
f 675/10/1 657/10/1 674/10/1
f 676/10/1 657/10/1 675/10/1
f 677/10/1 657/10/1 676/10/1
f 678/10/1 657/10/1 677/10/1
f 680/4/1 639/4/1 659/4/1
f 683/4/1 661/4/1 660/4/1
f 684/4/1 661/4/1 683/4/1
f 685/4/1 667/4/1 666/4/1
f 686/4/1 667/4/1 685/4/1
f 688/4/1 669/4/1 668/4/1
f 688/4/1 650/4/1 669/4/1
f 689/4/1 650/4/1 688/4/1
f 691/10/1 671/10/1 670/10/1
f 691/10/1 672/10/1 671/10/1
f 692/10/1 672/10/1 691/10/1
f 693/10/1 672/10/1 692/10/1
f 694/10/1 674/10/1 673/10/1
f 695/10/1 674/10/1 694/10/1
f 696/10/1 674/10/1 695/10/1
f 697/10/1 674/10/1 696/10/1
f 698/10/1 676/10/1 675/10/1
f 699/10/1 676/10/1 698/10/1
f 700/10/1 676/10/1 699/10/1
f 701/10/1 676/10/1 700/10/1
f 702/10/1 679/10/1 678/10/1
f 702/10/1 678/10/1 677/10/1
f 703/10/1 679/10/1 702/10/1
f 704/10/1 679/10/1 703/10/1
f 706/4/1 681/4/1 680/4/1
f 706/4/1 680/4/1 659/4/1
f 707/4/1 681/4/1 706/4/1
f 709/4/1 683/4/1 682/4/1
f 710/4/1 683/4/1 709/4/1
f 711/4/1 687/4/1 686/4/1
f 712/4/1 687/4/1 711/4/1
f 713/4/1 688/4/1 668/4/1
f 714/4/1 688/4/1 713/4/1
f 715/4/1 688/4/1 714/4/1
f 716/10/1 691/10/1 690/10/1
f 716/10/1 692/10/1 691/10/1
f 717/10/1 692/10/1 716/10/1
f 719/10/1 696/10/1 695/10/1
f 720/10/1 696/10/1 719/10/1
f 721/10/1 696/10/1 720/10/1
f 722/10/1 700/10/1 699/10/1
f 723/10/1 700/10/1 722/10/1
f 724/10/1 700/10/1 723/10/1
f 726/10/1 705/10/1 704/10/1
f 726/10/1 704/10/1 703/10/1
f 727/10/1 705/10/1 726/10/1
f 728/4/1 681/4/1 707/4/1
f 729/4/1 681/4/1 728/4/1
f 730/4/1 681/4/1 729/4/1
f 731/4/1 709/4/1 708/4/1
f 732/4/1 709/4/1 731/4/1
f 734/10/1 716/10/1 690/10/1
f 735/10/1 716/10/1 734/10/1
f 738/10/1 719/10/1 718/10/1
f 738/10/1 720/10/1 719/10/1
f 739/10/1 720/10/1 738/10/1
f 740/10/1 720/10/1 739/10/1
f 741/10/1 725/10/1 724/10/1
f 741/10/1 724/10/1 723/10/1
f 742/10/1 725/10/1 741/10/1
f 743/10/1 725/10/1 742/10/1
f 746/10/1 705/10/1 727/10/1
f 747/10/1 705/10/1 746/10/1
f 750/4/1 645/4/1 627/4/1
f 751/4/1 645/4/1 750/4/1
f 752/4/1 645/4/1 751/4/1
f 753/10/1 736/10/1 735/10/1
f 753/10/1 735/10/1 734/10/1
f 753/10/1 734/10/1 733/10/1
f 754/10/1 739/10/1 738/10/1
f 754/10/1 738/10/1 737/10/1
f 755/10/1 739/10/1 754/10/1
f 756/10/1 739/10/1 755/10/1
f 757/10/1 744/10/1 743/10/1
f 757/10/1 743/10/1 742/10/1
f 758/10/1 744/10/1 757/10/1
f 759/10/1 744/10/1 758/10/1
f 760/10/1 748/10/1 747/10/1
f 760/10/1 746/10/1 745/10/1
f 760/10/1 747/10/1 746/10/1
f 761/4/1 644/4/1 664/4/1
f 762/4/1 644/4/1 761/4/1
f 763/4/1 644/4/1 762/4/1
f 766/10/1 754/10/1 753/10/1
f 766/10/1 753/10/1 733/10/1
f 766/10/1 755/10/1 754/10/1
f 767/10/1 755/10/1 766/10/1
f 768/10/1 755/10/1 767/10/1
f 769/10/1 760/10/1 759/10/1
f 769/10/1 759/10/1 758/10/1
f 770/10/1 760/10/1 769/10/1
f 771/10/1 748/10/1 760/10/1
f 771/10/1 760/10/1 770/10/1
f 774/4/1 714/4/1 713/4/1
f 774/4/1 713/4/1 712/4/1
f 775/10/1 767/10/1 766/10/1
f 775/10/1 766/10/1 765/10/1
f 776/10/1 767/10/1 775/10/1
f 777/10/1 772/10/1 771/10/1
f 777/10/1 771/10/1 770/10/1
f 778/10/1 772/10/1 777/10/1
f 779/4/1 730/4/1 729/4/1
f 779/4/1 731/4/1 730/4/1
f 781/4/1 774/4/1 773/4/1
f 781/4/1 714/4/1 774/4/1
f 782/4/1 714/4/1 781/4/1
f 784/10/1 775/10/1 765/10/1
f 785/10/1 772/10/1 778/10/1
f 787/4/1 780/4/1 779/4/1
f 787/4/1 779/4/1 729/4/1
f 788/4/1 780/4/1 787/4/1
f 789/10/1 784/10/1 783/10/1
f 789/10/1 775/10/1 784/10/1
f 790/10/1 775/10/1 789/10/1
f 791/10/1 786/10/1 785/10/1
f 791/10/1 785/10/1 778/10/1
f 792/10/1 786/10/1 791/10/1
f 793/10/1 789/10/1 783/10/1
f 794/10/1 789/10/1 793/10/1
f 795/10/1 786/10/1 792/10/1
f 796/10/1 786/10/1 795/10/1
f 797/4/1 751/4/1 750/4/1
f 797/4/1 750/4/1 749/4/1
f 798/4/1 781/4/1 773/4/1
f 799/4/1 780/4/1 788/4/1
f 800/4/1 764/4/1 763/4/1
f 800/4/1 763/4/1 762/4/1
f 801/4/1 798/4/1 797/4/1
f 801/4/1 797/4/1 749/4/1
f 802/4/1 781/4/1 798/4/1
f 802/4/1 798/4/1 801/4/1
f 803/4/1 800/4/1 799/4/1
f 803/4/1 799/4/1 788/4/1
f 804/4/1 764/4/1 800/4/1
f 804/4/1 800/4/1 803/4/1
f 805/10/1 793/10/1 783/10/1
f 806/10/1 789/10/1 794/10/1
f 807/10/1 795/10/1 792/10/1
f 808/10/1 786/10/1 796/10/1
f 809/10/1 806/10/1 805/10/1
f 809/10/1 789/10/1 806/10/1
f 812/10/1 807/10/1 792/10/1
f 812/10/1 808/10/1 807/10/1
f 813/4/1 781/4/1 802/4/1
f 815/10/1 805/10/1 783/10/1
f 815/10/1 810/10/1 809/10/1
f 815/10/1 809/10/1 805/10/1
f 816/10/1 810/10/1 815/10/1
f 817/10/1 812/10/1 811/10/1
f 817/10/1 808/10/1 812/10/1
f 817/10/1 786/10/1 808/10/1
f 818/10/1 786/10/1 817/10/1
f 820/4/1 803/4/1 788/4/1
f 821/4/1 814/4/1 813/4/1
f 821/4/1 813/4/1 802/4/1
f 822/4/1 814/4/1 821/4/1
f 823/10/1 810/10/1 816/10/1
f 826/10/1 817/10/1 811/10/1
f 827/4/1 820/4/1 819/4/1
f 827/4/1 803/4/1 820/4/1
f 828/4/1 803/4/1 827/4/1
f 829/10/1 824/10/1 823/10/1
f 829/10/1 823/10/1 816/10/1
f 830/10/1 824/10/1 829/10/1
f 831/10/1 824/10/1 830/10/1
f 834/10/1 826/10/1 825/10/1
f 835/10/1 817/10/1 826/10/1
f 835/10/1 826/10/1 834/10/1
f 836/10/1 817/10/1 835/10/1
f 837/4/1 801/4/1 749/4/1
f 838/4/1 801/4/1 837/4/1
f 839/4/1 801/4/1 838/4/1
f 841/10/1 832/10/1 831/10/1
f 841/10/1 831/10/1 830/10/1
f 842/10/1 832/10/1 841/10/1
f 843/10/1 832/10/1 842/10/1
f 846/10/1 834/10/1 833/10/1
f 846/10/1 835/10/1 834/10/1
f 847/10/1 835/10/1 846/10/1
f 848/10/1 835/10/1 847/10/1
f 850/4/1 764/4/1 804/4/1
f 851/4/1 764/4/1 850/4/1
f 852/4/1 764/4/1 851/4/1
f 853/4/1 814/4/1 822/4/1
f 855/10/1 841/10/1 830/10/1
f 856/10/1 841/10/1 855/10/1
f 857/10/1 841/10/1 856/10/1
f 858/10/1 841/10/1 857/10/1
f 859/10/1 844/10/1 843/10/1
f 859/10/1 843/10/1 842/10/1
f 860/10/1 844/10/1 859/10/1
f 861/10/1 844/10/1 860/10/1
f 864/10/1 847/10/1 846/10/1
f 864/10/1 846/10/1 845/10/1
f 865/10/1 847/10/1 864/10/1
f 866/10/1 847/10/1 865/10/1
f 867/10/1 835/10/1 848/10/1
f 868/10/1 835/10/1 867/10/1
f 869/10/1 835/10/1 868/10/1
f 870/10/1 835/10/1 869/10/1
f 872/4/1 827/4/1 819/4/1
f 874/4/1 854/4/1 853/4/1
f 874/4/1 853/4/1 822/4/1
f 875/4/1 854/4/1 874/4/1
f 876/10/1 857/10/1 856/10/1
f 878/10/1 862/10/1 861/10/1
f 878/10/1 861/10/1 860/10/1
f 879/10/1 862/10/1 878/10/1
f 880/10/1 862/10/1 879/10/1
f 883/10/1 865/10/1 864/10/1
f 883/10/1 864/10/1 863/10/1
f 884/10/1 865/10/1 883/10/1
f 885/10/1 865/10/1 884/10/1
f 887/10/1 869/10/1 868/10/1
f 888/4/1 872/4/1 871/4/1
f 888/4/1 827/4/1 872/4/1
f 889/4/1 827/4/1 888/4/1
f 892/4/1 874/4/1 873/4/1
f 893/4/1 874/4/1 892/4/1
f 894/4/1 854/4/1 875/4/1
f 896/10/1 877/10/1 876/10/1
f 896/10/1 876/10/1 856/10/1
f 897/10/1 877/10/1 896/10/1
f 898/10/1 877/10/1 897/10/1
f 901/10/1 881/10/1 880/10/1
f 901/10/1 880/10/1 879/10/1
f 902/10/1 881/10/1 901/10/1
f 905/10/1 884/10/1 883/10/1
f 905/10/1 883/10/1 882/10/1
f 906/10/1 884/10/1 905/10/1
f 909/10/1 887/10/1 886/10/1
f 910/10/1 869/10/1 887/10/1
f 910/10/1 887/10/1 909/10/1
f 911/10/1 869/10/1 910/10/1
f 913/4/1 888/4/1 871/4/1
f 914/4/1 890/4/1 889/4/1
f 915/4/1 890/4/1 914/4/1
f 918/4/1 892/4/1 891/4/1
f 919/4/1 892/4/1 918/4/1
f 920/4/1 895/4/1 894/4/1
f 920/4/1 894/4/1 875/4/1
f 921/4/1 895/4/1 920/4/1
f 922/10/1 899/10/1 898/10/1
f 922/10/1 898/10/1 897/10/1
f 923/10/1 899/10/1 922/10/1
f 924/10/1 899/10/1 923/10/1
f 925/10/1 903/10/1 902/10/1
f 925/10/1 902/10/1 901/10/1
f 925/10/1 901/10/1 900/10/1
f 926/10/1 903/10/1 925/10/1
f 927/10/1 907/10/1 906/10/1
f 927/10/1 905/10/1 904/10/1
f 927/10/1 906/10/1 905/10/1
f 928/10/1 907/10/1 927/10/1
f 929/10/1 909/10/1 908/10/1
f 929/10/1 910/10/1 909/10/1
f 930/10/1 910/10/1 929/10/1
f 931/10/1 910/10/1 930/10/1
f 932/4/1 913/4/1 912/4/1
f 932/4/1 888/4/1 913/4/1
f 933/4/1 888/4/1 932/4/1
f 934/4/1 916/4/1 915/4/1
f 935/4/1 916/4/1 934/4/1
f 937/4/1 840/4/1 839/4/1
f 937/4/1 839/4/1 838/4/1
f 940/4/1 918/4/1 917/4/1
f 941/4/1 918/4/1 940/4/1
f 942/4/1 895/4/1 921/4/1
f 944/10/1 926/10/1 925/10/1
f 944/10/1 928/10/1 927/10/1
f 944/10/1 929/10/1 928/10/1
f 944/10/1 924/10/1 923/10/1
f 944/10/1 930/10/1 929/10/1
f 944/10/1 925/10/1 924/10/1
f 944/10/1 927/10/1 926/10/1
f 945/10/1 930/10/1 944/10/1
f 946/10/1 930/10/1 945/10/1
f 947/10/1 930/10/1 946/10/1
f 948/10/1 930/10/1 947/10/1
f 949/10/1 930/10/1 948/10/1
f 951/4/1 932/4/1 912/4/1
f 952/4/1 936/4/1 935/4/1
f 953/4/1 936/4/1 952/4/1
f 956/4/1 851/4/1 850/4/1
f 956/4/1 850/4/1 849/4/1
f 957/4/1 938/4/1 937/4/1
f 957/4/1 937/4/1 838/4/1
f 958/4/1 938/4/1 957/4/1
f 960/4/1 940/4/1 939/4/1
f 961/4/1 940/4/1 960/4/1
f 962/4/1 943/4/1 942/4/1
f 962/4/1 942/4/1 921/4/1
f 963/4/1 943/4/1 962/4/1
f 964/10/1 946/10/1 945/10/1
f 965/10/1 946/10/1 964/10/1
f 966/10/1 948/10/1 947/10/1
f 967/10/1 948/10/1 966/10/1
f 968/4/1 951/4/1 950/4/1
f 968/4/1 932/4/1 951/4/1
f 969/4/1 932/4/1 968/4/1
f 970/4/1 954/4/1 953/4/1
f 971/4/1 954/4/1 970/4/1
f 973/4/1 956/4/1 955/4/1
f 973/4/1 851/4/1 956/4/1
f 974/4/1 851/4/1 973/4/1
f 976/4/1 960/4/1 959/4/1
f 977/4/1 960/4/1 976/4/1
f 978/4/1 943/4/1 963/4/1
f 979/4/1 943/4/1 978/4/1
f 980/4/1 943/4/1 979/4/1
f 982/10/1 946/10/1 965/10/1
f 983/10/1 946/10/1 982/10/1
f 984/10/1 946/10/1 983/10/1
f 985/10/1 966/10/1 947/10/1
f 986/10/1 966/10/1 985/10/1
f 987/10/1 966/10/1 986/10/1
f 989/4/1 968/4/1 950/4/1
f 990/4/1 968/4/1 989/4/1
f 991/4/1 968/4/1 990/4/1
f 992/4/1 972/4/1 971/4/1
f 993/4/1 972/4/1 992/4/1
f 996/4/1 976/4/1 975/4/1
f 997/4/1 976/4/1 996/4/1
f 998/4/1 981/4/1 980/4/1
f 998/4/1 980/4/1 979/4/1
f 1000/10/1 984/10/1 983/10/1
f 1000/10/1 986/10/1 985/10/1
f 1000/10/1 985/10/1 984/10/1
f 1001/10/1 986/10/1 1000/10/1
f 1003/4/1 990/4/1 989/4/1
f 1003/4/1 989/4/1 988/4/1
f 1004/4/1 994/4/1 993/4/1
f 1005/4/1 994/4/1 1004/4/1
f 1007/4/1 938/4/1 958/4/1
f 1008/4/1 938/4/1 1007/4/1
f 1009/4/1 938/4/1 1008/4/1
f 1012/4/1 996/4/1 995/4/1
f 1013/4/1 996/4/1 1012/4/1
f 1014/4/1 999/4/1 998/4/1
f 1014/4/1 998/4/1 979/4/1
f 1015/4/1 999/4/1 1014/4/1
f 1016/4/1 999/4/1 1015/4/1
f 1019/4/1 1003/4/1 1002/4/1
f 1020/4/1 990/4/1 1003/4/1
f 1020/4/1 1003/4/1 1019/4/1
f 1021/4/1 990/4/1 1020/4/1
f 1022/4/1 1006/4/1 1005/4/1
f 1023/4/1 1006/4/1 1022/4/1
f 1026/4/1 973/4/1 955/4/1
f 1027/4/1 973/4/1 1026/4/1
f 1028/4/1 973/4/1 1027/4/1
f 1030/4/1 1012/4/1 1011/4/1
f 1031/4/1 1012/4/1 1030/4/1
f 1032/4/1 1017/4/1 1016/4/1
f 1032/4/1 1016/4/1 1015/4/1
f 1033/4/1 1017/4/1 1032/4/1
f 1034/4/1 1017/4/1 1033/4/1
f 1037/4/1 1019/4/1 1018/4/1
f 1037/4/1 1020/4/1 1019/4/1
f 1038/4/1 1020/4/1 1037/4/1
f 1039/4/1 1020/4/1 1038/4/1
f 1040/4/1 1024/4/1 1023/4/1
f 1041/4/1 1024/4/1 1040/4/1
f 1044/4/1 1030/4/1 1029/4/1
f 1045/4/1 1030/4/1 1044/4/1
f 1046/4/1 1035/4/1 1034/4/1
f 1046/4/1 1034/4/1 1033/4/1
f 1049/4/1 1037/4/1 1036/4/1
f 1049/4/1 1038/4/1 1037/4/1
f 1050/4/1 1042/4/1 1041/4/1
f 1051/4/1 1042/4/1 1050/4/1
f 1053/4/1 1010/4/1 1009/4/1
f 1053/4/1 1009/4/1 1008/4/1
f 1054/4/1 1010/4/1 1053/4/1
f 1055/4/1 1010/4/1 1054/4/1
f 1058/4/1 1044/4/1 1043/4/1
f 1059/4/1 1044/4/1 1058/4/1
f 1061/4/1 1047/4/1 1046/4/1
f 1061/4/1 1046/4/1 1033/4/1
f 1062/4/1 1047/4/1 1061/4/1
f 1063/4/1 1047/4/1 1062/4/1
f 1066/4/1 1049/4/1 1048/4/1
f 1067/4/1 1038/4/1 1049/4/1
f 1067/4/1 1049/4/1 1066/4/1
f 1068/4/1 1038/4/1 1067/4/1
f 1070/4/1 1052/4/1 1051/4/1
f 1071/4/1 1052/4/1 1070/4/1
f 1074/4/1 1027/4/1 1026/4/1
f 1074/4/1 1026/4/1 1025/4/1
f 1075/4/1 1027/4/1 1074/4/1
f 1076/4/1 1027/4/1 1075/4/1
f 1078/4/1 1058/4/1 1057/4/1
f 1079/4/1 1058/4/1 1078/4/1
f 1081/4/1 1061/4/1 1060/4/1
f 1082/4/1 1061/4/1 1081/4/1
f 1083/4/1 1064/4/1 1063/4/1
f 1083/4/1 1063/4/1 1062/4/1
f 1084/4/1 1064/4/1 1083/4/1
f 1085/4/1 1064/4/1 1084/4/1
f 1088/4/1 1066/4/1 1065/4/1
f 1088/4/1 1067/4/1 1066/4/1
f 1089/4/1 1067/4/1 1088/4/1
f 1090/4/1 1067/4/1 1089/4/1
f 1091/4/1 1069/4/1 1068/4/1
f 1092/4/1 1069/4/1 1091/4/1
f 1094/4/1 1072/4/1 1071/4/1
f 1095/4/1 1072/4/1 1094/4/1
f 1097/4/1 1056/4/1 1055/4/1
f 1097/4/1 1055/4/1 1054/4/1
f 1098/4/1 1078/4/1 1077/4/1
f 1099/4/1 1078/4/1 1098/4/1
f 1101/4/1 1081/4/1 1080/4/1
f 1102/4/1 1081/4/1 1101/4/1
f 1103/4/1 1086/4/1 1085/4/1
f 1103/4/1 1085/4/1 1084/4/1
f 1104/4/1 1086/4/1 1103/4/1
f 1105/4/1 1086/4/1 1104/4/1
f 1108/4/1 1089/4/1 1088/4/1
f 1108/4/1 1088/4/1 1087/4/1
f 1109/4/1 1089/4/1 1108/4/1
f 1110/4/1 1089/4/1 1109/4/1
f 1111/4/1 1093/4/1 1092/4/1
f 1112/4/1 1093/4/1 1111/4/1
f 1114/4/1 1096/4/1 1095/4/1
f 1115/4/1 1096/4/1 1114/4/1
f 1116/4/1 1075/4/1 1074/4/1
f 1116/4/1 1074/4/1 1073/4/1
f 1117/4/1 1097/4/1 1054/4/1
f 1117/4/1 1098/4/1 1097/4/1
f 1118/4/1 1098/4/1 1117/4/1
f 1119/4/1 1098/4/1 1118/4/1
f 1120/4/1 1098/4/1 1119/4/1
f 1122/4/1 1101/4/1 1100/4/1
f 1123/4/1 1101/4/1 1122/4/1
f 1124/4/1 1106/4/1 1105/4/1
f 1124/4/1 1105/4/1 1104/4/1
f 1125/4/1 1106/4/1 1124/4/1
f 1126/4/1 1106/4/1 1125/4/1
f 1129/4/1 1109/4/1 1108/4/1
f 1129/4/1 1108/4/1 1107/4/1
f 1130/4/1 1109/4/1 1129/4/1
f 1131/4/1 1109/4/1 1130/4/1
f 1132/4/1 1113/4/1 1112/4/1
f 1133/4/1 1113/4/1 1132/4/1
f 1135/4/1 1116/4/1 1115/4/1
f 1136/4/1 1116/4/1 1135/4/1
f 1137/4/1 1075/4/1 1116/4/1
f 1137/4/1 1116/4/1 1136/4/1
f 1138/4/1 1075/4/1 1137/4/1
f 1140/4/1 1122/4/1 1121/4/1
f 1141/4/1 1122/4/1 1140/4/1
f 1142/4/1 1127/4/1 1126/4/1
f 1142/4/1 1126/4/1 1125/4/1
f 1143/4/1 1127/4/1 1142/4/1
f 1144/4/1 1127/4/1 1143/4/1
f 1147/4/1 1130/4/1 1129/4/1
f 1147/4/1 1129/4/1 1128/4/1
f 1148/4/1 1130/4/1 1147/4/1
f 1149/4/1 1130/4/1 1148/4/1
f 1150/4/1 1134/4/1 1133/4/1
f 1151/4/1 1134/4/1 1150/4/1
f 1153/4/1 1119/4/1 1118/4/1
f 1154/4/1 1119/4/1 1153/4/1
f 1155/4/1 1119/4/1 1154/4/1
f 1158/4/1 1140/4/1 1139/4/1
f 1159/4/1 1140/4/1 1158/4/1
f 1160/4/1 1145/4/1 1144/4/1
f 1160/4/1 1144/4/1 1143/4/1
f 1161/4/1 1145/4/1 1160/4/1
f 1162/4/1 1145/4/1 1161/4/1
f 1163/4/1 1148/4/1 1147/4/1
f 1163/4/1 1147/4/1 1146/4/1
f 1164/4/1 1148/4/1 1163/4/1
f 1165/4/1 1148/4/1 1164/4/1
f 1166/4/1 1152/4/1 1151/4/1
f 1167/4/1 1152/4/1 1166/4/1
f 1170/4/1 1137/4/1 1136/4/1
f 1171/4/1 1137/4/1 1170/4/1
f 1172/4/1 1137/4/1 1171/4/1
f 1174/4/1 1158/4/1 1157/4/1
f 1175/4/1 1158/4/1 1174/4/1
f 1177/4/1 1162/4/1 1161/4/1
f 1177/4/1 1163/4/1 1162/4/1
f 1177/4/1 1164/4/1 1163/4/1
f 1178/4/1 1164/4/1 1177/4/1
f 1179/4/1 1164/4/1 1178/4/1
f 1180/4/1 1164/4/1 1179/4/1
f 1182/4/1 1168/4/1 1167/4/1
f 1183/4/1 1168/4/1 1182/4/1
f 1185/4/1 1156/4/1 1155/4/1
f 1185/4/1 1155/4/1 1154/4/1
f 1186/4/1 1156/4/1 1185/4/1
f 1187/4/1 1156/4/1 1186/4/1
f 1190/4/1 1174/4/1 1173/4/1
f 1191/4/1 1174/4/1 1190/4/1
f 1192/4/1 1179/4/1 1178/4/1
f 1193/4/1 1179/4/1 1192/4/1
f 1194/4/1 1179/4/1 1193/4/1
f 1195/4/1 1179/4/1 1194/4/1
f 1196/4/1 1184/4/1 1183/4/1
f 1197/4/1 1184/4/1 1196/4/1
f 1200/4/1 1171/4/1 1170/4/1
f 1200/4/1 1170/4/1 1169/4/1
f 1201/4/1 1171/4/1 1200/4/1
f 1202/4/1 1171/4/1 1201/4/1
f 1203/4/1 1188/4/1 1187/4/1
f 1203/4/1 1187/4/1 1186/4/1
f 1206/4/1 1190/4/1 1189/4/1
f 1207/4/1 1190/4/1 1206/4/1
f 1209/4/1 1177/4/1 1176/4/1
f 1210/4/1 1177/4/1 1209/4/1
f 1211/4/1 1181/4/1 1180/4/1
f 1212/4/1 1181/4/1 1211/4/1
f 1214/4/1 1198/4/1 1197/4/1
f 1215/4/1 1198/4/1 1214/4/1
f 1218/4/1 1201/4/1 1200/4/1
f 1218/4/1 1200/4/1 1199/4/1
f 1219/4/1 1204/4/1 1203/4/1
f 1219/4/1 1203/4/1 1186/4/1
f 1220/4/1 1204/4/1 1219/4/1
f 1222/4/1 1206/4/1 1205/4/1
f 1223/4/1 1206/4/1 1222/4/1
f 1224/4/1 1216/4/1 1215/4/1
f 1225/4/1 1216/4/1 1224/4/1
f 1227/4/1 1218/4/1 1217/4/1
f 1227/4/1 1201/4/1 1218/4/1
f 1228/4/1 1201/4/1 1227/4/1
f 1229/4/1 1204/4/1 1220/4/1
f 1232/4/1 1222/4/1 1221/4/1
f 1233/4/1 1222/4/1 1232/4/1
f 1235/4/1 1209/4/1 1208/4/1
f 1236/4/1 1209/4/1 1235/4/1
f 1237/4/1 1213/4/1 1212/4/1
f 1238/4/1 1213/4/1 1237/4/1
f 1240/4/1 1226/4/1 1225/4/1
f 1241/4/1 1226/4/1 1240/4/1
f 1244/4/1 1227/4/1 1217/4/1
f 1245/4/1 1230/4/1 1229/4/1
f 1245/4/1 1229/4/1 1220/4/1
f 1246/4/1 1230/4/1 1245/4/1
f 1248/4/1 1232/4/1 1231/4/1
f 1249/4/1 1232/4/1 1248/4/1
f 1250/4/1 1242/4/1 1241/4/1
f 1251/4/1 1242/4/1 1250/4/1
f 1253/4/1 1244/4/1 1243/4/1
f 1253/4/1 1227/4/1 1244/4/1
f 1254/4/1 1227/4/1 1253/4/1
f 1255/4/1 1230/4/1 1246/4/1
f 1256/4/1 1230/4/1 1255/4/1
f 1257/4/1 1230/4/1 1256/4/1
f 1260/4/1 1248/4/1 1247/4/1
f 1261/4/1 1248/4/1 1260/4/1
f 1263/4/1 1235/4/1 1234/4/1
f 1264/4/1 1235/4/1 1263/4/1
f 1265/4/1 1239/4/1 1238/4/1
f 1266/4/1 1239/4/1 1265/4/1
f 1268/4/1 1252/4/1 1251/4/1
f 1269/4/1 1252/4/1 1268/4/1
f 1272/4/1 1253/4/1 1243/4/1
f 1273/4/1 1253/4/1 1272/4/1
f 1274/4/1 1253/4/1 1273/4/1
f 1275/4/1 1258/4/1 1257/4/1
f 1275/4/1 1257/4/1 1256/4/1
f 1278/4/1 1260/4/1 1259/4/1
f 1279/4/1 1260/4/1 1278/4/1
f 1280/4/1 1270/4/1 1269/4/1
f 1281/4/1 1270/4/1 1280/4/1
f 1284/4/1 1273/4/1 1272/4/1
f 1284/4/1 1272/4/1 1271/4/1
f 1285/4/1 1276/4/1 1275/4/1
f 1285/4/1 1275/4/1 1256/4/1
f 1286/4/1 1276/4/1 1285/4/1
f 1287/4/1 1276/4/1 1286/4/1
f 1290/4/1 1278/4/1 1277/4/1
f 1291/4/1 1278/4/1 1290/4/1
f 1293/4/1 1263/4/1 1262/4/1
f 1294/4/1 1263/4/1 1293/4/1
f 1295/4/1 1267/4/1 1266/4/1
f 1296/4/1 1267/4/1 1295/4/1
f 1298/4/1 1282/4/1 1281/4/1
f 1299/4/1 1282/4/1 1298/4/1
f 1302/4/1 1284/4/1 1283/4/1
f 1303/4/1 1273/4/1 1284/4/1
f 1303/4/1 1284/4/1 1302/4/1
f 1304/4/1 1273/4/1 1303/4/1
f 1305/4/1 1288/4/1 1287/4/1
f 1305/4/1 1287/4/1 1286/4/1
f 1306/4/1 1288/4/1 1305/4/1
f 1308/4/1 1290/4/1 1289/4/1
f 1309/4/1 1290/4/1 1308/4/1
f 1310/4/1 1300/4/1 1299/4/1
f 1311/4/1 1300/4/1 1310/4/1
f 1313/4/1 1302/4/1 1301/4/1
f 1313/4/1 1303/4/1 1302/4/1
f 1314/4/1 1303/4/1 1313/4/1
f 1315/4/1 1288/4/1 1306/4/1
f 1316/4/1 1288/4/1 1315/4/1
f 1317/4/1 1288/4/1 1316/4/1
f 1320/4/1 1308/4/1 1307/4/1
f 1321/4/1 1308/4/1 1320/4/1
f 1323/4/1 1293/4/1 1292/4/1
f 1324/4/1 1293/4/1 1323/4/1
f 1325/4/1 1297/4/1 1296/4/1
f 1326/4/1 1297/4/1 1325/4/1
f 1328/4/1 1312/4/1 1311/4/1
f 1329/4/1 1312/4/1 1328/4/1
f 1332/4/1 1313/4/1 1301/4/1
f 1333/4/1 1313/4/1 1332/4/1
f 1334/4/1 1313/4/1 1333/4/1
f 1335/4/1 1318/4/1 1317/4/1
f 1335/4/1 1317/4/1 1316/4/1
f 1338/4/1 1320/4/1 1319/4/1
f 1339/4/1 1320/4/1 1338/4/1
f 1340/4/1 1330/4/1 1329/4/1
f 1341/4/1 1330/4/1 1340/4/1
f 1344/4/1 1333/4/1 1332/4/1
f 1344/4/1 1332/4/1 1331/4/1
f 1345/4/1 1336/4/1 1335/4/1
f 1345/4/1 1335/4/1 1316/4/1
f 1346/4/1 1336/4/1 1345/4/1
f 1347/4/1 1336/4/1 1346/4/1
f 1350/4/1 1338/4/1 1337/4/1
f 1351/4/1 1338/4/1 1350/4/1
f 1353/4/1 1323/4/1 1322/4/1
f 1354/4/1 1323/4/1 1353/4/1
f 1355/4/1 1327/4/1 1326/4/1
f 1356/4/1 1327/4/1 1355/4/1
f 1358/4/1 1342/4/1 1341/4/1
f 1359/4/1 1342/4/1 1358/4/1
f 1362/4/1 1344/4/1 1343/4/1
f 1363/4/1 1333/4/1 1344/4/1
f 1363/4/1 1344/4/1 1362/4/1
f 1364/4/1 1333/4/1 1363/4/1
f 1365/4/1 1348/4/1 1347/4/1
f 1365/4/1 1347/4/1 1346/4/1
f 1366/4/1 1348/4/1 1365/4/1
f 1367/4/1 1348/4/1 1366/4/1
f 1368/4/1 1350/4/1 1349/4/1
f 1369/4/1 1350/4/1 1368/4/1
f 1370/4/1 1360/4/1 1359/4/1
f 1371/4/1 1360/4/1 1370/4/1
f 1372/4/1 1362/4/1 1361/4/1
f 1372/4/1 1363/4/1 1362/4/1
f 1373/4/1 1363/4/1 1372/4/1
f 1374/4/1 1363/4/1 1373/4/1
f 1375/4/1 1367/4/1 1366/4/1
f 1375/4/1 1368/4/1 1367/4/1
f 1376/4/1 1368/4/1 1375/4/1
f 1378/4/1 1353/4/1 1352/4/1
f 1379/4/1 1353/4/1 1378/4/1
f 1380/4/1 1357/4/1 1356/4/1
f 1381/4/1 1357/4/1 1380/4/1
f 1383/4/1 1373/4/1 1372/4/1
f 1383/4/1 1372/4/1 1371/4/1
f 1384/4/1 1373/4/1 1383/4/1
f 1385/4/1 1368/4/1 1376/4/1
f 1386/4/1 1368/4/1 1385/4/1
f 1387/4/1 1368/4/1 1386/4/1
f 1390/4/1 1383/4/1 1371/4/1
f 1391/4/1 1383/4/1 1390/4/1
f 1392/4/1 1383/4/1 1391/4/1
f 1393/4/1 1388/4/1 1387/4/1
f 1393/4/1 1387/4/1 1386/4/1
f 1394/4/1 1388/4/1 1393/4/1
f 1395/4/1 1388/4/1 1394/4/1
f 1398/4/1 1378/4/1 1377/4/1
f 1399/4/1 1378/4/1 1398/4/1
f 1400/4/1 1382/4/1 1381/4/1
f 1401/4/1 1382/4/1 1400/4/1
f 1404/4/1 1391/4/1 1390/4/1
f 1404/4/1 1390/4/1 1389/4/1
f 1405/4/1 1391/4/1 1404/4/1
f 1406/4/1 1391/4/1 1405/4/1
f 1407/4/1 1396/4/1 1395/4/1
f 1407/4/1 1395/4/1 1394/4/1
f 1408/4/1 1396/4/1 1407/4/1
f 1409/4/1 1396/4/1 1408/4/1
f 1412/4/1 1405/4/1 1404/4/1
f 1412/4/1 1404/4/1 1403/4/1
f 1413/4/1 1405/4/1 1412/4/1
f 1414/4/1 1405/4/1 1413/4/1
f 1415/4/1 1410/4/1 1409/4/1
f 1415/4/1 1409/4/1 1408/4/1
f 1416/4/1 1410/4/1 1415/4/1
f 1417/4/1 1410/4/1 1416/4/1
f 1420/4/1 1398/4/1 1397/4/1
f 1421/4/1 1398/4/1 1420/4/1
f 1422/4/1 1402/4/1 1401/4/1
f 1423/4/1 1402/4/1 1422/4/1
f 1426/4/1 1413/4/1 1412/4/1
f 1426/4/1 1412/4/1 1411/4/1
f 1427/4/1 1413/4/1 1426/4/1
f 1428/4/1 1413/4/1 1427/4/1
f 1429/4/1 1418/4/1 1417/4/1
f 1429/4/1 1417/4/1 1416/4/1
f 1430/4/1 1418/4/1 1429/4/1
f 1431/4/1 1418/4/1 1430/4/1
f 1434/4/1 1427/4/1 1426/4/1
f 1434/4/1 1426/4/1 1425/4/1
f 1435/4/1 1427/4/1 1434/4/1
f 1436/4/1 1427/4/1 1435/4/1
f 1437/4/1 1432/4/1 1431/4/1
f 1437/4/1 1431/4/1 1430/4/1
f 1438/4/1 1432/4/1 1437/4/1
f 1439/4/1 1432/4/1 1438/4/1
f 1442/4/1 1420/4/1 1419/4/1
f 1443/4/1 1420/4/1 1442/4/1
f 1444/4/1 1424/4/1 1423/4/1
f 1445/4/1 1424/4/1 1444/4/1
f 1448/4/1 1435/4/1 1434/4/1
f 1448/4/1 1434/4/1 1433/4/1
f 1449/4/1 1435/4/1 1448/4/1
f 1450/4/1 1435/4/1 1449/4/1
f 1451/4/1 1440/4/1 1439/4/1
f 1451/4/1 1439/4/1 1438/4/1
f 1452/4/1 1440/4/1 1451/4/1
f 1453/4/1 1440/4/1 1452/4/1
f 1456/4/1 1449/4/1 1448/4/1
f 1456/4/1 1448/4/1 1447/4/1
f 1457/4/1 1449/4/1 1456/4/1
f 1458/4/1 1449/4/1 1457/4/1
f 1459/4/1 1454/4/1 1453/4/1
f 1459/4/1 1453/4/1 1452/4/1
f 1460/4/1 1454/4/1 1459/4/1
f 1461/4/1 1454/4/1 1460/4/1
f 1464/4/1 1442/4/1 1441/4/1
f 1465/4/1 1442/4/1 1464/4/1
f 1466/4/1 1446/4/1 1445/4/1
f 1467/4/1 1446/4/1 1466/4/1
f 1470/4/1 1457/4/1 1456/4/1
f 1470/4/1 1456/4/1 1455/4/1
f 1471/4/1 1457/4/1 1470/4/1
f 1472/4/1 1457/4/1 1471/4/1
f 1473/4/1 1462/4/1 1461/4/1
f 1473/4/1 1461/4/1 1460/4/1
f 1474/4/1 1462/4/1 1473/4/1
f 1475/4/1 1462/4/1 1474/4/1
f 1478/4/1 1471/4/1 1470/4/1
f 1478/4/1 1470/4/1 1469/4/1
f 1479/4/1 1471/4/1 1478/4/1
f 1480/4/1 1471/4/1 1479/4/1
f 1481/4/1 1476/4/1 1475/4/1
f 1481/4/1 1475/4/1 1474/4/1
f 1482/4/1 1476/4/1 1481/4/1
f 1483/4/1 1476/4/1 1482/4/1
f 1486/4/1 1464/4/1 1463/4/1
f 1487/4/1 1464/4/1 1486/4/1
f 1488/4/1 1468/4/1 1467/4/1
f 1489/4/1 1468/4/1 1488/4/1
f 1492/4/1 1479/4/1 1478/4/1
f 1492/4/1 1478/4/1 1477/4/1
f 1493/4/1 1479/4/1 1492/4/1
f 1494/4/1 1479/4/1 1493/4/1
f 1495/4/1 1484/4/1 1483/4/1
f 1495/4/1 1483/4/1 1482/4/1
f 1496/4/1 1484/4/1 1495/4/1
f 1497/4/1 1484/4/1 1496/4/1
f 1498/4/1 1486/4/1 1485/4/1
f 1499/4/1 1490/4/1 1489/4/1
f 1500/4/1 1493/4/1 1492/4/1
f 1500/4/1 1492/4/1 1491/4/1
f 1501/4/1 1493/4/1 1500/4/1
f 1502/4/1 1493/4/1 1501/4/1
f 1503/4/1 1498/4/1 1497/4/1
f 1503/4/1 1497/4/1 1496/4/1
f 1504/4/1 1498/4/1 1503/4/1
f 1505/4/1 1486/4/1 1498/4/1
f 1505/4/1 1498/4/1 1504/4/1
f 1508/4/1 1499/4/1 1489/4/1
f 1508/4/1 1501/4/1 1500/4/1
f 1508/4/1 1500/4/1 1499/4/1
f 1509/4/1 1501/4/1 1508/4/1
f 1510/4/1 1501/4/1 1509/4/1
f 1511/4/1 1506/4/1 1505/4/1
f 1511/4/1 1505/4/1 1504/4/1
f 1512/4/1 1506/4/1 1511/4/1
f 1513/4/1 1506/4/1 1512/4/1
f 1516/4/1 1509/4/1 1508/4/1
f 1516/4/1 1508/4/1 1507/4/1
f 1517/4/1 1509/4/1 1516/4/1
f 1518/4/1 1509/4/1 1517/4/1
f 1519/4/1 1514/4/1 1513/4/1
f 1519/4/1 1513/4/1 1512/4/1
f 1520/4/1 1514/4/1 1519/4/1
f 1521/4/1 1514/4/1 1520/4/1
f 1524/4/1 1517/4/1 1516/4/1
f 1524/4/1 1516/4/1 1515/4/1
f 1525/4/1 1517/4/1 1524/4/1
f 1526/4/1 1517/4/1 1525/4/1
f 1527/4/1 1522/4/1 1521/4/1
f 1527/4/1 1521/4/1 1520/4/1
f 1528/4/1 1522/4/1 1527/4/1
f 1529/4/1 1522/4/1 1528/4/1
f 1532/4/1 1525/4/1 1524/4/1
f 1532/4/1 1524/4/1 1523/4/1
f 1533/4/1 1525/4/1 1532/4/1
f 1534/4/1 1525/4/1 1533/4/1
f 1535/4/1 1530/4/1 1529/4/1
f 1535/4/1 1529/4/1 1528/4/1
f 1536/4/1 1530/4/1 1535/4/1
f 1537/4/1 1530/4/1 1536/4/1
f 1538/4/1 1194/4/1 1193/4/1
f 1539/4/1 1194/4/1 1538/4/1
f 1540/4/1 1533/4/1 1532/4/1
f 1540/4/1 1532/4/1 1531/4/1
f 1541/4/1 1533/4/1 1540/4/1
f 1542/4/1 1533/4/1 1541/4/1
f 1543/4/1 1537/4/1 1536/4/1
f 1543/4/1 1539/4/1 1538/4/1
f 1543/4/1 1541/4/1 1540/4/1
f 1543/4/1 1540/4/1 1539/4/1
f 1543/4/1 1538/4/1 1537/4/1
f 1544/4/1 1541/4/1 1543/4/1
f 1545/4/1 1541/4/1 1544/4/1
f 1546/4/1 1541/4/1 1545/4/1
f 1547/4/1 1545/4/1 1544/4/1
f 1548/4/1 1545/4/1 1547/4/1
f 1552/1/1 1550/1/1 1549/1/1
f 1553/1/1 1550/1/1 1552/1/1
f 1556/1/1 1552/1/1 1551/1/1
f 1556/1/1 1554/1/1 1553/1/1
f 1556/1/1 1553/1/1 1552/1/1
f 1557/1/1 1554/1/1 1556/1/1
f 1560/1/1 1556/1/1 1555/1/1
f 1560/1/1 1558/1/1 1557/1/1
f 1560/1/1 1557/1/1 1556/1/1
f 1561/1/1 1558/1/1 1560/1/1
f 1562/1/1 1558/1/1 1561/1/1
f 1563/1/1 1558/1/1 1562/1/1
f 1566/1/1 1560/1/1 1559/1/1
f 1566/1/1 1561/1/1 1560/1/1
f 1567/1/1 1561/1/1 1566/1/1
f 1568/1/1 1561/1/1 1567/1/1
f 1569/1/1 1563/1/1 1562/1/1
f 1569/1/1 1564/1/1 1563/1/1
f 1570/1/1 1564/1/1 1569/1/1
f 1571/1/1 1564/1/1 1570/1/1
f 1574/1/1 1567/1/1 1566/1/1
f 1574/1/1 1566/1/1 1565/1/1
f 1575/1/1 1567/1/1 1574/1/1
f 1576/1/1 1567/1/1 1575/1/1
f 1581/1/1 1572/1/1 1571/1/1
f 1581/1/1 1571/1/1 1570/1/1
f 1582/1/1 1572/1/1 1581/1/1
f 1583/1/1 1572/1/1 1582/1/1
f 1586/1/1 1574/1/1 1573/1/1
f 1586/1/1 1575/1/1 1574/1/1
f 1587/1/1 1575/1/1 1586/1/1
f 1588/1/1 1575/1/1 1587/1/1
f 1590/1/1 1578/1/1 1577/1/1
f 1591/1/1 1580/1/1 1579/1/1
f 1593/1/1 1583/1/1 1582/1/1
f 1593/1/1 1584/1/1 1583/1/1
f 1594/1/1 1584/1/1 1593/1/1
f 1595/1/1 1584/1/1 1594/1/1
f 1598/1/1 1586/1/1 1585/1/1
f 1598/1/1 1587/1/1 1586/1/1
f 1599/1/1 1587/1/1 1598/1/1
f 1600/1/1 1587/1/1 1599/1/1
f 1602/1/1 1590/1/1 1589/1/1
f 1603/1/1 1592/1/1 1591/1/1
f 1605/1/1 1596/1/1 1595/1/1
f 1605/1/1 1595/1/1 1594/1/1
f 1606/1/1 1596/1/1 1605/1/1
f 1607/1/1 1596/1/1 1606/1/1
f 1610/1/1 1598/1/1 1597/1/1
f 1610/1/1 1599/1/1 1598/1/1
f 1611/1/1 1599/1/1 1610/1/1
f 1612/1/1 1599/1/1 1611/1/1
f 1614/1/1 1602/1/1 1601/1/1
f 1615/1/1 1604/1/1 1603/1/1
f 1617/1/1 1608/1/1 1607/1/1
f 1617/1/1 1607/1/1 1606/1/1
f 1618/1/1 1608/1/1 1617/1/1
f 1619/1/1 1608/1/1 1618/1/1
f 1622/1/1 1610/1/1 1609/1/1
f 1622/1/1 1611/1/1 1610/1/1
f 1623/1/1 1611/1/1 1622/1/1
f 1624/1/1 1611/1/1 1623/1/1
f 1626/1/1 1614/1/1 1613/1/1
f 1627/1/1 1616/1/1 1615/1/1
f 1629/1/1 1620/1/1 1619/1/1
f 1629/1/1 1619/1/1 1618/1/1
f 1630/1/1 1620/1/1 1629/1/1
f 1631/1/1 1620/1/1 1630/1/1
f 1634/1/1 1622/1/1 1621/1/1
f 1634/1/1 1623/1/1 1622/1/1
f 1635/1/1 1623/1/1 1634/1/1
f 1636/1/1 1623/1/1 1635/1/1
f 1641/1/1 1632/1/1 1631/1/1
f 1641/1/1 1631/1/1 1630/1/1
f 1642/1/1 1632/1/1 1641/1/1
f 1643/1/1 1632/1/1 1642/1/1
f 1646/1/1 1634/1/1 1633/1/1
f 1646/1/1 1635/1/1 1634/1/1
f 1647/1/1 1635/1/1 1646/1/1
f 1648/1/1 1635/1/1 1647/1/1
f 1650/1/1 1638/1/1 1637/1/1
f 1651/1/1 1638/1/1 1650/1/1
f 1652/1/1 1626/1/1 1625/1/1
f 1653/1/1 1626/1/1 1652/1/1
f 1654/1/1 1628/1/1 1627/1/1
f 1655/1/1 1628/1/1 1654/1/1
f 1656/1/1 1640/1/1 1639/1/1
f 1657/1/1 1640/1/1 1656/1/1
f 1659/1/1 1643/1/1 1642/1/1
f 1659/1/1 1644/1/1 1643/1/1
f 1660/1/1 1644/1/1 1659/1/1
f 1661/1/1 1644/1/1 1660/1/1
f 1664/1/1 1646/1/1 1645/1/1
f 1664/1/1 1647/1/1 1646/1/1
f 1665/1/1 1647/1/1 1664/1/1
f 1666/1/1 1647/1/1 1665/1/1
f 1668/1/1 1651/1/1 1650/1/1
f 1668/1/1 1650/1/1 1649/1/1
f 1668/1/1 1652/1/1 1651/1/1
f 1669/1/1 1658/1/1 1657/1/1
f 1669/1/1 1657/1/1 1656/1/1
f 1669/1/1 1656/1/1 1655/1/1
f 1671/1/1 1662/1/1 1661/1/1
f 1671/1/1 1661/1/1 1660/1/1
f 1672/1/1 1662/1/1 1671/1/1
f 1673/1/1 1662/1/1 1672/1/1
f 1676/1/1 1665/1/1 1664/1/1
f 1676/1/1 1664/1/1 1663/1/1
f 1677/1/1 1665/1/1 1676/1/1
f 1678/1/1 1665/1/1 1677/1/1
f 1680/1/1 1668/1/1 1667/1/1
f 1681/1/1 1652/1/1 1668/1/1
f 1681/1/1 1668/1/1 1680/1/1
f 1682/1/1 1626/1/1 1653/1/1
f 1683/1/1 1614/1/1 1626/1/1
f 1683/1/1 1626/1/1 1682/1/1
f 1684/1/1 1627/1/1 1615/1/1
f 1684/1/1 1654/1/1 1627/1/1
f 1685/1/1 1654/1/1 1684/1/1
f 1686/1/1 1670/1/1 1669/1/1
f 1686/1/1 1669/1/1 1655/1/1
f 1687/1/1 1670/1/1 1686/1/1
f 1689/1/1 1674/1/1 1673/1/1
f 1689/1/1 1673/1/1 1672/1/1
f 1690/1/1 1674/1/1 1689/1/1
f 1691/1/1 1674/1/1 1690/1/1
f 1694/1/1 1676/1/1 1675/1/1
f 1694/1/1 1677/1/1 1676/1/1
f 1695/1/1 1677/1/1 1694/1/1
f 1696/1/1 1677/1/1 1695/1/1
f 1698/1/1 1681/1/1 1680/1/1
f 1698/1/1 1682/1/1 1681/1/1
f 1698/1/1 1680/1/1 1679/1/1
f 1699/1/1 1688/1/1 1687/1/1
f 1699/1/1 1687/1/1 1686/1/1
f 1699/1/1 1686/1/1 1685/1/1
f 1701/1/1 1692/1/1 1691/1/1
f 1701/1/1 1691/1/1 1690/1/1
f 1702/1/1 1692/1/1 1701/1/1
f 1703/1/1 1692/1/1 1702/1/1
f 1706/1/1 1695/1/1 1694/1/1
f 1706/1/1 1694/1/1 1693/1/1
f 1707/1/1 1695/1/1 1706/1/1
f 1708/1/1 1695/1/1 1707/1/1
f 1710/1/1 1698/1/1 1697/1/1
f 1711/1/1 1682/1/1 1698/1/1
f 1711/1/1 1698/1/1 1710/1/1
f 1712/1/1 1614/1/1 1683/1/1
f 1713/1/1 1614/1/1 1712/1/1
f 1714/1/1 1684/1/1 1615/1/1
f 1715/1/1 1684/1/1 1714/1/1
f 1716/1/1 1700/1/1 1699/1/1
f 1716/1/1 1699/1/1 1685/1/1
f 1717/1/1 1700/1/1 1716/1/1
f 1719/1/1 1704/1/1 1703/1/1
f 1719/1/1 1703/1/1 1702/1/1
f 1720/1/1 1704/1/1 1719/1/1
f 1721/1/1 1704/1/1 1720/1/1
f 1724/1/1 1706/1/1 1705/1/1
f 1724/1/1 1707/1/1 1706/1/1
f 1725/1/1 1707/1/1 1724/1/1
f 1726/1/1 1707/1/1 1725/1/1
f 1728/1/1 1711/1/1 1710/1/1
f 1728/1/1 1710/1/1 1709/1/1
f 1728/1/1 1712/1/1 1711/1/1
f 1729/1/1 1718/1/1 1717/1/1
f 1729/1/1 1717/1/1 1716/1/1
f 1729/1/1 1716/1/1 1715/1/1
f 1731/1/1 1722/1/1 1721/1/1
f 1731/1/1 1721/1/1 1720/1/1
f 1732/1/1 1722/1/1 1731/1/1
f 1733/1/1 1722/1/1 1732/1/1
f 1736/1/1 1725/1/1 1724/1/1
f 1736/1/1 1724/1/1 1723/1/1
f 1737/1/1 1725/1/1 1736/1/1
f 1738/1/1 1725/1/1 1737/1/1
f 1740/1/1 1728/1/1 1727/1/1
f 1741/1/1 1712/1/1 1728/1/1
f 1741/1/1 1728/1/1 1740/1/1
f 1742/1/1 1614/1/1 1713/1/1
f 1743/1/1 1614/1/1 1742/1/1
f 1744/1/1 1714/1/1 1615/1/1
f 1745/1/1 1714/1/1 1744/1/1
f 1746/1/1 1730/1/1 1729/1/1
f 1746/1/1 1729/1/1 1715/1/1
f 1747/1/1 1730/1/1 1746/1/1
f 1749/1/1 1734/1/1 1733/1/1
f 1749/1/1 1733/1/1 1732/1/1
f 1750/1/1 1734/1/1 1749/1/1
f 1751/1/1 1734/1/1 1750/1/1
f 1754/1/1 1736/1/1 1735/1/1
f 1754/1/1 1737/1/1 1736/1/1
f 1755/1/1 1737/1/1 1754/1/1
f 1756/1/1 1737/1/1 1755/1/1
f 1758/1/1 1741/1/1 1740/1/1
f 1758/1/1 1740/1/1 1739/1/1
f 1758/1/1 1742/1/1 1741/1/1
f 1759/1/1 1748/1/1 1747/1/1
f 1759/1/1 1747/1/1 1746/1/1
f 1759/1/1 1746/1/1 1745/1/1
f 1761/1/1 1752/1/1 1751/1/1
f 1761/1/1 1751/1/1 1750/1/1
f 1762/1/1 1752/1/1 1761/1/1
f 1763/1/1 1752/1/1 1762/1/1
f 1766/1/1 1755/1/1 1754/1/1
f 1766/1/1 1754/1/1 1753/1/1
f 1767/1/1 1755/1/1 1766/1/1
f 1768/1/1 1755/1/1 1767/1/1
f 1770/1/1 1758/1/1 1757/1/1
f 1771/1/1 1742/1/1 1758/1/1
f 1771/1/1 1758/1/1 1770/1/1
f 1772/1/1 1614/1/1 1743/1/1
f 1773/1/1 1602/1/1 1614/1/1
f 1773/1/1 1614/1/1 1772/1/1
f 1774/1/1 1744/1/1 1615/1/1
f 1774/1/1 1615/1/1 1603/1/1
f 1775/1/1 1744/1/1 1774/1/1
f 1776/1/1 1760/1/1 1759/1/1
f 1776/1/1 1759/1/1 1745/1/1
f 1777/1/1 1760/1/1 1776/1/1
f 1779/1/1 1764/1/1 1763/1/1
f 1779/1/1 1763/1/1 1762/1/1
f 1780/1/1 1764/1/1 1779/1/1
f 1781/1/1 1764/1/1 1780/1/1
f 1784/1/1 1766/1/1 1765/1/1
f 1784/1/1 1767/1/1 1766/1/1
f 1785/1/1 1767/1/1 1784/1/1
f 1786/1/1 1767/1/1 1785/1/1
f 1788/1/1 1772/1/1 1771/1/1
f 1788/1/1 1771/1/1 1770/1/1
f 1788/1/1 1770/1/1 1769/1/1
f 1789/1/1 1778/1/1 1777/1/1
f 1789/1/1 1777/1/1 1776/1/1
f 1789/1/1 1776/1/1 1775/1/1
f 1791/1/1 1782/1/1 1781/1/1
f 1791/1/1 1781/1/1 1780/1/1
f 1792/1/1 1782/1/1 1791/1/1
f 1793/1/1 1782/1/1 1792/1/1
f 1796/1/1 1785/1/1 1784/1/1
f 1796/1/1 1784/1/1 1783/1/1
f 1797/1/1 1785/1/1 1796/1/1
f 1798/1/1 1785/1/1 1797/1/1
f 1799/1/1 1788/1/1 1787/1/1
f 1799/1/1 1772/1/1 1788/1/1
f 1800/1/1 1602/1/1 1773/1/1
f 1801/1/1 1602/1/1 1800/1/1
f 1802/1/1 1774/1/1 1603/1/1
f 1803/1/1 1774/1/1 1802/1/1
f 1804/1/1 1790/1/1 1789/1/1
f 1804/1/1 1789/1/1 1775/1/1
f 1805/1/1 1794/1/1 1793/1/1
f 1805/1/1 1793/1/1 1792/1/1
f 1806/1/1 1794/1/1 1805/1/1
f 1807/1/1 1794/1/1 1806/1/1
f 1810/1/1 1797/1/1 1796/1/1
f 1810/1/1 1796/1/1 1795/1/1
f 1811/1/1 1797/1/1 1810/1/1
f 1812/1/1 1797/1/1 1811/1/1
f 1814/1/1 1799/1/1 1787/1/1
f 1814/1/1 1800/1/1 1799/1/1
f 1815/1/1 1800/1/1 1814/1/1
f 1816/1/1 1804/1/1 1803/1/1
f 1816/1/1 1790/1/1 1804/1/1
f 1817/1/1 1790/1/1 1816/1/1
f 1819/1/1 1808/1/1 1807/1/1
f 1819/1/1 1807/1/1 1806/1/1
f 1820/1/1 1808/1/1 1819/1/1
f 1821/1/1 1808/1/1 1820/1/1
f 1823/1/1 1811/1/1 1810/1/1
f 1823/1/1 1810/1/1 1809/1/1
f 1824/1/1 1811/1/1 1823/1/1
f 1826/1/1 1814/1/1 1813/1/1
f 1827/1/1 1814/1/1 1826/1/1
f 1828/1/1 1800/1/1 1815/1/1
f 1829/1/1 1800/1/1 1828/1/1
f 1830/1/1 1800/1/1 1829/1/1
f 1831/1/1 1602/1/1 1801/1/1
f 1832/1/1 1602/1/1 1831/1/1
f 1833/1/1 1802/1/1 1603/1/1
f 1834/1/1 1802/1/1 1833/1/1
f 1835/1/1 1816/1/1 1803/1/1
f 1836/1/1 1816/1/1 1835/1/1
f 1837/1/1 1816/1/1 1836/1/1
f 1838/1/1 1818/1/1 1817/1/1
f 1839/1/1 1818/1/1 1838/1/1
f 1841/1/1 1822/1/1 1821/1/1
f 1841/1/1 1821/1/1 1820/1/1
f 1842/1/1 1822/1/1 1841/1/1
f 1844/1/1 1823/1/1 1809/1/1
f 1846/1/1 1827/1/1 1826/1/1
f 1846/1/1 1826/1/1 1825/1/1
f 1846/1/1 1828/1/1 1827/1/1
f 1847/1/1 1828/1/1 1846/1/1
f 1848/1/1 1830/1/1 1829/1/1
f 1848/1/1 1831/1/1 1830/1/1
f 1849/1/1 1831/1/1 1848/1/1
f 1850/1/1 1835/1/1 1834/1/1
f 1850/1/1 1836/1/1 1835/1/1
f 1851/1/1 1836/1/1 1850/1/1
f 1852/1/1 1840/1/1 1839/1/1
f 1852/1/1 1839/1/1 1838/1/1
f 1852/1/1 1838/1/1 1837/1/1
f 1853/1/1 1840/1/1 1852/1/1
f 1855/1/1 1822/1/1 1842/1/1
f 1858/1/1 1844/1/1 1843/1/1
f 1859/1/1 1823/1/1 1844/1/1
f 1859/1/1 1844/1/1 1858/1/1
f 1860/1/1 1823/1/1 1859/1/1
f 1862/1/1 1847/1/1 1846/1/1
f 1862/1/1 1848/1/1 1847/1/1
f 1862/1/1 1846/1/1 1845/1/1
f 1863/1/1 1848/1/1 1862/1/1
f 1864/1/1 1831/1/1 1849/1/1
f 1865/1/1 1831/1/1 1864/1/1
f 1866/1/1 1831/1/1 1865/1/1
f 1867/1/1 1602/1/1 1832/1/1
f 1868/1/1 1602/1/1 1867/1/1
f 1869/1/1 1833/1/1 1603/1/1
f 1870/1/1 1833/1/1 1869/1/1
f 1871/1/1 1850/1/1 1834/1/1
f 1872/1/1 1850/1/1 1871/1/1
f 1873/1/1 1850/1/1 1872/1/1
f 1874/1/1 1854/1/1 1853/1/1
f 1874/1/1 1853/1/1 1852/1/1
f 1874/1/1 1852/1/1 1851/1/1
f 1875/1/1 1854/1/1 1874/1/1
f 1877/1/1 1856/1/1 1855/1/1
f 1877/1/1 1855/1/1 1842/1/1
f 1878/1/1 1856/1/1 1877/1/1
f 1879/1/1 1856/1/1 1878/1/1
f 1882/1/1 1859/1/1 1858/1/1
f 1882/1/1 1858/1/1 1857/1/1
f 1883/1/1 1859/1/1 1882/1/1
f 1884/1/1 1859/1/1 1883/1/1
f 1885/1/1 1863/1/1 1862/1/1
f 1885/1/1 1862/1/1 1861/1/1
f 1885/1/1 1864/1/1 1863/1/1
f 1886/1/1 1866/1/1 1865/1/1
f 1886/1/1 1867/1/1 1866/1/1
f 1887/1/1 1867/1/1 1886/1/1
f 1888/1/1 1872/1/1 1871/1/1
f 1888/1/1 1871/1/1 1870/1/1
f 1889/1/1 1872/1/1 1888/1/1
f 1890/1/1 1876/1/1 1875/1/1
f 1890/1/1 1875/1/1 1874/1/1
f 1890/1/1 1874/1/1 1873/1/1
f 1891/1/1 1880/1/1 1879/1/1
f 1891/1/1 1879/1/1 1878/1/1
f 1892/1/1 1880/1/1 1891/1/1
f 1893/1/1 1880/1/1 1892/1/1
f 1895/1/1 1883/1/1 1882/1/1
f 1895/1/1 1882/1/1 1881/1/1
f 1896/1/1 1883/1/1 1895/1/1
f 1898/1/1 1885/1/1 1861/1/1
f 1898/1/1 1886/1/1 1885/1/1
f 1899/1/1 1886/1/1 1898/1/1
f 1900/1/1 1867/1/1 1887/1/1
f 1901/1/1 1867/1/1 1900/1/1
f 1902/1/1 1867/1/1 1901/1/1
f 1903/1/1 1602/1/1 1868/1/1
f 1904/1/1 1590/1/1 1602/1/1
f 1904/1/1 1602/1/1 1903/1/1
f 1905/1/1 1603/1/1 1591/1/1
f 1905/1/1 1869/1/1 1603/1/1
f 1906/1/1 1869/1/1 1905/1/1
f 1907/1/1 1888/1/1 1870/1/1
f 1908/1/1 1888/1/1 1907/1/1
f 1909/1/1 1888/1/1 1908/1/1
f 1910/1/1 1890/1/1 1889/1/1
f 1911/1/1 1876/1/1 1890/1/1
f 1911/1/1 1890/1/1 1910/1/1
f 1913/1/1 1894/1/1 1893/1/1
f 1913/1/1 1893/1/1 1892/1/1
f 1914/1/1 1894/1/1 1913/1/1
f 1916/1/1 1895/1/1 1881/1/1
f 1918/1/1 1899/1/1 1898/1/1
f 1918/1/1 1898/1/1 1897/1/1
f 1918/1/1 1900/1/1 1899/1/1
f 1919/1/1 1900/1/1 1918/1/1
f 1920/1/1 1903/1/1 1902/1/1
f 1920/1/1 1902/1/1 1901/1/1
f 1921/1/1 1903/1/1 1920/1/1
f 1922/1/1 1908/1/1 1907/1/1
f 1922/1/1 1907/1/1 1906/1/1
f 1923/1/1 1908/1/1 1922/1/1
f 1924/1/1 1912/1/1 1911/1/1
f 1924/1/1 1910/1/1 1909/1/1
f 1924/1/1 1911/1/1 1910/1/1
f 1925/1/1 1912/1/1 1924/1/1
f 1927/1/1 1894/1/1 1914/1/1
f 1929/1/1 1916/1/1 1915/1/1
f 1929/1/1 1895/1/1 1916/1/1
f 1930/1/1 1895/1/1 1929/1/1
f 1932/1/1 1919/1/1 1918/1/1
f 1932/1/1 1920/1/1 1919/1/1
f 1932/1/1 1918/1/1 1917/1/1
f 1933/1/1 1920/1/1 1932/1/1
f 1934/1/1 1903/1/1 1921/1/1
f 1935/1/1 1903/1/1 1934/1/1
f 1936/1/1 1903/1/1 1935/1/1
f 1937/1/1 1590/1/1 1904/1/1
f 1938/1/1 1590/1/1 1937/1/1
f 1939/1/1 1905/1/1 1591/1/1
f 1940/1/1 1905/1/1 1939/1/1
f 1941/1/1 1922/1/1 1906/1/1
f 1942/1/1 1922/1/1 1941/1/1
f 1943/1/1 1922/1/1 1942/1/1
f 1944/1/1 1926/1/1 1925/1/1
f 1944/1/1 1925/1/1 1924/1/1
f 1944/1/1 1924/1/1 1923/1/1
f 1945/1/1 1926/1/1 1944/1/1
f 1947/1/1 1928/1/1 1927/1/1
f 1947/1/1 1927/1/1 1914/1/1
f 1948/1/1 1928/1/1 1947/1/1
f 1950/1/1 1929/1/1 1915/1/1
f 1951/1/1 1929/1/1 1950/1/1
f 1952/1/1 1929/1/1 1951/1/1
f 1953/1/1 1933/1/1 1932/1/1
f 1953/1/1 1932/1/1 1931/1/1
f 1953/1/1 1934/1/1 1933/1/1
f 1954/1/1 1936/1/1 1935/1/1
f 1954/1/1 1937/1/1 1936/1/1
f 1955/1/1 1937/1/1 1954/1/1
f 1956/1/1 1942/1/1 1941/1/1
f 1956/1/1 1941/1/1 1940/1/1
f 1957/1/1 1942/1/1 1956/1/1
f 1958/1/1 1946/1/1 1945/1/1
f 1958/1/1 1944/1/1 1943/1/1
f 1958/1/1 1945/1/1 1944/1/1
f 1959/1/1 1928/1/1 1948/1/1
f 1960/1/1 1928/1/1 1959/1/1
f 1961/1/1 1928/1/1 1960/1/1
f 1964/1/1 1951/1/1 1950/1/1
f 1964/1/1 1950/1/1 1949/1/1
f 1966/1/1 1953/1/1 1931/1/1
f 1966/1/1 1954/1/1 1953/1/1
f 1967/1/1 1954/1/1 1966/1/1
f 1968/1/1 1937/1/1 1955/1/1
f 1969/1/1 1937/1/1 1968/1/1
f 1970/1/1 1937/1/1 1969/1/1
f 1971/1/1 1590/1/1 1938/1/1
f 1972/1/1 1590/1/1 1971/1/1
f 1973/1/1 1939/1/1 1591/1/1
f 1974/1/1 1939/1/1 1973/1/1
f 1975/1/1 1956/1/1 1940/1/1
f 1976/1/1 1956/1/1 1975/1/1
f 1977/1/1 1956/1/1 1976/1/1
f 1978/1/1 1958/1/1 1957/1/1
f 1979/1/1 1946/1/1 1958/1/1
f 1979/1/1 1958/1/1 1978/1/1
f 1981/1/1 1962/1/1 1961/1/1
f 1981/1/1 1961/1/1 1960/1/1
f 1983/1/1 1964/1/1 1963/1/1
f 1983/1/1 1951/1/1 1964/1/1
f 1984/1/1 1951/1/1 1983/1/1
f 1985/1/1 1967/1/1 1966/1/1
f 1985/1/1 1966/1/1 1965/1/1
f 1985/1/1 1968/1/1 1967/1/1
f 1986/1/1 1970/1/1 1969/1/1
f 1986/1/1 1971/1/1 1970/1/1
f 1987/1/1 1971/1/1 1986/1/1
f 1988/1/1 1976/1/1 1975/1/1
f 1988/1/1 1975/1/1 1974/1/1
f 1989/1/1 1976/1/1 1988/1/1
f 1990/1/1 1980/1/1 1979/1/1
f 1990/1/1 1979/1/1 1978/1/1
f 1990/1/1 1978/1/1 1977/1/1
f 1991/1/1 1982/1/1 1981/1/1
f 1991/1/1 1981/1/1 1960/1/1
f 1992/1/1 1982/1/1 1991/1/1
f 1994/1/1 1983/1/1 1963/1/1
f 1996/1/1 1985/1/1 1965/1/1
f 1996/1/1 1986/1/1 1985/1/1
f 1997/1/1 1986/1/1 1996/1/1
f 1998/1/1 1971/1/1 1987/1/1
f 1999/1/1 1971/1/1 1998/1/1
f 2000/1/1 1971/1/1 1999/1/1
f 2001/1/1 1590/1/1 1972/1/1
f 2002/1/1 1590/1/1 2001/1/1
f 2003/1/1 1973/1/1 1591/1/1
f 2004/1/1 1973/1/1 2003/1/1
f 2005/1/1 1988/1/1 1974/1/1
f 2006/1/1 1988/1/1 2005/1/1
f 2007/1/1 1988/1/1 2006/1/1
f 2008/1/1 1990/1/1 1989/1/1
f 2009/1/1 1980/1/1 1990/1/1
f 2009/1/1 1990/1/1 2008/1/1
f 2011/1/1 1982/1/1 1992/1/1
f 2013/1/1 1994/1/1 1993/1/1
f 2013/1/1 1983/1/1 1994/1/1
f 2014/1/1 1983/1/1 2013/1/1
f 2016/1/1 1997/1/1 1996/1/1
f 2016/1/1 1996/1/1 1995/1/1
f 2016/1/1 1998/1/1 1997/1/1
f 2017/1/1 1998/1/1 2016/1/1
f 2018/1/1 2000/1/1 1999/1/1
f 2018/1/1 2001/1/1 2000/1/1
f 2019/1/1 2001/1/1 2018/1/1
f 2020/1/1 1578/1/1 1590/1/1
f 2020/1/1 1590/1/1 2002/1/1
f 2021/1/1 1578/1/1 2020/1/1
f 2022/1/1 1591/1/1 1579/1/1
f 2022/1/1 2003/1/1 1591/1/1
f 2023/1/1 2003/1/1 2022/1/1
f 2024/1/1 2006/1/1 2005/1/1
f 2024/1/1 2005/1/1 2004/1/1
f 2025/1/1 2006/1/1 2024/1/1
f 2026/1/1 2010/1/1 2009/1/1
f 2026/1/1 2008/1/1 2007/1/1
f 2026/1/1 2009/1/1 2008/1/1
f 2027/1/1 2010/1/1 2026/1/1
f 2029/1/1 2012/1/1 2011/1/1
f 2029/1/1 2011/1/1 1992/1/1
f 2030/1/1 2012/1/1 2029/1/1
f 2032/1/1 2013/1/1 1993/1/1
f 2033/1/1 2017/1/1 2016/1/1
f 2033/1/1 2016/1/1 2015/1/1
f 2033/1/1 2018/1/1 2017/1/1
f 2034/1/1 2001/1/1 2019/1/1
f 2035/1/1 2001/1/1 2034/1/1
f 2036/1/1 2001/1/1 2035/1/1
f 2037/1/1 2020/1/1 2002/1/1
f 2038/1/1 2020/1/1 2037/1/1
f 2039/1/1 2003/1/1 2023/1/1
f 2040/1/1 2003/1/1 2039/1/1
f 2041/1/1 2024/1/1 2004/1/1
f 2042/1/1 2024/1/1 2041/1/1
f 2043/1/1 2024/1/1 2042/1/1
f 2044/1/1 2028/1/1 2027/1/1
f 2044/1/1 2026/1/1 2025/1/1
f 2044/1/1 2027/1/1 2026/1/1
f 2045/1/1 2012/1/1 2030/1/1
f 2047/1/1 2032/1/1 2031/1/1
f 2047/1/1 2013/1/1 2032/1/1
f 2048/1/1 2013/1/1 2047/1/1
f 2050/1/1 2033/1/1 2015/1/1
f 2050/1/1 2034/1/1 2033/1/1
f 2051/1/1 2034/1/1 2050/1/1
f 2052/1/1 2036/1/1 2035/1/1
f 2052/1/1 2037/1/1 2036/1/1
f 2053/1/1 2037/1/1 2052/1/1
f 2054/1/1 2037/1/1 2053/1/1
f 2055/1/1 2037/1/1 2054/1/1
f 2058/1/1 2042/1/1 2041/1/1
f 2058/1/1 2041/1/1 2040/1/1
f 2059/1/1 2042/1/1 2058/1/1
f 2060/1/1 2042/1/1 2059/1/1
f 2061/1/1 2042/1/1 2060/1/1
f 2062/1/1 2044/1/1 2043/1/1
f 2063/1/1 2028/1/1 2044/1/1
f 2063/1/1 2044/1/1 2062/1/1
f 2065/1/1 2046/1/1 2045/1/1
f 2065/1/1 2045/1/1 2030/1/1
f 2066/1/1 2046/1/1 2065/1/1
f 2067/1/1 2051/1/1 2050/1/1
f 2067/1/1 2050/1/1 2049/1/1
f 2067/1/1 2052/1/1 2051/1/1
f 2068/1/1 2054/1/1 2053/1/1
f 2069/1/1 2054/1/1 2068/1/1
f 2070/1/1 2054/1/1 2069/1/1
f 2071/1/1 2054/1/1 2070/1/1
f 2074/1/1 2057/1/1 2056/1/1
f 2075/1/1 2057/1/1 2074/1/1
f 2078/1/1 2060/1/1 2059/1/1
f 2079/1/1 2060/1/1 2078/1/1
f 2080/1/1 2060/1/1 2079/1/1
f 2081/1/1 2060/1/1 2080/1/1
f 2082/1/1 2064/1/1 2063/1/1
f 2082/1/1 2063/1/1 2062/1/1
f 2082/1/1 2062/1/1 2061/1/1
f 2084/1/1 2047/1/1 2031/1/1
f 2085/1/1 2047/1/1 2084/1/1
f 2086/1/1 2047/1/1 2085/1/1
f 2087/1/1 2067/1/1 2049/1/1
f 2087/1/1 2068/1/1 2067/1/1
f 2088/1/1 2068/1/1 2087/1/1
f 2089/1/1 2068/1/1 2088/1/1
f 2090/1/1 2070/1/1 2069/1/1
f 2091/1/1 2070/1/1 2090/1/1
f 2092/1/1 2070/1/1 2091/1/1
f 2093/1/1 2070/1/1 2092/1/1
f 2094/4/1 2073/4/1 2072/4/1
f 2095/1/1 2076/1/1 2075/1/1
f 2095/4/1 2073/4/1 2094/4/1
f 2095/1/1 2074/1/1 2073/1/1
f 2095/1/1 2075/1/1 2074/1/1
f 2096/4/1 2077/4/1 2076/4/1
f 2096/1/1 2076/1/1 2095/1/1
f 2097/4/1 2077/4/1 2096/4/1
f 2098/1/1 2080/1/1 2079/1/1
f 2099/1/1 2080/1/1 2098/1/1
f 2100/1/1 2080/1/1 2099/1/1
f 2101/1/1 2080/1/1 2100/1/1
f 2102/1/1 2082/1/1 2081/1/1
f 2103/1/1 2064/1/1 2082/1/1
f 2103/1/1 2082/1/1 2102/1/1
f 2104/1/1 2064/1/1 2103/1/1
f 2105/1/1 2046/1/1 2066/1/1
f 2106/1/1 2046/1/1 2105/1/1
f 2107/1/1 2046/1/1 2106/1/1
f 2110/1/1 2089/1/1 2088/1/1
f 2110/1/1 2090/1/1 2089/1/1
f 2111/1/1 2090/1/1 2110/1/1
f 2112/1/1 2090/1/1 2111/1/1
f 2113/1/1 2092/1/1 2091/1/1
f 2114/1/1 2092/1/1 2113/1/1
f 2115/1/1 2092/1/1 2114/1/1
f 2116/1/1 2092/1/1 2115/1/1
f 2118/1/1 2097/1/1 2096/1/1
f 2118/1/1 2095/1/1 2094/1/1
f 2118/1/1 2096/1/1 2095/1/1
f 2119/1/1 2097/1/1 2118/1/1
f 2120/1/1 2097/1/1 2119/1/1
f 2121/1/1 2097/1/1 2120/1/1
f 2123/1/1 2100/1/1 2099/1/1
f 2124/1/1 2100/1/1 2123/1/1
f 2125/1/1 2100/1/1 2124/1/1
f 2126/1/1 2100/1/1 2125/1/1
f 2127/1/1 2102/1/1 2101/1/1
f 2127/1/1 2103/1/1 2102/1/1
f 2128/1/1 2103/1/1 2127/1/1
f 2129/1/1 2103/1/1 2128/1/1
f 2132/1/1 2085/1/1 2084/1/1
f 2132/1/1 2084/1/1 2083/1/1
f 2133/1/1 2110/1/1 2109/1/1
f 2134/1/1 2112/1/1 2111/1/1
f 2134/1/1 2113/1/1 2112/1/1
f 2135/1/1 2113/1/1 2134/1/1
f 2136/1/1 2113/1/1 2135/1/1
f 2137/1/1 2115/1/1 2114/1/1
f 2138/1/1 2115/1/1 2137/1/1
f 2139/1/1 2115/1/1 2138/1/1
f 2140/1/1 2115/1/1 2139/1/1
f 2142/1/1 2118/1/1 2117/1/1
f 2142/1/1 2119/1/1 2118/1/1
f 2143/1/1 2119/1/1 2142/1/1
f 2144/1/1 2119/1/1 2143/1/1
f 2145/1/1 2121/1/1 2120/1/1
f 2145/1/1 2122/1/1 2121/1/1
f 2146/1/1 2122/1/1 2145/1/1
f 2147/1/1 2122/1/1 2146/1/1
f 2149/1/1 2125/1/1 2124/1/1
f 2150/1/1 2125/1/1 2149/1/1
f 2151/1/1 2125/1/1 2150/1/1
f 2152/1/1 2125/1/1 2151/1/1
f 2153/1/1 2128/1/1 2127/1/1
f 2153/1/1 2127/1/1 2126/1/1
f 2154/1/1 2128/1/1 2153/1/1
f 2155/1/1 2128/1/1 2154/1/1
f 2156/1/1 2130/1/1 2129/1/1
f 2157/1/1 2108/1/1 2107/1/1
f 2157/1/1 2107/1/1 2106/1/1
f 2159/1/1 2132/1/1 2131/1/1
f 2159/1/1 2085/1/1 2132/1/1
f 2160/1/1 2085/1/1 2159/1/1
f 2162/1/1 2133/1/1 2109/1/1
f 2162/1/1 2134/1/1 2133/1/1
f 2163/1/1 2134/1/1 2162/1/1
f 2164/1/1 2136/1/1 2135/1/1
f 2164/1/1 2137/1/1 2136/1/1
f 2165/1/1 2137/1/1 2164/1/1
f 2166/1/1 2137/1/1 2165/1/1
f 2167/1/1 2139/1/1 2138/1/1
f 2168/1/1 2139/1/1 2167/1/1
f 2170/1/1 2143/1/1 2142/1/1
f 2170/1/1 2142/1/1 2141/1/1
f 2171/1/1 2143/1/1 2170/1/1
f 2172/1/1 2143/1/1 2171/1/1
f 2173/1/1 2148/1/1 2147/1/1
f 2173/1/1 2147/1/1 2146/1/1
f 2174/1/1 2148/1/1 2173/1/1
f 2175/1/1 2148/1/1 2174/1/1
f 2177/1/1 2151/1/1 2150/1/1
f 2178/1/1 2151/1/1 2177/1/1
f 2179/1/1 2154/1/1 2153/1/1
f 2179/1/1 2153/1/1 2152/1/1
f 2180/1/1 2154/1/1 2179/1/1
f 2181/1/1 2154/1/1 2180/1/1
f 2182/1/1 2156/1/1 2155/1/1
f 2183/1/1 2130/1/1 2156/1/1
f 2183/1/1 2156/1/1 2182/1/1
f 2185/1/1 2158/1/1 2157/1/1
f 2185/1/1 2157/1/1 2106/1/1
f 2186/1/1 2158/1/1 2185/1/1
f 2187/1/1 2163/1/1 2162/1/1
f 2187/1/1 2162/1/1 2161/1/1
f 2187/1/1 2164/1/1 2163/1/1
f 2188/1/1 2166/1/1 2165/1/1
f 2188/1/1 2167/1/1 2166/1/1
f 2189/1/1 2167/1/1 2188/1/1
f 2191/1/1 2171/1/1 2170/1/1
f 2191/1/1 2170/1/1 2169/1/1
f 2192/1/1 2171/1/1 2191/1/1
f 2193/1/1 2171/1/1 2192/1/1
f 2194/1/1 2176/1/1 2175/1/1
f 2194/1/1 2175/1/1 2174/1/1
f 2195/1/1 2176/1/1 2194/1/1
f 2196/1/1 2176/1/1 2195/1/1
f 2198/1/1 2180/1/1 2179/1/1
f 2198/1/1 2179/1/1 2178/1/1
f 2199/1/1 2180/1/1 2198/1/1
f 2200/1/1 2182/1/1 2181/1/1
f 2200/1/1 2184/1/1 2183/1/1
f 2200/1/1 2183/1/1 2182/1/1
f 2202/1/1 2159/1/1 2131/1/1
f 2203/1/1 2188/1/1 2187/1/1
f 2204/1/1 2167/1/1 2189/1/1
f 2205/1/1 2167/1/1 2204/1/1
f 2206/1/1 2167/1/1 2205/1/1
f 2207/1/1 2167/1/1 2206/1/1
f 2209/1/1 2191/1/1 2190/1/1
f 2209/1/1 2192/1/1 2191/1/1
f 2210/1/1 2192/1/1 2209/1/1
f 2211/1/1 2192/1/1 2210/1/1
f 2212/1/1 2197/1/1 2196/1/1
f 2212/1/1 2196/1/1 2195/1/1
f 2213/1/1 2197/1/1 2212/1/1
f 2214/1/1 2197/1/1 2213/1/1
f 2216/1/1 2198/1/1 2178/1/1
f 2217/1/1 2198/1/1 2216/1/1
f 2218/1/1 2198/1/1 2217/1/1
f 2219/1/1 2198/1/1 2218/1/1
f 2220/1/1 2200/1/1 2199/1/1
f 2221/1/1 2158/1/1 2186/1/1
f 2223/1/1 2202/1/1 2201/1/1
f 2223/1/1 2159/1/1 2202/1/1
f 2224/1/1 2159/1/1 2223/1/1
f 2226/1/1 2187/1/1 2161/1/1
f 2226/1/1 2203/1/1 2187/1/1
f 2226/1/1 2204/1/1 2203/1/1
f 2227/1/1 2204/1/1 2226/1/1
f 2228/1/1 2206/1/1 2205/1/1
f 2229/1/1 2206/1/1 2228/1/1
f 2230/1/1 2206/1/1 2229/1/1
f 2231/1/1 2206/1/1 2230/1/1
f 2233/1/1 2210/1/1 2209/1/1
f 2233/1/1 2209/1/1 2208/1/1
f 2234/1/1 2210/1/1 2233/1/1
f 2235/1/1 2210/1/1 2234/1/1
f 2238/1/1 2215/1/1 2214/1/1
f 2238/1/1 2214/1/1 2213/1/1
f 2239/1/1 2215/1/1 2238/1/1
f 2240/1/1 2215/1/1 2239/1/1
f 2242/1/1 2218/1/1 2217/1/1
f 2243/1/1 2218/1/1 2242/1/1
f 2244/1/1 2218/1/1 2243/1/1
f 2245/1/1 2218/1/1 2244/1/1
f 2246/1/1 2220/1/1 2219/1/1
f 2247/1/1 2184/1/1 2200/1/1
f 2247/1/1 2200/1/1 2220/1/1
f 2247/1/1 2220/1/1 2246/1/1
f 2249/1/1 2222/1/1 2221/1/1
f 2249/1/1 2221/1/1 2186/1/1
f 2250/1/1 2222/1/1 2249/1/1
f 2251/1/1 2227/1/1 2226/1/1
f 2251/1/1 2226/1/1 2225/1/1
f 2251/1/1 2228/1/1 2227/1/1
f 2252/1/1 2230/1/1 2229/1/1
f 2253/1/1 2230/1/1 2252/1/1
f 2255/1/1 2234/1/1 2233/1/1
f 2255/1/1 2233/1/1 2232/1/1
f 2256/1/1 2234/1/1 2255/1/1
f 2257/1/1 2234/1/1 2256/1/1
f 2259/10/1 2237/10/1 2236/10/1
f 2260/10/1 2237/10/1 2259/10/1
f 2262/1/1 2241/1/1 2240/1/1
f 2262/1/1 2240/1/1 2239/1/1
f 2263/1/1 2241/1/1 2262/1/1
f 2264/1/1 2241/1/1 2263/1/1
f 2266/1/1 2244/1/1 2243/1/1
f 2267/1/1 2244/1/1 2266/1/1
f 2268/1/1 2248/1/1 2247/1/1
f 2268/1/1 2246/1/1 2245/1/1
f 2268/1/1 2247/1/1 2246/1/1
f 2269/1/1 2252/1/1 2251/1/1
f 2270/1/1 2230/1/1 2253/1/1
f 2271/1/1 2230/1/1 2270/1/1
f 2272/1/1 2230/1/1 2271/1/1
f 2273/1/1 2230/1/1 2272/1/1
f 2275/1/1 2255/1/1 2254/1/1
f 2275/1/1 2256/1/1 2255/1/1
f 2276/1/1 2256/1/1 2275/1/1
f 2277/1/1 2256/1/1 2276/1/1
f 2279/10/1 2259/10/1 2258/10/1
f 2280/10/1 2259/10/1 2279/10/1
f 2283/10/1 2261/10/1 2260/10/1
f 2284/10/1 2261/10/1 2283/10/1
f 2286/1/1 2264/1/1 2263/1/1
f 2286/1/1 2265/1/1 2264/1/1
f 2287/1/1 2265/1/1 2286/1/1
f 2288/1/1 2265/1/1 2287/1/1
f 2290/1/1 2266/1/1 2243/1/1
f 2291/1/1 2266/1/1 2290/1/1
f 2292/1/1 2266/1/1 2291/1/1
f 2293/1/1 2266/1/1 2292/1/1
f 2294/1/1 2268/1/1 2267/1/1
f 2296/1/1 2223/1/1 2201/1/1
f 2297/1/1 2223/1/1 2296/1/1
f 2298/1/1 2223/1/1 2297/1/1
f 2299/1/1 2270/1/1 2269/1/1
f 2300/1/1 2272/1/1 2271/1/1
f 2301/1/1 2272/1/1 2300/1/1
f 2302/1/1 2272/1/1 2301/1/1
f 2303/1/1 2272/1/1 2302/1/1
f 2304/1/1 2275/1/1 2274/1/1
f 2304/1/1 2276/1/1 2275/1/1
f 2305/1/1 2276/1/1 2304/1/1
f 2307/10/1 2279/10/1 2278/10/1
f 2308/10/1 2279/10/1 2307/10/1
f 2309/10/1 2285/10/1 2284/10/1
f 2310/10/1 2285/10/1 2309/10/1
f 2312/1/1 2289/1/1 2288/1/1
f 2312/1/1 2288/1/1 2287/1/1
f 2313/1/1 2289/1/1 2312/1/1
f 2314/1/1 2292/1/1 2291/1/1
f 2315/1/1 2292/1/1 2314/1/1
f 2316/1/1 2292/1/1 2315/1/1
f 2317/1/1 2292/1/1 2316/1/1
f 2318/1/1 2294/1/1 2293/1/1
f 2319/1/1 2222/1/1 2250/1/1
f 2320/1/1 2222/1/1 2319/1/1
f 2321/1/1 2222/1/1 2320/1/1
f 2324/1/1 2251/1/1 2225/1/1
f 2324/1/1 2269/1/1 2251/1/1
f 2324/1/1 2299/1/1 2269/1/1
f 2324/1/1 2300/1/1 2299/1/1
f 2325/1/1 2300/1/1 2324/1/1
f 2326/1/1 2302/1/1 2301/1/1
f 2327/1/1 2302/1/1 2326/1/1
f 2329/1/1 2304/1/1 2274/1/1
f 2330/1/1 2304/1/1 2329/1/1
f 2331/1/1 2304/1/1 2330/1/1
f 2333/10/1 2307/10/1 2306/10/1
f 2334/10/1 2307/10/1 2333/10/1
f 2335/2/1 2282/2/1 2281/2/1
f 2336/2/1 2282/2/1 2335/2/1
f 2337/10/1 2311/10/1 2310/10/1
f 2338/10/1 2311/10/1 2337/10/1
f 2340/1/1 2289/1/1 2313/1/1
f 2341/1/1 2289/1/1 2340/1/1
f 2342/1/1 2289/1/1 2341/1/1
f 2344/1/1 2316/1/1 2315/1/1
f 2345/1/1 2316/1/1 2344/1/1
f 2346/1/1 2318/1/1 2317/1/1
f 2347/1/1 2248/1/1 2268/1/1
f 2347/1/1 2268/1/1 2294/1/1
f 2347/1/1 2318/1/1 2346/1/1
f 2347/1/1 2294/1/1 2318/1/1
f 2349/1/1 2325/1/1 2324/1/1
f 2349/1/1 2324/1/1 2323/1/1
f 2349/1/1 2326/1/1 2325/1/1
f 2350/1/1 2302/1/1 2327/1/1
f 2351/1/1 2302/1/1 2350/1/1
f 2352/1/1 2302/1/1 2351/1/1
f 2353/1/1 2302/1/1 2352/1/1
f 2355/10/1 2333/10/1 2332/10/1
f 2356/10/1 2333/10/1 2355/10/1
f 2363/10/1 2339/10/1 2338/10/1
f 2364/10/1 2339/10/1 2363/10/1
f 2366/1/1 2344/1/1 2315/1/1
f 2367/1/1 2344/1/1 2366/1/1
f 2368/1/1 2344/1/1 2367/1/1
f 2369/1/1 2344/1/1 2368/1/1
f 2370/1/1 2348/1/1 2347/1/1
f 2370/1/1 2346/1/1 2345/1/1
f 2370/1/1 2347/1/1 2346/1/1
f 2371/1/1 2350/1/1 2349/1/1
f 2372/1/1 2352/1/1 2351/1/1
f 2373/1/1 2352/1/1 2372/1/1
f 2375/1/1 2329/1/1 2328/1/1
f 2375/1/1 2330/1/1 2329/1/1
f 2376/1/1 2330/1/1 2375/1/1
f 2377/1/1 2330/1/1 2376/1/1
f 2379/10/1 2355/10/1 2354/10/1
f 2380/10/1 2355/10/1 2379/10/1
f 2382/2/1 2358/2/1 2357/2/1
f 2383/2/1 2358/2/1 2382/2/1
f 2386/10/1 2360/10/1 2359/10/1
f 2387/10/1 2360/10/1 2386/10/1
f 2390/2/1 2362/2/1 2361/2/1
f 2391/2/1 2362/2/1 2390/2/1
f 2393/10/1 2365/10/1 2364/10/1
f 2394/10/1 2365/10/1 2393/10/1
f 2396/1/1 2342/1/1 2341/1/1
f 2396/1/1 2343/1/1 2342/1/1
f 2397/1/1 2343/1/1 2396/1/1
f 2398/1/1 2343/1/1 2397/1/1
f 2400/1/1 2368/1/1 2367/1/1
f 2401/1/1 2368/1/1 2400/1/1
f 2402/1/1 2370/1/1 2369/1/1
f 2403/1/1 2372/1/1 2371/1/1
f 2404/1/1 2352/1/1 2373/1/1
f 2405/1/1 2352/1/1 2404/1/1
f 2407/1/1 2375/1/1 2374/1/1
f 2407/1/1 2376/1/1 2375/1/1
f 2409/2/1 2384/2/1 2383/2/1
f 2409/2/1 2382/2/1 2381/2/1
f 2409/2/1 2383/2/1 2382/2/1
f 2410/2/1 2384/2/1 2409/2/1
f 2411/2/1 2384/2/1 2410/2/1
f 2413/10/1 2386/10/1 2385/10/1
f 2414/10/1 2386/10/1 2413/10/1
f 2415/10/1 2388/10/1 2387/10/1
f 2416/10/1 2388/10/1 2415/10/1
f 2418/2/1 2392/2/1 2391/2/1
f 2418/2/1 2390/2/1 2389/2/1
f 2418/2/1 2391/2/1 2390/2/1
f 2419/2/1 2392/2/1 2418/2/1
f 2420/2/1 2392/2/1 2419/2/1
f 2422/1/1 2399/1/1 2398/1/1
f 2422/1/1 2398/1/1 2397/1/1
f 2424/1/1 2400/1/1 2367/1/1
f 2425/1/1 2400/1/1 2424/1/1
f 2426/1/1 2402/1/1 2401/1/1
f 2427/4/1 2407/4/1 2406/4/1
f 2428/1/1 2376/1/1 2407/1/1
f 2428/4/1 2407/4/1 2427/4/1
f 2429/1/1 2376/1/1 2428/1/1
f 2430/1/1 2376/1/1 2429/1/1
f 2432/10/1 2379/10/1 2378/10/1
f 2433/10/1 2379/10/1 2432/10/1
f 2434/2/1 2409/2/1 2408/2/1
f 2434/2/1 2410/2/1 2409/2/1
f 2435/2/1 2410/2/1 2434/2/1
f 2436/2/1 2410/2/1 2435/2/1
f 2437/2/1 2410/2/1 2436/2/1
f 2439/10/1 2413/10/1 2412/10/1
f 2440/10/1 2413/10/1 2439/10/1
f 2441/10/1 2417/10/1 2416/10/1
f 2442/10/1 2417/10/1 2441/10/1
f 2444/2/1 2421/2/1 2420/2/1
f 2444/2/1 2420/2/1 2419/2/1
f 2445/2/1 2421/2/1 2444/2/1
f 2446/2/1 2421/2/1 2445/2/1
f 2447/2/1 2421/2/1 2446/2/1
f 2448/10/1 2395/10/1 2394/10/1
f 2449/10/1 2395/10/1 2448/10/1
f 2451/1/1 2422/1/1 2397/1/1
f 2452/1/1 2422/1/1 2451/1/1
f 2453/4/1 2423/4/1 2422/4/1
f 2453/1/1 2422/1/1 2452/1/1
f 2454/4/1 2423/4/1 2453/4/1
f 2456/1/1 2296/1/1 2295/1/1
f 2456/1/1 2297/1/1 2296/1/1
f 2457/1/1 2297/1/1 2456/1/1
f 2458/1/1 2297/1/1 2457/1/1
f 2460/1/1 2349/1/1 2323/1/1
f 2460/1/1 2403/1/1 2371/1/1
f 2460/1/1 2371/1/1 2349/1/1
f 2460/1/1 2404/1/1 2403/1/1
f 2461/2/1 2436/2/1 2435/2/1
f 2462/2/1 2436/2/1 2461/2/1
f 2464/10/1 2439/10/1 2438/10/1
f 2465/10/1 2439/10/1 2464/10/1
f 2466/10/1 2443/10/1 2442/10/1
f 2467/10/1 2443/10/1 2466/10/1
f 2469/2/1 2446/2/1 2445/2/1
f 2470/2/1 2446/2/1 2469/2/1
f 2471/1/1 2426/1/1 2425/1/1
f 2471/1/1 2348/1/1 2370/1/1
f 2471/1/1 2402/1/1 2426/1/1
f 2471/1/1 2370/1/1 2402/1/1
f 2473/1/1 2322/1/1 2321/1/1
f 2473/1/1 2321/1/1 2320/1/1
f 2474/1/1 2322/1/1 2473/1/1
f 2475/1/1 2322/1/1 2474/1/1
f 2478/10/1 2432/10/1 2431/10/1
f 2479/10/1 2432/10/1 2478/10/1
f 2481/10/1 2464/10/1 2463/10/1
f 2482/10/1 2464/10/1 2481/10/1
f 2483/10/1 2468/10/1 2467/10/1
f 2484/10/1 2468/10/1 2483/10/1
f 2486/10/1 2450/10/1 2449/10/1
f 2487/10/1 2450/10/1 2486/10/1
f 2489/1/1 2404/1/1 2460/1/1
f 2489/1/1 2460/1/1 2459/1/1
f 2490/1/1 2404/1/1 2489/1/1
f 2492/10/1 2481/10/1 2480/10/1
f 2493/10/1 2481/10/1 2492/10/1
f 2494/10/1 2485/10/1 2484/10/1
f 2495/10/1 2485/10/1 2494/10/1
f 2497/1/1 2472/1/1 2471/1/1
f 2497/1/1 2471/1/1 2425/1/1
f 2498/1/1 2472/1/1 2497/1/1
f 2500/1/1 2428/1/1 2427/1/1
f 2500/1/1 2429/1/1 2428/1/1
f 2501/1/1 2429/1/1 2500/1/1
f 2502/1/1 2429/1/1 2501/1/1
f 2504/10/1 2478/10/1 2477/10/1
f 2505/10/1 2478/10/1 2504/10/1
f 2506/10/1 2488/10/1 2487/10/1
f 2507/10/1 2488/10/1 2506/10/1
f 2509/1/1 2454/1/1 2453/1/1
f 2509/1/1 2453/1/1 2452/1/1
f 2510/1/1 2454/1/1 2509/1/1
f 2511/1/1 2454/1/1 2510/1/1
f 2514/10/1 2492/10/1 2491/10/1
f 2515/10/1 2492/10/1 2514/10/1
f 2516/10/1 2496/10/1 2495/10/1
f 2517/10/1 2496/10/1 2516/10/1
f 2523/1/1 2489/1/1 2459/1/1
f 2524/1/1 2489/1/1 2523/1/1
f 2525/1/1 2472/1/1 2498/1/1
f 2526/1/1 2472/1/1 2525/1/1
f 2531/2/1 2520/2/1 2519/2/1
f 2532/2/1 2520/2/1 2531/2/1
f 2533/2/1 2522/2/1 2521/2/1
f 2534/2/1 2522/2/1 2533/2/1
f 2535/10/1 2514/10/1 2513/10/1
f 2536/10/1 2514/10/1 2535/10/1
f 2539/10/1 2518/10/1 2517/10/1
f 2540/10/1 2518/10/1 2539/10/1
f 2541/1/1 2500/1/1 2499/1/1
f 2541/1/1 2501/1/1 2500/1/1
f 2542/1/1 2501/1/1 2541/1/1
f 2543/1/1 2501/1/1 2542/1/1
f 2545/10/1 2504/10/1 2503/10/1
f 2546/10/1 2504/10/1 2545/10/1
f 2549/10/1 2508/10/1 2507/10/1
f 2550/10/1 2508/10/1 2549/10/1
f 2552/1/1 2512/1/1 2511/1/1
f 2552/1/1 2511/1/1 2510/1/1
f 2553/1/1 2512/1/1 2552/1/1
f 2554/1/1 2512/1/1 2553/1/1
f 2555/1/1 2528/1/1 2527/1/1
f 2557/10/1 2537/10/1 2536/10/1
f 2558/10/1 2537/10/1 2557/10/1
f 2561/10/1 2539/10/1 2538/10/1
f 2562/10/1 2539/10/1 2561/10/1
f 2564/1/1 2530/1/1 2529/1/1
f 2565/10/1 2547/10/1 2546/10/1
f 2566/10/1 2547/10/1 2565/10/1
f 2568/10/1 2559/10/1 2558/10/1
f 2569/10/1 2559/10/1 2568/10/1
f 2572/10/1 2561/10/1 2560/10/1
f 2573/10/1 2561/10/1 2572/10/1
f 2575/10/1 2549/10/1 2548/10/1
f 2576/10/1 2549/10/1 2575/10/1
f 2577/1/1 2457/1/1 2456/1/1
f 2577/1/1 2456/1/1 2455/1/1
f 2578/1/1 2457/1/1 2577/1/1
f 2579/1/1 2457/1/1 2578/1/1
f 2581/1/1 2556/1/1 2555/1/1
f 2581/1/1 2555/1/1 2527/1/1
f 2582/1/1 2556/1/1 2581/1/1
f 2585/10/1 2570/10/1 2569/10/1
f 2586/10/1 2570/10/1 2585/10/1
f 2589/10/1 2572/10/1 2571/10/1
f 2590/10/1 2572/10/1 2589/10/1
f 2593/1/1 2564/1/1 2563/1/1
f 2593/1/1 2530/1/1 2564/1/1
f 2594/1/1 2530/1/1 2593/1/1
f 2596/1/1 2476/1/1 2475/1/1
f 2596/1/1 2475/1/1 2474/1/1
f 2597/1/1 2476/1/1 2596/1/1
f 2598/1/1 2476/1/1 2597/1/1
f 2599/1/1 2544/1/1 2543/1/1
f 2599/1/1 2543/1/1 2542/1/1
f 2600/1/1 2544/1/1 2599/1/1
f 2601/1/1 2544/1/1 2600/1/1
f 2603/10/1 2567/10/1 2566/10/1
f 2604/10/1 2567/10/1 2603/10/1
f 2607/2/1 2584/2/1 2583/2/1
f 2608/2/1 2584/2/1 2607/2/1
f 2610/10/1 2587/10/1 2586/10/1
f 2611/10/1 2587/10/1 2610/10/1
f 2614/10/1 2589/10/1 2588/10/1
f 2615/10/1 2589/10/1 2614/10/1
f 2617/2/1 2592/2/1 2591/2/1
f 2618/2/1 2592/2/1 2617/2/1
f 2621/10/1 2575/10/1 2574/10/1
f 2622/10/1 2575/10/1 2621/10/1
f 2624/1/1 2553/1/1 2552/1/1
f 2624/1/1 2552/1/1 2551/1/1
f 2625/1/1 2553/1/1 2624/1/1
f 2626/1/1 2553/1/1 2625/1/1
f 2627/1/1 2556/1/1 2582/1/1
f 2628/1/1 2556/1/1 2627/1/1
f 2630/2/1 2609/2/1 2608/2/1
f 2630/2/1 2607/2/1 2606/2/1
f 2630/2/1 2608/2/1 2607/2/1
f 2631/2/1 2609/2/1 2630/2/1
f 2632/2/1 2609/2/1 2631/2/1
f 2634/10/1 2612/10/1 2611/10/1
f 2635/10/1 2612/10/1 2634/10/1
f 2638/10/1 2614/10/1 2613/10/1
f 2639/10/1 2614/10/1 2638/10/1
f 2641/2/1 2619/2/1 2618/2/1
f 2641/2/1 2618/2/1 2617/2/1
f 2641/2/1 2617/2/1 2616/2/1
f 2642/2/1 2619/2/1 2641/2/1
f 2643/2/1 2619/2/1 2642/2/1
f 2645/1/1 2593/1/1 2563/1/1
f 2646/1/1 2593/1/1 2645/1/1
f 2647/1/1 2627/1/1 2582/1/1
f 2648/1/1 2627/1/1 2647/1/1
f 2649/1/1 2629/1/1 2628/1/1
f 2650/1/1 2602/1/1 2601/1/1
f 2650/1/1 2601/1/1 2600/1/1
f 2651/1/1 2602/1/1 2650/1/1
f 2652/1/1 2602/1/1 2651/1/1
f 2654/10/1 2605/10/1 2604/10/1
f 2655/10/1 2605/10/1 2654/10/1
f 2657/2/1 2633/2/1 2632/2/1
f 2657/2/1 2632/2/1 2631/2/1
f 2658/2/1 2633/2/1 2657/2/1
f 2659/2/1 2633/2/1 2658/2/1
f 2660/2/1 2633/2/1 2659/2/1
f 2661/10/1 2636/10/1 2635/10/1
f 2662/10/1 2636/10/1 2661/10/1
f 2663/10/1 2638/10/1 2637/10/1
f 2664/10/1 2638/10/1 2663/10/1
f 2665/2/1 2642/2/1 2641/2/1
f 2665/2/1 2641/2/1 2640/2/1
f 2666/2/1 2642/2/1 2665/2/1
f 2667/2/1 2642/2/1 2666/2/1
f 2668/2/1 2642/2/1 2667/2/1
f 2670/10/1 2621/10/1 2620/10/1
f 2671/10/1 2621/10/1 2670/10/1
f 2673/1/1 2625/1/1 2624/1/1
f 2673/1/1 2624/1/1 2623/1/1
f 2674/1/1 2625/1/1 2673/1/1
f 2675/1/1 2625/1/1 2674/1/1
f 2676/1/1 2645/1/1 2644/1/1
f 2677/1/1 2593/1/1 2646/1/1
f 2678/1/1 2593/1/1 2677/1/1
f 2679/1/1 2647/1/1 2582/1/1
f 2680/1/1 2647/1/1 2679/1/1
f 2681/1/1 2649/1/1 2648/1/1
f 2682/1/1 2629/1/1 2649/1/1
f 2682/1/1 2649/1/1 2681/1/1
f 2684/10/1 2656/10/1 2655/10/1
f 2685/10/1 2656/10/1 2684/10/1
f 2687/2/1 2659/2/1 2658/2/1
f 2688/2/1 2659/2/1 2687/2/1
f 2689/10/1 2663/10/1 2662/10/1
f 2690/10/1 2663/10/1 2689/10/1
f 2691/2/1 2667/2/1 2666/2/1
f 2692/2/1 2667/2/1 2691/2/1
f 2694/10/1 2670/10/1 2669/10/1
f 2695/10/1 2670/10/1 2694/10/1
f 2697/1/1 2676/1/1 2644/1/1
f 2697/1/1 2677/1/1 2676/1/1
f 2698/1/1 2677/1/1 2697/1/1
f 2699/1/1 2593/1/1 2678/1/1
f 2700/1/1 2593/1/1 2699/1/1
f 2701/1/1 2679/1/1 2582/1/1
f 2702/1/1 2679/1/1 2701/1/1
f 2703/1/1 2679/1/1 2702/1/1
f 2704/1/1 2679/1/1 2703/1/1
f 2705/1/1 2683/1/1 2682/1/1
f 2705/1/1 2681/1/1 2680/1/1
f 2705/1/1 2682/1/1 2681/1/1
f 2706/1/1 2653/1/1 2652/1/1
f 2706/1/1 2652/1/1 2651/1/1
f 2707/1/1 2653/1/1 2706/1/1
f 2708/1/1 2653/1/1 2707/1/1
f 2710/10/1 2686/10/1 2685/10/1
f 2711/10/1 2686/10/1 2710/10/1
f 2716/10/1 2694/10/1 2693/10/1
f 2717/10/1 2694/10/1 2716/10/1
f 2719/1/1 2674/1/1 2673/1/1
f 2719/1/1 2673/1/1 2672/1/1
f 2720/1/1 2674/1/1 2719/1/1
f 2721/1/1 2674/1/1 2720/1/1
f 2722/1/1 2698/1/1 2697/1/1
f 2722/1/1 2699/1/1 2698/1/1
f 2722/1/1 2697/1/1 2696/1/1
f 2723/1/1 2593/1/1 2700/1/1
f 2724/1/1 2593/1/1 2723/1/1
f 2725/1/1 2593/1/1 2724/1/1
f 2726/1/1 2593/1/1 2725/1/1
f 2727/1/1 2580/1/1 2579/1/1
f 2727/1/1 2579/1/1 2578/1/1
f 2728/1/1 2580/1/1 2727/1/1
f 2729/1/1 2580/1/1 2728/1/1
f 2731/1/1 2703/1/1 2702/1/1
f 2732/1/1 2703/1/1 2731/1/1
f 2733/1/1 2705/1/1 2704/1/1
f 2734/1/1 2683/1/1 2705/1/1
f 2734/1/1 2705/1/1 2733/1/1
f 2736/1/1 2709/1/1 2708/1/1
f 2736/1/1 2708/1/1 2707/1/1
f 2738/10/1 2712/10/1 2711/10/1
f 2739/10/1 2712/10/1 2738/10/1
f 2742/10/1 2716/10/1 2715/10/1
f 2743/10/1 2716/10/1 2742/10/1
f 2745/1/1 2720/1/1 2719/1/1
f 2745/1/1 2719/1/1 2718/1/1
f 2747/1/1 2722/1/1 2696/1/1
f 2747/1/1 2723/1/1 2722/1/1
f 2748/1/1 2723/1/1 2747/1/1
f 2749/1/1 2725/1/1 2724/1/1
f 2750/1/1 2725/1/1 2749/1/1
f 2752/1/1 2597/1/1 2596/1/1
f 2752/1/1 2596/1/1 2595/1/1
f 2753/1/1 2597/1/1 2752/1/1
f 2754/1/1 2597/1/1 2753/1/1
f 2755/1/1 2731/1/1 2702/1/1
f 2756/1/1 2731/1/1 2755/1/1
f 2757/1/1 2733/1/1 2732/1/1
f 2757/1/1 2735/1/1 2734/1/1
f 2757/1/1 2734/1/1 2733/1/1
f 2758/1/1 2735/1/1 2757/1/1
f 2760/1/1 2737/1/1 2736/1/1
f 2760/1/1 2736/1/1 2707/1/1
f 2761/1/1 2737/1/1 2760/1/1
f 2762/1/1 2737/1/1 2761/1/1
f 2764/10/1 2740/10/1 2739/10/1
f 2765/10/1 2740/10/1 2764/10/1
f 2767/2/1 2714/2/1 2713/2/1
f 2768/2/1 2714/2/1 2767/2/1
f 2770/10/1 2742/10/1 2741/10/1
f 2771/10/1 2742/10/1 2770/10/1
f 2773/1/1 2745/1/1 2744/1/1
f 2774/1/1 2720/1/1 2745/1/1
f 2774/1/1 2745/1/1 2773/1/1
f 2775/1/1 2720/1/1 2774/1/1
f 2777/1/1 2748/1/1 2747/1/1
f 2777/1/1 2749/1/1 2748/1/1
f 2777/1/1 2747/1/1 2746/1/1
f 2778/1/1 2749/1/1 2777/1/1
f 2779/1/1 2725/1/1 2750/1/1
f 2780/1/1 2725/1/1 2779/1/1
f 2781/1/1 2755/1/1 2702/1/1
f 2782/1/1 2755/1/1 2781/1/1
f 2783/1/1 2759/1/1 2758/1/1
f 2783/1/1 2758/1/1 2757/1/1
f 2783/1/1 2757/1/1 2756/1/1
f 2784/1/1 2763/1/1 2762/1/1
f 2784/1/1 2762/1/1 2761/1/1
f 2785/1/1 2763/1/1 2784/1/1
f 2786/1/1 2763/1/1 2785/1/1
f 2788/10/1 2766/10/1 2765/10/1
f 2789/10/1 2766/10/1 2788/10/1
f 2790/10/1 2770/10/1 2769/10/1
f 2791/10/1 2770/10/1 2790/10/1
f 2793/1/1 2773/1/1 2772/1/1
f 2793/1/1 2774/1/1 2773/1/1
f 2794/1/1 2774/1/1 2793/1/1
f 2795/1/1 2774/1/1 2794/1/1
f 2796/1/1 2778/1/1 2777/1/1
f 2796/1/1 2779/1/1 2778/1/1
f 2796/1/1 2777/1/1 2776/1/1
f 2797/1/1 2725/1/1 2780/1/1
f 2798/1/1 2725/1/1 2797/1/1
f 2799/1/1 2730/1/1 2729/1/1
f 2799/1/1 2729/1/1 2728/1/1
f 2801/1/1 2781/1/1 2702/1/1
f 2802/1/1 2781/1/1 2801/1/1
f 2803/1/1 2781/1/1 2802/1/1
f 2804/1/1 2781/1/1 2803/1/1
f 2805/1/1 2783/1/1 2782/1/1
f 2806/1/1 2759/1/1 2783/1/1
f 2806/1/1 2783/1/1 2805/1/1
f 2808/1/1 2787/1/1 2786/1/1
f 2808/1/1 2786/1/1 2785/1/1
f 2809/1/1 2787/1/1 2808/1/1
f 2810/1/1 2787/1/1 2809/1/1
f 2812/10/1 2790/10/1 2789/10/1
f 2813/10/1 2790/10/1 2812/10/1
f 2815/1/1 2794/1/1 2793/1/1
f 2815/1/1 2793/1/1 2792/1/1
f 2816/1/1 2794/1/1 2815/1/1
f 2817/1/1 2794/1/1 2816/1/1
f 2819/1/1 2796/1/1 2776/1/1
f 2819/1/1 2797/1/1 2796/1/1
f 2820/1/1 2797/1/1 2819/1/1
f 2821/1/1 2725/1/1 2798/1/1
f 2822/1/1 2725/1/1 2821/1/1
f 2823/1/1 2725/1/1 2822/1/1
f 2824/1/1 2725/1/1 2823/1/1
f 2826/1/1 2753/1/1 2752/1/1
f 2826/1/1 2752/1/1 2751/1/1
f 2827/1/1 2800/1/1 2799/1/1
f 2827/1/1 2799/1/1 2728/1/1
f 2828/1/1 2800/1/1 2827/1/1
f 2829/1/1 2803/1/1 2802/1/1
f 2830/1/1 2803/1/1 2829/1/1
f 2831/1/1 2807/1/1 2806/1/1
f 2831/1/1 2805/1/1 2804/1/1
f 2831/1/1 2806/1/1 2805/1/1
f 2832/1/1 2807/1/1 2831/1/1
f 2834/1/1 2811/1/1 2810/1/1
f 2834/1/1 2810/1/1 2809/1/1
f 2835/1/1 2811/1/1 2834/1/1
f 2836/1/1 2811/1/1 2835/1/1
f 2839/1/1 2816/1/1 2815/1/1
f 2839/1/1 2815/1/1 2814/1/1
f 2840/1/1 2816/1/1 2839/1/1
f 2841/1/1 2816/1/1 2840/1/1
f 2843/1/1 2820/1/1 2819/1/1
f 2843/1/1 2821/1/1 2820/1/1
f 2843/1/1 2819/1/1 2818/1/1
f 2844/1/1 2821/1/1 2843/1/1
f 2845/1/1 2823/1/1 2822/1/1
f 2846/1/1 2823/1/1 2845/1/1
f 2847/1/1 2826/1/1 2825/1/1
f 2847/1/1 2753/1/1 2826/1/1
f 2848/1/1 2753/1/1 2847/1/1
f 2849/1/1 2829/1/1 2802/1/1
f 2850/1/1 2829/1/1 2849/1/1
f 2851/1/1 2833/1/1 2832/1/1
f 2851/1/1 2832/1/1 2831/1/1
f 2851/1/1 2831/1/1 2830/1/1
f 2852/1/1 2837/1/1 2836/1/1
f 2852/1/1 2836/1/1 2835/1/1
f 2853/1/1 2837/1/1 2852/1/1
f 2854/1/1 2837/1/1 2853/1/1
f 2857/1/1 2840/1/1 2839/1/1
f 2857/1/1 2839/1/1 2838/1/1
f 2858/1/1 2840/1/1 2857/1/1
f 2859/1/1 2840/1/1 2858/1/1
f 2860/1/1 2845/1/1 2844/1/1
f 2860/1/1 2844/1/1 2843/1/1
f 2860/1/1 2843/1/1 2842/1/1
f 2861/1/1 2823/1/1 2846/1/1
f 2862/1/1 2823/1/1 2861/1/1
f 2863/1/1 2800/1/1 2828/1/1
f 2865/1/1 2849/1/1 2802/1/1
f 2866/1/1 2849/1/1 2865/1/1
f 2867/1/1 2849/1/1 2866/1/1
f 2868/1/1 2849/1/1 2867/1/1
f 2869/1/1 2851/1/1 2850/1/1
f 2870/1/1 2833/1/1 2851/1/1
f 2870/1/1 2851/1/1 2869/1/1
f 2871/1/1 2833/1/1 2870/1/1
f 2873/1/1 2855/1/1 2854/1/1
f 2873/1/1 2854/1/1 2853/1/1
f 2874/1/1 2855/1/1 2873/1/1
f 2875/1/1 2855/1/1 2874/1/1
f 2878/1/1 2858/1/1 2857/1/1
f 2878/1/1 2857/1/1 2856/1/1
f 2879/1/1 2858/1/1 2878/1/1
f 2880/1/1 2858/1/1 2879/1/1
f 2882/1/1 2860/1/1 2842/1/1
f 2882/1/1 2861/1/1 2860/1/1
f 2883/1/1 2861/1/1 2882/1/1
f 2884/1/1 2861/1/1 2883/1/1
f 2885/1/1 2823/1/1 2862/1/1
f 2886/1/1 2823/1/1 2885/1/1
f 2887/1/1 2823/1/1 2886/1/1
f 2888/1/1 2823/1/1 2887/1/1
f 2890/1/1 2847/1/1 2825/1/1
f 2891/1/1 2864/1/1 2863/1/1
f 2891/1/1 2863/1/1 2828/1/1
f 2892/1/1 2864/1/1 2891/1/1
f 2893/1/1 2867/1/1 2866/1/1
f 2894/1/1 2867/1/1 2893/1/1
f 2895/1/1 2869/1/1 2868/1/1
f 2895/1/1 2870/1/1 2869/1/1
f 2896/1/1 2870/1/1 2895/1/1
f 2897/1/1 2870/1/1 2896/1/1
f 2898/1/1 2872/1/1 2871/1/1
f 2899/1/1 2872/1/1 2898/1/1
f 2901/1/1 2876/1/1 2875/1/1
f 2901/1/1 2875/1/1 2874/1/1
f 2902/1/1 2876/1/1 2901/1/1
f 2903/1/1 2876/1/1 2902/1/1
f 2906/1/1 2879/1/1 2878/1/1
f 2906/1/1 2878/1/1 2877/1/1
f 2907/1/1 2879/1/1 2906/1/1
f 2908/1/1 2879/1/1 2907/1/1
f 2910/1/1 2882/1/1 2881/1/1
f 2911/1/1 2882/1/1 2910/1/1
f 2912/1/1 2884/1/1 2883/1/1
f 2912/1/1 2885/1/1 2884/1/1
f 2913/1/1 2885/1/1 2912/1/1
f 2914/1/1 2885/1/1 2913/1/1
f 2915/1/1 2887/1/1 2886/1/1
f 2916/1/1 2887/1/1 2915/1/1
f 2917/1/1 2890/1/1 2889/1/1
f 2917/1/1 2847/1/1 2890/1/1
f 2918/1/1 2847/1/1 2917/1/1
f 2919/1/1 2893/1/1 2866/1/1
f 2920/1/1 2893/1/1 2919/1/1
f 2921/1/1 2895/1/1 2894/1/1
f 2921/1/1 2896/1/1 2895/1/1
f 2922/1/1 2896/1/1 2921/1/1
f 2923/1/1 2896/1/1 2922/1/1
f 2924/1/1 2900/1/1 2899/1/1
f 2924/1/1 2899/1/1 2898/1/1
f 2924/1/1 2898/1/1 2897/1/1
f 2925/1/1 2900/1/1 2924/1/1
f 2927/1/1 2904/1/1 2903/1/1
f 2927/1/1 2903/1/1 2902/1/1
f 2928/1/1 2904/1/1 2927/1/1
f 2929/1/1 2904/1/1 2928/1/1
f 2930/1/1 2906/1/1 2905/1/1
f 2930/1/1 2907/1/1 2906/1/1
f 2931/1/1 2907/1/1 2930/1/1
f 2932/1/1 2907/1/1 2931/1/1
f 2934/1/1 2911/1/1 2910/1/1
f 2934/1/1 2910/1/1 2909/1/1
f 2934/1/1 2912/1/1 2911/1/1
f 2935/1/1 2912/1/1 2934/1/1
f 2936/1/1 2914/1/1 2913/1/1
f 2936/1/1 2915/1/1 2914/1/1
f 2937/1/1 2915/1/1 2936/1/1
f 2938/1/1 2915/1/1 2937/1/1
f 2939/1/1 2887/1/1 2916/1/1
f 2940/1/1 2887/1/1 2939/1/1
f 2941/1/1 2864/1/1 2892/1/1
f 2942/1/1 2864/1/1 2941/1/1
f 2943/1/1 2864/1/1 2942/1/1
f 2946/1/1 2922/1/1 2921/1/1
f 2946/1/1 2921/1/1 2920/1/1
f 2947/1/1 2922/1/1 2946/1/1
f 2948/1/1 2922/1/1 2947/1/1
f 2949/1/1 2926/1/1 2925/1/1
f 2949/1/1 2925/1/1 2924/1/1
f 2949/1/1 2924/1/1 2923/1/1
f 2950/1/1 2926/1/1 2949/1/1
f 2952/1/1 2931/1/1 2930/1/1
f 2952/1/1 2930/1/1 2929/1/1
f 2952/1/1 2929/1/1 2928/1/1
f 2953/1/1 2931/1/1 2952/1/1
f 2954/1/1 2931/1/1 2953/1/1
f 2955/1/1 2931/1/1 2954/1/1
f 2957/1/1 2935/1/1 2934/1/1
f 2957/1/1 2934/1/1 2933/1/1
f 2957/1/1 2936/1/1 2935/1/1
f 2958/1/1 2936/1/1 2957/1/1
f 2959/1/1 2938/1/1 2937/1/1
f 2959/1/1 2939/1/1 2938/1/1
f 2960/1/1 2939/1/1 2959/1/1
f 2961/1/1 2939/1/1 2960/1/1
f 2964/1/1 2917/1/1 2889/1/1
f 2965/1/1 2917/1/1 2964/1/1
f 2966/1/1 2917/1/1 2965/1/1
f 2967/1/1 2947/1/1 2946/1/1
f 2967/1/1 2946/1/1 2945/1/1
f 2968/1/1 2947/1/1 2967/1/1
f 2969/1/1 2951/1/1 2950/1/1
f 2969/1/1 2950/1/1 2949/1/1
f 2969/1/1 2949/1/1 2948/1/1
f 2970/1/1 2951/1/1 2969/1/1
f 2972/1/1 2954/1/1 2953/1/1
f 2973/1/1 2954/1/1 2972/1/1
f 2974/1/1 2954/1/1 2973/1/1
f 2975/1/1 2954/1/1 2974/1/1
f 2977/1/1 2958/1/1 2957/1/1
f 2977/1/1 2957/1/1 2956/1/1
f 2977/1/1 2959/1/1 2958/1/1
f 2978/1/1 2959/1/1 2977/1/1
f 2979/1/1 2962/1/1 2961/1/1
f 2979/1/1 2961/1/1 2960/1/1
f 2980/1/1 2962/1/1 2979/1/1
f 2981/1/1 2944/1/1 2943/1/1
f 2981/1/1 2943/1/1 2942/1/1
f 2983/1/1 2967/1/1 2945/1/1
f 2984/1/1 2967/1/1 2983/1/1
f 2985/1/1 2967/1/1 2984/1/1
f 2986/1/1 2967/1/1 2985/1/1
f 2987/1/1 2971/1/1 2970/1/1
f 2987/1/1 2969/1/1 2968/1/1
f 2987/1/1 2970/1/1 2969/1/1
f 2988/1/1 2971/1/1 2987/1/1
f 2990/1/1 2974/1/1 2973/1/1
f 2991/1/1 2974/1/1 2990/1/1
f 2993/1/1 2978/1/1 2977/1/1
f 2993/1/1 2977/1/1 2976/1/1
f 2993/1/1 2979/1/1 2978/1/1
f 2994/1/1 2979/1/1 2993/1/1
f 2995/1/1 2962/1/1 2980/1/1
f 2996/1/1 2962/1/1 2995/1/1
f 2997/1/1 2962/1/1 2996/1/1
f 2998/1/1 2962/1/1 2997/1/1
f 3000/1/1 2965/1/1 2964/1/1
f 3000/1/1 2964/1/1 2963/1/1
f 3001/1/1 2982/1/1 2981/1/1
f 3001/1/1 2981/1/1 2942/1/1
f 3002/1/1 2982/1/1 3001/1/1
f 3003/1/1 2985/1/1 2984/1/1
f 3004/1/1 2985/1/1 3003/1/1
f 3005/1/1 2989/1/1 2988/1/1
f 3005/1/1 2988/1/1 2987/1/1
f 3005/1/1 2987/1/1 2986/1/1
f 3006/1/1 2989/1/1 3005/1/1
f 3007/1/1 2989/1/1 3006/1/1
f 3010/1/1 2994/1/1 2993/1/1
f 3010/1/1 2995/1/1 2994/1/1
f 3010/1/1 2993/1/1 2992/1/1
f 3011/1/1 2995/1/1 3010/1/1
f 3012/1/1 2995/1/1 3011/1/1
f 3013/1/1 2997/1/1 2996/1/1
f 3014/1/1 2997/1/1 3013/1/1
f 3015/1/1 3000/1/1 2999/1/1
f 3015/1/1 2965/1/1 3000/1/1
f 3016/1/1 2965/1/1 3015/1/1
f 3017/1/1 2982/1/1 3002/1/1
f 3019/1/1 3003/1/1 2984/1/1
f 3020/1/1 3003/1/1 3019/1/1
f 3021/1/1 3003/1/1 3020/1/1
f 3022/1/1 3003/1/1 3021/1/1
f 3023/1/1 3006/1/1 3005/1/1
f 3023/1/1 3005/1/1 3004/1/1
f 3024/1/1 3008/1/1 3007/1/1
f 3027/1/1 3010/1/1 3009/1/1
f 3028/1/1 3013/1/1 3012/1/1
f 3028/1/1 3012/1/1 3011/1/1
f 3029/1/1 2997/1/1 3014/1/1
f 3030/1/1 2997/1/1 3029/1/1
f 3031/1/1 2997/1/1 3030/1/1
f 3032/1/1 2997/1/1 3031/1/1
f 3034/1/1 3015/1/1 2999/1/1
f 3035/1/1 3018/1/1 3017/1/1
f 3035/1/1 3017/1/1 3002/1/1
f 3036/1/1 3018/1/1 3035/1/1
f 3037/1/1 3021/1/1 3020/1/1
f 3038/1/1 3021/1/1 3037/1/1
f 3039/1/1 3021/1/1 3038/1/1
f 3040/1/1 3021/1/1 3039/1/1
f 3041/1/1 3023/1/1 3022/1/1
f 3042/1/1 3006/1/1 3023/1/1
f 3042/1/1 3023/1/1 3041/1/1
f 3043/1/1 3006/1/1 3042/1/1
f 3044/1/1 3025/1/1 3024/1/1
f 3044/1/1 3024/1/1 3007/1/1
f 3045/1/1 3027/1/1 3026/1/1
f 3045/1/1 3010/1/1 3027/1/1
f 3046/1/1 3028/1/1 3011/1/1
f 3046/1/1 3029/1/1 3028/1/1
f 3047/1/1 3029/1/1 3046/1/1
f 3048/1/1 3029/1/1 3047/1/1
f 3049/1/1 3031/1/1 3030/1/1
f 3050/1/1 3031/1/1 3049/1/1
f 3051/1/1 3031/1/1 3050/1/1
f 3052/1/1 3031/1/1 3051/1/1
f 3053/1/1 3034/1/1 3033/1/1
f 3053/1/1 3015/1/1 3034/1/1
f 3054/1/1 3015/1/1 3053/1/1
f 3055/1/1 3018/1/1 3036/1/1
f 3057/1/1 3039/1/1 3038/1/1
f 3058/1/1 3039/1/1 3057/1/1
f 3059/1/1 3041/1/1 3040/1/1
f 3059/1/1 3042/1/1 3041/1/1
f 3060/1/1 3049/1/1 3048/1/1
f 3060/1/1 3048/1/1 3047/1/1
f 3061/1/1 3051/1/1 3050/1/1
f 3062/1/1 3051/1/1 3061/1/1
f 3064/1/1 3053/1/1 3033/1/1
f 3065/1/1 3056/1/1 3055/1/1
f 3065/1/1 3055/1/1 3036/1/1
f 3066/1/1 3056/1/1 3065/1/1
f 3067/1/1 3057/1/1 3038/1/1
f 3068/1/1 3057/1/1 3067/1/1
f 3069/1/1 3057/1/1 3068/1/1
f 3070/1/1 3057/1/1 3069/1/1
f 3071/1/1 3059/1/1 3058/1/1
f 3072/1/1 3042/1/1 3059/1/1
f 3072/1/1 3059/1/1 3071/1/1
f 3073/1/1 3042/1/1 3072/1/1
f 3074/1/1 3044/1/1 3043/1/1
f 3075/1/1 3046/1/1 3045/1/1
f 3076/1/1 3060/1/1 3047/1/1
f 3076/1/1 3061/1/1 3060/1/1
f 3077/1/1 3061/1/1 3076/1/1
f 3078/1/1 3061/1/1 3077/1/1
f 3079/1/1 3051/1/1 3062/1/1
f 3080/1/1 3051/1/1 3079/1/1
f 3081/1/1 3051/1/1 3080/1/1
f 3082/1/1 3051/1/1 3081/1/1
f 3083/1/1 3064/1/1 3063/1/1
f 3083/1/1 3053/1/1 3064/1/1
f 3084/1/1 3053/1/1 3083/1/1
f 3085/1/1 3056/1/1 3066/1/1
f 3086/1/1 3056/1/1 3085/1/1
f 3087/1/1 3056/1/1 3086/1/1
f 3089/1/1 3069/1/1 3068/1/1
f 3090/1/1 3069/1/1 3089/1/1
f 3091/1/1 3071/1/1 3070/1/1
f 3091/1/1 3072/1/1 3071/1/1
f 3092/1/1 3078/1/1 3077/1/1
f 3092/1/1 3079/1/1 3078/1/1
f 3093/1/1 3081/1/1 3080/1/1
f 3094/1/1 3081/1/1 3093/1/1
f 3096/1/1 3083/1/1 3063/1/1
f 3097/1/1 3083/1/1 3096/1/1
f 3098/1/1 3083/1/1 3097/1/1
f 3099/1/1 3088/1/1 3087/1/1
f 3099/1/1 3087/1/1 3086/1/1
f 3101/1/1 3089/1/1 3068/1/1
f 3102/1/1 3089/1/1 3101/1/1
f 3103/1/1 3089/1/1 3102/1/1
f 3104/1/1 3089/1/1 3103/1/1
f 3105/1/1 3091/1/1 3090/1/1
f 3106/1/1 3072/1/1 3091/1/1
f 3106/1/1 3091/1/1 3105/1/1
f 3107/1/1 3072/1/1 3106/1/1
f 3108/1/1 3074/1/1 3073/1/1
f 3109/1/1 3076/1/1 3075/1/1
f 3110/1/1 3092/1/1 3077/1/1
f 3110/1/1 3093/1/1 3092/1/1
f 3111/1/1 3093/1/1 3110/1/1
f 3112/1/1 3093/1/1 3111/1/1
f 3113/1/1 3081/1/1 3094/1/1
f 3114/1/1 3081/1/1 3113/1/1
f 3115/1/1 3081/1/1 3114/1/1
f 3116/1/1 3081/1/1 3115/1/1
f 3118/1/1 3097/1/1 3096/1/1
f 3118/1/1 3096/1/1 3095/1/1
f 3119/1/1 3100/1/1 3099/1/1
f 3119/1/1 3099/1/1 3086/1/1
f 3120/1/1 3100/1/1 3119/1/1
f 3121/1/1 3103/1/1 3102/1/1
f 3122/1/1 3103/1/1 3121/1/1
f 3123/1/1 3103/1/1 3122/1/1
f 3124/1/1 3103/1/1 3123/1/1
f 3125/1/1 3105/1/1 3104/1/1
f 3125/1/1 3106/1/1 3105/1/1
f 3126/1/1 3112/1/1 3111/1/1
f 3126/1/1 3113/1/1 3112/1/1
f 3127/1/1 3115/1/1 3114/1/1
f 3128/1/1 3115/1/1 3127/1/1
f 3129/1/1 3115/1/1 3128/1/1
f 3130/1/1 3115/1/1 3129/1/1
f 3131/1/1 3118/1/1 3117/1/1
f 3131/1/1 3097/1/1 3118/1/1
f 3132/1/1 3097/1/1 3131/1/1
f 3133/1/1 3100/1/1 3120/1/1
f 3135/1/1 3123/1/1 3122/1/1
f 3136/1/1 3123/1/1 3135/1/1
f 3137/1/1 3123/1/1 3136/1/1
f 3138/1/1 3123/1/1 3137/1/1
f 3139/1/1 3125/1/1 3124/1/1
f 3140/1/1 3106/1/1 3125/1/1
f 3140/1/1 3125/1/1 3139/1/1
f 3141/1/1 3106/1/1 3140/1/1
f 3142/1/1 3108/1/1 3107/1/1
f 3143/1/1 3110/1/1 3109/1/1
f 3144/1/1 3126/1/1 3111/1/1
f 3144/1/1 3127/1/1 3126/1/1
f 3145/1/1 3127/1/1 3144/1/1
f 3146/1/1 3127/1/1 3145/1/1
f 3147/1/1 3129/1/1 3128/1/1
f 3148/1/1 3129/1/1 3147/1/1
f 3149/1/1 3129/1/1 3148/1/1
f 3150/1/1 3129/1/1 3149/1/1
f 3152/1/1 3131/1/1 3117/1/1
f 3153/1/1 3134/1/1 3133/1/1
f 3153/1/1 3133/1/1 3120/1/1
f 3154/1/1 3134/1/1 3153/1/1
f 3155/1/1 3134/1/1 3154/1/1
f 3157/1/1 3137/1/1 3136/1/1
f 3158/1/1 3137/1/1 3157/1/1
f 3159/1/1 3139/1/1 3138/1/1
f 3159/1/1 3140/1/1 3139/1/1
f 3160/1/1 3146/1/1 3145/1/1
f 3160/1/1 3147/1/1 3146/1/1
f 3161/1/1 3149/1/1 3148/1/1
f 3162/1/1 3149/1/1 3161/1/1
f 3164/1/1 3152/1/1 3151/1/1
f 3165/1/1 3131/1/1 3152/1/1
f 3165/1/1 3152/1/1 3164/1/1
f 3166/1/1 3131/1/1 3165/1/1
f 3167/1/1 3156/1/1 3155/1/1
f 3167/1/1 3155/1/1 3154/1/1
f 3168/1/1 3156/1/1 3167/1/1
f 3169/1/1 3156/1/1 3168/1/1
f 3171/1/1 3157/1/1 3136/1/1
f 3172/1/1 3157/1/1 3171/1/1
f 3173/1/1 3157/1/1 3172/1/1
f 3174/1/1 3157/1/1 3173/1/1
f 3175/1/1 3159/1/1 3158/1/1
f 3176/1/1 3140/1/1 3159/1/1
f 3176/1/1 3159/1/1 3175/1/1
f 3177/1/1 3140/1/1 3176/1/1
f 3178/1/1 3142/1/1 3141/1/1
f 3179/1/1 3144/1/1 3143/1/1
f 3180/1/1 3160/1/1 3145/1/1
f 3180/1/1 3161/1/1 3160/1/1
f 3181/1/1 3161/1/1 3180/1/1
f 3182/1/1 3161/1/1 3181/1/1
f 3183/1/1 3149/1/1 3162/1/1
f 3184/1/1 3149/1/1 3183/1/1
f 3185/1/1 3149/1/1 3184/1/1
f 3186/1/1 3149/1/1 3185/1/1
f 3188/1/1 3164/1/1 3163/1/1
f 3188/1/1 3165/1/1 3164/1/1
f 3189/1/1 3165/1/1 3188/1/1
f 3190/1/1 3165/1/1 3189/1/1
f 3191/1/1 3170/1/1 3169/1/1
f 3191/1/1 3169/1/1 3168/1/1
f 3192/1/1 3170/1/1 3191/1/1
f 3193/1/1 3173/1/1 3172/1/1
f 3194/1/1 3173/1/1 3193/1/1
f 3195/1/1 3173/1/1 3194/1/1
f 3196/1/1 3173/1/1 3195/1/1
f 3197/1/1 3175/1/1 3174/1/1
f 3197/1/1 3176/1/1 3175/1/1
f 3198/1/1 3182/1/1 3181/1/1
f 3198/1/1 3183/1/1 3182/1/1
f 3199/1/1 3185/1/1 3184/1/1
f 3200/1/1 3185/1/1 3199/1/1
f 3201/1/1 3185/1/1 3200/1/1
f 3202/1/1 3185/1/1 3201/1/1
f 3203/1/1 3189/1/1 3188/1/1
f 3203/1/1 3188/1/1 3187/1/1
f 3204/1/1 3189/1/1 3203/1/1
f 3205/1/1 3170/1/1 3192/1/1
f 3207/1/1 3195/1/1 3194/1/1
f 3208/1/1 3195/1/1 3207/1/1
f 3209/1/1 3195/1/1 3208/1/1
f 3210/1/1 3195/1/1 3209/1/1
f 3211/1/1 3197/1/1 3196/1/1
f 3212/1/1 3176/1/1 3197/1/1
f 3212/1/1 3197/1/1 3211/1/1
f 3213/1/1 3176/1/1 3212/1/1
f 3214/1/1 3178/1/1 3177/1/1
f 3215/1/1 3180/1/1 3179/1/1
f 3216/1/1 3198/1/1 3181/1/1
f 3216/1/1 3199/1/1 3198/1/1
f 3217/1/1 3199/1/1 3216/1/1
f 3218/1/1 3199/1/1 3217/1/1
f 3219/1/1 3201/1/1 3200/1/1
f 3220/1/1 3201/1/1 3219/1/1
f 3221/1/1 3201/1/1 3220/1/1
f 3222/1/1 3201/1/1 3221/1/1
f 3224/1/1 3203/1/1 3187/1/1
f 3225/1/1 3206/1/1 3205/1/1
f 3225/1/1 3205/1/1 3192/1/1
f 3226/1/1 3206/1/1 3225/1/1
f 3227/1/1 3206/1/1 3226/1/1
f 3229/1/1 3209/1/1 3208/1/1
f 3230/1/1 3209/1/1 3229/1/1
f 3231/1/1 3211/1/1 3210/1/1
f 3231/1/1 3212/1/1 3211/1/1
f 3232/1/1 3218/1/1 3217/1/1
f 3232/1/1 3219/1/1 3218/1/1
f 3233/1/1 3221/1/1 3220/1/1
f 3234/1/1 3221/1/1 3233/1/1
f 3236/1/1 3224/1/1 3223/1/1
f 3237/1/1 3203/1/1 3224/1/1
f 3237/1/1 3224/1/1 3236/1/1
f 3238/1/1 3203/1/1 3237/1/1
f 3239/1/1 3228/1/1 3227/1/1
f 3239/1/1 3227/1/1 3226/1/1
f 3240/1/1 3228/1/1 3239/1/1
f 3241/1/1 3228/1/1 3240/1/1
f 3243/1/1 3231/1/1 3230/1/1
f 3243/1/1 3212/1/1 3231/1/1
f 3244/1/1 3212/1/1 3243/1/1
f 3245/1/1 3214/1/1 3213/1/1
f 3246/1/1 3216/1/1 3215/1/1
f 3247/1/1 3232/1/1 3217/1/1
f 3247/1/1 3233/1/1 3232/1/1
f 3248/1/1 3233/1/1 3247/1/1
f 3250/1/1 3236/1/1 3235/1/1
f 3250/1/1 3237/1/1 3236/1/1
f 3251/1/1 3237/1/1 3250/1/1
f 3252/1/1 3237/1/1 3251/1/1
f 3253/1/1 3242/1/1 3241/1/1
f 3253/1/1 3241/1/1 3240/1/1
f 3254/1/1 3242/1/1 3253/1/1
f 3255/1/1 3242/1/1 3254/1/1
f 3257/1/1 3243/1/1 3230/1/1
f 3258/1/1 3243/1/1 3257/1/1
f 3259/1/1 3233/1/1 3248/1/1
f 3260/1/1 3233/1/1 3259/1/1
f 3262/1/1 3251/1/1 3250/1/1
f 3262/1/1 3250/1/1 3249/1/1
f 3263/1/1 3251/1/1 3262/1/1
f 3264/1/1 3251/1/1 3263/1/1
f 3265/1/1 3256/1/1 3255/1/1
f 3265/1/1 3255/1/1 3254/1/1
f 3266/1/1 3256/1/1 3265/1/1
f 3267/1/1 3256/1/1 3266/1/1
f 3269/1/1 3243/1/1 3258/1/1
f 3270/1/1 3243/1/1 3269/1/1
f 3271/1/1 3243/1/1 3270/1/1
f 3272/1/1 3243/1/1 3271/1/1
f 3273/1/1 3245/1/1 3244/1/1
f 3274/1/1 3247/1/1 3246/1/1
f 3275/1/1 3259/1/1 3248/1/1
f 3276/1/1 3259/1/1 3275/1/1
f 3277/1/1 3259/1/1 3276/1/1
f 3278/1/1 3259/1/1 3277/1/1
f 3280/1/1 3263/1/1 3262/1/1
f 3280/1/1 3262/1/1 3261/1/1
f 3281/1/1 3263/1/1 3280/1/1
f 3282/1/1 3263/1/1 3281/1/1
f 3283/1/1 3268/1/1 3267/1/1
f 3283/1/1 3267/1/1 3266/1/1
f 3284/1/1 3268/1/1 3283/1/1
f 3285/1/1 3268/1/1 3284/1/1
f 3287/1/1 3271/1/1 3270/1/1
f 3288/1/1 3271/1/1 3287/1/1
f 3289/1/1 3277/1/1 3276/1/1
f 3290/1/1 3277/1/1 3289/1/1
f 3292/1/1 3281/1/1 3280/1/1
f 3292/1/1 3280/1/1 3279/1/1
f 3293/1/1 3281/1/1 3292/1/1
f 3294/1/1 3281/1/1 3293/1/1
f 3295/1/1 3286/1/1 3285/1/1
f 3295/1/1 3285/1/1 3284/1/1
f 3296/1/1 3286/1/1 3295/1/1
f 3297/1/1 3286/1/1 3296/1/1
f 3299/1/1 3271/1/1 3288/1/1
f 3300/1/1 3271/1/1 3299/1/1
f 3301/1/1 3271/1/1 3300/1/1
f 3302/1/1 3271/1/1 3301/1/1
f 3303/1/1 3273/1/1 3272/1/1
f 3304/1/1 3275/1/1 3274/1/1
f 3305/1/1 3289/1/1 3276/1/1
f 3306/1/1 3289/1/1 3305/1/1
f 3307/1/1 3289/1/1 3306/1/1
f 3308/1/1 3289/1/1 3307/1/1
f 3310/1/1 3293/1/1 3292/1/1
f 3310/1/1 3292/1/1 3291/1/1
f 3311/1/1 3293/1/1 3310/1/1
f 3312/1/1 3293/1/1 3311/1/1
f 3313/1/1 3298/1/1 3297/1/1
f 3313/1/1 3297/1/1 3296/1/1
f 3314/1/1 3298/1/1 3313/1/1
f 3315/1/1 3298/1/1 3314/1/1
f 3317/1/1 3301/1/1 3300/1/1
f 3318/1/1 3301/1/1 3317/1/1
f 3319/1/1 3307/1/1 3306/1/1
f 3320/1/1 3307/1/1 3319/1/1
f 3322/1/1 3311/1/1 3310/1/1
f 3322/1/1 3310/1/1 3309/1/1
f 3323/1/1 3311/1/1 3322/1/1
f 3324/1/1 3311/1/1 3323/1/1
f 3325/1/1 3316/1/1 3315/1/1
f 3325/1/1 3315/1/1 3314/1/1
f 3326/1/1 3316/1/1 3325/1/1
f 3327/1/1 3316/1/1 3326/1/1
f 3329/1/1 3301/1/1 3318/1/1
f 3330/1/1 3301/1/1 3329/1/1
f 3331/1/1 3301/1/1 3330/1/1
f 3332/1/1 3301/1/1 3331/1/1
f 3333/1/1 3303/1/1 3302/1/1
f 3334/1/1 3305/1/1 3304/1/1
f 3335/1/1 3319/1/1 3306/1/1
f 3336/1/1 3319/1/1 3335/1/1
f 3337/1/1 3319/1/1 3336/1/1
f 3338/1/1 3319/1/1 3337/1/1
f 3340/1/1 3323/1/1 3322/1/1
f 3340/1/1 3322/1/1 3321/1/1
f 3341/1/1 3323/1/1 3340/1/1
f 3342/1/1 3323/1/1 3341/1/1
f 3343/1/1 3328/1/1 3327/1/1
f 3343/1/1 3327/1/1 3326/1/1
f 3344/1/1 3328/1/1 3343/1/1
f 3345/1/1 3328/1/1 3344/1/1
f 3347/1/1 3331/1/1 3330/1/1
f 3348/1/1 3331/1/1 3347/1/1
f 3349/1/1 3337/1/1 3336/1/1
f 3350/1/1 3337/1/1 3349/1/1
f 3352/1/1 3341/1/1 3340/1/1
f 3352/1/1 3340/1/1 3339/1/1
f 3353/1/1 3341/1/1 3352/1/1
f 3354/1/1 3341/1/1 3353/1/1
f 3355/1/1 3346/1/1 3345/1/1
f 3355/1/1 3345/1/1 3344/1/1
f 3356/1/1 3346/1/1 3355/1/1
f 3357/1/1 3346/1/1 3356/1/1
f 3359/1/1 3331/1/1 3348/1/1
f 3360/1/1 3331/1/1 3359/1/1
f 3361/1/1 3331/1/1 3360/1/1
f 3362/1/1 3331/1/1 3361/1/1
f 3363/1/1 3333/1/1 3332/1/1
f 3364/1/1 3335/1/1 3334/1/1
f 3365/1/1 3349/1/1 3336/1/1
f 3366/1/1 3349/1/1 3365/1/1
f 3367/1/1 3349/1/1 3366/1/1
f 3368/1/1 3349/1/1 3367/1/1
f 3370/1/1 3353/1/1 3352/1/1
f 3370/1/1 3352/1/1 3351/1/1
f 3371/1/1 3353/1/1 3370/1/1
f 3372/1/1 3353/1/1 3371/1/1
f 3373/1/1 3358/1/1 3357/1/1
f 3373/1/1 3357/1/1 3356/1/1
f 3374/1/1 3358/1/1 3373/1/1
f 3375/1/1 3358/1/1 3374/1/1
f 3377/1/1 3361/1/1 3360/1/1
f 3378/1/1 3361/1/1 3377/1/1
f 3379/1/1 3367/1/1 3366/1/1
f 3380/1/1 3367/1/1 3379/1/1
f 3382/1/1 3371/1/1 3370/1/1
f 3382/1/1 3370/1/1 3369/1/1
f 3383/1/1 3371/1/1 3382/1/1
f 3384/1/1 3371/1/1 3383/1/1
f 3385/1/1 3376/1/1 3375/1/1
f 3385/1/1 3375/1/1 3374/1/1
f 3386/1/1 3376/1/1 3385/1/1
f 3387/1/1 3376/1/1 3386/1/1
f 3389/1/1 3361/1/1 3378/1/1
f 3390/1/1 3361/1/1 3389/1/1
f 3391/1/1 3361/1/1 3390/1/1
f 3392/1/1 3361/1/1 3391/1/1
f 3393/1/1 3363/1/1 3362/1/1
f 3394/1/1 3365/1/1 3364/1/1
f 3395/1/1 3379/1/1 3366/1/1
f 3396/1/1 3379/1/1 3395/1/1
f 3397/1/1 3379/1/1 3396/1/1
f 3398/1/1 3379/1/1 3397/1/1
f 3400/1/1 3383/1/1 3382/1/1
f 3400/1/1 3382/1/1 3381/1/1
f 3401/1/1 3383/1/1 3400/1/1
f 3402/1/1 3383/1/1 3401/1/1
f 3403/1/1 3388/1/1 3387/1/1
f 3403/1/1 3387/1/1 3386/1/1
f 3404/1/1 3388/1/1 3403/1/1
f 3405/1/1 3388/1/1 3404/1/1
f 3407/1/1 3391/1/1 3390/1/1
f 3408/1/1 3391/1/1 3407/1/1
f 3409/1/1 3397/1/1 3396/1/1
f 3410/1/1 3397/1/1 3409/1/1
f 3412/1/1 3401/1/1 3400/1/1
f 3412/1/1 3400/1/1 3399/1/1
f 3413/1/1 3401/1/1 3412/1/1
f 3414/1/1 3401/1/1 3413/1/1
f 3415/1/1 3406/1/1 3405/1/1
f 3415/1/1 3405/1/1 3404/1/1
f 3416/1/1 3406/1/1 3415/1/1
f 3417/1/1 3406/1/1 3416/1/1
f 3419/1/1 3393/1/1 3392/1/1
f 3420/1/1 3333/1/1 3363/1/1
f 3420/1/1 3393/1/1 3419/1/1
f 3420/1/1 3363/1/1 3393/1/1
f 3421/1/1 3364/1/1 3334/1/1
f 3421/1/1 3394/1/1 3364/1/1
f 3421/1/1 3395/1/1 3394/1/1
f 3422/1/1 3395/1/1 3421/1/1
f 3424/1/1 3413/1/1 3412/1/1
f 3424/1/1 3412/1/1 3411/1/1
f 3425/1/1 3413/1/1 3424/1/1
f 3426/1/1 3413/1/1 3425/1/1
f 3427/1/1 3418/1/1 3417/1/1
f 3427/1/1 3417/1/1 3416/1/1
f 3428/1/1 3418/1/1 3427/1/1
f 3429/1/1 3418/1/1 3428/1/1
f 3431/1/1 3333/1/1 3420/1/1
f 3432/1/1 3245/1/1 3273/1/1
f 3432/1/1 3333/1/1 3431/1/1
f 3432/1/1 3273/1/1 3303/1/1
f 3432/1/1 3303/1/1 3333/1/1
f 3433/1/1 3274/1/1 3246/1/1
f 3433/1/1 3304/1/1 3274/1/1
f 3433/1/1 3334/1/1 3304/1/1
f 3433/1/1 3421/1/1 3334/1/1
f 3434/1/1 3421/1/1 3433/1/1
f 3436/1/1 3425/1/1 3424/1/1
f 3436/1/1 3424/1/1 3423/1/1
f 3437/1/1 3425/1/1 3436/1/1
f 3438/1/1 3425/1/1 3437/1/1
f 3439/1/1 3430/1/1 3429/1/1
f 3439/1/1 3429/1/1 3428/1/1
f 3440/1/1 3430/1/1 3439/1/1
f 3441/1/1 3430/1/1 3440/1/1
f 3443/1/1 3245/1/1 3432/1/1
f 3444/1/1 3108/1/1 3142/1/1
f 3444/1/1 3245/1/1 3443/1/1
f 3444/1/1 3142/1/1 3178/1/1
f 3444/1/1 3178/1/1 3214/1/1
f 3444/1/1 3214/1/1 3245/1/1
f 3445/1/1 3143/1/1 3109/1/1
f 3445/1/1 3179/1/1 3143/1/1
f 3445/1/1 3215/1/1 3179/1/1
f 3445/1/1 3246/1/1 3215/1/1
f 3445/1/1 3433/1/1 3246/1/1
f 3446/1/1 3433/1/1 3445/1/1
f 3448/1/1 3437/1/1 3436/1/1
f 3448/1/1 3436/1/1 3435/1/1
f 3449/1/1 3437/1/1 3448/1/1
f 3450/1/1 3437/1/1 3449/1/1
f 3451/1/1 3441/1/1 3440/1/1
f 3451/1/1 3442/1/1 3441/1/1
f 3452/1/1 3442/1/1 3451/1/1
f 3453/1/1 3442/1/1 3452/1/1
f 3455/1/1 3108/1/1 3444/1/1
f 3456/1/1 3025/1/1 3044/1/1
f 3456/1/1 3108/1/1 3455/1/1
f 3456/1/1 3044/1/1 3074/1/1
f 3456/1/1 3074/1/1 3108/1/1
f 3457/1/1 3045/1/1 3026/1/1
f 3457/1/1 3075/1/1 3045/1/1
f 3457/1/1 3109/1/1 3075/1/1
f 3457/1/1 3445/1/1 3109/1/1
f 3458/1/1 3445/1/1 3457/1/1
f 3460/1/1 3449/1/1 3448/1/1
f 3460/1/1 3448/1/1 3447/1/1
f 3461/1/1 3449/1/1 3460/1/1
f 3462/1/1 3449/1/1 3461/1/1
f 3463/1/1 3453/1/1 3452/1/1
f 3463/1/1 3454/1/1 3453/1/1
f 3464/1/1 3454/1/1 3463/1/1
f 3465/1/1 3454/1/1 3464/1/1
f 3467/1/1 3025/1/1 3456/1/1
f 3468/1/1 3025/1/1 3467/1/1
f 3469/1/1 3457/1/1 3026/1/1
f 3470/1/1 3457/1/1 3469/1/1
f 3472/1/1 3461/1/1 3460/1/1
f 3472/1/1 3460/1/1 3459/1/1
f 3473/1/1 3461/1/1 3472/1/1
f 3474/1/1 3461/1/1 3473/1/1
f 3475/1/1 3466/1/1 3465/1/1
f 3475/1/1 3465/1/1 3464/1/1
f 3476/1/1 3466/1/1 3475/1/1
f 3477/1/1 3466/1/1 3476/1/1
f 3480/1/1 3473/1/1 3472/1/1
f 3480/1/1 3472/1/1 3471/1/1
f 3481/1/1 3473/1/1 3480/1/1
f 3482/1/1 3473/1/1 3481/1/1
f 3483/1/1 3478/1/1 3477/1/1
f 3483/1/1 3477/1/1 3476/1/1
f 3484/1/1 3478/1/1 3483/1/1
f 3485/1/1 3478/1/1 3484/1/1
f 3486/1/1 3481/1/1 3480/1/1
f 3486/1/1 3480/1/1 3479/1/1
f 3487/1/1 3481/1/1 3486/1/1
f 3488/1/1 3481/1/1 3487/1/1
f 3489/1/1 3485/1/1 3484/1/1
f 3489/1/1 3487/1/1 3486/1/1
f 3489/1/1 3486/1/1 3485/1/1
f 3490/1/1 3487/1/1 3489/1/1
f 3491/1/1 3487/1/1 3490/1/1
f 3492/1/1 3487/1/1 3491/1/1
f 3493/1/1 3491/1/1 3490/1/1
f 3494/1/1 3491/1/1 3493/1/1
f 3495/1/1 3491/1/1 3494/1/1
f 3496/1/1 3491/1/1 3495/1/1
f 3497/1/1 3495/1/1 3494/1/1
f 3498/1/1 3495/1/1 3497/1/1
f 3501/3/1 3500/3/1 3499/3/1
f 3502/3/1 3500/3/1 3501/3/1
f 3508/3/1 3504/3/1 3503/3/1
f 3509/3/1 3504/3/1 3508/3/1
f 3510/3/1 3506/3/1 3505/3/1
f 3511/3/1 3506/3/1 3510/3/1
f 3514/3/1 3508/3/1 3507/3/1
f 3515/3/1 3508/3/1 3514/3/1
f 3516/3/1 3512/3/1 3511/3/1
f 3517/3/1 3512/3/1 3516/3/1
f 3520/3/1 3514/3/1 3513/3/1
f 3521/3/1 3514/3/1 3520/3/1
f 3522/3/1 3518/3/1 3517/3/1
f 3523/3/1 3518/3/1 3522/3/1
f 3526/3/1 3520/3/1 3519/3/1
f 3527/3/1 3520/3/1 3526/3/1
f 3528/3/1 3524/3/1 3523/3/1
f 3529/3/1 3524/3/1 3528/3/1
f 3531/3/1 3526/3/1 3525/3/1
f 3532/3/1 3526/3/1 3531/3/1
f 3533/3/1 3530/3/1 3529/3/1
f 3534/3/1 3530/3/1 3533/3/1
f 3539/3/1 3536/3/1 3535/3/1
f 3540/3/1 3536/3/1 3539/3/1
f 3541/3/1 3538/3/1 3537/3/1
f 3542/3/1 3538/3/1 3541/3/1
f 3547/3/1 3544/3/1 3543/3/1
f 3548/3/1 3544/3/1 3547/3/1
f 3551/3/1 3546/3/1 3545/3/1
f 3552/3/1 3546/3/1 3551/3/1
f 3553/3/1 3549/3/1 3548/3/1
f 3554/3/1 3549/3/1 3553/3/1
f 3557/3/1 3551/3/1 3550/3/1
f 3558/3/1 3551/3/1 3557/3/1
f 3559/3/1 3555/3/1 3554/3/1
f 3560/3/1 3555/3/1 3559/3/1
f 3563/3/1 3557/3/1 3556/3/1
f 3564/3/1 3557/3/1 3563/3/1
f 3565/3/1 3561/3/1 3560/3/1
f 3566/3/1 3561/3/1 3565/3/1
f 3569/3/1 3563/3/1 3562/3/1
f 3570/3/1 3563/3/1 3569/3/1
f 3571/3/1 3567/3/1 3566/3/1
f 3572/3/1 3567/3/1 3571/3/1
f 3573/3/1 3569/3/1 3568/3/1
f 3574/3/1 3569/3/1 3573/3/1
f 3577/3/1 3576/3/1 3575/3/1
f 3578/3/1 3576/3/1 3577/3/1
f 3583/4/1 3580/4/1 3579/4/1
f 3584/4/1 3580/4/1 3583/4/1
f 3587/4/1 3582/4/1 3581/4/1
f 3588/4/1 3582/4/1 3587/4/1
f 3589/4/1 3585/4/1 3584/4/1
f 3590/4/1 3585/4/1 3589/4/1
f 3593/4/1 3587/4/1 3586/4/1
f 3594/4/1 3587/4/1 3593/4/1
f 3595/4/1 3591/4/1 3590/4/1
f 3596/4/1 3591/4/1 3595/4/1
f 3603/4/1 3593/4/1 3592/4/1
f 3604/4/1 3593/4/1 3603/4/1
f 3605/3/1 3599/3/1 3598/3/1
f 3606/3/1 3599/3/1 3605/3/1
f 3607/3/1 3601/3/1 3600/3/1
f 3608/3/1 3601/3/1 3607/3/1
f 3609/4/1 3597/4/1 3596/4/1
f 3610/4/1 3597/4/1 3609/4/1
f 3611/4/1 3603/4/1 3602/4/1
f 3612/4/1 3603/4/1 3611/4/1
f 3617/4/1 3614/4/1 3613/4/1
f 3618/4/1 3614/4/1 3617/4/1
f 3621/4/1 3616/4/1 3615/4/1
f 3622/4/1 3616/4/1 3621/4/1
f 3623/4/1 3619/4/1 3618/4/1
f 3624/4/1 3619/4/1 3623/4/1
f 3627/4/1 3621/4/1 3620/4/1
f 3628/4/1 3621/4/1 3627/4/1
f 3629/4/1 3625/4/1 3624/4/1
f 3630/4/1 3625/4/1 3629/4/1
f 3633/4/1 3627/4/1 3626/4/1
f 3634/4/1 3627/4/1 3633/4/1
f 3635/4/1 3631/4/1 3630/4/1
f 3636/4/1 3631/4/1 3635/4/1
f 3637/4/1 3633/4/1 3632/4/1
f 3638/4/1 3633/4/1 3637/4/1
f 3643/3/1 3640/3/1 3639/3/1
f 3644/3/1 3640/3/1 3643/3/1
f 3645/3/1 3642/3/1 3641/3/1
f 3646/3/1 3642/3/1 3645/3/1
f 3651/3/1 3648/3/1 3647/3/1
f 3652/3/1 3648/3/1 3651/3/1
f 3653/3/1 3650/3/1 3649/3/1
f 3654/3/1 3650/3/1 3653/3/1
f 3660/4/1 3656/4/1 3655/4/1
f 3661/4/1 3656/4/1 3660/4/1
f 3662/4/1 3658/4/1 3657/4/1
f 3663/4/1 3658/4/1 3662/4/1
f 3666/4/1 3660/4/1 3659/4/1
f 3667/4/1 3660/4/1 3666/4/1
f 3668/4/1 3664/4/1 3663/4/1
f 3669/4/1 3664/4/1 3668/4/1
f 3672/4/1 3666/4/1 3665/4/1
f 3673/4/1 3666/4/1 3672/4/1
f 3674/4/1 3670/4/1 3669/4/1
f 3675/4/1 3670/4/1 3674/4/1
f 3677/4/1 3672/4/1 3671/4/1
f 3678/4/1 3672/4/1 3677/4/1
f 3679/4/1 3676/4/1 3675/4/1
f 3680/4/1 3676/4/1 3679/4/1
f 3690/4/1 3682/4/1 3681/4/1
f 3691/4/1 3682/4/1 3690/4/1
f 3692/3/1 3686/3/1 3685/3/1
f 3693/3/1 3686/3/1 3692/3/1
f 3694/3/1 3688/3/1 3687/3/1
f 3695/3/1 3688/3/1 3694/3/1
f 3696/4/1 3684/4/1 3683/4/1
f 3697/4/1 3684/4/1 3696/4/1
f 3700/4/1 3690/4/1 3689/4/1
f 3701/4/1 3690/4/1 3700/4/1
f 3702/4/1 3698/4/1 3697/4/1
f 3703/4/1 3698/4/1 3702/4/1
f 3706/4/1 3700/4/1 3699/4/1
f 3707/4/1 3700/4/1 3706/4/1
f 3708/4/1 3704/4/1 3703/4/1
f 3709/4/1 3704/4/1 3708/4/1
f 3711/4/1 3706/4/1 3705/4/1
f 3712/4/1 3706/4/1 3711/4/1
f 3713/4/1 3710/4/1 3709/4/1
f 3714/4/1 3710/4/1 3713/4/1
f 3718/4/1 3716/4/1 3715/4/1
f 3719/4/1 3716/4/1 3718/4/1
f 3722/4/1 3718/4/1 3717/4/1
f 3723/4/1 3718/4/1 3722/4/1
f 3724/4/1 3720/4/1 3719/4/1
f 3725/4/1 3720/4/1 3724/4/1
f 3728/4/1 3722/4/1 3721/4/1
f 3729/4/1 3722/4/1 3728/4/1
f 3730/4/1 3726/4/1 3725/4/1
f 3731/4/1 3726/4/1 3730/4/1
f 3734/4/1 3728/4/1 3727/4/1
f 3735/4/1 3728/4/1 3734/4/1
f 3736/4/1 3732/4/1 3731/4/1
f 3737/4/1 3732/4/1 3736/4/1
f 3740/4/1 3734/4/1 3733/4/1
f 3741/4/1 3734/4/1 3740/4/1
f 3742/4/1 3738/4/1 3737/4/1
f 3743/4/1 3738/4/1 3742/4/1
f 3746/4/1 3740/4/1 3739/4/1
f 3747/4/1 3740/4/1 3746/4/1
f 3750/4/1 3744/4/1 3743/4/1
f 3751/4/1 3744/4/1 3750/4/1
f 3754/4/1 3749/4/1 3748/4/1
f 3755/4/1 3749/4/1 3754/4/1
f 3758/4/1 3754/4/1 3753/4/1
f 3759/4/1 3754/4/1 3758/4/1
f 3760/4/1 3756/4/1 3755/4/1
f 3761/4/1 3756/4/1 3760/4/1
f 3763/4/1 3758/4/1 3757/4/1
f 3764/4/1 3758/4/1 3763/4/1
f 3767/4/1 3762/4/1 3761/4/1
f 3768/4/1 3762/4/1 3767/4/1
f 3769/4/1 3765/4/1 3764/4/1
f 3770/4/1 3765/4/1 3769/4/1
f 3771/4/1 3767/4/1 3766/4/1
f 3772/4/1 3767/4/1 3771/4/1
f 3773/4/1 3746/4/1 3745/4/1
f 3774/4/1 3746/4/1 3773/4/1
f 3776/4/1 3771/4/1 3770/4/1
f 3777/4/1 3771/4/1 3776/4/1
f 3779/4/1 3752/4/1 3751/4/1
f 3780/4/1 3752/4/1 3779/4/1
f 3781/4/1 3775/4/1 3774/4/1
f 3782/4/1 3775/4/1 3781/4/1
f 3785/4/1 3779/4/1 3778/4/1
f 3786/4/1 3779/4/1 3785/4/1
f 3787/4/1 3783/4/1 3782/4/1
f 3788/4/1 3783/4/1 3787/4/1
f 3791/4/1 3785/4/1 3784/4/1
f 3792/4/1 3785/4/1 3791/4/1
f 3793/4/1 3789/4/1 3788/4/1
f 3794/4/1 3789/4/1 3793/4/1
f 3797/4/1 3791/4/1 3790/4/1
f 3798/4/1 3791/4/1 3797/4/1
f 3799/4/1 3795/4/1 3794/4/1
f 3800/4/1 3795/4/1 3799/4/1
f 3803/4/1 3797/4/1 3796/4/1
f 3804/4/1 3797/4/1 3803/4/1
f 3805/4/1 3801/4/1 3800/4/1
f 3806/4/1 3801/4/1 3805/4/1
f 3807/4/1 3803/4/1 3802/4/1
f 3808/4/1 3803/4/1 3807/4/1
f 3809/4/1 3807/4/1 3806/4/1
f 3810/4/1 3807/4/1 3809/4/1
f 3813/3/1 3812/3/1 3811/3/1
f 3814/3/1 3812/3/1 3813/3/1
f 3820/3/1 3816/3/1 3815/3/1
f 3821/3/1 3816/3/1 3820/3/1
f 3822/3/1 3818/3/1 3817/3/1
f 3823/3/1 3818/3/1 3822/3/1
f 3826/3/1 3820/3/1 3819/3/1
f 3827/3/1 3820/3/1 3826/3/1
f 3828/3/1 3824/3/1 3823/3/1
f 3829/3/1 3824/3/1 3828/3/1
f 3832/3/1 3826/3/1 3825/3/1
f 3833/3/1 3826/3/1 3832/3/1
f 3834/3/1 3830/3/1 3829/3/1
f 3835/3/1 3830/3/1 3834/3/1
f 3838/3/1 3832/3/1 3831/3/1
f 3839/3/1 3832/3/1 3838/3/1
f 3840/3/1 3836/3/1 3835/3/1
f 3841/3/1 3836/3/1 3840/3/1
f 3843/3/1 3838/3/1 3837/3/1
f 3844/3/1 3838/3/1 3843/3/1
f 3847/3/1 3842/3/1 3841/3/1
f 3848/3/1 3842/3/1 3847/3/1
f 3853/4/1 3850/4/1 3849/4/1
f 3854/4/1 3850/4/1 3853/4/1
f 3857/4/1 3852/4/1 3851/4/1
f 3858/4/1 3852/4/1 3857/4/1
f 3859/4/1 3855/4/1 3854/4/1
f 3860/4/1 3855/4/1 3859/4/1
f 3863/4/1 3857/4/1 3856/4/1
f 3864/4/1 3857/4/1 3863/4/1
f 3865/4/1 3861/4/1 3860/4/1
f 3866/4/1 3861/4/1 3865/4/1
f 3868/4/1 3846/4/1 3845/4/1
f 3869/4/1 3846/4/1 3868/4/1
f 3871/4/1 3863/4/1 3862/4/1
f 3872/4/1 3863/4/1 3871/4/1
f 3873/4/1 3867/4/1 3866/4/1
f 3874/4/1 3867/4/1 3873/4/1
f 3875/4/1 3871/4/1 3870/4/1
f 3876/4/1 3871/4/1 3875/4/1
f 3885/3/1 3878/3/1 3877/3/1
f 3886/3/1 3878/3/1 3885/3/1
f 3887/4/1 3880/4/1 3879/4/1
f 3888/4/1 3880/4/1 3887/4/1
f 3889/4/1 3882/4/1 3881/4/1
f 3890/4/1 3882/4/1 3889/4/1
f 3891/3/1 3884/3/1 3883/3/1
f 3892/3/1 3884/3/1 3891/3/1
f 3898/4/1 3894/4/1 3893/4/1
f 3899/4/1 3894/4/1 3898/4/1
f 3902/4/1 3896/4/1 3895/4/1
f 3903/4/1 3896/4/1 3902/4/1
f 3906/4/1 3898/4/1 3897/4/1
f 3907/4/1 3898/4/1 3906/4/1
f 3908/4/1 3904/4/1 3903/4/1
f 3909/4/1 3904/4/1 3908/4/1
f 3912/4/1 3906/4/1 3905/4/1
f 3913/4/1 3906/4/1 3912/4/1
f 3914/4/1 3910/4/1 3909/4/1
f 3915/4/1 3910/4/1 3914/4/1
f 3917/4/1 3912/4/1 3911/4/1
f 3918/4/1 3912/4/1 3917/4/1
f 3919/4/1 3916/4/1 3915/4/1
f 3920/4/1 3916/4/1 3919/4/1
f 3923/4/1 3901/4/1 3900/4/1
f 3924/4/1 3901/4/1 3923/4/1
f 3927/3/1 3922/3/1 3921/3/1
f 3928/3/1 3922/3/1 3927/3/1
f 3931/3/1 3926/3/1 3925/3/1
f 3932/3/1 3926/3/1 3931/3/1
f 3933/3/1 3929/3/1 3928/3/1
f 3934/3/1 3929/3/1 3933/3/1
f 3937/3/1 3931/3/1 3930/3/1
f 3938/3/1 3931/3/1 3937/3/1
f 3939/3/1 3935/3/1 3934/3/1
f 3940/3/1 3935/3/1 3939/3/1
f 3943/3/1 3937/3/1 3936/3/1
f 3944/3/1 3937/3/1 3943/3/1
f 3945/3/1 3941/3/1 3940/3/1
f 3946/3/1 3941/3/1 3945/3/1
f 3949/3/1 3943/3/1 3942/3/1
f 3950/3/1 3943/3/1 3949/3/1
f 3951/3/1 3947/3/1 3946/3/1
f 3952/3/1 3947/3/1 3951/3/1
f 3953/3/1 3949/3/1 3948/3/1
f 3954/3/1 3949/3/1 3953/3/1
f 3957/3/1 3956/3/1 3955/3/1
f 3958/3/1 3956/3/1 3957/3/1
f 3961/3/1 3960/3/1 3959/3/1
f 3962/3/1 3960/3/1 3961/3/1
f 3967/3/1 3964/3/1 3963/3/1
f 3968/3/1 3964/3/1 3967/3/1
f 3969/3/1 3966/3/1 3965/3/1
f 3970/3/1 3966/3/1 3969/3/1
f 3973/3/1 3972/3/1 3971/3/1
f 3974/3/1 3972/3/1 3973/3/1
f 3979/3/1 3976/3/1 3975/3/1
f 3980/3/1 3976/3/1 3979/3/1
f 3981/3/1 3978/3/1 3977/3/1
f 3982/3/1 3978/3/1 3981/3/1
f 3988/3/1 3984/3/1 3983/3/1
f 3989/3/1 3984/3/1 3988/3/1
f 3990/3/1 3986/3/1 3985/3/1
f 3991/3/1 3986/3/1 3990/3/1
f 3994/3/1 3988/3/1 3987/3/1
f 3995/3/1 3988/3/1 3994/3/1
f 3996/3/1 3992/3/1 3991/3/1
f 3997/3/1 3992/3/1 3996/3/1
f 4000/3/1 3994/3/1 3993/3/1
f 4001/3/1 3994/3/1 4000/3/1
f 4002/3/1 3998/3/1 3997/3/1
f 4003/3/1 3998/3/1 4002/3/1
f 4006/3/1 4000/3/1 3999/3/1
f 4007/3/1 4000/3/1 4006/3/1
f 4008/3/1 4004/3/1 4003/3/1
f 4009/3/1 4004/3/1 4008/3/1
f 4011/3/1 4006/3/1 4005/3/1
f 4012/3/1 4006/3/1 4011/3/1
f 4015/3/1 4010/3/1 4009/3/1
f 4016/3/1 4010/3/1 4015/3/1
f 4021/4/1 4018/4/1 4017/4/1
f 4022/4/1 4018/4/1 4021/4/1
f 4025/4/1 4020/4/1 4019/4/1
f 4026/4/1 4020/4/1 4025/4/1
f 4027/4/1 4023/4/1 4022/4/1
f 4028/4/1 4023/4/1 4027/4/1
f 4031/4/1 4025/4/1 4024/4/1
f 4032/4/1 4025/4/1 4031/4/1
f 4033/4/1 4029/4/1 4028/4/1
f 4034/4/1 4029/4/1 4033/4/1
f 4036/4/1 4014/4/1 4013/4/1
f 4037/4/1 4014/4/1 4036/4/1
f 4039/4/1 4031/4/1 4030/4/1
f 4040/4/1 4031/4/1 4039/4/1
f 4043/4/1 4035/4/1 4034/4/1
f 4044/4/1 4035/4/1 4043/4/1
f 4045/4/1 4039/4/1 4038/4/1
f 4046/4/1 4039/4/1 4045/4/1
f 4049/3/1 4042/3/1 4041/3/1
f 4050/3/1 4042/3/1 4049/3/1
f 4051/3/1 4048/3/1 4047/3/1
f 4052/3/1 4048/3/1 4051/3/1
f 4057/4/1 4054/4/1 4053/4/1
f 4058/4/1 4054/4/1 4057/4/1
f 4059/4/1 4056/4/1 4055/4/1
f 4060/4/1 4056/4/1 4059/4/1
f 4065/3/1 4062/3/1 4061/3/1
f 4066/3/1 4062/3/1 4065/3/1
f 4071/3/1 4064/3/1 4063/3/1
f 4072/3/1 4064/3/1 4071/3/1
f 4074/4/1 4068/4/1 4067/4/1
f 4075/4/1 4068/4/1 4074/4/1
f 4078/4/1 4070/4/1 4069/4/1
f 4079/4/1 4070/4/1 4078/4/1
f 4082/4/1 4074/4/1 4073/4/1
f 4083/4/1 4074/4/1 4082/4/1
f 4084/4/1 4080/4/1 4079/4/1
f 4085/4/1 4080/4/1 4084/4/1
f 4088/4/1 4082/4/1 4081/4/1
f 4089/4/1 4082/4/1 4088/4/1
f 4090/4/1 4086/4/1 4085/4/1
f 4091/4/1 4086/4/1 4090/4/1
f 4093/4/1 4088/4/1 4087/4/1
f 4094/4/1 4088/4/1 4093/4/1
f 4095/4/1 4092/4/1 4091/4/1
f 4096/4/1 4092/4/1 4095/4/1
f 4099/4/1 4077/4/1 4076/4/1
f 4100/4/1 4077/4/1 4099/4/1
f 4103/3/1 4098/3/1 4097/3/1
f 4104/3/1 4098/3/1 4103/3/1
f 4107/3/1 4102/3/1 4101/3/1
f 4108/3/1 4102/3/1 4107/3/1
f 4109/3/1 4105/3/1 4104/3/1
f 4110/3/1 4105/3/1 4109/3/1
f 4113/3/1 4107/3/1 4106/3/1
f 4114/3/1 4107/3/1 4113/3/1
f 4115/3/1 4111/3/1 4110/3/1
f 4116/3/1 4111/3/1 4115/3/1
f 4119/3/1 4113/3/1 4112/3/1
f 4120/3/1 4113/3/1 4119/3/1
f 4121/3/1 4117/3/1 4116/3/1
f 4122/3/1 4117/3/1 4121/3/1
f 4125/3/1 4119/3/1 4118/3/1
f 4126/3/1 4119/3/1 4125/3/1
f 4127/3/1 4123/3/1 4122/3/1
f 4128/3/1 4123/3/1 4127/3/1
f 4129/3/1 4125/3/1 4124/3/1
f 4130/3/1 4125/3/1 4129/3/1
f 4135/3/1 4132/3/1 4131/3/1
f 4136/3/1 4132/3/1 4135/3/1
f 4137/3/1 4134/3/1 4133/3/1
f 4138/3/1 4134/3/1 4137/3/1
f 4143/4/1 4140/4/1 4139/4/1
f 4144/4/1 4140/4/1 4143/4/1
f 4147/4/1 4142/4/1 4141/4/1
f 4148/4/1 4142/4/1 4147/4/1
f 4149/4/1 4145/4/1 4144/4/1
f 4150/4/1 4145/4/1 4149/4/1
f 4153/4/1 4147/4/1 4146/4/1
f 4154/4/1 4147/4/1 4153/4/1
f 4155/4/1 4151/4/1 4150/4/1
f 4156/4/1 4151/4/1 4155/4/1
f 4159/4/1 4153/4/1 4152/4/1
f 4160/4/1 4153/4/1 4159/4/1
f 4163/4/1 4157/4/1 4156/4/1
f 4164/4/1 4157/4/1 4163/4/1
f 4165/3/1 4162/3/1 4161/3/1
f 4166/3/1 4162/3/1 4165/3/1
f 4167/4/1 4159/4/1 4158/4/1
f 4168/4/1 4159/4/1 4167/4/1
f 4173/4/1 4170/4/1 4169/4/1
f 4174/4/1 4170/4/1 4173/4/1
f 4177/4/1 4172/4/1 4171/4/1
f 4178/4/1 4172/4/1 4177/4/1
f 4179/4/1 4175/4/1 4174/4/1
f 4180/4/1 4175/4/1 4179/4/1
f 4183/4/1 4177/4/1 4176/4/1
f 4184/4/1 4177/4/1 4183/4/1
f 4185/4/1 4181/4/1 4180/4/1
f 4186/4/1 4181/4/1 4185/4/1
f 4189/4/1 4183/4/1 4182/4/1
f 4190/4/1 4183/4/1 4189/4/1
f 4191/4/1 4187/4/1 4186/4/1
f 4192/4/1 4187/4/1 4191/4/1
f 4193/4/1 4189/4/1 4188/4/1
f 4194/4/1 4189/4/1 4193/4/1
f 4199/3/1 4196/3/1 4195/3/1
f 4200/3/1 4196/3/1 4199/3/1
f 4201/3/1 4198/3/1 4197/3/1
f 4202/3/1 4198/3/1 4201/3/1
f 4208/4/1 4204/4/1 4203/4/1
f 4209/4/1 4204/4/1 4208/4/1
f 4210/4/1 4206/4/1 4205/4/1
f 4211/4/1 4206/4/1 4210/4/1
f 4214/4/1 4208/4/1 4207/4/1
f 4215/4/1 4208/4/1 4214/4/1
f 4216/4/1 4212/4/1 4211/4/1
f 4217/4/1 4212/4/1 4216/4/1
f 4220/4/1 4214/4/1 4213/4/1
f 4221/4/1 4214/4/1 4220/4/1
f 4222/4/1 4218/4/1 4217/4/1
f 4223/4/1 4218/4/1 4222/4/1
f 4225/4/1 4220/4/1 4219/4/1
f 4226/4/1 4220/4/1 4225/4/1
f 4227/4/1 4224/4/1 4223/4/1
f 4228/4/1 4224/4/1 4227/4/1
f 4235/3/1 4232/3/1 4231/3/1
f 4236/3/1 4232/3/1 4235/3/1
f 4238/4/1 4230/4/1 4229/4/1
f 4239/4/1 4230/4/1 4238/4/1
f 4240/4/1 4234/4/1 4233/4/1
f 4241/4/1 4234/4/1 4240/4/1
f 4244/4/1 4238/4/1 4237/4/1
f 4245/4/1 4238/4/1 4244/4/1
f 4246/4/1 4242/4/1 4241/4/1
f 4247/4/1 4242/4/1 4246/4/1
f 4250/4/1 4244/4/1 4243/4/1
f 4251/4/1 4244/4/1 4250/4/1
f 4252/4/1 4248/4/1 4247/4/1
f 4253/4/1 4248/4/1 4252/4/1
f 4255/4/1 4250/4/1 4249/4/1
f 4256/4/1 4250/4/1 4255/4/1
f 4257/4/1 4254/4/1 4253/4/1
f 4258/4/1 4254/4/1 4257/4/1
f 4261/3/1 4260/3/1 4259/3/1
f 4262/3/1 4260/3/1 4261/3/1
f 4268/3/1 4264/3/1 4263/3/1
f 4269/3/1 4264/3/1 4268/3/1
f 4270/3/1 4266/3/1 4265/3/1
f 4271/3/1 4266/3/1 4270/3/1
f 4274/3/1 4268/3/1 4267/3/1
f 4275/3/1 4268/3/1 4274/3/1
f 4276/3/1 4272/3/1 4271/3/1
f 4277/3/1 4272/3/1 4276/3/1
f 4280/3/1 4274/3/1 4273/3/1
f 4281/3/1 4274/3/1 4280/3/1
f 4282/3/1 4278/3/1 4277/3/1
f 4283/3/1 4278/3/1 4282/3/1
f 4286/3/1 4280/3/1 4279/3/1
f 4287/3/1 4280/3/1 4286/3/1
f 4288/3/1 4284/3/1 4283/3/1
f 4289/3/1 4284/3/1 4288/3/1
f 4291/3/1 4286/3/1 4285/3/1
f 4292/3/1 4286/3/1 4291/3/1
f 4293/3/1 4290/3/1 4289/3/1
f 4294/3/1 4290/3/1 4293/3/1
f 4299/3/1 4296/3/1 4295/3/1
f 4300/3/1 4296/3/1 4299/3/1
f 4301/3/1 4298/3/1 4297/3/1
f 4302/3/1 4298/3/1 4301/3/1
f 4307/3/1 4304/3/1 4303/3/1
f 4308/3/1 4304/3/1 4307/3/1
f 4311/3/1 4306/3/1 4305/3/1
f 4312/3/1 4306/3/1 4311/3/1
f 4313/3/1 4309/3/1 4308/3/1
f 4314/3/1 4309/3/1 4313/3/1
f 4317/3/1 4311/3/1 4310/3/1
f 4318/3/1 4311/3/1 4317/3/1
f 4319/3/1 4315/3/1 4314/3/1
f 4320/3/1 4315/3/1 4319/3/1
f 4323/3/1 4317/3/1 4316/3/1
f 4324/3/1 4317/3/1 4323/3/1
f 4325/3/1 4321/3/1 4320/3/1
f 4326/3/1 4321/3/1 4325/3/1
f 4329/3/1 4323/3/1 4322/3/1
f 4330/3/1 4323/3/1 4329/3/1
f 4331/3/1 4327/3/1 4326/3/1
f 4332/3/1 4327/3/1 4331/3/1
f 4333/3/1 4329/3/1 4328/3/1
f 4334/3/1 4329/3/1 4333/3/1
f 4337/3/1 4336/3/1 4335/3/1
f 4338/3/1 4336/3/1 4337/3/1
f 4341/3/1 4340/3/1 4339/3/1
f 4342/3/1 4340/3/1 4341/3/1
f 4347/3/1 4344/3/1 4343/3/1
f 4348/3/1 4344/3/1 4347/3/1
f 4349/3/1 4346/3/1 4345/3/1
f 4350/3/1 4346/3/1 4349/3/1
f 4353/3/1 4352/3/1 4351/3/1
f 4354/3/1 4352/3/1 4353/3/1
f 4359/3/1 4356/3/1 4355/3/1
f 4360/3/1 4356/3/1 4359/3/1
f 4361/3/1 4358/3/1 4357/3/1
f 4362/3/1 4358/3/1 4361/3/1
f 4367/3/1 4364/3/1 4363/3/1
f 4368/3/1 4364/3/1 4367/3/1
f 4369/3/1 4366/3/1 4365/3/1
f 4370/3/1 4366/3/1 4369/3/1
f 4375/3/1 4372/3/1 4371/3/1
f 4376/3/1 4372/3/1 4375/3/1
f 4377/3/1 4374/3/1 4373/3/1
f 4378/3/1 4374/3/1 4377/3/1
f 4383/3/1 4380/3/1 4379/3/1
f 4384/3/1 4380/3/1 4383/3/1
f 4385/3/1 4382/3/1 4381/3/1
f 4386/3/1 4382/3/1 4385/3/1
f 4391/3/1 4388/3/1 4387/3/1
f 4392/3/1 4388/3/1 4391/3/1
f 4393/3/1 4390/3/1 4389/3/1
f 4394/3/1 4390/3/1 4393/3/1
f 4399/3/1 4396/3/1 4395/3/1
f 4400/3/1 4396/3/1 4399/3/1
f 4401/3/1 4398/3/1 4397/3/1
f 4402/3/1 4398/3/1 4401/3/1
f 4405/3/1 4404/3/1 4403/3/1
f 4406/3/1 4404/3/1 4405/3/1
f 4411/3/1 4408/3/1 4407/3/1
f 4412/3/1 4408/3/1 4411/3/1
f 4413/3/1 4410/3/1 4409/3/1
f 4414/3/1 4410/3/1 4413/3/1
f 4417/3/1 4416/3/1 4415/3/1
f 4418/3/1 4416/3/1 4417/3/1
f 4424/3/1 4420/3/1 4419/3/1
f 4425/3/1 4420/3/1 4424/3/1
f 4426/3/1 4422/3/1 4421/3/1
f 4427/3/1 4422/3/1 4426/3/1
f 4430/3/1 4424/3/1 4423/3/1
f 4431/3/1 4424/3/1 4430/3/1
f 4432/3/1 4428/3/1 4427/3/1
f 4433/3/1 4428/3/1 4432/3/1
f 4436/3/1 4430/3/1 4429/3/1
f 4437/3/1 4430/3/1 4436/3/1
f 4438/3/1 4434/3/1 4433/3/1
f 4439/3/1 4434/3/1 4438/3/1
f 4441/3/1 4436/3/1 4435/3/1
f 4442/3/1 4436/3/1 4441/3/1
f 4443/3/1 4440/3/1 4439/3/1
f 4444/3/1 4440/3/1 4443/3/1
f 4449/3/1 4446/3/1 4445/3/1
f 4450/3/1 4446/3/1 4449/3/1
f 4453/3/1 4448/3/1 4447/3/1
f 4454/3/1 4448/3/1 4453/3/1
f 4455/3/1 4451/3/1 4450/3/1
f 4456/3/1 4451/3/1 4455/3/1
f 4459/3/1 4453/3/1 4452/3/1
f 4460/3/1 4453/3/1 4459/3/1
f 4461/3/1 4457/3/1 4456/3/1
f 4462/3/1 4457/3/1 4461/3/1
f 4465/3/1 4459/3/1 4458/3/1
f 4466/3/1 4459/3/1 4465/3/1
f 4467/3/1 4463/3/1 4462/3/1
f 4468/3/1 4463/3/1 4467/3/1
f 4469/3/1 4465/3/1 4464/3/1
f 4470/3/1 4465/3/1 4469/3/1
f 4475/3/1 4472/3/1 4471/3/1
f 4476/3/1 4472/3/1 4475/3/1
f 4477/3/1 4474/3/1 4473/3/1
f 4478/3/1 4474/3/1 4477/3/1
f 4483/3/1 4480/3/1 4479/3/1
f 4484/3/1 4480/3/1 4483/3/1
f 4485/3/1 4482/3/1 4481/3/1
f 4486/3/1 4482/3/1 4485/3/1
f 4487/1/2 4488/1/2 4490/1/2
f 4490/1/2 4488/1/2 4491/1/2
f 4489/1/2 4490/1/2 4494/1/2
f 4491/1/2 4492/1/2 4494/1/2
f 4490/1/2 4491/1/2 4494/1/2
f 4494/1/2 4492/1/2 4495/1/2
f 4493/1/2 4494/1/2 4498/1/2
f 4495/1/2 4496/1/2 4498/1/2
f 4494/1/2 4495/1/2 4498/1/2
f 4498/1/2 4496/1/2 4499/1/2
f 4499/1/2 4496/1/2 4500/1/2
f 4500/1/2 4496/1/2 4501/1/2
f 4497/1/2 4498/1/2 4504/1/2
f 4498/1/2 4499/1/2 4504/1/2
f 4504/1/2 4499/1/2 4505/1/2
f 4505/1/2 4499/1/2 4506/1/2
f 4500/1/2 4501/1/2 4507/1/2
f 4501/1/2 4502/1/2 4507/1/2
f 4507/1/2 4502/1/2 4508/1/2
f 4508/1/2 4502/1/2 4509/1/2
f 4504/1/2 4505/1/2 4512/1/2
f 4503/1/2 4504/1/2 4512/1/2
f 4512/1/2 4505/1/2 4513/1/2
f 4513/1/2 4505/1/2 4514/1/2
f 4509/1/2 4510/1/2 4519/1/2
f 4508/1/2 4509/1/2 4519/1/2
f 4519/1/2 4510/1/2 4520/1/2
f 4520/1/2 4510/1/2 4521/1/2
f 4511/1/2 4512/1/2 4524/1/2
f 4512/1/2 4513/1/2 4524/1/2
f 4524/1/2 4513/1/2 4525/1/2
f 4525/1/2 4513/1/2 4526/1/2
f 4515/1/2 4516/1/2 4528/1/2
f 4517/1/2 4518/1/2 4529/1/2
f 4520/1/2 4521/1/2 4531/1/2
f 4521/1/2 4522/1/2 4531/1/2
f 4531/1/2 4522/1/2 4532/1/2
f 4532/1/2 4522/1/2 4533/1/2
f 4523/1/2 4524/1/2 4536/1/2
f 4524/1/2 4525/1/2 4536/1/2
f 4536/1/2 4525/1/2 4537/1/2
f 4537/1/2 4525/1/2 4538/1/2
f 4527/1/2 4528/1/2 4540/1/2
f 4529/1/2 4530/1/2 4541/1/2
f 4533/1/2 4534/1/2 4543/1/2
f 4532/1/2 4533/1/2 4543/1/2
f 4543/1/2 4534/1/2 4544/1/2
f 4544/1/2 4534/1/2 4545/1/2
f 4535/1/2 4536/1/2 4548/1/2
f 4536/1/2 4537/1/2 4548/1/2
f 4548/1/2 4537/1/2 4549/1/2
f 4549/1/2 4537/1/2 4550/1/2
f 4539/1/2 4540/1/2 4552/1/2
f 4541/1/2 4542/1/2 4553/1/2
f 4545/1/2 4546/1/2 4555/1/2
f 4544/1/2 4545/1/2 4555/1/2
f 4555/1/2 4546/1/2 4556/1/2
f 4556/1/2 4546/1/2 4557/1/2
f 4547/1/2 4548/1/2 4560/1/2
f 4548/1/2 4549/1/2 4560/1/2
f 4560/1/2 4549/1/2 4561/1/2
f 4561/1/2 4549/1/2 4562/1/2
f 4551/1/2 4552/1/2 4564/1/2
f 4553/1/2 4554/1/2 4565/1/2
f 4557/1/2 4558/1/2 4567/1/2
f 4556/1/2 4557/1/2 4567/1/2
f 4567/1/2 4558/1/2 4568/1/2
f 4568/1/2 4558/1/2 4569/1/2
f 4559/1/2 4560/1/2 4572/1/2
f 4560/1/2 4561/1/2 4572/1/2
f 4572/1/2 4561/1/2 4573/1/2
f 4573/1/2 4561/1/2 4574/1/2
f 4569/1/2 4570/1/2 4579/1/2
f 4568/1/2 4569/1/2 4579/1/2
f 4579/1/2 4570/1/2 4580/1/2
f 4580/1/2 4570/1/2 4581/1/2
f 4571/1/2 4572/1/2 4584/1/2
f 4572/1/2 4573/1/2 4584/1/2
f 4584/1/2 4573/1/2 4585/1/2
f 4585/1/2 4573/1/2 4586/1/2
f 4575/1/2 4576/1/2 4588/1/2
f 4588/1/2 4576/1/2 4589/1/2
f 4563/1/2 4564/1/2 4590/1/2
f 4590/1/2 4564/1/2 4591/1/2
f 4565/1/2 4566/1/2 4592/1/2
f 4592/1/2 4566/1/2 4593/1/2
f 4577/1/2 4578/1/2 4594/1/2
f 4594/1/2 4578/1/2 4595/1/2
f 4580/1/2 4581/1/2 4597/1/2
f 4581/1/2 4582/1/2 4597/1/2
f 4597/1/2 4582/1/2 4598/1/2
f 4598/1/2 4582/1/2 4599/1/2
f 4583/1/2 4584/1/2 4602/1/2
f 4584/1/2 4585/1/2 4602/1/2
f 4602/1/2 4585/1/2 4603/1/2
f 4603/1/2 4585/1/2 4604/1/2
f 4588/1/2 4589/1/2 4606/1/2
f 4587/1/2 4588/1/2 4606/1/2
f 4589/1/2 4590/1/2 4606/1/2
f 4595/1/2 4596/1/2 4607/1/2
f 4594/1/2 4595/1/2 4607/1/2
f 4593/1/2 4594/1/2 4607/1/2
f 4599/1/2 4600/1/2 4609/1/2
f 4598/1/2 4599/1/2 4609/1/2
f 4609/1/2 4600/1/2 4610/1/2
f 4610/1/2 4600/1/2 4611/1/2
f 4602/1/2 4603/1/2 4614/1/2
f 4601/1/2 4602/1/2 4614/1/2
f 4614/1/2 4603/1/2 4615/1/2
f 4615/1/2 4603/1/2 4616/1/2
f 4605/1/2 4606/1/2 4618/1/2
f 4606/1/2 4590/1/2 4619/1/2
f 4618/1/2 4606/1/2 4619/1/2
f 4591/1/2 4564/1/2 4620/1/2
f 4564/1/2 4552/1/2 4621/1/2
f 4620/1/2 4564/1/2 4621/1/2
f 4553/1/2 4565/1/2 4622/1/2
f 4565/1/2 4592/1/2 4622/1/2
f 4622/1/2 4592/1/2 4623/1/2
f 4607/1/2 4608/1/2 4624/1/2
f 4593/1/2 4607/1/2 4624/1/2
f 4624/1/2 4608/1/2 4625/1/2
f 4611/1/2 4612/1/2 4627/1/2
f 4610/1/2 4611/1/2 4627/1/2
f 4627/1/2 4612/1/2 4628/1/2
f 4628/1/2 4612/1/2 4629/1/2
f 4613/1/2 4614/1/2 4632/1/2
f 4614/1/2 4615/1/2 4632/1/2
f 4632/1/2 4615/1/2 4633/1/2
f 4633/1/2 4615/1/2 4634/1/2
f 4618/1/2 4619/1/2 4636/1/2
f 4619/1/2 4620/1/2 4636/1/2
f 4617/1/2 4618/1/2 4636/1/2
f 4625/1/2 4626/1/2 4637/1/2
f 4624/1/2 4625/1/2 4637/1/2
f 4623/1/2 4624/1/2 4637/1/2
f 4629/1/2 4630/1/2 4639/1/2
f 4628/1/2 4629/1/2 4639/1/2
f 4639/1/2 4630/1/2 4640/1/2
f 4640/1/2 4630/1/2 4641/1/2
f 4632/1/2 4633/1/2 4644/1/2
f 4631/1/2 4632/1/2 4644/1/2
f 4644/1/2 4633/1/2 4645/1/2
f 4645/1/2 4633/1/2 4646/1/2
f 4635/1/2 4636/1/2 4648/1/2
f 4636/1/2 4620/1/2 4649/1/2
f 4648/1/2 4636/1/2 4649/1/2
f 4621/1/2 4552/1/2 4650/1/2
f 4650/1/2 4552/1/2 4651/1/2
f 4553/1/2 4622/1/2 4652/1/2
f 4652/1/2 4622/1/2 4653/1/2
f 4637/1/2 4638/1/2 4654/1/2
f 4623/1/2 4637/1/2 4654/1/2
f 4654/1/2 4638/1/2 4655/1/2
f 4641/1/2 4642/1/2 4657/1/2
f 4640/1/2 4641/1/2 4657/1/2
f 4657/1/2 4642/1/2 4658/1/2
f 4658/1/2 4642/1/2 4659/1/2
f 4643/1/2 4644/1/2 4662/1/2
f 4644/1/2 4645/1/2 4662/1/2
f 4662/1/2 4645/1/2 4663/1/2
f 4663/1/2 4645/1/2 4664/1/2
f 4648/1/2 4649/1/2 4666/1/2
f 4647/1/2 4648/1/2 4666/1/2
f 4649/1/2 4650/1/2 4666/1/2
f 4655/1/2 4656/1/2 4667/1/2
f 4654/1/2 4655/1/2 4667/1/2
f 4653/1/2 4654/1/2 4667/1/2
f 4659/1/2 4660/1/2 4669/1/2
f 4658/1/2 4659/1/2 4669/1/2
f 4669/1/2 4660/1/2 4670/1/2
f 4670/1/2 4660/1/2 4671/1/2
f 4662/1/2 4663/1/2 4674/1/2
f 4661/1/2 4662/1/2 4674/1/2
f 4674/1/2 4663/1/2 4675/1/2
f 4675/1/2 4663/1/2 4676/1/2
f 4665/1/2 4666/1/2 4678/1/2
f 4666/1/2 4650/1/2 4679/1/2
f 4678/1/2 4666/1/2 4679/1/2
f 4651/1/2 4552/1/2 4680/1/2
f 4680/1/2 4552/1/2 4681/1/2
f 4553/1/2 4652/1/2 4682/1/2
f 4682/1/2 4652/1/2 4683/1/2
f 4667/1/2 4668/1/2 4684/1/2
f 4653/1/2 4667/1/2 4684/1/2
f 4684/1/2 4668/1/2 4685/1/2
f 4671/1/2 4672/1/2 4687/1/2
f 4670/1/2 4671/1/2 4687/1/2
f 4687/1/2 4672/1/2 4688/1/2
f 4688/1/2 4672/1/2 4689/1/2
f 4673/1/2 4674/1/2 4692/1/2
f 4674/1/2 4675/1/2 4692/1/2
f 4692/1/2 4675/1/2 4693/1/2
f 4693/1/2 4675/1/2 4694/1/2
f 4678/1/2 4679/1/2 4696/1/2
f 4677/1/2 4678/1/2 4696/1/2
f 4679/1/2 4680/1/2 4696/1/2
f 4685/1/2 4686/1/2 4697/1/2
f 4684/1/2 4685/1/2 4697/1/2
f 4683/1/2 4684/1/2 4697/1/2
f 4689/1/2 4690/1/2 4699/1/2
f 4688/1/2 4689/1/2 4699/1/2
f 4699/1/2 4690/1/2 4700/1/2
f 4700/1/2 4690/1/2 4701/1/2
f 4692/1/2 4693/1/2 4704/1/2
f 4691/1/2 4692/1/2 4704/1/2
f 4704/1/2 4693/1/2 4705/1/2
f 4705/1/2 4693/1/2 4706/1/2
f 4695/1/2 4696/1/2 4708/1/2
f 4696/1/2 4680/1/2 4709/1/2
f 4708/1/2 4696/1/2 4709/1/2
f 4681/1/2 4552/1/2 4710/1/2
f 4552/1/2 4540/1/2 4711/1/2
f 4710/1/2 4552/1/2 4711/1/2
f 4553/1/2 4682/1/2 4712/1/2
f 4541/1/2 4553/1/2 4712/1/2
f 4712/1/2 4682/1/2 4713/1/2
f 4697/1/2 4698/1/2 4714/1/2
f 4683/1/2 4697/1/2 4714/1/2
f 4714/1/2 4698/1/2 4715/1/2
f 4701/1/2 4702/1/2 4717/1/2
f 4700/1/2 4701/1/2 4717/1/2
f 4717/1/2 4702/1/2 4718/1/2
f 4718/1/2 4702/1/2 4719/1/2
f 4703/1/2 4704/1/2 4722/1/2
f 4704/1/2 4705/1/2 4722/1/2
f 4722/1/2 4705/1/2 4723/1/2
f 4723/1/2 4705/1/2 4724/1/2
f 4709/1/2 4710/1/2 4726/1/2
f 4708/1/2 4709/1/2 4726/1/2
f 4707/1/2 4708/1/2 4726/1/2
f 4715/1/2 4716/1/2 4727/1/2
f 4714/1/2 4715/1/2 4727/1/2
f 4713/1/2 4714/1/2 4727/1/2
f 4719/1/2 4720/1/2 4729/1/2
f 4718/1/2 4719/1/2 4729/1/2
f 4729/1/2 4720/1/2 4730/1/2
f 4730/1/2 4720/1/2 4731/1/2
f 4722/1/2 4723/1/2 4734/1/2
f 4721/1/2 4722/1/2 4734/1/2
f 4734/1/2 4723/1/2 4735/1/2
f 4735/1/2 4723/1/2 4736/1/2
f 4725/1/2 4726/1/2 4737/1/2
f 4726/1/2 4710/1/2 4737/1/2
f 4711/1/2 4540/1/2 4738/1/2
f 4738/1/2 4540/1/2 4739/1/2
f 4541/1/2 4712/1/2 4740/1/2
f 4740/1/2 4712/1/2 4741/1/2
f 4727/1/2 4728/1/2 4742/1/2
f 4713/1/2 4727/1/2 4742/1/2
f 4731/1/2 4732/1/2 4743/1/2
f 4730/1/2 4731/1/2 4743/1/2
f 4743/1/2 4732/1/2 4744/1/2
f 4744/1/2 4732/1/2 4745/1/2
f 4734/1/2 4735/1/2 4748/1/2
f 4733/1/2 4734/1/2 4748/1/2
f 4748/1/2 4735/1/2 4749/1/2
f 4749/1/2 4735/1/2 4750/1/2
f 4725/1/2 4737/1/2 4752/1/2
f 4737/1/2 4738/1/2 4752/1/2
f 4752/1/2 4738/1/2 4753/1/2
f 4741/1/2 4742/1/2 4754/1/2
f 4742/1/2 4728/1/2 4754/1/2
f 4754/1/2 4728/1/2 4755/1/2
f 4745/1/2 4746/1/2 4757/1/2
f 4744/1/2 4745/1/2 4757/1/2
f 4757/1/2 4746/1/2 4758/1/2
f 4758/1/2 4746/1/2 4759/1/2
f 4748/1/2 4749/1/2 4761/1/2
f 4747/1/2 4748/1/2 4761/1/2
f 4761/1/2 4749/1/2 4762/1/2
f 4751/1/2 4752/1/2 4764/1/2
f 4764/1/2 4752/1/2 4765/1/2
f 4753/1/2 4738/1/2 4766/1/2
f 4766/1/2 4738/1/2 4767/1/2
f 4767/1/2 4738/1/2 4768/1/2
f 4739/1/2 4540/1/2 4769/1/2
f 4769/1/2 4540/1/2 4770/1/2
f 4541/1/2 4740/1/2 4771/1/2
f 4771/1/2 4740/1/2 4772/1/2
f 4741/1/2 4754/1/2 4773/1/2
f 4773/1/2 4754/1/2 4774/1/2
f 4774/1/2 4754/1/2 4775/1/2
f 4755/1/2 4756/1/2 4776/1/2
f 4776/1/2 4756/1/2 4777/1/2
f 4759/1/2 4760/1/2 4779/1/2
f 4758/1/2 4759/1/2 4779/1/2
f 4779/1/2 4760/1/2 4780/1/2
f 4747/1/2 4761/1/2 4782/1/2
f 4764/1/2 4765/1/2 4784/1/2
f 4763/1/2 4764/1/2 4784/1/2
f 4765/1/2 4766/1/2 4784/1/2
f 4784/1/2 4766/1/2 4785/1/2
f 4767/1/2 4768/1/2 4786/1/2
f 4768/1/2 4769/1/2 4786/1/2
f 4786/1/2 4769/1/2 4787/1/2
f 4772/1/2 4773/1/2 4788/1/2
f 4773/1/2 4774/1/2 4788/1/2
f 4788/1/2 4774/1/2 4789/1/2
f 4777/1/2 4778/1/2 4790/1/2
f 4776/1/2 4777/1/2 4790/1/2
f 4775/1/2 4776/1/2 4790/1/2
f 4790/1/2 4778/1/2 4791/1/2
f 4780/1/2 4760/1/2 4793/1/2
f 4781/1/2 4782/1/2 4796/1/2
f 4782/1/2 4761/1/2 4797/1/2
f 4796/1/2 4782/1/2 4797/1/2
f 4797/1/2 4761/1/2 4798/1/2
f 4784/1/2 4785/1/2 4800/1/2
f 4785/1/2 4786/1/2 4800/1/2
f 4783/1/2 4784/1/2 4800/1/2
f 4800/1/2 4786/1/2 4801/1/2
f 4787/1/2 4769/1/2 4802/1/2
f 4802/1/2 4769/1/2 4803/1/2
f 4803/1/2 4769/1/2 4804/1/2
f 4770/1/2 4540/1/2 4805/1/2
f 4805/1/2 4540/1/2 4806/1/2
f 4541/1/2 4771/1/2 4807/1/2
f 4807/1/2 4771/1/2 4808/1/2
f 4772/1/2 4788/1/2 4809/1/2
f 4809/1/2 4788/1/2 4810/1/2
f 4810/1/2 4788/1/2 4811/1/2
f 4791/1/2 4792/1/2 4812/1/2
f 4790/1/2 4791/1/2 4812/1/2
f 4789/1/2 4790/1/2 4812/1/2
f 4812/1/2 4792/1/2 4813/1/2
f 4793/1/2 4794/1/2 4815/1/2
f 4780/1/2 4793/1/2 4815/1/2
f 4815/1/2 4794/1/2 4816/1/2
f 4816/1/2 4794/1/2 4817/1/2
f 4796/1/2 4797/1/2 4820/1/2
f 4795/1/2 4796/1/2 4820/1/2
f 4820/1/2 4797/1/2 4821/1/2
f 4821/1/2 4797/1/2 4822/1/2
f 4800/1/2 4801/1/2 4823/1/2
f 4799/1/2 4800/1/2 4823/1/2
f 4801/1/2 4802/1/2 4823/1/2
f 4803/1/2 4804/1/2 4824/1/2
f 4804/1/2 4805/1/2 4824/1/2
f 4824/1/2 4805/1/2 4825/1/2
f 4809/1/2 4810/1/2 4826/1/2
f 4808/1/2 4809/1/2 4826/1/2
f 4826/1/2 4810/1/2 4827/1/2
f 4813/1/2 4814/1/2 4828/1/2
f 4812/1/2 4813/1/2 4828/1/2
f 4811/1/2 4812/1/2 4828/1/2
f 4817/1/2 4818/1/2 4829/1/2
f 4816/1/2 4817/1/2 4829/1/2
f 4829/1/2 4818/1/2 4830/1/2
f 4830/1/2 4818/1/2 4831/1/2
f 4820/1/2 4821/1/2 4833/1/2
f 4819/1/2 4820/1/2 4833/1/2
f 4833/1/2 4821/1/2 4834/1/2
f 4799/1/2 4823/1/2 4836/1/2
f 4823/1/2 4824/1/2 4836/1/2
f 4836/1/2 4824/1/2 4837/1/2
f 4825/1/2 4805/1/2 4838/1/2
f 4838/1/2 4805/1/2 4839/1/2
f 4839/1/2 4805/1/2 4840/1/2
f 4806/1/2 4540/1/2 4841/1/2
f 4540/1/2 4528/1/2 4842/1/2
f 4841/1/2 4540/1/2 4842/1/2
f 4529/1/2 4541/1/2 4843/1/2
f 4541/1/2 4807/1/2 4843/1/2
f 4843/1/2 4807/1/2 4844/1/2
f 4808/1/2 4826/1/2 4845/1/2
f 4845/1/2 4826/1/2 4846/1/2
f 4846/1/2 4826/1/2 4847/1/2
f 4827/1/2 4828/1/2 4848/1/2
f 4828/1/2 4814/1/2 4849/1/2
f 4848/1/2 4828/1/2 4849/1/2
f 4831/1/2 4832/1/2 4851/1/2
f 4830/1/2 4831/1/2 4851/1/2
f 4851/1/2 4832/1/2 4852/1/2
f 4819/1/2 4833/1/2 4854/1/2
f 4836/1/2 4837/1/2 4856/1/2
f 4835/1/2 4836/1/2 4856/1/2
f 4837/1/2 4838/1/2 4856/1/2
f 4856/1/2 4838/1/2 4857/1/2
f 4840/1/2 4841/1/2 4858/1/2
f 4839/1/2 4840/1/2 4858/1/2
f 4858/1/2 4841/1/2 4859/1/2
f 4845/1/2 4846/1/2 4860/1/2
f 4844/1/2 4845/1/2 4860/1/2
f 4860/1/2 4846/1/2 4861/1/2
f 4849/1/2 4850/1/2 4862/1/2
f 4847/1/2 4848/1/2 4862/1/2
f 4848/1/2 4849/1/2 4862/1/2
f 4862/1/2 4850/1/2 4863/1/2
f 4852/1/2 4832/1/2 4865/1/2
f 4853/1/2 4854/1/2 4867/1/2
f 4854/1/2 4833/1/2 4867/1/2
f 4867/1/2 4833/1/2 4868/1/2
f 4856/1/2 4857/1/2 4870/1/2
f 4857/1/2 4858/1/2 4870/1/2
f 4855/1/2 4856/1/2 4870/1/2
f 4870/1/2 4858/1/2 4871/1/2
f 4859/1/2 4841/1/2 4872/1/2
f 4872/1/2 4841/1/2 4873/1/2
f 4873/1/2 4841/1/2 4874/1/2
f 4842/1/2 4528/1/2 4875/1/2
f 4875/1/2 4528/1/2 4876/1/2
f 4529/1/2 4843/1/2 4877/1/2
f 4877/1/2 4843/1/2 4878/1/2
f 4844/1/2 4860/1/2 4879/1/2
f 4879/1/2 4860/1/2 4880/1/2
f 4880/1/2 4860/1/2 4881/1/2
f 4863/1/2 4864/1/2 4882/1/2
f 4862/1/2 4863/1/2 4882/1/2
f 4861/1/2 4862/1/2 4882/1/2
f 4882/1/2 4864/1/2 4883/1/2
f 4865/1/2 4866/1/2 4885/1/2
f 4852/1/2 4865/1/2 4885/1/2
f 4885/1/2 4866/1/2 4886/1/2
f 4853/1/2 4867/1/2 4888/1/2
f 4888/1/2 4867/1/2 4889/1/2
f 4889/1/2 4867/1/2 4890/1/2
f 4870/1/2 4871/1/2 4891/1/2
f 4869/1/2 4870/1/2 4891/1/2
f 4871/1/2 4872/1/2 4891/1/2
f 4873/1/2 4874/1/2 4892/1/2
f 4874/1/2 4875/1/2 4892/1/2
f 4892/1/2 4875/1/2 4893/1/2
f 4879/1/2 4880/1/2 4894/1/2
f 4878/1/2 4879/1/2 4894/1/2
f 4894/1/2 4880/1/2 4895/1/2
f 4883/1/2 4884/1/2 4896/1/2
f 4881/1/2 4882/1/2 4896/1/2
f 4882/1/2 4883/1/2 4896/1/2
f 4886/1/2 4866/1/2 4897/1/2
f 4897/1/2 4866/1/2 4898/1/2
f 4898/1/2 4866/1/2 4899/1/2
f 4888/1/2 4889/1/2 4902/1/2
f 4887/1/2 4888/1/2 4902/1/2
f 4869/1/2 4891/1/2 4904/1/2
f 4891/1/2 4892/1/2 4904/1/2
f 4904/1/2 4892/1/2 4905/1/2
f 4893/1/2 4875/1/2 4906/1/2
f 4906/1/2 4875/1/2 4907/1/2
f 4907/1/2 4875/1/2 4908/1/2
f 4876/1/2 4528/1/2 4909/1/2
f 4909/1/2 4528/1/2 4910/1/2
f 4529/1/2 4877/1/2 4911/1/2
f 4911/1/2 4877/1/2 4912/1/2
f 4878/1/2 4894/1/2 4913/1/2
f 4913/1/2 4894/1/2 4914/1/2
f 4914/1/2 4894/1/2 4915/1/2
f 4895/1/2 4896/1/2 4916/1/2
f 4896/1/2 4884/1/2 4917/1/2
f 4916/1/2 4896/1/2 4917/1/2
f 4899/1/2 4900/1/2 4919/1/2
f 4898/1/2 4899/1/2 4919/1/2
f 4901/1/2 4902/1/2 4921/1/2
f 4902/1/2 4889/1/2 4921/1/2
f 4921/1/2 4889/1/2 4922/1/2
f 4904/1/2 4905/1/2 4923/1/2
f 4903/1/2 4904/1/2 4923/1/2
f 4905/1/2 4906/1/2 4923/1/2
f 4907/1/2 4908/1/2 4924/1/2
f 4908/1/2 4909/1/2 4924/1/2
f 4924/1/2 4909/1/2 4925/1/2
f 4913/1/2 4914/1/2 4926/1/2
f 4912/1/2 4913/1/2 4926/1/2
f 4926/1/2 4914/1/2 4927/1/2
f 4917/1/2 4918/1/2 4928/1/2
f 4916/1/2 4917/1/2 4928/1/2
f 4915/1/2 4916/1/2 4928/1/2
f 4919/1/2 4920/1/2 4929/1/2
f 4898/1/2 4919/1/2 4929/1/2
f 4929/1/2 4920/1/2 4930/1/2
f 4901/1/2 4921/1/2 4932/1/2
f 4903/1/2 4923/1/2 4934/1/2
f 4923/1/2 4924/1/2 4934/1/2
f 4934/1/2 4924/1/2 4935/1/2
f 4925/1/2 4909/1/2 4936/1/2
f 4936/1/2 4909/1/2 4937/1/2
f 4937/1/2 4909/1/2 4938/1/2
f 4910/1/2 4528/1/2 4939/1/2
f 4939/1/2 4528/1/2 4940/1/2
f 4529/1/2 4911/1/2 4941/1/2
f 4941/1/2 4911/1/2 4942/1/2
f 4912/1/2 4926/1/2 4943/1/2
f 4943/1/2 4926/1/2 4944/1/2
f 4944/1/2 4926/1/2 4945/1/2
f 4927/1/2 4928/1/2 4946/1/2
f 4928/1/2 4918/1/2 4947/1/2
f 4946/1/2 4928/1/2 4947/1/2
f 4930/1/2 4920/1/2 4949/1/2
f 4931/1/2 4932/1/2 4951/1/2
f 4932/1/2 4921/1/2 4951/1/2
f 4951/1/2 4921/1/2 4952/1/2
f 4934/1/2 4935/1/2 4954/1/2
f 4933/1/2 4934/1/2 4954/1/2
f 4935/1/2 4936/1/2 4954/1/2
f 4954/1/2 4936/1/2 4955/1/2
f 4937/1/2 4938/1/2 4956/1/2
f 4938/1/2 4939/1/2 4956/1/2
f 4956/1/2 4939/1/2 4957/1/2
f 4528/1/2 4516/1/2 4958/1/2
f 4940/1/2 4528/1/2 4958/1/2
f 4958/1/2 4516/1/2 4959/1/2
f 4517/1/2 4529/1/2 4960/1/2
f 4529/1/2 4941/1/2 4960/1/2
f 4960/1/2 4941/1/2 4961/1/2
f 4943/1/2 4944/1/2 4962/1/2
f 4942/1/2 4943/1/2 4962/1/2
f 4962/1/2 4944/1/2 4963/1/2
f 4947/1/2 4948/1/2 4964/1/2
f 4945/1/2 4946/1/2 4964/1/2
f 4946/1/2 4947/1/2 4964/1/2
f 4964/1/2 4948/1/2 4965/1/2
f 4949/1/2 4950/1/2 4967/1/2
f 4930/1/2 4949/1/2 4967/1/2
f 4967/1/2 4950/1/2 4968/1/2
f 4931/1/2 4951/1/2 4970/1/2
f 4954/1/2 4955/1/2 4971/1/2
f 4953/1/2 4954/1/2 4971/1/2
f 4955/1/2 4956/1/2 4971/1/2
f 4957/1/2 4939/1/2 4972/1/2
f 4972/1/2 4939/1/2 4973/1/2
f 4973/1/2 4939/1/2 4974/1/2
f 4940/1/2 4958/1/2 4975/1/2
f 4975/1/2 4958/1/2 4976/1/2
f 4961/1/2 4941/1/2 4977/1/2
f 4977/1/2 4941/1/2 4978/1/2
f 4942/1/2 4962/1/2 4979/1/2
f 4979/1/2 4962/1/2 4980/1/2
f 4980/1/2 4962/1/2 4981/1/2
f 4965/1/2 4966/1/2 4982/1/2
f 4963/1/2 4964/1/2 4982/1/2
f 4964/1/2 4965/1/2 4982/1/2
f 4968/1/2 4950/1/2 4983/1/2
f 4969/1/2 4970/1/2 4985/1/2
f 4970/1/2 4951/1/2 4985/1/2
f 4985/1/2 4951/1/2 4986/1/2
f 4953/1/2 4971/1/2 4988/1/2
f 4971/1/2 4972/1/2 4988/1/2
f 4988/1/2 4972/1/2 4989/1/2
f 4973/1/2 4974/1/2 4990/1/2
f 4974/1/2 4975/1/2 4990/1/2
f 4990/1/2 4975/1/2 4991/1/2
f 4991/1/2 4975/1/2 4992/1/2
f 4992/1/2 4975/1/2 4993/1/2
f 4979/1/2 4980/1/2 4996/1/2
f 4978/1/2 4979/1/2 4996/1/2
f 4996/1/2 4980/1/2 4997/1/2
f 4997/1/2 4980/1/2 4998/1/2
f 4998/1/2 4980/1/2 4999/1/2
f 4981/1/2 4982/1/2 5000/1/2
f 4982/1/2 4966/1/2 5001/1/2
f 5000/1/2 4982/1/2 5001/1/2
f 4983/1/2 4984/1/2 5003/1/2
f 4968/1/2 4983/1/2 5003/1/2
f 5003/1/2 4984/1/2 5004/1/2
f 4988/1/2 4989/1/2 5005/1/2
f 4987/1/2 4988/1/2 5005/1/2
f 4989/1/2 4990/1/2 5005/1/2
f 4991/1/2 4992/1/2 5006/1/2
f 5006/1/2 4992/1/2 5007/1/2
f 5007/1/2 4992/1/2 5008/1/2
f 5008/1/2 4992/1/2 5009/1/2
f 4994/1/2 4995/1/2 5011/1/2
f 5011/1/2 4995/1/2 5012/1/2
f 4997/1/2 4998/1/2 5014/1/2
f 5014/1/2 4998/1/2 5015/1/2
f 5015/1/2 4998/1/2 5016/1/2
f 5016/1/2 4998/1/2 5017/1/2
f 5001/1/2 5002/1/2 5018/1/2
f 5000/1/2 5001/1/2 5018/1/2
f 4999/1/2 5000/1/2 5018/1/2
f 4969/1/2 4985/1/2 5020/1/2
f 5020/1/2 4985/1/2 5021/1/2
f 5021/1/2 4985/1/2 5022/1/2
f 4987/1/2 5005/1/2 5023/1/2
f 5005/1/2 5006/1/2 5023/1/2
f 5023/1/2 5006/1/2 5024/1/2
f 5024/1/2 5006/1/2 5025/1/2
f 5007/1/2 5008/1/2 5026/1/2
f 5026/1/2 5008/1/2 5027/1/2
f 5027/1/2 5008/1/2 5028/1/2
f 5028/1/2 5008/1/2 5029/1/2
f 5012/1/2 5013/1/2 5031/1/2
f 5011/1/2 5012/1/2 5031/1/2
f 5010/1/2 5011/1/2 5031/1/2
f 5031/1/2 5013/1/2 5032/1/2
f 5015/1/2 5016/1/2 5034/1/2
f 5034/1/2 5016/1/2 5035/1/2
f 5035/1/2 5016/1/2 5036/1/2
f 5036/1/2 5016/1/2 5037/1/2
f 5017/1/2 5018/1/2 5038/1/2
f 5018/1/2 5002/1/2 5039/1/2
f 5038/1/2 5018/1/2 5039/1/2
f 5039/1/2 5002/1/2 5040/1/2
f 5004/1/2 4984/1/2 5041/1/2
f 5041/1/2 4984/1/2 5042/1/2
f 5042/1/2 4984/1/2 5043/1/2
f 5024/1/2 5025/1/2 5046/1/2
f 5025/1/2 5026/1/2 5046/1/2
f 5046/1/2 5026/1/2 5047/1/2
f 5047/1/2 5026/1/2 5048/1/2
f 5027/1/2 5028/1/2 5049/1/2
f 5049/1/2 5028/1/2 5050/1/2
f 5050/1/2 5028/1/2 5051/1/2
f 5051/1/2 5028/1/2 5052/1/2
f 5032/1/2 5033/1/2 5054/1/2
f 5031/1/2 5032/1/2 5054/1/2
f 5030/1/2 5031/1/2 5054/1/2
f 5054/1/2 5033/1/2 5055/1/2
f 5055/1/2 5033/1/2 5056/1/2
f 5056/1/2 5033/1/2 5057/1/2
f 5035/1/2 5036/1/2 5059/1/2
f 5059/1/2 5036/1/2 5060/1/2
f 5060/1/2 5036/1/2 5061/1/2
f 5061/1/2 5036/1/2 5062/1/2
f 5037/1/2 5038/1/2 5063/1/2
f 5038/1/2 5039/1/2 5063/1/2
f 5063/1/2 5039/1/2 5064/1/2
f 5064/1/2 5039/1/2 5065/1/2
f 5020/1/2 5021/1/2 5068/1/2
f 5019/1/2 5020/1/2 5068/1/2
f 5045/1/2 5046/1/2 5069/1/2
f 5047/1/2 5048/1/2 5070/1/2
f 5048/1/2 5049/1/2 5070/1/2
f 5070/1/2 5049/1/2 5071/1/2
f 5071/1/2 5049/1/2 5072/1/2
f 5050/1/2 5051/1/2 5073/1/2
f 5073/1/2 5051/1/2 5074/1/2
f 5074/1/2 5051/1/2 5075/1/2
f 5075/1/2 5051/1/2 5076/1/2
f 5053/1/2 5054/1/2 5078/1/2
f 5054/1/2 5055/1/2 5078/1/2
f 5078/1/2 5055/1/2 5079/1/2
f 5079/1/2 5055/1/2 5080/1/2
f 5056/1/2 5057/1/2 5081/1/2
f 5057/1/2 5058/1/2 5081/1/2
f 5081/1/2 5058/1/2 5082/1/2
f 5082/1/2 5058/1/2 5083/1/2
f 5060/1/2 5061/1/2 5085/1/2
f 5085/1/2 5061/1/2 5086/1/2
f 5086/1/2 5061/1/2 5087/1/2
f 5087/1/2 5061/1/2 5088/1/2
f 5063/1/2 5064/1/2 5089/1/2
f 5062/1/2 5063/1/2 5089/1/2
f 5089/1/2 5064/1/2 5090/1/2
f 5090/1/2 5064/1/2 5091/1/2
f 5065/1/2 5066/1/2 5092/1/2
f 5043/1/2 5044/1/2 5093/1/2
f 5042/1/2 5043/1/2 5093/1/2
f 5067/1/2 5068/1/2 5095/1/2
f 5068/1/2 5021/1/2 5095/1/2
f 5095/1/2 5021/1/2 5096/1/2
f 5045/1/2 5069/1/2 5098/1/2
f 5069/1/2 5070/1/2 5098/1/2
f 5098/1/2 5070/1/2 5099/1/2
f 5071/1/2 5072/1/2 5100/1/2
f 5072/1/2 5073/1/2 5100/1/2
f 5100/1/2 5073/1/2 5101/1/2
f 5101/1/2 5073/1/2 5102/1/2
f 5074/1/2 5075/1/2 5103/1/2
f 5103/1/2 5075/1/2 5104/1/2
f 5078/1/2 5079/1/2 5106/1/2
f 5077/1/2 5078/1/2 5106/1/2
f 5106/1/2 5079/1/2 5107/1/2
f 5107/1/2 5079/1/2 5108/1/2
f 5083/1/2 5084/1/2 5109/1/2
f 5082/1/2 5083/1/2 5109/1/2
f 5109/1/2 5084/1/2 5110/1/2
f 5110/1/2 5084/1/2 5111/1/2
f 5086/1/2 5087/1/2 5113/1/2
f 5113/1/2 5087/1/2 5114/1/2
f 5089/1/2 5090/1/2 5115/1/2
f 5088/1/2 5089/1/2 5115/1/2
f 5115/1/2 5090/1/2 5116/1/2
f 5116/1/2 5090/1/2 5117/1/2
f 5091/1/2 5092/1/2 5118/1/2
f 5092/1/2 5066/1/2 5119/1/2
f 5118/1/2 5092/1/2 5119/1/2
f 5093/1/2 5094/1/2 5121/1/2
f 5042/1/2 5093/1/2 5121/1/2
f 5121/1/2 5094/1/2 5122/1/2
f 5098/1/2 5099/1/2 5123/1/2
f 5097/1/2 5098/1/2 5123/1/2
f 5099/1/2 5100/1/2 5123/1/2
f 5101/1/2 5102/1/2 5124/1/2
f 5102/1/2 5103/1/2 5124/1/2
f 5124/1/2 5103/1/2 5125/1/2
f 5106/1/2 5107/1/2 5127/1/2
f 5105/1/2 5106/1/2 5127/1/2
f 5127/1/2 5107/1/2 5128/1/2
f 5128/1/2 5107/1/2 5129/1/2
f 5111/1/2 5112/1/2 5130/1/2
f 5110/1/2 5111/1/2 5130/1/2
f 5130/1/2 5112/1/2 5131/1/2
f 5131/1/2 5112/1/2 5132/1/2
f 5115/1/2 5116/1/2 5134/1/2
f 5114/1/2 5115/1/2 5134/1/2
f 5134/1/2 5116/1/2 5135/1/2
f 5117/1/2 5118/1/2 5136/1/2
f 5119/1/2 5120/1/2 5136/1/2
f 5118/1/2 5119/1/2 5136/1/2
f 5067/1/2 5095/1/2 5138/1/2
f 5123/1/2 5124/1/2 5139/1/2
f 5125/1/2 5103/1/2 5140/1/2
f 5140/1/2 5103/1/2 5141/1/2
f 5141/1/2 5103/1/2 5142/1/2
f 5142/1/2 5103/1/2 5143/1/2
f 5126/1/2 5127/1/2 5145/1/2
f 5127/1/2 5128/1/2 5145/1/2
f 5145/1/2 5128/1/2 5146/1/2
f 5146/1/2 5128/1/2 5147/1/2
f 5132/1/2 5133/1/2 5148/1/2
f 5131/1/2 5132/1/2 5148/1/2
f 5148/1/2 5133/1/2 5149/1/2
f 5149/1/2 5133/1/2 5150/1/2
f 5114/1/2 5134/1/2 5152/1/2
f 5152/1/2 5134/1/2 5153/1/2
f 5153/1/2 5134/1/2 5154/1/2
f 5154/1/2 5134/1/2 5155/1/2
f 5135/1/2 5136/1/2 5156/1/2
f 5122/1/2 5094/1/2 5157/1/2
f 5137/1/2 5138/1/2 5159/1/2
f 5138/1/2 5095/1/2 5159/1/2
f 5159/1/2 5095/1/2 5160/1/2
f 5097/1/2 5123/1/2 5162/1/2
f 5123/1/2 5139/1/2 5162/1/2
f 5139/1/2 5140/1/2 5162/1/2
f 5162/1/2 5140/1/2 5163/1/2
f 5141/1/2 5142/1/2 5164/1/2
f 5164/1/2 5142/1/2 5165/1/2
f 5165/1/2 5142/1/2 5166/1/2
f 5166/1/2 5142/1/2 5167/1/2
f 5145/1/2 5146/1/2 5169/1/2
f 5144/1/2 5145/1/2 5169/1/2
f 5169/1/2 5146/1/2 5170/1/2
f 5170/1/2 5146/1/2 5171/1/2
f 5150/1/2 5151/1/2 5172/1/2
f 5149/1/2 5150/1/2 5172/1/2
f 5172/1/2 5151/1/2 5173/1/2
f 5173/1/2 5151/1/2 5174/1/2
f 5153/1/2 5154/1/2 5176/1/2
f 5176/1/2 5154/1/2 5177/1/2
f 5177/1/2 5154/1/2 5178/1/2
f 5178/1/2 5154/1/2 5179/1/2
f 5155/1/2 5156/1/2 5180/1/2
f 5136/1/2 5120/1/2 5181/1/2
f 5156/1/2 5136/1/2 5181/1/2
f 5180/1/2 5156/1/2 5181/1/2
f 5157/1/2 5158/1/2 5183/1/2
f 5122/1/2 5157/1/2 5183/1/2
f 5183/1/2 5158/1/2 5184/1/2
f 5162/1/2 5163/1/2 5185/1/2
f 5161/1/2 5162/1/2 5185/1/2
f 5163/1/2 5164/1/2 5185/1/2
f 5165/1/2 5166/1/2 5186/1/2
f 5186/1/2 5166/1/2 5187/1/2
f 5169/1/2 5170/1/2 5189/1/2
f 5168/1/2 5169/1/2 5189/1/2
f 5189/1/2 5170/1/2 5190/1/2
f 5190/1/2 5170/1/2 5191/1/2
f 5173/1/2 5174/1/2 5192/1/2
f 5174/1/2 5175/1/2 5192/1/2
f 5192/1/2 5175/1/2 5193/1/2
f 5193/1/2 5175/1/2 5194/1/2
f 5177/1/2 5178/1/2 5196/1/2
f 5196/1/2 5178/1/2 5197/1/2
f 5181/1/2 5182/1/2 5198/1/2
f 5179/1/2 5180/1/2 5198/1/2
f 5180/1/2 5181/1/2 5198/1/2
f 5185/1/2 5186/1/2 5199/1/2
f 5187/1/2 5166/1/2 5200/1/2
f 5200/1/2 5166/1/2 5201/1/2
f 5201/1/2 5166/1/2 5202/1/2
f 5202/1/2 5166/1/2 5203/1/2
f 5189/1/2 5190/1/2 5205/1/2
f 5188/1/2 5189/1/2 5205/1/2
f 5205/1/2 5190/1/2 5206/1/2
f 5206/1/2 5190/1/2 5207/1/2
f 5193/1/2 5194/1/2 5208/1/2
f 5194/1/2 5195/1/2 5208/1/2
f 5208/1/2 5195/1/2 5209/1/2
f 5209/1/2 5195/1/2 5210/1/2
f 5177/1/2 5196/1/2 5212/1/2
f 5212/1/2 5196/1/2 5213/1/2
f 5213/1/2 5196/1/2 5214/1/2
f 5214/1/2 5196/1/2 5215/1/2
f 5197/1/2 5198/1/2 5216/1/2
f 5137/1/2 5159/1/2 5218/1/2
f 5218/1/2 5159/1/2 5219/1/2
f 5219/1/2 5159/1/2 5220/1/2
f 5199/1/2 5200/1/2 5221/1/2
f 5201/1/2 5202/1/2 5222/1/2
f 5222/1/2 5202/1/2 5223/1/2
f 5223/1/2 5202/1/2 5224/1/2
f 5224/1/2 5202/1/2 5225/1/2
f 5205/1/2 5206/1/2 5226/1/2
f 5204/1/2 5205/1/2 5226/1/2
f 5226/1/2 5206/1/2 5227/1/2
f 5210/1/2 5211/1/2 5228/1/2
f 5209/1/2 5210/1/2 5228/1/2
f 5228/1/2 5211/1/2 5229/1/2
f 5213/1/2 5214/1/2 5230/1/2
f 5230/1/2 5214/1/2 5231/1/2
f 5231/1/2 5214/1/2 5232/1/2
f 5232/1/2 5214/1/2 5233/1/2
f 5215/1/2 5216/1/2 5234/1/2
f 5184/1/2 5158/1/2 5235/1/2
f 5235/1/2 5158/1/2 5236/1/2
f 5236/1/2 5158/1/2 5237/1/2
f 5185/1/2 5199/1/2 5240/1/2
f 5161/1/2 5185/1/2 5240/1/2
f 5199/1/2 5221/1/2 5240/1/2
f 5221/1/2 5222/1/2 5240/1/2
f 5240/1/2 5222/1/2 5241/1/2
f 5223/1/2 5224/1/2 5242/1/2
f 5242/1/2 5224/1/2 5243/1/2
f 5204/1/2 5226/1/2 5245/1/2
f 5245/1/2 5226/1/2 5246/1/2
f 5246/1/2 5226/1/2 5247/1/2
f 5229/1/2 5211/1/2 5248/1/2
f 5248/1/2 5211/1/2 5249/1/2
f 5249/1/2 5211/1/2 5250/1/2
f 5231/1/2 5232/1/2 5252/1/2
f 5252/1/2 5232/1/2 5253/1/2
f 5233/1/2 5234/1/2 5254/1/2
f 5216/1/2 5198/1/2 5255/1/2
f 5198/1/2 5182/1/2 5255/1/2
f 5254/1/2 5234/1/2 5255/1/2
f 5234/1/2 5216/1/2 5255/1/2
f 5240/1/2 5241/1/2 5257/1/2
f 5239/1/2 5240/1/2 5257/1/2
f 5241/1/2 5242/1/2 5257/1/2
f 5243/1/2 5224/1/2 5258/1/2
f 5258/1/2 5224/1/2 5259/1/2
f 5259/1/2 5224/1/2 5260/1/2
f 5260/1/2 5224/1/2 5261/1/2
f 5231/1/2 5252/1/2 5262/1/2
f 5262/1/2 5252/1/2 5263/1/2
f 5263/1/2 5252/1/2 5264/1/2
f 5264/1/2 5252/1/2 5265/1/2
f 5255/1/2 5256/1/2 5266/1/2
f 5253/1/2 5254/1/2 5266/1/2
f 5254/1/2 5255/1/2 5266/1/2
f 5257/1/2 5258/1/2 5267/1/2
f 5259/1/2 5260/1/2 5268/1/2
f 5268/1/2 5260/1/2 5269/1/2
f 5245/1/2 5246/1/2 5271/1/2
f 5244/1/2 5245/1/2 5271/1/2
f 5271/1/2 5246/1/2 5272/1/2
f 5272/1/2 5246/1/2 5273/1/2
f 5250/1/2 5251/1/2 5274/1/2
f 5249/1/2 5250/1/2 5274/1/2
f 5274/1/2 5251/1/2 5275/1/2
f 5275/1/2 5251/1/2 5276/1/2
f 5263/1/2 5264/1/2 5278/1/2
f 5278/1/2 5264/1/2 5279/1/2
f 5265/1/2 5266/1/2 5280/1/2
f 5267/1/2 5268/1/2 5281/1/2
f 5269/1/2 5260/1/2 5282/1/2
f 5282/1/2 5260/1/2 5283/1/2
f 5263/1/2 5278/1/2 5284/1/2
f 5284/1/2 5278/1/2 5285/1/2
f 5279/1/2 5280/1/2 5286/1/2
f 5271/1/2 5272/1/2 5288/1/2
f 5270/1/2 5271/1/2 5288/1/2
f 5288/1/2 5272/1/2 5289/1/2
f 5289/1/2 5272/1/2 5290/1/2
f 5276/1/2 5277/1/2 5291/1/2
f 5275/1/2 5276/1/2 5291/1/2
f 5291/1/2 5277/1/2 5292/1/2
f 5292/1/2 5277/1/2 5293/1/2
f 5217/1/2 5218/1/2 5296/1/2
f 5218/1/2 5219/1/2 5296/1/2
f 5296/1/2 5219/1/2 5297/1/2
f 5297/1/2 5219/1/2 5298/1/2
f 5239/1/2 5257/1/2 5300/1/2
f 5267/1/2 5281/1/2 5300/1/2
f 5257/1/2 5267/1/2 5300/1/2
f 5281/1/2 5282/1/2 5300/1/2
f 5285/1/2 5286/1/2 5301/1/2
f 5280/1/2 5266/1/2 5301/1/2
f 5266/1/2 5256/1/2 5301/1/2
f 5286/1/2 5280/1/2 5301/1/2
f 5237/1/2 5238/1/2 5303/1/2
f 5236/1/2 5237/1/2 5303/1/2
f 5303/1/2 5238/1/2 5304/1/2
f 5304/1/2 5238/1/2 5305/1/2
f 5299/1/2 5300/1/2 5307/1/2
f 5300/1/2 5282/1/2 5307/1/2
f 5307/1/2 5282/1/2 5308/1/2
f 5301/1/2 5302/1/2 5309/1/2
f 5285/1/2 5301/1/2 5309/1/2
f 5309/1/2 5302/1/2 5310/1/2
f 5287/1/2 5288/1/2 5312/1/2
f 5288/1/2 5289/1/2 5312/1/2
f 5312/1/2 5289/1/2 5313/1/2
f 5313/1/2 5289/1/2 5314/1/2
f 5293/1/2 5294/1/2 5315/1/2
f 5292/1/2 5293/1/2 5315/1/2
f 5315/1/2 5294/1/2 5316/1/2
f 5316/1/2 5294/1/2 5317/1/2
f 5299/1/2 5307/1/2 5319/1/2
f 5319/1/2 5307/1/2 5320/1/2
f 5310/1/2 5302/1/2 5321/1/2
f 5321/1/2 5302/1/2 5322/1/2
f 5312/1/2 5313/1/2 5327/1/2
f 5311/1/2 5312/1/2 5327/1/2
f 5327/1/2 5313/1/2 5328/1/2
f 5328/1/2 5313/1/2 5329/1/2
f 5317/1/2 5318/1/2 5332/1/2
f 5316/1/2 5317/1/2 5332/1/2
f 5332/1/2 5318/1/2 5333/1/2
f 5333/1/2 5318/1/2 5334/1/2
f 5323/1/2 5324/1/2 5335/1/2
f 5325/1/2 5326/1/2 5338/1/2
f 5296/1/2 5297/1/2 5339/1/2
f 5295/1/2 5296/1/2 5339/1/2
f 5339/1/2 5297/1/2 5340/1/2
f 5340/1/2 5297/1/2 5341/1/2
f 5323/1/2 5335/1/2 5343/1/2
f 5335/1/2 5336/1/2 5343/1/2
f 5343/1/2 5336/1/2 5344/1/2
f 5337/1/2 5338/1/2 5345/1/2
f 5338/1/2 5326/1/2 5345/1/2
f 5345/1/2 5326/1/2 5346/1/2
f 5305/1/2 5306/1/2 5348/1/2
f 5304/1/2 5305/1/2 5348/1/2
f 5348/1/2 5306/1/2 5349/1/2
f 5349/1/2 5306/1/2 5350/1/2
f 5329/1/2 5330/1/2 5351/1/2
f 5328/1/2 5329/1/2 5351/1/2
f 5351/1/2 5330/1/2 5352/1/2
f 5352/1/2 5330/1/2 5353/1/2
f 5332/1/2 5333/1/2 5356/1/2
f 5331/1/2 5332/1/2 5356/1/2
f 5356/1/2 5333/1/2 5357/1/2
f 5357/1/2 5333/1/2 5358/1/2
f 5344/1/2 5336/1/2 5359/1/2
f 5359/1/2 5336/1/2 5360/1/2
f 5337/1/2 5345/1/2 5363/1/2
f 5363/1/2 5345/1/2 5364/1/2
f 5344/1/2 5359/1/2 5365/1/2
f 5365/1/2 5359/1/2 5366/1/2
f 5360/1/2 5361/1/2 5367/1/2
f 5353/1/2 5354/1/2 5368/1/2
f 5352/1/2 5353/1/2 5368/1/2
f 5368/1/2 5354/1/2 5369/1/2
f 5369/1/2 5354/1/2 5370/1/2
f 5356/1/2 5357/1/2 5373/1/2
f 5355/1/2 5356/1/2 5373/1/2
f 5373/1/2 5357/1/2 5374/1/2
f 5374/1/2 5357/1/2 5375/1/2
f 5362/1/2 5363/1/2 5376/1/2
f 5364/1/2 5345/1/2 5377/1/2
f 5377/1/2 5345/1/2 5378/1/2
f 5344/1/2 5365/1/2 5379/1/2
f 5379/1/2 5365/1/2 5380/1/2
f 5366/1/2 5367/1/2 5381/1/2
f 5367/1/2 5361/1/2 5382/1/2
f 5381/1/2 5367/1/2 5382/1/2
f 5362/1/2 5376/1/2 5385/1/2
f 5376/1/2 5377/1/2 5385/1/2
f 5385/1/2 5377/1/2 5386/1/2
f 5378/1/2 5345/1/2 5387/1/2
f 5387/1/2 5345/1/2 5388/1/2
f 5344/1/2 5379/1/2 5389/1/2
f 5389/1/2 5379/1/2 5390/1/2
f 5390/1/2 5379/1/2 5391/1/2
f 5391/1/2 5379/1/2 5392/1/2
f 5382/1/2 5383/1/2 5393/1/2
f 5380/1/2 5381/1/2 5393/1/2
f 5381/1/2 5382/1/2 5393/1/2
f 5370/1/2 5371/1/2 5394/1/2
f 5369/1/2 5370/1/2 5394/1/2
f 5394/1/2 5371/1/2 5395/1/2
f 5395/1/2 5371/1/2 5396/1/2
f 5373/1/2 5374/1/2 5399/1/2
f 5372/1/2 5373/1/2 5399/1/2
f 5399/1/2 5374/1/2 5400/1/2
f 5400/1/2 5374/1/2 5401/1/2
f 5385/1/2 5386/1/2 5402/1/2
f 5386/1/2 5387/1/2 5402/1/2
f 5384/1/2 5385/1/2 5402/1/2
f 5388/1/2 5345/1/2 5403/1/2
f 5403/1/2 5345/1/2 5404/1/2
f 5404/1/2 5345/1/2 5405/1/2
f 5405/1/2 5345/1/2 5406/1/2
f 5341/1/2 5342/1/2 5407/1/2
f 5340/1/2 5341/1/2 5407/1/2
f 5407/1/2 5342/1/2 5408/1/2
f 5408/1/2 5342/1/2 5409/1/2
f 5390/1/2 5391/1/2 5411/1/2
f 5411/1/2 5391/1/2 5412/1/2
f 5392/1/2 5393/1/2 5413/1/2
f 5393/1/2 5383/1/2 5414/1/2
f 5413/1/2 5393/1/2 5414/1/2
f 5396/1/2 5397/1/2 5416/1/2
f 5395/1/2 5396/1/2 5416/1/2
f 5399/1/2 5400/1/2 5419/1/2
f 5398/1/2 5399/1/2 5419/1/2
f 5402/1/2 5403/1/2 5421/1/2
f 5384/1/2 5402/1/2 5421/1/2
f 5421/1/2 5403/1/2 5422/1/2
f 5404/1/2 5405/1/2 5423/1/2
f 5423/1/2 5405/1/2 5424/1/2
f 5348/1/2 5349/1/2 5426/1/2
f 5347/1/2 5348/1/2 5426/1/2
f 5426/1/2 5349/1/2 5427/1/2
f 5427/1/2 5349/1/2 5428/1/2
f 5390/1/2 5411/1/2 5429/1/2
f 5429/1/2 5411/1/2 5430/1/2
f 5412/1/2 5413/1/2 5431/1/2
f 5414/1/2 5415/1/2 5431/1/2
f 5413/1/2 5414/1/2 5431/1/2
f 5431/1/2 5415/1/2 5432/1/2
f 5416/1/2 5417/1/2 5434/1/2
f 5395/1/2 5416/1/2 5434/1/2
f 5434/1/2 5417/1/2 5435/1/2
f 5435/1/2 5417/1/2 5436/1/2
f 5418/1/2 5419/1/2 5439/1/2
f 5419/1/2 5400/1/2 5440/1/2
f 5439/1/2 5419/1/2 5440/1/2
f 5440/1/2 5400/1/2 5441/1/2
f 5422/1/2 5423/1/2 5443/1/2
f 5421/1/2 5422/1/2 5443/1/2
f 5420/1/2 5421/1/2 5443/1/2
f 5443/1/2 5423/1/2 5444/1/2
f 5424/1/2 5405/1/2 5445/1/2
f 5445/1/2 5405/1/2 5446/1/2
f 5390/1/2 5429/1/2 5447/1/2
f 5447/1/2 5429/1/2 5448/1/2
f 5432/1/2 5433/1/2 5449/1/2
f 5431/1/2 5432/1/2 5449/1/2
f 5430/1/2 5431/1/2 5449/1/2
f 5436/1/2 5437/1/2 5450/1/2
f 5435/1/2 5436/1/2 5450/1/2
f 5450/1/2 5437/1/2 5451/1/2
f 5451/1/2 5437/1/2 5452/1/2
f 5439/1/2 5440/1/2 5455/1/2
f 5438/1/2 5439/1/2 5455/1/2
f 5455/1/2 5440/1/2 5456/1/2
f 5456/1/2 5440/1/2 5457/1/2
f 5443/1/2 5444/1/2 5458/1/2
f 5444/1/2 5445/1/2 5458/1/2
f 5442/1/2 5443/1/2 5458/1/2
f 5446/1/2 5405/1/2 5459/1/2
f 5459/1/2 5405/1/2 5460/1/2
f 5409/1/2 5410/1/2 5461/1/2
f 5408/1/2 5409/1/2 5461/1/2
f 5390/1/2 5447/1/2 5463/1/2
f 5463/1/2 5447/1/2 5464/1/2
f 5464/1/2 5447/1/2 5465/1/2
f 5465/1/2 5447/1/2 5466/1/2
f 5448/1/2 5449/1/2 5467/1/2
f 5449/1/2 5433/1/2 5468/1/2
f 5467/1/2 5449/1/2 5468/1/2
f 5452/1/2 5453/1/2 5470/1/2
f 5451/1/2 5452/1/2 5470/1/2
f 5470/1/2 5453/1/2 5471/1/2
f 5471/1/2 5453/1/2 5472/1/2
f 5455/1/2 5456/1/2 5475/1/2
f 5454/1/2 5455/1/2 5475/1/2
f 5475/1/2 5456/1/2 5476/1/2
f 5476/1/2 5456/1/2 5477/1/2
f 5442/1/2 5458/1/2 5479/1/2
f 5458/1/2 5459/1/2 5479/1/2
f 5479/1/2 5459/1/2 5480/1/2
f 5460/1/2 5405/1/2 5481/1/2
f 5481/1/2 5405/1/2 5482/1/2
f 5482/1/2 5405/1/2 5483/1/2
f 5483/1/2 5405/1/2 5484/1/2
f 5426/1/2 5427/1/2 5486/1/2
f 5425/1/2 5426/1/2 5486/1/2
f 5461/1/2 5462/1/2 5487/1/2
f 5408/1/2 5461/1/2 5487/1/2
f 5487/1/2 5462/1/2 5488/1/2
f 5464/1/2 5465/1/2 5489/1/2
f 5489/1/2 5465/1/2 5490/1/2
f 5468/1/2 5469/1/2 5491/1/2
f 5467/1/2 5468/1/2 5491/1/2
f 5466/1/2 5467/1/2 5491/1/2
f 5491/1/2 5469/1/2 5492/1/2
f 5472/1/2 5473/1/2 5494/1/2
f 5471/1/2 5472/1/2 5494/1/2
f 5494/1/2 5473/1/2 5495/1/2
f 5495/1/2 5473/1/2 5496/1/2
f 5475/1/2 5476/1/2 5499/1/2
f 5474/1/2 5475/1/2 5499/1/2
f 5499/1/2 5476/1/2 5500/1/2
f 5500/1/2 5476/1/2 5501/1/2
f 5479/1/2 5480/1/2 5503/1/2
f 5480/1/2 5481/1/2 5503/1/2
f 5478/1/2 5479/1/2 5503/1/2
f 5503/1/2 5481/1/2 5504/1/2
f 5482/1/2 5483/1/2 5505/1/2
f 5505/1/2 5483/1/2 5506/1/2
f 5485/1/2 5486/1/2 5507/1/2
f 5486/1/2 5427/1/2 5507/1/2
f 5507/1/2 5427/1/2 5508/1/2
f 5464/1/2 5489/1/2 5509/1/2
f 5509/1/2 5489/1/2 5510/1/2
f 5492/1/2 5493/1/2 5511/1/2
f 5491/1/2 5492/1/2 5511/1/2
f 5490/1/2 5491/1/2 5511/1/2
f 5496/1/2 5497/1/2 5512/1/2
f 5495/1/2 5496/1/2 5512/1/2
f 5512/1/2 5497/1/2 5513/1/2
f 5513/1/2 5497/1/2 5514/1/2
f 5499/1/2 5500/1/2 5517/1/2
f 5498/1/2 5499/1/2 5517/1/2
f 5517/1/2 5500/1/2 5518/1/2
f 5518/1/2 5500/1/2 5519/1/2
f 5504/1/2 5505/1/2 5520/1/2
f 5503/1/2 5504/1/2 5520/1/2
f 5502/1/2 5503/1/2 5520/1/2
f 5506/1/2 5483/1/2 5521/1/2
f 5521/1/2 5483/1/2 5522/1/2
f 5488/1/2 5462/1/2 5523/1/2
f 5464/1/2 5509/1/2 5525/1/2
f 5525/1/2 5509/1/2 5526/1/2
f 5526/1/2 5509/1/2 5527/1/2
f 5527/1/2 5509/1/2 5528/1/2
f 5510/1/2 5511/1/2 5529/1/2
f 5511/1/2 5493/1/2 5530/1/2
f 5529/1/2 5511/1/2 5530/1/2
f 5530/1/2 5493/1/2 5531/1/2
f 5514/1/2 5515/1/2 5533/1/2
f 5513/1/2 5514/1/2 5533/1/2
f 5533/1/2 5515/1/2 5534/1/2
f 5534/1/2 5515/1/2 5535/1/2
f 5517/1/2 5518/1/2 5538/1/2
f 5516/1/2 5517/1/2 5538/1/2
f 5538/1/2 5518/1/2 5539/1/2
f 5539/1/2 5518/1/2 5540/1/2
f 5502/1/2 5520/1/2 5542/1/2
f 5520/1/2 5521/1/2 5542/1/2
f 5542/1/2 5521/1/2 5543/1/2
f 5543/1/2 5521/1/2 5544/1/2
f 5522/1/2 5483/1/2 5545/1/2
f 5545/1/2 5483/1/2 5546/1/2
f 5546/1/2 5483/1/2 5547/1/2
f 5547/1/2 5483/1/2 5548/1/2
f 5485/1/2 5507/1/2 5550/1/2
f 5523/1/2 5524/1/2 5551/1/2
f 5488/1/2 5523/1/2 5551/1/2
f 5551/1/2 5524/1/2 5552/1/2
f 5526/1/2 5527/1/2 5553/1/2
f 5553/1/2 5527/1/2 5554/1/2
f 5528/1/2 5529/1/2 5555/1/2
f 5529/1/2 5530/1/2 5555/1/2
f 5555/1/2 5530/1/2 5556/1/2
f 5556/1/2 5530/1/2 5557/1/2
f 5531/1/2 5532/1/2 5558/1/2
f 5558/1/2 5532/1/2 5559/1/2
f 5535/1/2 5536/1/2 5561/1/2
f 5534/1/2 5535/1/2 5561/1/2
f 5561/1/2 5536/1/2 5562/1/2
f 5562/1/2 5536/1/2 5563/1/2
f 5538/1/2 5539/1/2 5566/1/2
f 5537/1/2 5538/1/2 5566/1/2
f 5566/1/2 5539/1/2 5567/1/2
f 5567/1/2 5539/1/2 5568/1/2
f 5541/1/2 5542/1/2 5570/1/2
f 5570/1/2 5542/1/2 5571/1/2
f 5543/1/2 5544/1/2 5572/1/2
f 5544/1/2 5545/1/2 5572/1/2
f 5572/1/2 5545/1/2 5573/1/2
f 5573/1/2 5545/1/2 5574/1/2
f 5546/1/2 5547/1/2 5575/1/2
f 5575/1/2 5547/1/2 5576/1/2
f 5549/1/2 5550/1/2 5577/1/2
f 5550/1/2 5507/1/2 5577/1/2
f 5577/1/2 5507/1/2 5578/1/2
f 5526/1/2 5553/1/2 5579/1/2
f 5579/1/2 5553/1/2 5580/1/2
f 5554/1/2 5555/1/2 5581/1/2
f 5555/1/2 5556/1/2 5581/1/2
f 5581/1/2 5556/1/2 5582/1/2
f 5582/1/2 5556/1/2 5583/1/2
f 5559/1/2 5560/1/2 5584/1/2
f 5558/1/2 5559/1/2 5584/1/2
f 5557/1/2 5558/1/2 5584/1/2
f 5584/1/2 5560/1/2 5585/1/2
f 5563/1/2 5564/1/2 5587/1/2
f 5562/1/2 5563/1/2 5587/1/2
f 5587/1/2 5564/1/2 5588/1/2
f 5588/1/2 5564/1/2 5589/1/2
f 5565/1/2 5566/1/2 5590/1/2
f 5566/1/2 5567/1/2 5590/1/2
f 5590/1/2 5567/1/2 5591/1/2
f 5591/1/2 5567/1/2 5592/1/2
f 5570/1/2 5571/1/2 5594/1/2
f 5569/1/2 5570/1/2 5594/1/2
f 5571/1/2 5572/1/2 5594/1/2
f 5594/1/2 5572/1/2 5595/1/2
f 5573/1/2 5574/1/2 5596/1/2
f 5574/1/2 5575/1/2 5596/1/2
f 5596/1/2 5575/1/2 5597/1/2
f 5597/1/2 5575/1/2 5598/1/2
f 5576/1/2 5547/1/2 5599/1/2
f 5599/1/2 5547/1/2 5600/1/2
f 5552/1/2 5524/1/2 5601/1/2
f 5601/1/2 5524/1/2 5602/1/2
f 5602/1/2 5524/1/2 5603/1/2
f 5581/1/2 5582/1/2 5606/1/2
f 5580/1/2 5581/1/2 5606/1/2
f 5606/1/2 5582/1/2 5607/1/2
f 5607/1/2 5582/1/2 5608/1/2
f 5585/1/2 5586/1/2 5609/1/2
f 5584/1/2 5585/1/2 5609/1/2
f 5583/1/2 5584/1/2 5609/1/2
f 5609/1/2 5586/1/2 5610/1/2
f 5590/1/2 5591/1/2 5612/1/2
f 5589/1/2 5590/1/2 5612/1/2
f 5588/1/2 5589/1/2 5612/1/2
f 5612/1/2 5591/1/2 5613/1/2
f 5613/1/2 5591/1/2 5614/1/2
f 5614/1/2 5591/1/2 5615/1/2
f 5594/1/2 5595/1/2 5617/1/2
f 5593/1/2 5594/1/2 5617/1/2
f 5595/1/2 5596/1/2 5617/1/2
f 5617/1/2 5596/1/2 5618/1/2
f 5597/1/2 5598/1/2 5619/1/2
f 5598/1/2 5599/1/2 5619/1/2
f 5619/1/2 5599/1/2 5620/1/2
f 5620/1/2 5599/1/2 5621/1/2
f 5549/1/2 5577/1/2 5624/1/2
f 5624/1/2 5577/1/2 5625/1/2
f 5625/1/2 5577/1/2 5626/1/2
f 5606/1/2 5607/1/2 5627/1/2
f 5605/1/2 5606/1/2 5627/1/2
f 5627/1/2 5607/1/2 5628/1/2
f 5610/1/2 5611/1/2 5629/1/2
f 5609/1/2 5610/1/2 5629/1/2
f 5608/1/2 5609/1/2 5629/1/2
f 5629/1/2 5611/1/2 5630/1/2
f 5613/1/2 5614/1/2 5632/1/2
f 5632/1/2 5614/1/2 5633/1/2
f 5633/1/2 5614/1/2 5634/1/2
f 5634/1/2 5614/1/2 5635/1/2
f 5617/1/2 5618/1/2 5637/1/2
f 5616/1/2 5617/1/2 5637/1/2
f 5618/1/2 5619/1/2 5637/1/2
f 5637/1/2 5619/1/2 5638/1/2
f 5621/1/2 5622/1/2 5639/1/2
f 5620/1/2 5621/1/2 5639/1/2
f 5639/1/2 5622/1/2 5640/1/2
f 5603/1/2 5604/1/2 5641/1/2
f 5602/1/2 5603/1/2 5641/1/2
f 5605/1/2 5627/1/2 5643/1/2
f 5643/1/2 5627/1/2 5644/1/2
f 5644/1/2 5627/1/2 5645/1/2
f 5645/1/2 5627/1/2 5646/1/2
f 5630/1/2 5631/1/2 5647/1/2
f 5628/1/2 5629/1/2 5647/1/2
f 5629/1/2 5630/1/2 5647/1/2
f 5647/1/2 5631/1/2 5648/1/2
f 5633/1/2 5634/1/2 5650/1/2
f 5650/1/2 5634/1/2 5651/1/2
f 5637/1/2 5638/1/2 5653/1/2
f 5636/1/2 5637/1/2 5653/1/2
f 5638/1/2 5639/1/2 5653/1/2
f 5653/1/2 5639/1/2 5654/1/2
f 5640/1/2 5622/1/2 5655/1/2
f 5655/1/2 5622/1/2 5656/1/2
f 5656/1/2 5622/1/2 5657/1/2
f 5657/1/2 5622/1/2 5658/1/2
f 5624/1/2 5625/1/2 5660/1/2
f 5623/1/2 5624/1/2 5660/1/2
f 5641/1/2 5642/1/2 5661/1/2
f 5602/1/2 5641/1/2 5661/1/2
f 5661/1/2 5642/1/2 5662/1/2
f 5644/1/2 5645/1/2 5663/1/2
f 5663/1/2 5645/1/2 5664/1/2
f 5648/1/2 5649/1/2 5665/1/2
f 5647/1/2 5648/1/2 5665/1/2
f 5646/1/2 5647/1/2 5665/1/2
f 5665/1/2 5649/1/2 5666/1/2
f 5666/1/2 5649/1/2 5667/1/2
f 5653/1/2 5654/1/2 5670/1/2
f 5654/1/2 5655/1/2 5670/1/2
f 5652/1/2 5653/1/2 5670/1/2
f 5670/1/2 5655/1/2 5671/1/2
f 5671/1/2 5655/1/2 5672/1/2
f 5656/1/2 5657/1/2 5673/1/2
f 5673/1/2 5657/1/2 5674/1/2
f 5659/1/2 5660/1/2 5675/1/2
f 5660/1/2 5625/1/2 5675/1/2
f 5675/1/2 5625/1/2 5676/1/2
f 5662/1/2 5642/1/2 5677/1/2
f 5644/1/2 5663/1/2 5679/1/2
f 5679/1/2 5663/1/2 5680/1/2
f 5680/1/2 5663/1/2 5681/1/2
f 5681/1/2 5663/1/2 5682/1/2
f 5665/1/2 5666/1/2 5683/1/2
f 5664/1/2 5665/1/2 5683/1/2
f 5667/1/2 5668/1/2 5684/1/2
f 5669/1/2 5670/1/2 5687/1/2
f 5672/1/2 5673/1/2 5688/1/2
f 5671/1/2 5672/1/2 5688/1/2
f 5674/1/2 5657/1/2 5689/1/2
f 5689/1/2 5657/1/2 5690/1/2
f 5690/1/2 5657/1/2 5691/1/2
f 5691/1/2 5657/1/2 5692/1/2
f 5659/1/2 5675/1/2 5694/1/2
f 5677/1/2 5678/1/2 5695/1/2
f 5662/1/2 5677/1/2 5695/1/2
f 5695/1/2 5678/1/2 5696/1/2
f 5680/1/2 5681/1/2 5697/1/2
f 5697/1/2 5681/1/2 5698/1/2
f 5698/1/2 5681/1/2 5699/1/2
f 5699/1/2 5681/1/2 5700/1/2
f 5682/1/2 5683/1/2 5701/1/2
f 5683/1/2 5666/1/2 5702/1/2
f 5701/1/2 5683/1/2 5702/1/2
f 5702/1/2 5666/1/2 5703/1/2
f 5684/1/2 5685/1/2 5704/1/2
f 5667/1/2 5684/1/2 5704/1/2
f 5686/1/2 5687/1/2 5705/1/2
f 5687/1/2 5670/1/2 5705/1/2
f 5671/1/2 5688/1/2 5706/1/2
f 5688/1/2 5689/1/2 5706/1/2
f 5706/1/2 5689/1/2 5707/1/2
f 5707/1/2 5689/1/2 5708/1/2
f 5690/1/2 5691/1/2 5709/1/2
f 5709/1/2 5691/1/2 5710/1/2
f 5710/1/2 5691/1/2 5711/1/2
f 5711/1/2 5691/1/2 5712/1/2
f 5693/1/2 5694/1/2 5713/1/2
f 5694/1/2 5675/1/2 5713/1/2
f 5713/1/2 5675/1/2 5714/1/2
f 5696/1/2 5678/1/2 5715/1/2
f 5698/1/2 5699/1/2 5717/1/2
f 5717/1/2 5699/1/2 5718/1/2
f 5700/1/2 5701/1/2 5719/1/2
f 5701/1/2 5702/1/2 5719/1/2
f 5708/1/2 5709/1/2 5720/1/2
f 5707/1/2 5708/1/2 5720/1/2
f 5710/1/2 5711/1/2 5721/1/2
f 5721/1/2 5711/1/2 5722/1/2
f 5693/1/2 5713/1/2 5724/1/2
f 5715/1/2 5716/1/2 5725/1/2
f 5696/1/2 5715/1/2 5725/1/2
f 5725/1/2 5716/1/2 5726/1/2
f 5698/1/2 5717/1/2 5727/1/2
f 5727/1/2 5717/1/2 5728/1/2
f 5728/1/2 5717/1/2 5729/1/2
f 5729/1/2 5717/1/2 5730/1/2
f 5718/1/2 5719/1/2 5731/1/2
f 5719/1/2 5702/1/2 5732/1/2
f 5731/1/2 5719/1/2 5732/1/2
f 5732/1/2 5702/1/2 5733/1/2
f 5703/1/2 5704/1/2 5734/1/2
f 5705/1/2 5706/1/2 5735/1/2
f 5707/1/2 5720/1/2 5736/1/2
f 5720/1/2 5721/1/2 5736/1/2
f 5736/1/2 5721/1/2 5737/1/2
f 5737/1/2 5721/1/2 5738/1/2
f 5722/1/2 5711/1/2 5739/1/2
f 5739/1/2 5711/1/2 5740/1/2
f 5740/1/2 5711/1/2 5741/1/2
f 5741/1/2 5711/1/2 5742/1/2
f 5723/1/2 5724/1/2 5743/1/2
f 5724/1/2 5713/1/2 5743/1/2
f 5743/1/2 5713/1/2 5744/1/2
f 5726/1/2 5716/1/2 5745/1/2
f 5745/1/2 5716/1/2 5746/1/2
f 5746/1/2 5716/1/2 5747/1/2
f 5728/1/2 5729/1/2 5749/1/2
f 5749/1/2 5729/1/2 5750/1/2
f 5730/1/2 5731/1/2 5751/1/2
f 5731/1/2 5732/1/2 5751/1/2
f 5737/1/2 5738/1/2 5752/1/2
f 5738/1/2 5739/1/2 5752/1/2
f 5740/1/2 5741/1/2 5753/1/2
f 5753/1/2 5741/1/2 5754/1/2
f 5723/1/2 5743/1/2 5756/1/2
f 5756/1/2 5743/1/2 5757/1/2
f 5757/1/2 5743/1/2 5758/1/2
f 5747/1/2 5748/1/2 5759/1/2
f 5746/1/2 5747/1/2 5759/1/2
f 5728/1/2 5749/1/2 5761/1/2
f 5761/1/2 5749/1/2 5762/1/2
f 5762/1/2 5749/1/2 5763/1/2
f 5763/1/2 5749/1/2 5764/1/2
f 5750/1/2 5751/1/2 5765/1/2
f 5751/1/2 5732/1/2 5766/1/2
f 5765/1/2 5751/1/2 5766/1/2
f 5766/1/2 5732/1/2 5767/1/2
f 5733/1/2 5734/1/2 5768/1/2
f 5735/1/2 5736/1/2 5769/1/2
f 5737/1/2 5752/1/2 5770/1/2
f 5752/1/2 5753/1/2 5770/1/2
f 5770/1/2 5753/1/2 5771/1/2
f 5771/1/2 5753/1/2 5772/1/2
f 5754/1/2 5741/1/2 5773/1/2
f 5773/1/2 5741/1/2 5774/1/2
f 5774/1/2 5741/1/2 5775/1/2
f 5775/1/2 5741/1/2 5776/1/2
f 5756/1/2 5757/1/2 5778/1/2
f 5755/1/2 5756/1/2 5778/1/2
f 5759/1/2 5760/1/2 5779/1/2
f 5746/1/2 5759/1/2 5779/1/2
f 5779/1/2 5760/1/2 5780/1/2
f 5762/1/2 5763/1/2 5781/1/2
f 5781/1/2 5763/1/2 5782/1/2
f 5782/1/2 5763/1/2 5783/1/2
f 5783/1/2 5763/1/2 5784/1/2
f 5764/1/2 5765/1/2 5785/1/2
f 5765/1/2 5766/1/2 5785/1/2
f 5771/1/2 5772/1/2 5786/1/2
f 5772/1/2 5773/1/2 5786/1/2
f 5774/1/2 5775/1/2 5787/1/2
f 5787/1/2 5775/1/2 5788/1/2
f 5788/1/2 5775/1/2 5789/1/2
f 5789/1/2 5775/1/2 5790/1/2
f 5777/1/2 5778/1/2 5791/1/2
f 5778/1/2 5757/1/2 5791/1/2
f 5791/1/2 5757/1/2 5792/1/2
f 5780/1/2 5760/1/2 5793/1/2
f 5782/1/2 5783/1/2 5795/1/2
f 5795/1/2 5783/1/2 5796/1/2
f 5796/1/2 5783/1/2 5797/1/2
f 5797/1/2 5783/1/2 5798/1/2
f 5784/1/2 5785/1/2 5799/1/2
f 5785/1/2 5766/1/2 5800/1/2
f 5799/1/2 5785/1/2 5800/1/2
f 5800/1/2 5766/1/2 5801/1/2
f 5767/1/2 5768/1/2 5802/1/2
f 5769/1/2 5770/1/2 5803/1/2
f 5771/1/2 5786/1/2 5804/1/2
f 5786/1/2 5787/1/2 5804/1/2
f 5804/1/2 5787/1/2 5805/1/2
f 5805/1/2 5787/1/2 5806/1/2
f 5788/1/2 5789/1/2 5807/1/2
f 5807/1/2 5789/1/2 5808/1/2
f 5808/1/2 5789/1/2 5809/1/2
f 5809/1/2 5789/1/2 5810/1/2
f 5777/1/2 5791/1/2 5812/1/2
f 5793/1/2 5794/1/2 5813/1/2
f 5780/1/2 5793/1/2 5813/1/2
f 5813/1/2 5794/1/2 5814/1/2
f 5814/1/2 5794/1/2 5815/1/2
f 5796/1/2 5797/1/2 5817/1/2
f 5817/1/2 5797/1/2 5818/1/2
f 5798/1/2 5799/1/2 5819/1/2
f 5799/1/2 5800/1/2 5819/1/2
f 5805/1/2 5806/1/2 5820/1/2
f 5806/1/2 5807/1/2 5820/1/2
f 5808/1/2 5809/1/2 5821/1/2
f 5821/1/2 5809/1/2 5822/1/2
f 5811/1/2 5812/1/2 5824/1/2
f 5812/1/2 5791/1/2 5825/1/2
f 5824/1/2 5812/1/2 5825/1/2
f 5825/1/2 5791/1/2 5826/1/2
f 5815/1/2 5816/1/2 5827/1/2
f 5814/1/2 5815/1/2 5827/1/2
f 5827/1/2 5816/1/2 5828/1/2
f 5828/1/2 5816/1/2 5829/1/2
f 5796/1/2 5817/1/2 5831/1/2
f 5831/1/2 5817/1/2 5832/1/2
f 5832/1/2 5817/1/2 5833/1/2
f 5833/1/2 5817/1/2 5834/1/2
f 5818/1/2 5819/1/2 5835/1/2
f 5819/1/2 5800/1/2 5836/1/2
f 5835/1/2 5819/1/2 5836/1/2
f 5836/1/2 5800/1/2 5837/1/2
f 5801/1/2 5802/1/2 5838/1/2
f 5803/1/2 5804/1/2 5839/1/2
f 5805/1/2 5820/1/2 5840/1/2
f 5820/1/2 5821/1/2 5840/1/2
f 5840/1/2 5821/1/2 5841/1/2
f 5841/1/2 5821/1/2 5842/1/2
f 5822/1/2 5809/1/2 5843/1/2
f 5843/1/2 5809/1/2 5844/1/2
f 5844/1/2 5809/1/2 5845/1/2
f 5845/1/2 5809/1/2 5846/1/2
f 5823/1/2 5824/1/2 5848/1/2
f 5824/1/2 5825/1/2 5848/1/2
f 5848/1/2 5825/1/2 5849/1/2
f 5849/1/2 5825/1/2 5850/1/2
f 5829/1/2 5830/1/2 5851/1/2
f 5828/1/2 5829/1/2 5851/1/2
f 5851/1/2 5830/1/2 5852/1/2
f 5832/1/2 5833/1/2 5853/1/2
f 5853/1/2 5833/1/2 5854/1/2
f 5854/1/2 5833/1/2 5855/1/2
f 5855/1/2 5833/1/2 5856/1/2
f 5834/1/2 5835/1/2 5857/1/2
f 5835/1/2 5836/1/2 5857/1/2
f 5841/1/2 5842/1/2 5858/1/2
f 5842/1/2 5843/1/2 5858/1/2
f 5844/1/2 5845/1/2 5859/1/2
f 5859/1/2 5845/1/2 5860/1/2
f 5860/1/2 5845/1/2 5861/1/2
f 5861/1/2 5845/1/2 5862/1/2
f 5848/1/2 5849/1/2 5863/1/2
f 5847/1/2 5848/1/2 5863/1/2
f 5863/1/2 5849/1/2 5864/1/2
f 5852/1/2 5830/1/2 5865/1/2
f 5854/1/2 5855/1/2 5867/1/2
f 5867/1/2 5855/1/2 5868/1/2
f 5868/1/2 5855/1/2 5869/1/2
f 5869/1/2 5855/1/2 5870/1/2
f 5856/1/2 5857/1/2 5871/1/2
f 5857/1/2 5836/1/2 5872/1/2
f 5871/1/2 5857/1/2 5872/1/2
f 5872/1/2 5836/1/2 5873/1/2
f 5837/1/2 5838/1/2 5874/1/2
f 5839/1/2 5840/1/2 5875/1/2
f 5841/1/2 5858/1/2 5876/1/2
f 5858/1/2 5859/1/2 5876/1/2
f 5876/1/2 5859/1/2 5877/1/2
f 5877/1/2 5859/1/2 5878/1/2
f 5860/1/2 5861/1/2 5879/1/2
f 5879/1/2 5861/1/2 5880/1/2
f 5880/1/2 5861/1/2 5881/1/2
f 5881/1/2 5861/1/2 5882/1/2
f 5847/1/2 5863/1/2 5884/1/2
f 5865/1/2 5866/1/2 5885/1/2
f 5852/1/2 5865/1/2 5885/1/2
f 5885/1/2 5866/1/2 5886/1/2
f 5886/1/2 5866/1/2 5887/1/2
f 5868/1/2 5869/1/2 5889/1/2
f 5889/1/2 5869/1/2 5890/1/2
f 5870/1/2 5871/1/2 5891/1/2
f 5871/1/2 5872/1/2 5891/1/2
f 5877/1/2 5878/1/2 5892/1/2
f 5878/1/2 5879/1/2 5892/1/2
f 5880/1/2 5881/1/2 5893/1/2
f 5893/1/2 5881/1/2 5894/1/2
f 5883/1/2 5884/1/2 5896/1/2
f 5884/1/2 5863/1/2 5897/1/2
f 5896/1/2 5884/1/2 5897/1/2
f 5897/1/2 5863/1/2 5898/1/2
f 5887/1/2 5888/1/2 5899/1/2
f 5886/1/2 5887/1/2 5899/1/2
f 5899/1/2 5888/1/2 5900/1/2
f 5900/1/2 5888/1/2 5901/1/2
f 5890/1/2 5891/1/2 5903/1/2
f 5891/1/2 5872/1/2 5903/1/2
f 5903/1/2 5872/1/2 5904/1/2
f 5873/1/2 5874/1/2 5905/1/2
f 5875/1/2 5876/1/2 5906/1/2
f 5877/1/2 5892/1/2 5907/1/2
f 5892/1/2 5893/1/2 5907/1/2
f 5907/1/2 5893/1/2 5908/1/2
f 5895/1/2 5896/1/2 5910/1/2
f 5896/1/2 5897/1/2 5910/1/2
f 5910/1/2 5897/1/2 5911/1/2
f 5911/1/2 5897/1/2 5912/1/2
f 5901/1/2 5902/1/2 5913/1/2
f 5900/1/2 5901/1/2 5913/1/2
f 5913/1/2 5902/1/2 5914/1/2
f 5914/1/2 5902/1/2 5915/1/2
f 5890/1/2 5903/1/2 5917/1/2
f 5917/1/2 5903/1/2 5918/1/2
f 5908/1/2 5893/1/2 5919/1/2
f 5919/1/2 5893/1/2 5920/1/2
f 5910/1/2 5911/1/2 5922/1/2
f 5909/1/2 5910/1/2 5922/1/2
f 5922/1/2 5911/1/2 5923/1/2
f 5923/1/2 5911/1/2 5924/1/2
f 5915/1/2 5916/1/2 5925/1/2
f 5914/1/2 5915/1/2 5925/1/2
f 5925/1/2 5916/1/2 5926/1/2
f 5926/1/2 5916/1/2 5927/1/2
f 5918/1/2 5903/1/2 5929/1/2
f 5929/1/2 5903/1/2 5930/1/2
f 5930/1/2 5903/1/2 5931/1/2
f 5931/1/2 5903/1/2 5932/1/2
f 5904/1/2 5905/1/2 5933/1/2
f 5906/1/2 5907/1/2 5934/1/2
f 5908/1/2 5919/1/2 5935/1/2
f 5935/1/2 5919/1/2 5936/1/2
f 5936/1/2 5919/1/2 5937/1/2
f 5937/1/2 5919/1/2 5938/1/2
f 5922/1/2 5923/1/2 5940/1/2
f 5921/1/2 5922/1/2 5940/1/2
f 5940/1/2 5923/1/2 5941/1/2
f 5941/1/2 5923/1/2 5942/1/2
f 5927/1/2 5928/1/2 5943/1/2
f 5926/1/2 5927/1/2 5943/1/2
f 5943/1/2 5928/1/2 5944/1/2
f 5944/1/2 5928/1/2 5945/1/2
f 5930/1/2 5931/1/2 5947/1/2
f 5947/1/2 5931/1/2 5948/1/2
f 5936/1/2 5937/1/2 5949/1/2
f 5949/1/2 5937/1/2 5950/1/2
f 5940/1/2 5941/1/2 5952/1/2
f 5939/1/2 5940/1/2 5952/1/2
f 5952/1/2 5941/1/2 5953/1/2
f 5953/1/2 5941/1/2 5954/1/2
f 5945/1/2 5946/1/2 5955/1/2
f 5944/1/2 5945/1/2 5955/1/2
f 5955/1/2 5946/1/2 5956/1/2
f 5956/1/2 5946/1/2 5957/1/2
f 5948/1/2 5931/1/2 5959/1/2
f 5959/1/2 5931/1/2 5960/1/2
f 5960/1/2 5931/1/2 5961/1/2
f 5961/1/2 5931/1/2 5962/1/2
f 5932/1/2 5933/1/2 5963/1/2
f 5934/1/2 5935/1/2 5964/1/2
f 5936/1/2 5949/1/2 5965/1/2
f 5965/1/2 5949/1/2 5966/1/2
f 5966/1/2 5949/1/2 5967/1/2
f 5967/1/2 5949/1/2 5968/1/2
f 5952/1/2 5953/1/2 5970/1/2
f 5951/1/2 5952/1/2 5970/1/2
f 5970/1/2 5953/1/2 5971/1/2
f 5971/1/2 5953/1/2 5972/1/2
f 5957/1/2 5958/1/2 5973/1/2
f 5956/1/2 5957/1/2 5973/1/2
f 5973/1/2 5958/1/2 5974/1/2
f 5974/1/2 5958/1/2 5975/1/2
f 5960/1/2 5961/1/2 5977/1/2
f 5977/1/2 5961/1/2 5978/1/2
f 5966/1/2 5967/1/2 5979/1/2
f 5979/1/2 5967/1/2 5980/1/2
f 5970/1/2 5971/1/2 5982/1/2
f 5969/1/2 5970/1/2 5982/1/2
f 5982/1/2 5971/1/2 5983/1/2
f 5983/1/2 5971/1/2 5984/1/2
f 5975/1/2 5976/1/2 5985/1/2
f 5974/1/2 5975/1/2 5985/1/2
f 5985/1/2 5976/1/2 5986/1/2
f 5986/1/2 5976/1/2 5987/1/2
f 5978/1/2 5961/1/2 5989/1/2
f 5989/1/2 5961/1/2 5990/1/2
f 5990/1/2 5961/1/2 5991/1/2
f 5991/1/2 5961/1/2 5992/1/2
f 5962/1/2 5963/1/2 5993/1/2
f 5964/1/2 5965/1/2 5994/1/2
f 5966/1/2 5979/1/2 5995/1/2
f 5995/1/2 5979/1/2 5996/1/2
f 5996/1/2 5979/1/2 5997/1/2
f 5997/1/2 5979/1/2 5998/1/2
f 5982/1/2 5983/1/2 6000/1/2
f 5981/1/2 5982/1/2 6000/1/2
f 6000/1/2 5983/1/2 6001/1/2
f 6001/1/2 5983/1/2 6002/1/2
f 5987/1/2 5988/1/2 6003/1/2
f 5986/1/2 5987/1/2 6003/1/2
f 6003/1/2 5988/1/2 6004/1/2
f 6004/1/2 5988/1/2 6005/1/2
f 5990/1/2 5991/1/2 6007/1/2
f 6007/1/2 5991/1/2 6008/1/2
f 5996/1/2 5997/1/2 6009/1/2
f 6009/1/2 5997/1/2 6010/1/2
f 6000/1/2 6001/1/2 6012/1/2
f 5999/1/2 6000/1/2 6012/1/2
f 6012/1/2 6001/1/2 6013/1/2
f 6013/1/2 6001/1/2 6014/1/2
f 6005/1/2 6006/1/2 6015/1/2
f 6004/1/2 6005/1/2 6015/1/2
f 6015/1/2 6006/1/2 6016/1/2
f 6016/1/2 6006/1/2 6017/1/2
f 6008/1/2 5991/1/2 6019/1/2
f 6019/1/2 5991/1/2 6020/1/2
f 6020/1/2 5991/1/2 6021/1/2
f 6021/1/2 5991/1/2 6022/1/2
f 5992/1/2 5993/1/2 6023/1/2
f 5994/1/2 5995/1/2 6024/1/2
f 5996/1/2 6009/1/2 6025/1/2
f 6025/1/2 6009/1/2 6026/1/2
f 6026/1/2 6009/1/2 6027/1/2
f 6027/1/2 6009/1/2 6028/1/2
f 6012/1/2 6013/1/2 6030/1/2
f 6011/1/2 6012/1/2 6030/1/2
f 6030/1/2 6013/1/2 6031/1/2
f 6031/1/2 6013/1/2 6032/1/2
f 6017/1/2 6018/1/2 6033/1/2
f 6016/1/2 6017/1/2 6033/1/2
f 6033/1/2 6018/1/2 6034/1/2
f 6034/1/2 6018/1/2 6035/1/2
f 6020/1/2 6021/1/2 6037/1/2
f 6037/1/2 6021/1/2 6038/1/2
f 6026/1/2 6027/1/2 6039/1/2
f 6039/1/2 6027/1/2 6040/1/2
f 6030/1/2 6031/1/2 6042/1/2
f 6029/1/2 6030/1/2 6042/1/2
f 6042/1/2 6031/1/2 6043/1/2
f 6043/1/2 6031/1/2 6044/1/2
f 6035/1/2 6036/1/2 6045/1/2
f 6034/1/2 6035/1/2 6045/1/2
f 6045/1/2 6036/1/2 6046/1/2
f 6046/1/2 6036/1/2 6047/1/2
f 6038/1/2 6021/1/2 6049/1/2
f 6049/1/2 6021/1/2 6050/1/2
f 6050/1/2 6021/1/2 6051/1/2
f 6051/1/2 6021/1/2 6052/1/2
f 6022/1/2 6023/1/2 6053/1/2
f 6024/1/2 6025/1/2 6054/1/2
f 6026/1/2 6039/1/2 6055/1/2
f 6055/1/2 6039/1/2 6056/1/2
f 6056/1/2 6039/1/2 6057/1/2
f 6057/1/2 6039/1/2 6058/1/2
f 6042/1/2 6043/1/2 6060/1/2
f 6041/1/2 6042/1/2 6060/1/2
f 6060/1/2 6043/1/2 6061/1/2
f 6061/1/2 6043/1/2 6062/1/2
f 6047/1/2 6048/1/2 6063/1/2
f 6046/1/2 6047/1/2 6063/1/2
f 6063/1/2 6048/1/2 6064/1/2
f 6064/1/2 6048/1/2 6065/1/2
f 6050/1/2 6051/1/2 6067/1/2
f 6067/1/2 6051/1/2 6068/1/2
f 6056/1/2 6057/1/2 6069/1/2
f 6069/1/2 6057/1/2 6070/1/2
f 6060/1/2 6061/1/2 6072/1/2
f 6059/1/2 6060/1/2 6072/1/2
f 6072/1/2 6061/1/2 6073/1/2
f 6073/1/2 6061/1/2 6074/1/2
f 6065/1/2 6066/1/2 6075/1/2
f 6064/1/2 6065/1/2 6075/1/2
f 6075/1/2 6066/1/2 6076/1/2
f 6076/1/2 6066/1/2 6077/1/2
f 6052/1/2 6053/1/2 6079/1/2
f 6023/1/2 5993/1/2 6080/1/2
f 6079/1/2 6053/1/2 6080/1/2
f 6053/1/2 6023/1/2 6080/1/2
f 5994/1/2 6024/1/2 6081/1/2
f 6024/1/2 6054/1/2 6081/1/2
f 6054/1/2 6055/1/2 6081/1/2
f 6081/1/2 6055/1/2 6082/1/2
f 6072/1/2 6073/1/2 6084/1/2
f 6071/1/2 6072/1/2 6084/1/2
f 6084/1/2 6073/1/2 6085/1/2
f 6085/1/2 6073/1/2 6086/1/2
f 6077/1/2 6078/1/2 6087/1/2
f 6076/1/2 6077/1/2 6087/1/2
f 6087/1/2 6078/1/2 6088/1/2
f 6088/1/2 6078/1/2 6089/1/2
f 6080/1/2 5993/1/2 6091/1/2
f 5933/1/2 5905/1/2 6092/1/2
f 6091/1/2 5993/1/2 6092/1/2
f 5963/1/2 5933/1/2 6092/1/2
f 5993/1/2 5963/1/2 6092/1/2
f 5906/1/2 5934/1/2 6093/1/2
f 5934/1/2 5964/1/2 6093/1/2
f 5964/1/2 5994/1/2 6093/1/2
f 5994/1/2 6081/1/2 6093/1/2
f 6093/1/2 6081/1/2 6094/1/2
f 6084/1/2 6085/1/2 6096/1/2
f 6083/1/2 6084/1/2 6096/1/2
f 6096/1/2 6085/1/2 6097/1/2
f 6097/1/2 6085/1/2 6098/1/2
f 6089/1/2 6090/1/2 6099/1/2
f 6088/1/2 6089/1/2 6099/1/2
f 6099/1/2 6090/1/2 6100/1/2
f 6100/1/2 6090/1/2 6101/1/2
f 6092/1/2 5905/1/2 6103/1/2
f 5802/1/2 5768/1/2 6104/1/2
f 6103/1/2 5905/1/2 6104/1/2
f 5838/1/2 5802/1/2 6104/1/2
f 5874/1/2 5838/1/2 6104/1/2
f 5905/1/2 5874/1/2 6104/1/2
f 5769/1/2 5803/1/2 6105/1/2
f 5803/1/2 5839/1/2 6105/1/2
f 5839/1/2 5875/1/2 6105/1/2
f 5875/1/2 5906/1/2 6105/1/2
f 5906/1/2 6093/1/2 6105/1/2
f 6105/1/2 6093/1/2 6106/1/2
f 6096/1/2 6097/1/2 6108/1/2
f 6095/1/2 6096/1/2 6108/1/2
f 6108/1/2 6097/1/2 6109/1/2
f 6109/1/2 6097/1/2 6110/1/2
f 6100/1/2 6101/1/2 6111/1/2
f 6101/1/2 6102/1/2 6111/1/2
f 6111/1/2 6102/1/2 6112/1/2
f 6112/1/2 6102/1/2 6113/1/2
f 6104/1/2 5768/1/2 6115/1/2
f 5704/1/2 5685/1/2 6116/1/2
f 6115/1/2 5768/1/2 6116/1/2
f 5734/1/2 5704/1/2 6116/1/2
f 5768/1/2 5734/1/2 6116/1/2
f 5686/1/2 5705/1/2 6117/1/2
f 5705/1/2 5735/1/2 6117/1/2
f 5735/1/2 5769/1/2 6117/1/2
f 5769/1/2 6105/1/2 6117/1/2
f 6117/1/2 6105/1/2 6118/1/2
f 6108/1/2 6109/1/2 6120/1/2
f 6107/1/2 6108/1/2 6120/1/2
f 6120/1/2 6109/1/2 6121/1/2
f 6121/1/2 6109/1/2 6122/1/2
f 6112/1/2 6113/1/2 6123/1/2
f 6113/1/2 6114/1/2 6123/1/2
f 6123/1/2 6114/1/2 6124/1/2
f 6124/1/2 6114/1/2 6125/1/2
f 6116/1/2 5685/1/2 6127/1/2
f 6127/1/2 5685/1/2 6128/1/2
f 5686/1/2 6117/1/2 6129/1/2
f 6129/1/2 6117/1/2 6130/1/2
f 6120/1/2 6121/1/2 6132/1/2
f 6119/1/2 6120/1/2 6132/1/2
f 6132/1/2 6121/1/2 6133/1/2
f 6133/1/2 6121/1/2 6134/1/2
f 6125/1/2 6126/1/2 6135/1/2
f 6124/1/2 6125/1/2 6135/1/2
f 6135/1/2 6126/1/2 6136/1/2
f 6136/1/2 6126/1/2 6137/1/2
f 6132/1/2 6133/1/2 6140/1/2
f 6131/1/2 6132/1/2 6140/1/2
f 6140/1/2 6133/1/2 6141/1/2
f 6141/1/2 6133/1/2 6142/1/2
f 6137/1/2 6138/1/2 6143/1/2
f 6136/1/2 6137/1/2 6143/1/2
f 6143/1/2 6138/1/2 6144/1/2
f 6144/1/2 6138/1/2 6145/1/2
f 6140/1/2 6141/1/2 6146/1/2
f 6139/1/2 6140/1/2 6146/1/2
f 6146/1/2 6141/1/2 6147/1/2
f 6147/1/2 6141/1/2 6148/1/2
f 6144/1/2 6145/1/2 6149/1/2
f 6146/1/2 6147/1/2 6149/1/2
f 6145/1/2 6146/1/2 6149/1/2
f 6149/1/2 6147/1/2 6150/1/2
f 6150/1/2 6147/1/2 6151/1/2
f 6151/1/2 6147/1/2 6152/1/2
f 6150/1/2 6151/1/2 6153/1/2
f 6153/1/2 6151/1/2 6154/1/2
f 6154/1/2 6151/1/2 6155/1/2
f 6155/1/2 6151/1/2 6156/1/2
f 6154/1/2 6155/1/2 6157/1/2
f 6157/1/2 6155/1/2 6158/1/2
f 6159/4/2 6160/4/2 6162/4/2
f 6162/4/2 6160/4/2 6163/4/2
f 6161/4/2 6162/4/2 6166/4/2
f 6163/4/2 6164/4/2 6166/4/2
f 6162/4/2 6163/4/2 6166/4/2
f 6166/4/2 6164/4/2 6167/4/2
f 6167/4/2 6164/4/2 6168/4/2
f 6168/4/2 6164/4/2 6169/4/2
f 6169/4/2 6164/4/2 6170/4/2
f 6170/4/2 6164/4/2 6171/4/2
f 6165/4/2 6166/4/2 6174/4/2
f 6166/4/2 6167/4/2 6174/4/2
f 6174/4/2 6167/4/2 6175/4/2
f 6175/4/2 6167/4/2 6176/4/2
f 6170/4/2 6171/4/2 6177/4/2
f 6171/4/2 6172/4/2 6177/4/2
f 6177/4/2 6172/4/2 6178/4/2
f 6178/4/2 6172/4/2 6179/4/2
f 6174/4/2 6175/4/2 6182/4/2
f 6173/4/2 6174/4/2 6182/4/2
f 6182/4/2 6175/4/2 6183/4/2
f 6183/4/2 6175/4/2 6184/4/2
f 6179/4/2 6180/4/2 6185/4/2
f 6178/4/2 6179/4/2 6185/4/2
f 6185/4/2 6180/4/2 6186/4/2
f 6186/4/2 6180/4/2 6187/4/2
f 6182/4/2 6183/4/2 6190/4/2
f 6181/4/2 6182/4/2 6190/4/2
f 6190/4/2 6183/4/2 6191/4/2
f 6191/4/2 6183/4/2 6192/4/2
f 6187/4/2 6188/4/2 6193/4/2
f 6186/4/2 6187/4/2 6193/4/2
f 6193/4/2 6188/4/2 6194/4/2
f 6194/4/2 6188/4/2 6195/4/2
f 6190/4/2 6191/4/2 6198/4/2
f 6189/4/2 6190/4/2 6198/4/2
f 6198/4/2 6191/4/2 6199/4/2
f 6199/4/2 6191/4/2 6200/4/2
f 6195/4/2 6196/4/2 6201/4/2
f 6194/4/2 6195/4/2 6201/4/2
f 6201/4/2 6196/4/2 6202/4/2
f 6202/4/2 6196/4/2 6203/4/2
f 6198/4/2 6199/4/2 6206/4/2
f 6197/4/2 6198/4/2 6206/4/2
f 6206/4/2 6199/4/2 6207/4/2
f 6207/4/2 6199/4/2 6208/4/2
f 6203/4/2 6204/4/2 6209/4/2
f 6202/4/2 6203/4/2 6209/4/2
f 6209/4/2 6204/4/2 6210/4/2
f 6210/4/2 6204/4/2 6211/4/2
f 6205/4/2 6206/4/2 6214/4/2
f 6206/4/2 6207/4/2 6214/4/2
f 6214/4/2 6207/4/2 6215/4/2
f 6215/4/2 6207/4/2 6216/4/2
f 6208/4/2 6199/4/2 6217/4/2
f 6217/4/2 6199/4/2 6218/4/2
f 6202/4/2 6209/4/2 6221/4/2
f 6221/4/2 6209/4/2 6222/4/2
f 6211/4/2 6212/4/2 6223/4/2
f 6210/4/2 6211/4/2 6223/4/2
f 6223/4/2 6212/4/2 6224/4/2
f 6224/4/2 6212/4/2 6225/4/2
f 6213/4/2 6214/4/2 6228/4/2
f 6214/4/2 6215/4/2 6228/4/2
f 6228/4/2 6215/4/2 6229/4/2
f 6229/4/2 6215/4/2 6230/4/2
f 6225/4/2 6226/4/2 6231/4/2
f 6224/4/2 6225/4/2 6231/4/2
f 6231/4/2 6226/4/2 6232/4/2
f 6232/4/2 6226/4/2 6233/4/2
f 6228/4/2 6229/4/2 6236/4/2
f 6227/4/2 6228/4/2 6236/4/2
f 6236/4/2 6229/4/2 6237/4/2
f 6237/4/2 6229/4/2 6238/4/2
f 6218/4/2 6219/4/2 6239/4/2
f 6239/4/2 6219/4/2 6240/4/2
f 6220/4/2 6221/4/2 6243/4/2
f 6243/4/2 6221/4/2 6244/4/2
f 6233/4/2 6234/4/2 6245/4/2
f 6232/4/2 6233/4/2 6245/4/2
f 6245/4/2 6234/4/2 6246/4/2
f 6246/4/2 6234/4/2 6247/4/2
f 6235/4/2 6236/4/2 6250/4/2
f 6236/4/2 6237/4/2 6250/4/2
f 6250/4/2 6237/4/2 6251/4/2
f 6251/4/2 6237/4/2 6252/4/2
f 6247/4/2 6248/4/2 6253/4/2
f 6246/4/2 6247/4/2 6253/4/2
f 6253/4/2 6248/4/2 6254/4/2
f 6254/4/2 6248/4/2 6255/4/2
f 6250/4/2 6251/4/2 6258/4/2
f 6249/4/2 6250/4/2 6258/4/2
f 6258/4/2 6251/4/2 6259/4/2
f 6259/4/2 6251/4/2 6260/4/2
f 6240/4/2 6241/4/2 6261/4/2
f 6261/4/2 6241/4/2 6262/4/2
f 6242/4/2 6243/4/2 6265/4/2
f 6265/4/2 6243/4/2 6266/4/2
f 6255/4/2 6256/4/2 6267/4/2
f 6254/4/2 6255/4/2 6267/4/2
f 6267/4/2 6256/4/2 6268/4/2
f 6268/4/2 6256/4/2 6269/4/2
f 6257/4/2 6258/4/2 6272/4/2
f 6258/4/2 6259/4/2 6272/4/2
f 6272/4/2 6259/4/2 6273/4/2
f 6273/4/2 6259/4/2 6274/4/2
f 6269/4/2 6270/4/2 6275/4/2
f 6268/4/2 6269/4/2 6275/4/2
f 6275/4/2 6270/4/2 6276/4/2
f 6276/4/2 6270/4/2 6277/4/2
f 6272/4/2 6273/4/2 6280/4/2
f 6271/4/2 6272/4/2 6280/4/2
f 6280/4/2 6273/4/2 6281/4/2
f 6281/4/2 6273/4/2 6282/4/2
f 6262/4/2 6263/4/2 6283/4/2
f 6283/4/2 6263/4/2 6284/4/2
f 6264/4/2 6265/4/2 6287/4/2
f 6287/4/2 6265/4/2 6288/4/2
f 6277/4/2 6278/4/2 6289/4/2
f 6276/4/2 6277/4/2 6289/4/2
f 6289/4/2 6278/4/2 6290/4/2
f 6290/4/2 6278/4/2 6291/4/2
f 6279/4/2 6280/4/2 6294/4/2
f 6280/4/2 6281/4/2 6294/4/2
f 6294/4/2 6281/4/2 6295/4/2
f 6295/4/2 6281/4/2 6296/4/2
f 6291/4/2 6292/4/2 6297/4/2
f 6290/4/2 6291/4/2 6297/4/2
f 6297/4/2 6292/4/2 6298/4/2
f 6298/4/2 6292/4/2 6299/4/2
f 6294/4/2 6295/4/2 6302/4/2
f 6293/4/2 6294/4/2 6302/4/2
f 6302/4/2 6295/4/2 6303/4/2
f 6303/4/2 6295/4/2 6304/4/2
f 6284/4/2 6285/4/2 6305/4/2
f 6305/4/2 6285/4/2 6306/4/2
f 6286/4/2 6287/4/2 6309/4/2
f 6309/4/2 6287/4/2 6310/4/2
f 6299/4/2 6300/4/2 6311/4/2
f 6298/4/2 6299/4/2 6311/4/2
f 6311/4/2 6300/4/2 6312/4/2
f 6312/4/2 6300/4/2 6313/4/2
f 6301/4/2 6302/4/2 6316/4/2
f 6302/4/2 6303/4/2 6316/4/2
f 6316/4/2 6303/4/2 6317/4/2
f 6317/4/2 6303/4/2 6318/4/2
f 6313/4/2 6314/4/2 6319/4/2
f 6312/4/2 6313/4/2 6319/4/2
f 6319/4/2 6314/4/2 6320/4/2
f 6320/4/2 6314/4/2 6321/4/2
f 6316/4/2 6317/4/2 6324/4/2
f 6315/4/2 6316/4/2 6324/4/2
f 6306/4/2 6307/4/2 6325/4/2
f 6325/4/2 6307/4/2 6326/4/2
f 6308/4/2 6309/4/2 6329/4/2
f 6329/4/2 6309/4/2 6330/4/2
f 6321/4/2 6322/4/2 6331/4/2
f 6320/4/2 6321/4/2 6331/4/2
f 6323/4/2 6324/4/2 6334/4/2
f 6324/4/2 6317/4/2 6335/4/2
f 6334/4/2 6324/4/2 6335/4/2
f 6335/4/2 6317/4/2 6336/4/2
f 6331/4/2 6332/4/2 6339/4/2
f 6320/4/2 6331/4/2 6339/4/2
f 6339/4/2 6332/4/2 6340/4/2
f 6340/4/2 6332/4/2 6341/4/2
f 6333/4/2 6334/4/2 6344/4/2
f 6334/4/2 6335/4/2 6344/4/2
f 6344/4/2 6335/4/2 6345/4/2
f 6345/4/2 6335/4/2 6346/4/2
f 6336/4/2 6337/4/2 6347/4/2
f 6347/4/2 6337/4/2 6348/4/2
f 6326/4/2 6327/4/2 6350/4/2
f 6350/4/2 6327/4/2 6351/4/2
f 6328/4/2 6329/4/2 6354/4/2
f 6354/4/2 6329/4/2 6355/4/2
f 6338/4/2 6339/4/2 6357/4/2
f 6357/4/2 6339/4/2 6358/4/2
f 6340/4/2 6341/4/2 6359/4/2
f 6341/4/2 6342/4/2 6359/4/2
f 6359/4/2 6342/4/2 6360/4/2
f 6360/4/2 6342/4/2 6361/4/2
f 6343/4/2 6344/4/2 6363/4/2
f 6344/4/2 6345/4/2 6363/4/2
f 6363/4/2 6345/4/2 6364/4/2
f 6348/4/2 6349/4/2 6365/4/2
f 6365/4/2 6349/4/2 6366/4/2
f 6356/4/2 6357/4/2 6369/4/2
f 6369/4/2 6357/4/2 6370/4/2
f 6361/4/2 6362/4/2 6371/4/2
f 6360/4/2 6361/4/2 6371/4/2
f 6371/4/2 6362/4/2 6372/4/2
f 6343/4/2 6363/4/2 6374/4/2
f 6374/4/2 6363/4/2 6375/4/2
f 6375/4/2 6363/4/2 6376/4/2
f 6366/4/2 6367/4/2 6377/4/2
f 6377/4/2 6367/4/2 6378/4/2
f 6351/4/2 6352/4/2 6380/4/2
f 6380/4/2 6352/4/2 6381/4/2
f 6353/4/2 6354/4/2 6384/4/2
f 6384/4/2 6354/4/2 6385/4/2
f 6368/4/2 6369/4/2 6387/4/2
f 6387/4/2 6369/4/2 6388/4/2
f 6372/4/2 6362/4/2 6389/4/2
f 6389/4/2 6362/4/2 6390/4/2
f 6390/4/2 6362/4/2 6391/4/2
f 6373/4/2 6374/4/2 6394/4/2
f 6374/4/2 6375/4/2 6394/4/2
f 6378/4/2 6379/4/2 6395/4/2
f 6395/4/2 6379/4/2 6396/4/2
f 6386/4/2 6387/4/2 6399/4/2
f 6399/4/2 6387/4/2 6400/4/2
f 6391/4/2 6392/4/2 6401/4/2
f 6390/4/2 6391/4/2 6401/4/2
f 6393/4/2 6394/4/2 6404/4/2
f 6394/4/2 6375/4/2 6405/4/2
f 6404/4/2 6394/4/2 6405/4/2
f 6405/4/2 6375/4/2 6406/4/2
f 6396/4/2 6397/4/2 6407/4/2
f 6407/4/2 6397/4/2 6408/4/2
f 6381/4/2 6382/4/2 6410/4/2
f 6410/4/2 6382/4/2 6411/4/2
f 6383/4/2 6384/4/2 6414/4/2
f 6414/4/2 6384/4/2 6415/4/2
f 6398/4/2 6399/4/2 6417/4/2
f 6417/4/2 6399/4/2 6418/4/2
f 6401/4/2 6402/4/2 6419/4/2
f 6390/4/2 6401/4/2 6419/4/2
f 6419/4/2 6402/4/2 6420/4/2
f 6420/4/2 6402/4/2 6421/4/2
f 6403/4/2 6404/4/2 6423/4/2
f 6404/4/2 6405/4/2 6423/4/2
f 6423/4/2 6405/4/2 6424/4/2
f 6408/4/2 6409/4/2 6425/4/2
f 6425/4/2 6409/4/2 6426/4/2
f 6416/4/2 6417/4/2 6429/4/2
f 6429/4/2 6417/4/2 6430/4/2
f 6421/4/2 6422/4/2 6431/4/2
f 6420/4/2 6421/4/2 6431/4/2
f 6431/4/2 6422/4/2 6432/4/2
f 6403/4/2 6423/4/2 6434/4/2
f 6434/4/2 6423/4/2 6435/4/2
f 6435/4/2 6423/4/2 6436/4/2
f 6426/4/2 6427/4/2 6437/4/2
f 6437/4/2 6427/4/2 6438/4/2
f 6411/4/2 6412/4/2 6440/4/2
f 6440/4/2 6412/4/2 6441/4/2
f 6413/4/2 6414/4/2 6444/4/2
f 6444/4/2 6414/4/2 6445/4/2
f 6428/4/2 6429/4/2 6447/4/2
f 6447/4/2 6429/4/2 6448/4/2
f 6432/4/2 6422/4/2 6449/4/2
f 6449/4/2 6422/4/2 6450/4/2
f 6450/4/2 6422/4/2 6451/4/2
f 6433/4/2 6434/4/2 6454/4/2
f 6434/4/2 6435/4/2 6454/4/2
f 6438/4/2 6439/4/2 6455/4/2
f 6455/4/2 6439/4/2 6456/4/2
f 6446/4/2 6447/4/2 6459/4/2
f 6459/4/2 6447/4/2 6460/4/2
f 6451/4/2 6452/4/2 6461/4/2
f 6450/4/2 6451/4/2 6461/4/2
f 6453/4/2 6454/4/2 6463/4/2
f 6454/4/2 6435/4/2 6463/4/2
f 6463/4/2 6435/4/2 6464/4/2
f 6456/4/2 6457/4/2 6465/4/2
f 6465/4/2 6457/4/2 6466/4/2
f 6441/4/2 6442/4/2 6468/4/2
f 6468/4/2 6442/4/2 6469/4/2
f 6443/4/2 6444/4/2 6472/4/2
f 6472/4/2 6444/4/2 6473/4/2
f 6458/4/2 6459/4/2 6475/4/2
f 6475/4/2 6459/4/2 6476/4/2
f 6461/4/2 6462/4/2 6477/4/2
f 6450/4/2 6461/4/2 6477/4/2
f 6477/4/2 6462/4/2 6478/4/2
f 6453/4/2 6463/4/2 6480/4/2
f 6466/4/2 6467/4/2 6481/4/2
f 6481/4/2 6467/4/2 6482/4/2
f 6474/4/2 6475/4/2 6485/4/2
f 6485/4/2 6475/4/2 6486/4/2
f 6478/4/2 6462/4/2 6487/4/2
f 6479/4/2 6480/4/2 6489/4/2
f 6480/4/2 6463/4/2 6489/4/2
f 6489/4/2 6463/4/2 6490/4/2
f 6482/4/2 6483/4/2 6491/4/2
f 6491/4/2 6483/4/2 6492/4/2
f 6469/4/2 6470/4/2 6494/4/2
f 6494/4/2 6470/4/2 6495/4/2
f 6471/4/2 6472/4/2 6498/4/2
f 6498/4/2 6472/4/2 6499/4/2
f 6484/4/2 6485/4/2 6501/4/2
f 6501/4/2 6485/4/2 6502/4/2
f 6487/4/2 6488/4/2 6503/4/2
f 6478/4/2 6487/4/2 6503/4/2
f 6503/4/2 6488/4/2 6504/4/2
f 6479/4/2 6489/4/2 6506/4/2
f 6506/4/2 6489/4/2 6507/4/2
f 6507/4/2 6489/4/2 6508/4/2
f 6492/4/2 6493/4/2 6509/4/2
f 6509/4/2 6493/4/2 6510/4/2
f 6168/4/2 6169/4/2 6513/4/2
f 6513/4/2 6169/4/2 6514/4/2
f 6500/4/2 6501/4/2 6517/4/2
f 6517/4/2 6501/4/2 6518/4/2
f 6504/4/2 6488/4/2 6519/4/2
f 6519/4/2 6488/4/2 6520/4/2
f 6520/4/2 6488/4/2 6521/4/2
f 6510/4/2 6511/4/2 6523/4/2
f 6523/4/2 6511/4/2 6524/4/2
f 6495/4/2 6496/4/2 6526/4/2
f 6526/4/2 6496/4/2 6527/4/2
f 6514/4/2 6515/4/2 6528/4/2
f 6512/4/2 6513/4/2 6528/4/2
f 6513/4/2 6514/4/2 6528/4/2
f 6528/4/2 6515/4/2 6529/4/2
f 6497/4/2 6498/4/2 6530/4/2
f 6530/4/2 6498/4/2 6531/4/2
f 6516/4/2 6517/4/2 6533/4/2
f 6533/4/2 6517/4/2 6534/4/2
f 6505/4/2 6506/4/2 6536/4/2
f 6506/4/2 6507/4/2 6536/4/2
f 6536/4/2 6507/4/2 6537/4/2
f 6537/4/2 6507/4/2 6538/4/2
f 6524/4/2 6525/4/2 6539/4/2
f 6539/4/2 6525/4/2 6540/4/2
f 6528/4/2 6529/4/2 6543/4/2
f 6529/4/2 6530/4/2 6543/4/2
f 6527/4/2 6528/4/2 6543/4/2
f 6543/4/2 6530/4/2 6544/4/2
f 6544/4/2 6530/4/2 6545/4/2
f 6545/4/2 6530/4/2 6546/4/2
f 6532/4/2 6533/4/2 6549/4/2
f 6549/4/2 6533/4/2 6550/4/2
f 6521/4/2 6522/4/2 6551/4/2
f 6520/4/2 6521/4/2 6551/4/2
f 6551/4/2 6522/4/2 6552/4/2
f 6552/4/2 6522/4/2 6553/4/2
f 6540/4/2 6541/4/2 6555/4/2
f 6555/4/2 6541/4/2 6556/4/2
f 6542/4/2 6543/4/2 6559/4/2
f 6543/4/2 6544/4/2 6559/4/2
f 6559/4/2 6544/4/2 6560/4/2
f 6560/4/2 6544/4/2 6561/4/2
f 6561/4/2 6544/4/2 6562/4/2
f 6545/4/2 6546/4/2 6563/4/2
f 6546/4/2 6547/4/2 6563/4/2
f 6563/4/2 6547/4/2 6564/4/2
f 6564/4/2 6547/4/2 6565/4/2
f 6565/4/2 6547/4/2 6566/4/2
f 6548/4/2 6549/4/2 6569/4/2
f 6569/4/2 6549/4/2 6570/4/2
f 6535/4/2 6536/4/2 6572/4/2
f 6536/4/2 6537/4/2 6572/4/2
f 6572/4/2 6537/4/2 6573/4/2
f 6556/4/2 6557/4/2 6575/4/2
f 6575/4/2 6557/4/2 6576/4/2
f 6558/4/2 6559/4/2 6579/4/2
f 6559/4/2 6560/4/2 6579/4/2
f 6579/4/2 6560/4/2 6580/4/2
f 6580/4/2 6560/4/2 6581/4/2
f 6566/4/2 6567/4/2 6582/4/2
f 6565/4/2 6566/4/2 6582/4/2
f 6582/4/2 6567/4/2 6583/4/2
f 6583/4/2 6567/4/2 6584/4/2
f 6568/4/2 6569/4/2 6587/4/2
f 6587/4/2 6569/4/2 6588/4/2
f 6553/4/2 6554/4/2 6590/4/2
f 6552/4/2 6553/4/2 6590/4/2
f 6590/4/2 6554/4/2 6591/4/2
f 6573/4/2 6574/4/2 6593/4/2
f 6571/4/2 6572/4/2 6593/4/2
f 6572/4/2 6573/4/2 6593/4/2
f 6593/4/2 6574/4/2 6594/4/2
f 6576/4/2 6577/4/2 6596/4/2
f 6596/4/2 6577/4/2 6597/4/2
f 6579/4/2 6580/4/2 6600/4/2
f 6578/4/2 6579/4/2 6600/4/2
f 6600/4/2 6580/4/2 6601/4/2
f 6601/4/2 6580/4/2 6602/4/2
f 6584/4/2 6585/4/2 6603/4/2
f 6583/4/2 6584/4/2 6603/4/2
f 6603/4/2 6585/4/2 6604/4/2
f 6604/4/2 6585/4/2 6605/4/2
f 6586/4/2 6587/4/2 6608/4/2
f 6608/4/2 6587/4/2 6609/4/2
f 6591/4/2 6592/4/2 6611/4/2
f 6590/4/2 6591/4/2 6611/4/2
f 6589/4/2 6590/4/2 6611/4/2
f 6611/4/2 6592/4/2 6612/4/2
f 6594/4/2 6595/4/2 6613/4/2
f 6613/4/2 6595/4/2 6614/4/2
f 6597/4/2 6598/4/2 6616/4/2
f 6616/4/2 6598/4/2 6617/4/2
f 6600/4/2 6601/4/2 6620/4/2
f 6599/4/2 6600/4/2 6620/4/2
f 6620/4/2 6601/4/2 6621/4/2
f 6621/4/2 6601/4/2 6622/4/2
f 6605/4/2 6606/4/2 6623/4/2
f 6604/4/2 6605/4/2 6623/4/2
f 6623/4/2 6606/4/2 6624/4/2
f 6624/4/2 6606/4/2 6625/4/2
f 6607/4/2 6608/4/2 6628/4/2
f 6628/4/2 6608/4/2 6629/4/2
f 6610/4/2 6611/4/2 6631/4/2
f 6631/4/2 6611/4/2 6632/4/2
f 6571/4/2 6593/4/2 6634/4/2
f 6634/4/2 6593/4/2 6635/4/2
f 6635/4/2 6593/4/2 6636/4/2
f 6614/4/2 6615/4/2 6637/4/2
f 6637/4/2 6615/4/2 6638/4/2
f 6617/4/2 6618/4/2 6640/4/2
f 6640/4/2 6618/4/2 6641/4/2
f 6620/4/2 6621/4/2 6642/4/2
f 6619/4/2 6620/4/2 6642/4/2
f 6642/4/2 6621/4/2 6643/4/2
f 6643/4/2 6621/4/2 6644/4/2
f 6625/4/2 6626/4/2 6645/4/2
f 6624/4/2 6625/4/2 6645/4/2
f 6645/4/2 6626/4/2 6646/4/2
f 6646/4/2 6626/4/2 6647/4/2
f 6627/4/2 6628/4/2 6648/4/2
f 6648/4/2 6628/4/2 6649/4/2
f 6630/4/2 6631/4/2 6651/4/2
f 6651/4/2 6631/4/2 6652/4/2
f 6612/4/2 6592/4/2 6653/4/2
f 6653/4/2 6592/4/2 6654/4/2
f 6654/4/2 6592/4/2 6655/4/2
f 6638/4/2 6639/4/2 6657/4/2
f 6657/4/2 6639/4/2 6658/4/2
f 6642/4/2 6643/4/2 6660/4/2
f 6641/4/2 6642/4/2 6660/4/2
f 6660/4/2 6643/4/2 6661/4/2
f 6647/4/2 6648/4/2 6662/4/2
f 6646/4/2 6647/4/2 6662/4/2
f 6662/4/2 6648/4/2 6663/4/2
f 6650/4/2 6651/4/2 6665/4/2
f 6665/4/2 6651/4/2 6666/4/2
f 6658/4/2 6659/4/2 6667/4/2
f 6667/4/2 6659/4/2 6668/4/2
f 6641/4/2 6660/4/2 6671/4/2
f 6671/4/2 6660/4/2 6672/4/2
f 6672/4/2 6660/4/2 6673/4/2
f 6663/4/2 6648/4/2 6676/4/2
f 6676/4/2 6648/4/2 6677/4/2
f 6677/4/2 6648/4/2 6678/4/2
f 6664/4/2 6665/4/2 6681/4/2
f 6681/4/2 6665/4/2 6682/4/2
f 6633/4/2 6634/4/2 6684/4/2
f 6634/4/2 6635/4/2 6684/4/2
f 6684/4/2 6635/4/2 6685/4/2
f 6685/4/2 6635/4/2 6686/4/2
f 6668/4/2 6669/4/2 6687/4/2
f 6687/4/2 6669/4/2 6688/4/2
f 6670/4/2 6671/4/2 6691/4/2
f 6671/4/2 6672/4/2 6691/4/2
f 6691/4/2 6672/4/2 6692/4/2
f 6692/4/2 6672/4/2 6693/4/2
f 6674/3/2 6675/3/2 6694/3/2
f 6694/3/2 6675/3/2 6695/3/2
f 6678/4/2 6679/4/2 6696/4/2
f 6677/4/2 6678/4/2 6696/4/2
f 6696/4/2 6679/4/2 6697/4/2
f 6697/4/2 6679/4/2 6698/4/2
f 6680/4/2 6681/4/2 6701/4/2
f 6701/4/2 6681/4/2 6702/4/2
f 6655/4/2 6656/4/2 6703/4/2
f 6654/4/2 6655/4/2 6703/4/2
f 6703/4/2 6656/4/2 6704/4/2
f 6704/4/2 6656/4/2 6705/4/2
f 6688/4/2 6689/4/2 6707/4/2
f 6707/4/2 6689/4/2 6708/4/2
f 6691/4/2 6692/4/2 6710/4/2
f 6690/4/2 6691/4/2 6710/4/2
f 6710/4/2 6692/4/2 6711/4/2
f 6697/4/2 6698/4/2 6712/4/2
f 6698/4/2 6699/4/2 6712/4/2
f 6712/4/2 6699/4/2 6713/4/2
f 6700/4/2 6701/4/2 6715/4/2
f 6715/4/2 6701/4/2 6716/4/2
f 6708/4/2 6709/4/2 6717/4/2
f 6717/4/2 6709/4/2 6718/4/2
f 6690/4/2 6710/4/2 6721/4/2
f 6721/4/2 6710/4/2 6722/4/2
f 6722/4/2 6710/4/2 6723/4/2
f 6713/4/2 6699/4/2 6728/4/2
f 6728/4/2 6699/4/2 6729/4/2
f 6729/4/2 6699/4/2 6730/4/2
f 6714/4/2 6715/4/2 6733/4/2
f 6733/4/2 6715/4/2 6734/4/2
f 6683/4/2 6684/4/2 6736/4/2
f 6684/4/2 6685/4/2 6736/4/2
f 6718/4/2 6719/4/2 6737/4/2
f 6737/4/2 6719/4/2 6738/4/2
f 6720/4/2 6721/4/2 6741/4/2
f 6721/4/2 6722/4/2 6741/4/2
f 6724/3/2 6725/3/2 6743/3/2
f 6743/3/2 6725/3/2 6744/3/2
f 6726/3/2 6727/3/2 6745/3/2
f 6745/3/2 6727/3/2 6746/3/2
f 6730/4/2 6731/4/2 6748/4/2
f 6729/4/2 6730/4/2 6748/4/2
f 6732/4/2 6733/4/2 6751/4/2
f 6751/4/2 6733/4/2 6752/4/2
f 6705/4/2 6706/4/2 6753/4/2
f 6704/4/2 6705/4/2 6753/4/2
f 6735/4/2 6736/4/2 6755/4/2
f 6736/4/2 6685/4/2 6755/4/2
f 6755/4/2 6685/4/2 6756/4/2
f 6738/4/2 6739/4/2 6757/4/2
f 6757/4/2 6739/4/2 6758/4/2
f 6740/4/2 6741/4/2 6760/4/2
f 6741/4/2 6722/4/2 6760/4/2
f 6760/4/2 6722/4/2 6761/4/2
f 6742/3/2 6743/3/2 6763/3/2
f 6763/3/2 6743/3/2 6764/3/2
f 6746/3/2 6747/3/2 6765/3/2
f 6765/3/2 6747/3/2 6766/3/2
f 6729/4/2 6748/4/2 6768/4/2
f 6748/4/2 6749/4/2 6768/4/2
f 6768/4/2 6749/4/2 6769/4/2
f 6750/4/2 6751/4/2 6771/4/2
f 6771/4/2 6751/4/2 6772/4/2
f 6753/4/2 6754/4/2 6773/4/2
f 6704/4/2 6753/4/2 6773/4/2
f 6773/4/2 6754/4/2 6774/4/2
f 6758/4/2 6759/4/2 6775/4/2
f 6775/4/2 6759/4/2 6776/4/2
f 6740/4/2 6760/4/2 6779/4/2
f 6762/3/2 6763/3/2 6781/3/2
f 6781/3/2 6763/3/2 6782/3/2
f 6766/3/2 6767/3/2 6783/3/2
f 6783/3/2 6767/3/2 6784/3/2
f 6769/4/2 6749/4/2 6786/4/2
f 6770/4/2 6771/4/2 6789/4/2
f 6789/4/2 6771/4/2 6790/4/2
f 6776/4/2 6777/4/2 6791/4/2
f 6791/4/2 6777/4/2 6792/4/2
f 6778/4/2 6779/4/2 6794/4/2
f 6779/4/2 6760/4/2 6794/4/2
f 6794/4/2 6760/4/2 6795/4/2
f 6780/3/2 6781/3/2 6797/3/2
f 6797/3/2 6781/3/2 6798/3/2
f 6784/3/2 6785/3/2 6799/3/2
f 6799/3/2 6785/3/2 6800/3/2
f 6786/4/2 6787/4/2 6802/4/2
f 6769/4/2 6786/4/2 6802/4/2
f 6802/4/2 6787/4/2 6803/4/2
f 6788/4/2 6789/4/2 6805/4/2
f 6805/4/2 6789/4/2 6806/4/2
f 6792/4/2 6793/4/2 6807/4/2
f 6807/4/2 6793/4/2 6808/4/2
f 6778/4/2 6794/4/2 6809/4/2
f 6809/4/2 6794/4/2 6810/4/2
f 6810/4/2 6794/4/2 6811/4/2
f 6796/3/2 6797/3/2 6812/3/2
f 6812/3/2 6797/3/2 6813/3/2
f 6800/3/2 6801/3/2 6814/3/2
f 6814/3/2 6801/3/2 6815/3/2
f 6803/4/2 6787/4/2 6816/4/2
f 6816/4/2 6787/4/2 6817/4/2
f 6817/4/2 6787/4/2 6818/4/2
f 6804/4/2 6805/4/2 6819/4/2
f 6819/4/2 6805/4/2 6820/4/2
f 6808/4/2 6809/4/2 6821/4/2
f 6809/4/2 6810/4/2 6821/4/2
f 6817/4/2 6818/4/2 6822/4/2
f 6818/4/2 6819/4/2 6822/4/2
f 6735/4/2 6755/4/2 6824/4/2
f 6824/4/2 6755/4/2 6825/4/2
f 6825/4/2 6755/4/2 6826/4/2
f 6774/4/2 6754/4/2 6827/4/2
f 6827/4/2 6754/4/2 6828/4/2
f 6828/4/2 6754/4/2 6829/4/2
f 6808/4/2 6821/4/2 6832/4/2
f 6822/4/2 6819/4/2 6833/4/2
f 6831/4/2 6832/4/2 6835/4/2
f 6832/4/2 6821/4/2 6835/4/2
f 6835/4/2 6821/4/2 6836/4/2
f 6833/4/2 6834/4/2 6837/4/2
f 6822/4/2 6833/4/2 6837/4/2
f 6837/4/2 6834/4/2 6838/4/2
f 6824/4/2 6825/4/2 6843/4/2
f 6823/4/2 6824/4/2 6843/4/2
f 6831/4/2 6835/4/2 6844/4/2
f 6838/4/2 6834/4/2 6845/4/2
f 6829/4/2 6830/4/2 6846/4/2
f 6828/4/2 6829/4/2 6846/4/2
f 6843/4/2 6844/4/2 6847/4/2
f 6823/4/2 6843/4/2 6847/4/2
f 6844/4/2 6835/4/2 6848/4/2
f 6847/4/2 6844/4/2 6848/4/2
f 6838/4/2 6845/4/2 6849/4/2
f 6845/4/2 6846/4/2 6849/4/2
f 6846/4/2 6830/4/2 6850/4/2
f 6849/4/2 6846/4/2 6850/4/2
f 6839/3/2 6840/3/2 6851/3/2
f 6851/3/2 6840/3/2 6852/3/2
f 6841/3/2 6842/3/2 6853/3/2
f 6853/3/2 6842/3/2 6854/3/2
f 6848/4/2 6835/4/2 6855/4/2
f 6838/4/2 6849/4/2 6858/4/2
f 6855/4/2 6856/4/2 6859/4/2
f 6848/4/2 6855/4/2 6859/4/2
f 6859/4/2 6856/4/2 6860/4/2
f 6857/4/2 6858/4/2 6861/4/2
f 6858/4/2 6849/4/2 6861/4/2
f 6861/4/2 6849/4/2 6862/4/2
f 6823/4/2 6847/4/2 6863/4/2
f 6863/4/2 6847/4/2 6864/4/2
f 6864/4/2 6847/4/2 6865/4/2
f 6850/4/2 6830/4/2 6868/4/2
f 6868/4/2 6830/4/2 6869/4/2
f 6869/4/2 6830/4/2 6870/4/2
f 6860/4/2 6856/4/2 6871/4/2
f 6857/4/2 6861/4/2 6872/4/2
f 6860/4/2 6871/4/2 6874/4/2
f 6874/4/2 6871/4/2 6875/4/2
f 6875/4/2 6871/4/2 6876/4/2
f 6872/4/2 6861/4/2 6883/4/2
f 6883/4/2 6861/4/2 6884/4/2
f 6884/4/2 6861/4/2 6885/4/2
f 6873/4/2 6874/4/2 6888/4/2
f 6888/4/2 6874/4/2 6889/4/2
f 6875/4/2 6876/4/2 6890/4/2
f 6876/4/2 6877/4/2 6890/4/2
f 6878/3/2 6879/3/2 6892/3/2
f 6892/3/2 6879/3/2 6893/3/2
f 6880/3/2 6881/3/2 6896/3/2
f 6896/3/2 6881/3/2 6897/3/2
f 6883/4/2 6884/4/2 6899/4/2
f 6882/4/2 6883/4/2 6899/4/2
f 6885/4/2 6886/4/2 6900/4/2
f 6900/4/2 6886/4/2 6901/4/2
f 6887/4/2 6888/4/2 6904/4/2
f 6904/4/2 6888/4/2 6905/4/2
f 6890/4/2 6891/4/2 6906/4/2
f 6875/4/2 6890/4/2 6906/4/2
f 6906/4/2 6891/4/2 6907/4/2
f 6893/3/2 6894/3/2 6908/3/2
f 6908/3/2 6894/3/2 6909/3/2
f 6895/3/2 6896/3/2 6912/3/2
f 6912/3/2 6896/3/2 6913/3/2
f 6898/4/2 6899/4/2 6914/4/2
f 6899/4/2 6884/4/2 6914/4/2
f 6914/4/2 6884/4/2 6915/4/2
f 6901/4/2 6902/4/2 6916/4/2
f 6916/4/2 6902/4/2 6917/4/2
f 6864/4/2 6865/4/2 6919/4/2
f 6865/4/2 6866/4/2 6919/4/2
f 6903/4/2 6904/4/2 6922/4/2
f 6922/4/2 6904/4/2 6923/4/2
f 6907/4/2 6891/4/2 6924/4/2
f 6909/3/2 6910/3/2 6926/3/2
f 6926/3/2 6910/3/2 6927/3/2
f 6911/3/2 6912/3/2 6930/3/2
f 6930/3/2 6912/3/2 6931/3/2
f 6898/4/2 6914/4/2 6933/4/2
f 6917/4/2 6918/4/2 6934/4/2
f 6934/4/2 6918/4/2 6935/4/2
f 6868/4/2 6869/4/2 6938/4/2
f 6867/4/2 6868/4/2 6938/4/2
f 6919/4/2 6920/4/2 6939/4/2
f 6864/4/2 6919/4/2 6939/4/2
f 6939/4/2 6920/4/2 6940/4/2
f 6921/4/2 6922/4/2 6942/4/2
f 6942/4/2 6922/4/2 6943/4/2
f 6924/4/2 6925/4/2 6944/4/2
f 6907/4/2 6924/4/2 6944/4/2
f 6944/4/2 6925/4/2 6945/4/2
f 6927/3/2 6928/3/2 6946/3/2
f 6946/3/2 6928/3/2 6947/3/2
f 6929/3/2 6930/3/2 6950/3/2
f 6950/3/2 6930/3/2 6951/3/2
f 6932/4/2 6933/4/2 6952/4/2
f 6933/4/2 6914/4/2 6952/4/2
f 6952/4/2 6914/4/2 6953/4/2
f 6935/4/2 6936/4/2 6954/4/2
f 6954/4/2 6936/4/2 6955/4/2
f 6937/4/2 6938/4/2 6957/4/2
f 6938/4/2 6869/4/2 6957/4/2
f 6957/4/2 6869/4/2 6958/4/2
f 6941/4/2 6942/4/2 6960/4/2
f 6960/4/2 6942/4/2 6961/4/2
f 6945/4/2 6925/4/2 6962/4/2
f 6962/4/2 6925/4/2 6963/4/2
f 6963/4/2 6925/4/2 6964/4/2
f 6947/3/2 6948/3/2 6966/3/2
f 6966/3/2 6948/3/2 6967/3/2
f 6949/3/2 6950/3/2 6968/3/2
f 6968/3/2 6950/3/2 6969/3/2
f 6932/4/2 6952/4/2 6971/4/2
f 6971/4/2 6952/4/2 6972/4/2
f 6972/4/2 6952/4/2 6973/4/2
f 6955/4/2 6956/4/2 6974/4/2
f 6974/4/2 6956/4/2 6975/4/2
f 6959/4/2 6960/4/2 6978/4/2
f 6978/4/2 6960/4/2 6979/4/2
f 6964/4/2 6965/4/2 6980/4/2
f 6963/4/2 6964/4/2 6980/4/2
f 6971/4/2 6972/4/2 6983/4/2
f 6970/4/2 6971/4/2 6983/4/2
f 6975/4/2 6976/4/2 6984/4/2
f 6984/4/2 6976/4/2 6985/4/2
f 6940/4/2 6920/4/2 6987/4/2
f 6987/4/2 6920/4/2 6988/4/2
f 6988/4/2 6920/4/2 6989/4/2
f 6977/4/2 6978/4/2 6992/4/2
f 6992/4/2 6978/4/2 6993/4/2
f 6980/4/2 6981/4/2 6994/4/2
f 6963/4/2 6980/4/2 6994/4/2
f 6994/4/2 6981/4/2 6995/4/2
f 6995/4/2 6981/4/2 6996/4/2
f 6982/4/2 6983/4/2 7001/4/2
f 6983/4/2 6972/4/2 7002/4/2
f 7001/4/2 6983/4/2 7002/4/2
f 7002/4/2 6972/4/2 7003/4/2
f 6985/4/2 6986/4/2 7004/4/2
f 7004/4/2 6986/4/2 7005/4/2
f 6937/4/2 6957/4/2 7008/4/2
f 7008/4/2 6957/4/2 7009/4/2
f 7009/4/2 6957/4/2 7010/4/2
f 6991/4/2 6992/4/2 7012/4/2
f 7012/4/2 6992/4/2 7013/4/2
f 6995/4/2 6996/4/2 7014/4/2
f 6996/4/2 6997/4/2 7014/4/2
f 7014/4/2 6997/4/2 7015/4/2
f 7015/4/2 6997/4/2 7016/4/2
f 6998/3/2 6999/3/2 7018/3/2
f 7018/3/2 6999/3/2 7019/3/2
f 7000/4/2 7001/4/2 7021/4/2
f 7001/4/2 7002/4/2 7021/4/2
f 7021/4/2 7002/4/2 7022/4/2
f 7022/4/2 7002/4/2 7023/4/2
f 7005/4/2 7006/4/2 7024/4/2
f 7024/4/2 7006/4/2 7025/4/2
f 7011/4/2 7012/4/2 7028/4/2
f 7028/4/2 7012/4/2 7029/4/2
f 7016/4/2 7017/4/2 7030/4/2
f 7015/4/2 7016/4/2 7030/4/2
f 7021/4/2 7022/4/2 7033/4/2
f 7020/4/2 7021/4/2 7033/4/2
f 7025/4/2 7026/4/2 7034/4/2
f 7034/4/2 7026/4/2 7035/4/2
f 6989/4/2 6990/4/2 7037/4/2
f 6988/4/2 6989/4/2 7037/4/2
f 7037/4/2 6990/4/2 7038/4/2
f 7038/4/2 6990/4/2 7039/4/2
f 7027/4/2 7028/4/2 7042/4/2
f 7042/4/2 7028/4/2 7043/4/2
f 7030/4/2 7031/4/2 7045/4/2
f 7015/4/2 7030/4/2 7045/4/2
f 7045/4/2 7031/4/2 7046/4/2
f 7046/4/2 7031/4/2 7047/4/2
f 7032/4/2 7033/4/2 7050/4/2
f 7033/4/2 7022/4/2 7051/4/2
f 7050/4/2 7033/4/2 7051/4/2
f 7051/4/2 7022/4/2 7052/4/2
f 7035/4/2 7036/4/2 7054/4/2
f 7054/4/2 7036/4/2 7055/4/2
f 7008/4/2 7009/4/2 7058/4/2
f 7007/4/2 7008/4/2 7058/4/2
f 7058/4/2 7009/4/2 7059/4/2
f 7059/4/2 7009/4/2 7060/4/2
f 7041/4/2 7042/4/2 7062/4/2
f 7062/4/2 7042/4/2 7063/4/2
f 7044/4/2 7045/4/2 7065/4/2
f 7065/4/2 7045/4/2 7066/4/2
f 7047/4/2 7048/4/2 7067/4/2
f 7046/4/2 7047/4/2 7067/4/2
f 7067/4/2 7048/4/2 7068/4/2
f 7068/4/2 7048/4/2 7069/4/2
f 7049/4/2 7050/4/2 7072/4/2
f 7050/4/2 7051/4/2 7072/4/2
f 7072/4/2 7051/4/2 7073/4/2
f 7073/4/2 7051/4/2 7074/4/2
f 7052/4/2 7053/4/2 7075/4/2
f 7075/4/2 7053/4/2 7076/4/2
f 7055/4/2 7056/4/2 7078/4/2
f 7078/4/2 7056/4/2 7079/4/2
f 7039/4/2 7040/4/2 7081/4/2
f 7038/4/2 7039/4/2 7081/4/2
f 7061/4/2 7062/4/2 7082/4/2
f 7082/4/2 7062/4/2 7083/4/2
f 7064/4/2 7065/4/2 7085/4/2
f 7085/4/2 7065/4/2 7086/4/2
f 7069/4/2 7070/4/2 7087/4/2
f 7068/4/2 7069/4/2 7087/4/2
f 7087/4/2 7070/4/2 7088/4/2
f 7088/4/2 7070/4/2 7089/4/2
f 7072/4/2 7073/4/2 7092/4/2
f 7071/4/2 7072/4/2 7092/4/2
f 7092/4/2 7073/4/2 7093/4/2
f 7093/4/2 7073/4/2 7094/4/2
f 7076/4/2 7077/4/2 7095/4/2
f 7095/4/2 7077/4/2 7096/4/2
f 7079/4/2 7080/4/2 7098/4/2
f 7098/4/2 7080/4/2 7099/4/2
f 7058/4/2 7059/4/2 7100/4/2
f 7057/4/2 7058/4/2 7100/4/2
f 7038/4/2 7081/4/2 7101/4/2
f 7081/4/2 7082/4/2 7101/4/2
f 7101/4/2 7082/4/2 7102/4/2
f 7102/4/2 7082/4/2 7103/4/2
f 7103/4/2 7082/4/2 7104/4/2
f 7084/4/2 7085/4/2 7106/4/2
f 7106/4/2 7085/4/2 7107/4/2
f 7089/4/2 7090/4/2 7108/4/2
f 7088/4/2 7089/4/2 7108/4/2
f 7108/4/2 7090/4/2 7109/4/2
f 7109/4/2 7090/4/2 7110/4/2
f 7092/4/2 7093/4/2 7113/4/2
f 7091/4/2 7092/4/2 7113/4/2
f 7113/4/2 7093/4/2 7114/4/2
f 7114/4/2 7093/4/2 7115/4/2
f 7096/4/2 7097/4/2 7116/4/2
f 7116/4/2 7097/4/2 7117/4/2
f 7099/4/2 7100/4/2 7119/4/2
f 7119/4/2 7100/4/2 7120/4/2
f 7100/4/2 7059/4/2 7121/4/2
f 7120/4/2 7100/4/2 7121/4/2
f 7121/4/2 7059/4/2 7122/4/2
f 7105/4/2 7106/4/2 7124/4/2
f 7124/4/2 7106/4/2 7125/4/2
f 7110/4/2 7111/4/2 7126/4/2
f 7109/4/2 7110/4/2 7126/4/2
f 7126/4/2 7111/4/2 7127/4/2
f 7127/4/2 7111/4/2 7128/4/2
f 7113/4/2 7114/4/2 7133/4/2
f 7112/4/2 7113/4/2 7133/4/2
f 7133/4/2 7114/4/2 7134/4/2
f 7134/4/2 7114/4/2 7135/4/2
f 7117/4/2 7118/4/2 7136/4/2
f 7136/4/2 7118/4/2 7137/4/2
f 7102/4/2 7103/4/2 7139/4/2
f 7139/4/2 7103/4/2 7140/4/2
f 7140/4/2 7103/4/2 7141/4/2
f 7123/4/2 7124/4/2 7144/4/2
f 7144/4/2 7124/4/2 7145/4/2
f 7129/4/2 7130/4/2 7146/4/2
f 7127/4/2 7128/4/2 7146/4/2
f 7128/4/2 7129/4/2 7146/4/2
f 7146/4/2 7130/4/2 7147/4/2
f 7147/4/2 7130/4/2 7148/4/2
f 7131/4/2 7132/4/2 7149/4/2
f 7133/4/2 7134/4/2 7149/4/2
f 7132/4/2 7133/4/2 7149/4/2
f 7149/4/2 7134/4/2 7150/4/2
f 7150/4/2 7134/4/2 7151/4/2
f 7137/4/2 7138/4/2 7152/4/2
f 7152/4/2 7138/4/2 7153/4/2
f 7120/4/2 7121/4/2 7156/4/2
f 7156/4/2 7121/4/2 7157/4/2
f 7157/4/2 7121/4/2 7158/4/2
f 7143/4/2 7144/4/2 7160/4/2
f 7160/4/2 7144/4/2 7161/4/2
f 7147/4/2 7148/4/2 7163/4/2
f 7148/4/2 7149/4/2 7163/4/2
f 7149/4/2 7150/4/2 7163/4/2
f 7163/4/2 7150/4/2 7164/4/2
f 7164/4/2 7150/4/2 7165/4/2
f 7165/4/2 7150/4/2 7166/4/2
f 7153/4/2 7154/4/2 7168/4/2
f 7168/4/2 7154/4/2 7169/4/2
f 7141/4/2 7142/4/2 7171/4/2
f 7140/4/2 7141/4/2 7171/4/2
f 7171/4/2 7142/4/2 7172/4/2
f 7172/4/2 7142/4/2 7173/4/2
f 7159/4/2 7160/4/2 7176/4/2
f 7176/4/2 7160/4/2 7177/4/2
f 7164/4/2 7165/4/2 7178/4/2
f 7178/4/2 7165/4/2 7179/4/2
f 7179/4/2 7165/4/2 7180/4/2
f 7180/4/2 7165/4/2 7181/4/2
f 7169/4/2 7170/4/2 7182/4/2
f 7182/4/2 7170/4/2 7183/4/2
f 7156/4/2 7157/4/2 7186/4/2
f 7155/4/2 7156/4/2 7186/4/2
f 7186/4/2 7157/4/2 7187/4/2
f 7187/4/2 7157/4/2 7188/4/2
f 7173/4/2 7174/4/2 7189/4/2
f 7172/4/2 7173/4/2 7189/4/2
f 7175/4/2 7176/4/2 7192/4/2
f 7192/4/2 7176/4/2 7193/4/2
f 7162/4/2 7163/4/2 7195/4/2
f 7195/4/2 7163/4/2 7196/4/2
f 7166/4/2 7167/4/2 7197/4/2
f 7197/4/2 7167/4/2 7198/4/2
f 7183/4/2 7184/4/2 7200/4/2
f 7200/4/2 7184/4/2 7201/4/2
f 7186/4/2 7187/4/2 7204/4/2
f 7185/4/2 7186/4/2 7204/4/2
f 7189/4/2 7190/4/2 7205/4/2
f 7172/4/2 7189/4/2 7205/4/2
f 7205/4/2 7190/4/2 7206/4/2
f 7191/4/2 7192/4/2 7208/4/2
f 7208/4/2 7192/4/2 7209/4/2
f 7201/4/2 7202/4/2 7210/4/2
f 7210/4/2 7202/4/2 7211/4/2
f 7203/4/2 7204/4/2 7213/4/2
f 7204/4/2 7187/4/2 7213/4/2
f 7213/4/2 7187/4/2 7214/4/2
f 7206/4/2 7190/4/2 7215/4/2
f 7207/4/2 7208/4/2 7218/4/2
f 7218/4/2 7208/4/2 7219/4/2
f 7194/4/2 7195/4/2 7221/4/2
f 7221/4/2 7195/4/2 7222/4/2
f 7198/4/2 7199/4/2 7223/4/2
f 7223/4/2 7199/4/2 7224/4/2
f 7211/4/2 7212/4/2 7226/4/2
f 7226/4/2 7212/4/2 7227/4/2
f 7203/4/2 7213/4/2 7230/4/2
f 7215/4/2 7216/4/2 7231/4/2
f 7206/4/2 7215/4/2 7231/4/2
f 7231/4/2 7216/4/2 7232/4/2
f 7217/4/2 7218/4/2 7234/4/2
f 7234/4/2 7218/4/2 7235/4/2
f 7227/4/2 7228/4/2 7236/4/2
f 7236/4/2 7228/4/2 7237/4/2
f 7229/4/2 7230/4/2 7239/4/2
f 7230/4/2 7213/4/2 7239/4/2
f 7239/4/2 7213/4/2 7240/4/2
f 7232/4/2 7216/4/2 7241/4/2
f 7241/4/2 7216/4/2 7242/4/2
f 7242/4/2 7216/4/2 7243/4/2
f 7233/4/2 7234/4/2 7246/4/2
f 7246/4/2 7234/4/2 7247/4/2
f 7220/4/2 7221/4/2 7249/4/2
f 7249/4/2 7221/4/2 7250/4/2
f 7224/4/2 7225/4/2 7251/4/2
f 7251/4/2 7225/4/2 7252/4/2
f 7237/4/2 7238/4/2 7254/4/2
f 7254/4/2 7238/4/2 7255/4/2
f 7229/4/2 7239/4/2 7258/4/2
f 7258/4/2 7239/4/2 7259/4/2
f 7259/4/2 7239/4/2 7260/4/2
f 7243/4/2 7244/4/2 7261/4/2
f 7242/4/2 7243/4/2 7261/4/2
f 7245/4/2 7246/4/2 7264/4/2
f 7264/4/2 7246/4/2 7265/4/2
f 7255/4/2 7256/4/2 7266/4/2
f 7266/4/2 7256/4/2 7267/4/2
f 7258/4/2 7259/4/2 7270/4/2
f 7257/4/2 7258/4/2 7270/4/2
f 7261/4/2 7262/4/2 7271/4/2
f 7242/4/2 7261/4/2 7271/4/2
f 7271/4/2 7262/4/2 7272/4/2
f 7272/4/2 7262/4/2 7273/4/2
f 7263/4/2 7264/4/2 7276/4/2
f 7276/4/2 7264/4/2 7277/4/2
f 7248/4/2 7249/4/2 7279/4/2
f 7279/4/2 7249/4/2 7280/4/2
f 7252/4/2 7253/4/2 7281/4/2
f 7281/4/2 7253/4/2 7282/4/2
f 7267/4/2 7268/4/2 7284/4/2
f 7284/4/2 7268/4/2 7285/4/2
f 7269/4/2 7270/4/2 7288/4/2
f 7270/4/2 7259/4/2 7289/4/2
f 7288/4/2 7270/4/2 7289/4/2
f 7289/4/2 7259/4/2 7290/4/2
f 7273/4/2 7274/4/2 7291/4/2
f 7272/4/2 7273/4/2 7291/4/2
f 7291/4/2 7274/4/2 7292/4/2
f 7275/4/2 7276/4/2 7294/4/2
f 7294/4/2 7276/4/2 7295/4/2
f 7285/4/2 7286/4/2 7296/4/2
f 7296/4/2 7286/4/2 7297/4/2
f 7287/4/2 7288/4/2 7299/4/2
f 7288/4/2 7289/4/2 7299/4/2
f 7299/4/2 7289/4/2 7300/4/2
f 7292/4/2 7274/4/2 7301/4/2
f 7301/4/2 7274/4/2 7302/4/2
f 7302/4/2 7274/4/2 7303/4/2
f 7293/4/2 7294/4/2 7306/4/2
f 7306/4/2 7294/4/2 7307/4/2
f 7278/4/2 7279/4/2 7309/4/2
f 7309/4/2 7279/4/2 7310/4/2
f 7282/4/2 7283/4/2 7311/4/2
f 7311/4/2 7283/4/2 7312/4/2
f 7297/4/2 7298/4/2 7314/4/2
f 7314/4/2 7298/4/2 7315/4/2
f 7287/4/2 7299/4/2 7318/4/2
f 7318/4/2 7299/4/2 7319/4/2
f 7319/4/2 7299/4/2 7320/4/2
f 7303/4/2 7304/4/2 7321/4/2
f 7302/4/2 7303/4/2 7321/4/2
f 7305/4/2 7306/4/2 7324/4/2
f 7324/4/2 7306/4/2 7325/4/2
f 7315/4/2 7316/4/2 7326/4/2
f 7326/4/2 7316/4/2 7327/4/2
f 7318/4/2 7319/4/2 7330/4/2
f 7317/4/2 7318/4/2 7330/4/2
f 7321/4/2 7322/4/2 7331/4/2
f 7302/4/2 7321/4/2 7331/4/2
f 7331/4/2 7322/4/2 7332/4/2
f 7332/4/2 7322/4/2 7333/4/2
f 7323/4/2 7324/4/2 7336/4/2
f 7336/4/2 7324/4/2 7337/4/2
f 7308/4/2 7309/4/2 7339/4/2
f 7339/4/2 7309/4/2 7340/4/2
f 7312/4/2 7313/4/2 7341/4/2
f 7341/4/2 7313/4/2 7342/4/2
f 7327/4/2 7328/4/2 7344/4/2
f 7344/4/2 7328/4/2 7345/4/2
f 7329/4/2 7330/4/2 7348/4/2
f 7330/4/2 7319/4/2 7349/4/2
f 7348/4/2 7330/4/2 7349/4/2
f 7349/4/2 7319/4/2 7350/4/2
f 7333/4/2 7334/4/2 7351/4/2
f 7332/4/2 7333/4/2 7351/4/2
f 7351/4/2 7334/4/2 7352/4/2
f 7352/4/2 7334/4/2 7353/4/2
f 7335/4/2 7336/4/2 7354/4/2
f 7354/4/2 7336/4/2 7355/4/2
f 7345/4/2 7346/4/2 7356/4/2
f 7356/4/2 7346/4/2 7357/4/2
f 7347/4/2 7348/4/2 7358/4/2
f 7348/4/2 7349/4/2 7358/4/2
f 7358/4/2 7349/4/2 7359/4/2
f 7359/4/2 7349/4/2 7360/4/2
f 7352/4/2 7353/4/2 7361/4/2
f 7353/4/2 7354/4/2 7361/4/2
f 7361/4/2 7354/4/2 7362/4/2
f 7338/4/2 7339/4/2 7364/4/2
f 7364/4/2 7339/4/2 7365/4/2
f 7342/4/2 7343/4/2 7366/4/2
f 7366/4/2 7343/4/2 7367/4/2
f 7358/4/2 7359/4/2 7369/4/2
f 7357/4/2 7358/4/2 7369/4/2
f 7369/4/2 7359/4/2 7370/4/2
f 7362/4/2 7354/4/2 7371/4/2
f 7371/4/2 7354/4/2 7372/4/2
f 7372/4/2 7354/4/2 7373/4/2
f 7357/4/2 7369/4/2 7376/4/2
f 7376/4/2 7369/4/2 7377/4/2
f 7377/4/2 7369/4/2 7378/4/2
f 7373/4/2 7374/4/2 7379/4/2
f 7372/4/2 7373/4/2 7379/4/2
f 7379/4/2 7374/4/2 7380/4/2
f 7380/4/2 7374/4/2 7381/4/2
f 7363/4/2 7364/4/2 7384/4/2
f 7384/4/2 7364/4/2 7385/4/2
f 7367/4/2 7368/4/2 7386/4/2
f 7386/4/2 7368/4/2 7387/4/2
f 7376/4/2 7377/4/2 7390/4/2
f 7375/4/2 7376/4/2 7390/4/2
f 7390/4/2 7377/4/2 7391/4/2
f 7391/4/2 7377/4/2 7392/4/2
f 7381/4/2 7382/4/2 7393/4/2
f 7380/4/2 7381/4/2 7393/4/2
f 7393/4/2 7382/4/2 7394/4/2
f 7394/4/2 7382/4/2 7395/4/2
f 7390/4/2 7391/4/2 7398/4/2
f 7389/4/2 7390/4/2 7398/4/2
f 7398/4/2 7391/4/2 7399/4/2
f 7399/4/2 7391/4/2 7400/4/2
f 7395/4/2 7396/4/2 7401/4/2
f 7394/4/2 7395/4/2 7401/4/2
f 7401/4/2 7396/4/2 7402/4/2
f 7402/4/2 7396/4/2 7403/4/2
f 7383/4/2 7384/4/2 7406/4/2
f 7406/4/2 7384/4/2 7407/4/2
f 7387/4/2 7388/4/2 7408/4/2
f 7408/4/2 7388/4/2 7409/4/2
f 7398/4/2 7399/4/2 7412/4/2
f 7397/4/2 7398/4/2 7412/4/2
f 7412/4/2 7399/4/2 7413/4/2
f 7413/4/2 7399/4/2 7414/4/2
f 7403/4/2 7404/4/2 7415/4/2
f 7402/4/2 7403/4/2 7415/4/2
f 7415/4/2 7404/4/2 7416/4/2
f 7416/4/2 7404/4/2 7417/4/2
f 7412/4/2 7413/4/2 7420/4/2
f 7411/4/2 7412/4/2 7420/4/2
f 7420/4/2 7413/4/2 7421/4/2
f 7421/4/2 7413/4/2 7422/4/2
f 7417/4/2 7418/4/2 7423/4/2
f 7416/4/2 7417/4/2 7423/4/2
f 7423/4/2 7418/4/2 7424/4/2
f 7424/4/2 7418/4/2 7425/4/2
f 7405/4/2 7406/4/2 7428/4/2
f 7428/4/2 7406/4/2 7429/4/2
f 7409/4/2 7410/4/2 7430/4/2
f 7430/4/2 7410/4/2 7431/4/2
f 7420/4/2 7421/4/2 7434/4/2
f 7419/4/2 7420/4/2 7434/4/2
f 7434/4/2 7421/4/2 7435/4/2
f 7435/4/2 7421/4/2 7436/4/2
f 7425/4/2 7426/4/2 7437/4/2
f 7424/4/2 7425/4/2 7437/4/2
f 7437/4/2 7426/4/2 7438/4/2
f 7438/4/2 7426/4/2 7439/4/2
f 7434/4/2 7435/4/2 7442/4/2
f 7433/4/2 7434/4/2 7442/4/2
f 7442/4/2 7435/4/2 7443/4/2
f 7443/4/2 7435/4/2 7444/4/2
f 7439/4/2 7440/4/2 7445/4/2
f 7438/4/2 7439/4/2 7445/4/2
f 7445/4/2 7440/4/2 7446/4/2
f 7446/4/2 7440/4/2 7447/4/2
f 7427/4/2 7428/4/2 7450/4/2
f 7450/4/2 7428/4/2 7451/4/2
f 7431/4/2 7432/4/2 7452/4/2
f 7452/4/2 7432/4/2 7453/4/2
f 7442/4/2 7443/4/2 7456/4/2
f 7441/4/2 7442/4/2 7456/4/2
f 7456/4/2 7443/4/2 7457/4/2
f 7457/4/2 7443/4/2 7458/4/2
f 7447/4/2 7448/4/2 7459/4/2
f 7446/4/2 7447/4/2 7459/4/2
f 7459/4/2 7448/4/2 7460/4/2
f 7460/4/2 7448/4/2 7461/4/2
f 7456/4/2 7457/4/2 7464/4/2
f 7455/4/2 7456/4/2 7464/4/2
f 7464/4/2 7457/4/2 7465/4/2
f 7465/4/2 7457/4/2 7466/4/2
f 7461/4/2 7462/4/2 7467/4/2
f 7460/4/2 7461/4/2 7467/4/2
f 7467/4/2 7462/4/2 7468/4/2
f 7468/4/2 7462/4/2 7469/4/2
f 7449/4/2 7450/4/2 7472/4/2
f 7472/4/2 7450/4/2 7473/4/2
f 7453/4/2 7454/4/2 7474/4/2
f 7474/4/2 7454/4/2 7475/4/2
f 7464/4/2 7465/4/2 7478/4/2
f 7463/4/2 7464/4/2 7478/4/2
f 7478/4/2 7465/4/2 7479/4/2
f 7479/4/2 7465/4/2 7480/4/2
f 7469/4/2 7470/4/2 7481/4/2
f 7468/4/2 7469/4/2 7481/4/2
f 7481/4/2 7470/4/2 7482/4/2
f 7482/4/2 7470/4/2 7483/4/2
f 7471/4/2 7472/4/2 7484/4/2
f 7475/4/2 7476/4/2 7485/4/2
f 7478/4/2 7479/4/2 7486/4/2
f 7477/4/2 7478/4/2 7486/4/2
f 7486/4/2 7479/4/2 7487/4/2
f 7487/4/2 7479/4/2 7488/4/2
f 7483/4/2 7484/4/2 7489/4/2
f 7482/4/2 7483/4/2 7489/4/2
f 7489/4/2 7484/4/2 7490/4/2
f 7484/4/2 7472/4/2 7491/4/2
f 7490/4/2 7484/4/2 7491/4/2
f 7475/4/2 7485/4/2 7494/4/2
f 7486/4/2 7487/4/2 7494/4/2
f 7485/4/2 7486/4/2 7494/4/2
f 7494/4/2 7487/4/2 7495/4/2
f 7495/4/2 7487/4/2 7496/4/2
f 7491/4/2 7492/4/2 7497/4/2
f 7490/4/2 7491/4/2 7497/4/2
f 7497/4/2 7492/4/2 7498/4/2
f 7498/4/2 7492/4/2 7499/4/2
f 7494/4/2 7495/4/2 7502/4/2
f 7493/4/2 7494/4/2 7502/4/2
f 7502/4/2 7495/4/2 7503/4/2
f 7503/4/2 7495/4/2 7504/4/2
f 7499/4/2 7500/4/2 7505/4/2
f 7498/4/2 7499/4/2 7505/4/2
f 7505/4/2 7500/4/2 7506/4/2
f 7506/4/2 7500/4/2 7507/4/2
f 7502/4/2 7503/4/2 7510/4/2
f 7501/4/2 7502/4/2 7510/4/2
f 7510/4/2 7503/4/2 7511/4/2
f 7511/4/2 7503/4/2 7512/4/2
f 7507/4/2 7508/4/2 7513/4/2
f 7506/4/2 7507/4/2 7513/4/2
f 7513/4/2 7508/4/2 7514/4/2
f 7514/4/2 7508/4/2 7515/4/2
f 7510/4/2 7511/4/2 7518/4/2
f 7509/4/2 7510/4/2 7518/4/2
f 7518/4/2 7511/4/2 7519/4/2
f 7519/4/2 7511/4/2 7520/4/2
f 7515/4/2 7516/4/2 7521/4/2
f 7514/4/2 7515/4/2 7521/4/2
f 7521/4/2 7516/4/2 7522/4/2
f 7522/4/2 7516/4/2 7523/4/2
f 7179/4/2 7180/4/2 7524/4/2
f 7524/4/2 7180/4/2 7525/4/2
f 7518/4/2 7519/4/2 7526/4/2
f 7517/4/2 7518/4/2 7526/4/2
f 7526/4/2 7519/4/2 7527/4/2
f 7527/4/2 7519/4/2 7528/4/2
f 7522/4/2 7523/4/2 7529/4/2
f 7524/4/2 7525/4/2 7529/4/2
f 7526/4/2 7527/4/2 7529/4/2
f 7525/4/2 7526/4/2 7529/4/2
f 7523/4/2 7524/4/2 7529/4/2
f 7529/4/2 7527/4/2 7530/4/2
f 7530/4/2 7527/4/2 7531/4/2
f 7531/4/2 7527/4/2 7532/4/2
f 7530/4/2 7531/4/2 7533/4/2
f 7533/4/2 7531/4/2 7534/4/2
f 7535/4/2 7536/4/2 7539/4/2
f 7539/4/2 7536/4/2 7540/4/2
f 7537/4/2 7538/4/2 7543/4/2
f 7543/4/2 7538/4/2 7544/4/2
f 7540/4/2 7541/4/2 7545/4/2
f 7545/4/2 7541/4/2 7546/4/2
f 7542/4/2 7543/4/2 7549/4/2
f 7549/4/2 7543/4/2 7550/4/2
f 7546/4/2 7547/4/2 7551/4/2
f 7551/4/2 7547/4/2 7552/4/2
f 7548/4/2 7549/4/2 7555/4/2
f 7555/4/2 7549/4/2 7556/4/2
f 7552/4/2 7553/4/2 7559/4/2
f 7559/4/2 7553/4/2 7560/4/2
f 7557/3/2 7558/3/2 7561/3/2
f 7561/3/2 7558/3/2 7562/3/2
f 7554/4/2 7555/4/2 7563/4/2
f 7563/4/2 7555/4/2 7564/4/2
f 7565/4/2 7566/4/2 7569/4/2
f 7569/4/2 7566/4/2 7570/4/2
f 7567/4/2 7568/4/2 7573/4/2
f 7573/4/2 7568/4/2 7574/4/2
f 7570/4/2 7571/4/2 7575/4/2
f 7575/4/2 7571/4/2 7576/4/2
f 7572/4/2 7573/4/2 7579/4/2
f 7579/4/2 7573/4/2 7580/4/2
f 7576/4/2 7577/4/2 7581/4/2
f 7581/4/2 7577/4/2 7582/4/2
f 7578/4/2 7579/4/2 7585/4/2
f 7585/4/2 7579/4/2 7586/4/2
f 7582/4/2 7583/4/2 7587/4/2
f 7587/4/2 7583/4/2 7588/4/2
f 7584/4/2 7585/4/2 7589/4/2
f 7589/4/2 7585/4/2 7590/4/2
f 7591/3/2 7592/3/2 7595/3/2
f 7595/3/2 7592/3/2 7596/3/2
f 7593/3/2 7594/3/2 7597/3/2
f 7597/3/2 7594/3/2 7598/3/2
f 7599/4/2 7600/4/2 7604/4/2
f 7604/4/2 7600/4/2 7605/4/2
f 7601/4/2 7602/4/2 7606/4/2
f 7606/4/2 7602/4/2 7607/4/2
f 7603/4/2 7604/4/2 7610/4/2
f 7610/4/2 7604/4/2 7611/4/2
f 7607/4/2 7608/4/2 7612/4/2
f 7612/4/2 7608/4/2 7613/4/2
f 7609/4/2 7610/4/2 7616/4/2
f 7616/4/2 7610/4/2 7617/4/2
f 7613/4/2 7614/4/2 7618/4/2
f 7618/4/2 7614/4/2 7619/4/2
f 7615/4/2 7616/4/2 7621/4/2
f 7621/4/2 7616/4/2 7622/4/2
f 7619/4/2 7620/4/2 7623/4/2
f 7623/4/2 7620/4/2 7624/4/2
f 7627/3/2 7628/3/2 7631/3/2
f 7631/3/2 7628/3/2 7632/3/2
f 7625/4/2 7626/4/2 7634/4/2
f 7634/4/2 7626/4/2 7635/4/2
f 7629/4/2 7630/4/2 7636/4/2
f 7636/4/2 7630/4/2 7637/4/2
f 7633/4/2 7634/4/2 7640/4/2
f 7640/4/2 7634/4/2 7641/4/2
f 7637/4/2 7638/4/2 7642/4/2
f 7642/4/2 7638/4/2 7643/4/2
f 7639/4/2 7640/4/2 7646/4/2
f 7646/4/2 7640/4/2 7647/4/2
f 7643/4/2 7644/4/2 7648/4/2
f 7648/4/2 7644/4/2 7649/4/2
f 7645/4/2 7646/4/2 7651/4/2
f 7651/4/2 7646/4/2 7652/4/2
f 7649/4/2 7650/4/2 7653/4/2
f 7653/4/2 7650/4/2 7654/4/2
f 7655/3/2 7656/3/2 7659/3/2
f 7659/3/2 7656/3/2 7660/3/2
f 7657/3/2 7658/3/2 7661/3/2
f 7661/3/2 7658/3/2 7662/3/2
f 7663/3/2 7664/3/2 7668/3/2
f 7668/3/2 7664/3/2 7669/3/2
f 7665/3/2 7666/3/2 7670/3/2
f 7670/3/2 7666/3/2 7671/3/2
f 7667/3/2 7668/3/2 7674/3/2
f 7674/3/2 7668/3/2 7675/3/2
f 7671/3/2 7672/3/2 7676/3/2
f 7676/3/2 7672/3/2 7677/3/2
f 7673/3/2 7674/3/2 7680/3/2
f 7680/3/2 7674/3/2 7681/3/2
f 7677/3/2 7678/3/2 7682/3/2
f 7682/3/2 7678/3/2 7683/3/2
f 7679/3/2 7680/3/2 7686/3/2
f 7686/3/2 7680/3/2 7687/3/2
f 7683/3/2 7684/3/2 7688/3/2
f 7688/3/2 7684/3/2 7689/3/2
f 7685/3/2 7686/3/2 7691/3/2
f 7691/3/2 7686/3/2 7692/3/2
f 7689/3/2 7690/3/2 7695/3/2
f 7695/3/2 7690/3/2 7696/3/2
f 7697/4/2 7698/4/2 7701/4/2
f 7701/4/2 7698/4/2 7702/4/2
f 7699/4/2 7700/4/2 7705/4/2
f 7705/4/2 7700/4/2 7706/4/2
f 7702/4/2 7703/4/2 7707/4/2
f 7707/4/2 7703/4/2 7708/4/2
f 7704/4/2 7705/4/2 7711/4/2
f 7711/4/2 7705/4/2 7712/4/2
f 7708/4/2 7709/4/2 7713/4/2
f 7713/4/2 7709/4/2 7714/4/2
f 7693/4/2 7694/4/2 7716/4/2
f 7716/4/2 7694/4/2 7717/4/2
f 7710/4/2 7711/4/2 7719/4/2
f 7719/4/2 7711/4/2 7720/4/2
f 7714/4/2 7715/4/2 7723/4/2
f 7723/4/2 7715/4/2 7724/4/2
f 7718/4/2 7719/4/2 7725/4/2
f 7725/4/2 7719/4/2 7726/4/2
f 7721/3/2 7722/3/2 7729/3/2
f 7729/3/2 7722/3/2 7730/3/2
f 7727/3/2 7728/3/2 7731/3/2
f 7731/3/2 7728/3/2 7732/3/2
f 7733/4/2 7734/4/2 7737/4/2
f 7737/4/2 7734/4/2 7738/4/2
f 7735/4/2 7736/4/2 7739/4/2
f 7739/4/2 7736/4/2 7740/4/2
f 7741/3/2 7742/3/2 7745/3/2
f 7745/3/2 7742/3/2 7746/3/2
f 7743/3/2 7744/3/2 7751/3/2
f 7751/3/2 7744/3/2 7752/3/2
f 7747/4/2 7748/4/2 7754/4/2
f 7754/4/2 7748/4/2 7755/4/2
f 7749/4/2 7750/4/2 7758/4/2
f 7758/4/2 7750/4/2 7759/4/2
f 7753/4/2 7754/4/2 7762/4/2
f 7762/4/2 7754/4/2 7763/4/2
f 7759/4/2 7760/4/2 7764/4/2
f 7764/4/2 7760/4/2 7765/4/2
f 7761/4/2 7762/4/2 7768/4/2
f 7768/4/2 7762/4/2 7769/4/2
f 7765/4/2 7766/4/2 7770/4/2
f 7770/4/2 7766/4/2 7771/4/2
f 7767/4/2 7768/4/2 7773/4/2
f 7773/4/2 7768/4/2 7774/4/2
f 7771/4/2 7772/4/2 7775/4/2
f 7775/4/2 7772/4/2 7776/4/2
f 7756/4/2 7757/4/2 7779/4/2
f 7779/4/2 7757/4/2 7780/4/2
f 7777/3/2 7778/3/2 7783/3/2
f 7783/3/2 7778/3/2 7784/3/2
f 7781/3/2 7782/3/2 7787/3/2
f 7787/3/2 7782/3/2 7788/3/2
f 7784/3/2 7785/3/2 7789/3/2
f 7789/3/2 7785/3/2 7790/3/2
f 7786/3/2 7787/3/2 7793/3/2
f 7793/3/2 7787/3/2 7794/3/2
f 7790/3/2 7791/3/2 7795/3/2
f 7795/3/2 7791/3/2 7796/3/2
f 7792/3/2 7793/3/2 7799/3/2
f 7799/3/2 7793/3/2 7800/3/2
f 7796/3/2 7797/3/2 7801/3/2
f 7801/3/2 7797/3/2 7802/3/2
f 7798/3/2 7799/3/2 7805/3/2
f 7805/3/2 7799/3/2 7806/3/2
f 7802/3/2 7803/3/2 7807/3/2
f 7807/3/2 7803/3/2 7808/3/2
f 7804/3/2 7805/3/2 7809/3/2
f 7809/3/2 7805/3/2 7810/3/2
f 7811/3/2 7812/3/2 7815/3/2
f 7815/3/2 7812/3/2 7816/3/2
f 7813/3/2 7814/3/2 7817/3/2
f 7817/3/2 7814/3/2 7818/3/2
f 7819/3/2 7820/3/2 7821/3/2
f 7821/3/2 7820/3/2 7822/3/2
f 7823/3/2 7824/3/2 7827/3/2
f 7827/3/2 7824/3/2 7828/3/2
f 7825/3/2 7826/3/2 7829/3/2
f 7829/3/2 7826/3/2 7830/3/2
f 7831/3/2 7832/3/2 7833/3/2
f 7833/3/2 7832/3/2 7834/3/2
f 7835/3/2 7836/3/2 7837/3/2
f 7837/3/2 7836/3/2 7838/3/2
f 7839/3/2 7840/3/2 7844/3/2
f 7844/3/2 7840/3/2 7845/3/2
f 7841/3/2 7842/3/2 7846/3/2
f 7846/3/2 7842/3/2 7847/3/2
f 7843/3/2 7844/3/2 7850/3/2
f 7850/3/2 7844/3/2 7851/3/2
f 7847/3/2 7848/3/2 7852/3/2
f 7852/3/2 7848/3/2 7853/3/2
f 7849/3/2 7850/3/2 7856/3/2
f 7856/3/2 7850/3/2 7857/3/2
f 7853/3/2 7854/3/2 7858/3/2
f 7858/3/2 7854/3/2 7859/3/2
f 7855/3/2 7856/3/2 7862/3/2
f 7862/3/2 7856/3/2 7863/3/2
f 7859/3/2 7860/3/2 7864/3/2
f 7864/3/2 7860/3/2 7865/3/2
f 7861/3/2 7862/3/2 7867/3/2
f 7867/3/2 7862/3/2 7868/3/2
f 7865/3/2 7866/3/2 7871/3/2
f 7871/3/2 7866/3/2 7872/3/2
f 7873/4/2 7874/4/2 7877/4/2
f 7877/4/2 7874/4/2 7878/4/2
f 7875/4/2 7876/4/2 7881/4/2
f 7881/4/2 7876/4/2 7882/4/2
f 7878/4/2 7879/4/2 7883/4/2
f 7883/4/2 7879/4/2 7884/4/2
f 7880/4/2 7881/4/2 7887/4/2
f 7887/4/2 7881/4/2 7888/4/2
f 7884/4/2 7885/4/2 7889/4/2
f 7889/4/2 7885/4/2 7890/4/2
f 7869/4/2 7870/4/2 7892/4/2
f 7892/4/2 7870/4/2 7893/4/2
f 7886/4/2 7887/4/2 7895/4/2
f 7895/4/2 7887/4/2 7896/4/2
f 7890/4/2 7891/4/2 7897/4/2
f 7897/4/2 7891/4/2 7898/4/2
f 7894/4/2 7895/4/2 7899/4/2
f 7899/4/2 7895/4/2 7900/4/2
f 7901/3/2 7902/3/2 7909/3/2
f 7909/3/2 7902/3/2 7910/3/2
f 7903/4/2 7904/4/2 7911/4/2
f 7911/4/2 7904/4/2 7912/4/2
f 7905/4/2 7906/4/2 7913/4/2
f 7913/4/2 7906/4/2 7914/4/2
f 7907/3/2 7908/3/2 7915/3/2
f 7915/3/2 7908/3/2 7916/3/2
f 7917/4/2 7918/4/2 7922/4/2
f 7922/4/2 7918/4/2 7923/4/2
f 7919/4/2 7920/4/2 7926/4/2
f 7926/4/2 7920/4/2 7927/4/2
f 7921/4/2 7922/4/2 7930/4/2
f 7930/4/2 7922/4/2 7931/4/2
f 7927/4/2 7928/4/2 7932/4/2
f 7932/4/2 7928/4/2 7933/4/2
f 7929/4/2 7930/4/2 7936/4/2
f 7936/4/2 7930/4/2 7937/4/2
f 7933/4/2 7934/4/2 7938/4/2
f 7938/4/2 7934/4/2 7939/4/2
f 7935/4/2 7936/4/2 7941/4/2
f 7941/4/2 7936/4/2 7942/4/2
f 7939/4/2 7940/4/2 7943/4/2
f 7943/4/2 7940/4/2 7944/4/2
f 7924/4/2 7925/4/2 7947/4/2
f 7947/4/2 7925/4/2 7948/4/2
f 7945/3/2 7946/3/2 7951/3/2
f 7951/3/2 7946/3/2 7952/3/2
f 7949/3/2 7950/3/2 7955/3/2
f 7955/3/2 7950/3/2 7956/3/2
f 7952/3/2 7953/3/2 7957/3/2
f 7957/3/2 7953/3/2 7958/3/2
f 7954/3/2 7955/3/2 7961/3/2
f 7961/3/2 7955/3/2 7962/3/2
f 7958/3/2 7959/3/2 7963/3/2
f 7963/3/2 7959/3/2 7964/3/2
f 7960/3/2 7961/3/2 7967/3/2
f 7967/3/2 7961/3/2 7968/3/2
f 7964/3/2 7965/3/2 7969/3/2
f 7969/3/2 7965/3/2 7970/3/2
f 7966/3/2 7967/3/2 7973/3/2
f 7973/3/2 7967/3/2 7974/3/2
f 7970/3/2 7971/3/2 7975/3/2
f 7975/3/2 7971/3/2 7976/3/2
f 7972/3/2 7973/3/2 7977/3/2
f 7977/3/2 7973/3/2 7978/3/2
f 7979/3/2 7980/3/2 7981/3/2
f 7981/3/2 7980/3/2 7982/3/2
f 7983/4/2 7984/4/2 7986/4/2
f 7986/4/2 7984/4/2 7987/4/2
f 7985/4/2 7986/4/2 7990/4/2
f 7990/4/2 7986/4/2 7991/4/2
f 7987/4/2 7988/4/2 7992/4/2
f 7992/4/2 7988/4/2 7993/4/2
f 7989/4/2 7990/4/2 7996/4/2
f 7996/4/2 7990/4/2 7997/4/2
f 7993/4/2 7994/4/2 7998/4/2
f 7998/4/2 7994/4/2 7999/4/2
f 7995/4/2 7996/4/2 8002/4/2
f 8002/4/2 7996/4/2 8003/4/2
f 7999/4/2 8000/4/2 8004/4/2
f 8004/4/2 8000/4/2 8005/4/2
f 8001/4/2 8002/4/2 8008/4/2
f 8008/4/2 8002/4/2 8009/4/2
f 8005/4/2 8006/4/2 8010/4/2
f 8010/4/2 8006/4/2 8011/4/2
f 8007/4/2 8008/4/2 8014/4/2
f 8014/4/2 8008/4/2 8015/4/2
f 8011/4/2 8012/4/2 8018/4/2
f 8018/4/2 8012/4/2 8019/4/2
f 8016/4/2 8017/4/2 8022/4/2
f 8022/4/2 8017/4/2 8023/4/2
f 8021/4/2 8022/4/2 8026/4/2
f 8026/4/2 8022/4/2 8027/4/2
f 8023/4/2 8024/4/2 8028/4/2
f 8028/4/2 8024/4/2 8029/4/2
f 8025/4/2 8026/4/2 8031/4/2
f 8031/4/2 8026/4/2 8032/4/2
f 8029/4/2 8030/4/2 8035/4/2
f 8035/4/2 8030/4/2 8036/4/2
f 8032/4/2 8033/4/2 8037/4/2
f 8037/4/2 8033/4/2 8038/4/2
f 8034/4/2 8035/4/2 8039/4/2
f 8039/4/2 8035/4/2 8040/4/2
f 8013/4/2 8014/4/2 8041/4/2
f 8041/4/2 8014/4/2 8042/4/2
f 8038/4/2 8039/4/2 8044/4/2
f 8044/4/2 8039/4/2 8045/4/2
f 8019/4/2 8020/4/2 8047/4/2
f 8047/4/2 8020/4/2 8048/4/2
f 8042/4/2 8043/4/2 8049/4/2
f 8049/4/2 8043/4/2 8050/4/2
f 8046/4/2 8047/4/2 8053/4/2
f 8053/4/2 8047/4/2 8054/4/2
f 8050/4/2 8051/4/2 8055/4/2
f 8055/4/2 8051/4/2 8056/4/2
f 8052/4/2 8053/4/2 8059/4/2
f 8059/4/2 8053/4/2 8060/4/2
f 8056/4/2 8057/4/2 8061/4/2
f 8061/4/2 8057/4/2 8062/4/2
f 8058/4/2 8059/4/2 8065/4/2
f 8065/4/2 8059/4/2 8066/4/2
f 8062/4/2 8063/4/2 8067/4/2
f 8067/4/2 8063/4/2 8068/4/2
f 8064/4/2 8065/4/2 8071/4/2
f 8071/4/2 8065/4/2 8072/4/2
f 8068/4/2 8069/4/2 8073/4/2
f 8073/4/2 8069/4/2 8074/4/2
f 8070/4/2 8071/4/2 8075/4/2
f 8075/4/2 8071/4/2 8076/4/2
f 8074/4/2 8075/4/2 8077/4/2
f 8077/4/2 8075/4/2 8078/4/2
f 8079/4/2 8080/4/2 8083/4/2
f 8083/4/2 8080/4/2 8084/4/2
f 8081/4/2 8082/4/2 8087/4/2
f 8087/4/2 8082/4/2 8088/4/2
f 8084/4/2 8085/4/2 8089/4/2
f 8089/4/2 8085/4/2 8090/4/2
f 8086/4/2 8087/4/2 8093/4/2
f 8093/4/2 8087/4/2 8094/4/2
f 8090/4/2 8091/4/2 8095/4/2
f 8095/4/2 8091/4/2 8096/4/2
f 8092/4/2 8093/4/2 8103/4/2
f 8103/4/2 8093/4/2 8104/4/2
f 8098/3/2 8099/3/2 8105/3/2
f 8105/3/2 8099/3/2 8106/3/2
f 8100/3/2 8101/3/2 8107/3/2
f 8107/3/2 8101/3/2 8108/3/2
f 8096/4/2 8097/4/2 8109/4/2
f 8109/4/2 8097/4/2 8110/4/2
f 8102/4/2 8103/4/2 8111/4/2
f 8111/4/2 8103/4/2 8112/4/2
f 8113/4/2 8114/4/2 8117/4/2
f 8117/4/2 8114/4/2 8118/4/2
f 8115/4/2 8116/4/2 8121/4/2
f 8121/4/2 8116/4/2 8122/4/2
f 8118/4/2 8119/4/2 8123/4/2
f 8123/4/2 8119/4/2 8124/4/2
f 8120/4/2 8121/4/2 8127/4/2
f 8127/4/2 8121/4/2 8128/4/2
f 8124/4/2 8125/4/2 8129/4/2
f 8129/4/2 8125/4/2 8130/4/2
f 8126/4/2 8127/4/2 8133/4/2
f 8133/4/2 8127/4/2 8134/4/2
f 8130/4/2 8131/4/2 8135/4/2
f 8135/4/2 8131/4/2 8136/4/2
f 8132/4/2 8133/4/2 8137/4/2
f 8137/4/2 8133/4/2 8138/4/2
f 8139/3/2 8140/3/2 8143/3/2
f 8143/3/2 8140/3/2 8144/3/2
f 8141/3/2 8142/3/2 8145/3/2
f 8145/3/2 8142/3/2 8146/3/2
f 8147/3/2 8148/3/2 8151/3/2
f 8151/3/2 8148/3/2 8152/3/2
f 8149/3/2 8150/3/2 8153/3/2
f 8153/3/2 8150/3/2 8154/3/2
f 8155/4/2 8156/4/2 8160/4/2
f 8160/4/2 8156/4/2 8161/4/2
f 8157/4/2 8158/4/2 8162/4/2
f 8162/4/2 8158/4/2 8163/4/2
f 8159/4/2 8160/4/2 8166/4/2
f 8166/4/2 8160/4/2 8167/4/2
f 8163/4/2 8164/4/2 8168/4/2
f 8168/4/2 8164/4/2 8169/4/2
f 8165/4/2 8166/4/2 8172/4/2
f 8172/4/2 8166/4/2 8173/4/2
f 8169/4/2 8170/4/2 8174/4/2
f 8174/4/2 8170/4/2 8175/4/2
f 8171/4/2 8172/4/2 8177/4/2
f 8177/4/2 8172/4/2 8178/4/2
f 8175/4/2 8176/4/2 8179/4/2
f 8179/4/2 8176/4/2 8180/4/2
f 8181/4/2 8182/4/2 8190/4/2
f 8190/4/2 8182/4/2 8191/4/2
f 8185/3/2 8186/3/2 8192/3/2
f 8192/3/2 8186/3/2 8193/3/2
f 8187/3/2 8188/3/2 8194/3/2
f 8194/3/2 8188/3/2 8195/3/2
f 8183/4/2 8184/4/2 8196/4/2
f 8196/4/2 8184/4/2 8197/4/2
f 8189/4/2 8190/4/2 8200/4/2
f 8200/4/2 8190/4/2 8201/4/2
f 8197/4/2 8198/4/2 8202/4/2
f 8202/4/2 8198/4/2 8203/4/2
f 8199/4/2 8200/4/2 8206/4/2
f 8206/4/2 8200/4/2 8207/4/2
f 8203/4/2 8204/4/2 8208/4/2
f 8208/4/2 8204/4/2 8209/4/2
f 8205/4/2 8206/4/2 8211/4/2
f 8211/4/2 8206/4/2 8212/4/2
f 8209/4/2 8210/4/2 8213/4/2
f 8213/4/2 8210/4/2 8214/4/2
f 8215/3/2 8216/3/2 8217/3/2
f 8217/3/2 8216/3/2 8218/3/2
f 8219/3/2 8220/3/2 8224/3/2
f 8224/3/2 8220/3/2 8225/3/2
f 8221/3/2 8222/3/2 8226/3/2
f 8226/3/2 8222/3/2 8227/3/2
f 8223/3/2 8224/3/2 8230/3/2
f 8230/3/2 8224/3/2 8231/3/2
f 8227/3/2 8228/3/2 8232/3/2
f 8232/3/2 8228/3/2 8233/3/2
f 8229/3/2 8230/3/2 8236/3/2
f 8236/3/2 8230/3/2 8237/3/2
f 8233/3/2 8234/3/2 8238/3/2
f 8238/3/2 8234/3/2 8239/3/2
f 8235/3/2 8236/3/2 8242/3/2
f 8242/3/2 8236/3/2 8243/3/2
f 8239/3/2 8240/3/2 8244/3/2
f 8244/3/2 8240/3/2 8245/3/2
f 8241/3/2 8242/3/2 8247/3/2
f 8247/3/2 8242/3/2 8248/3/2
f 8245/3/2 8246/3/2 8249/3/2
f 8249/3/2 8246/3/2 8250/3/2
f 8251/3/2 8252/3/2 8255/3/2
f 8255/3/2 8252/3/2 8256/3/2
f 8253/3/2 8254/3/2 8257/3/2
f 8257/3/2 8254/3/2 8258/3/2
f 8259/3/2 8260/3/2 8263/3/2
f 8263/3/2 8260/3/2 8264/3/2
f 8261/3/2 8262/3/2 8267/3/2
f 8267/3/2 8262/3/2 8268/3/2
f 8264/3/2 8265/3/2 8269/3/2
f 8269/3/2 8265/3/2 8270/3/2
f 8266/3/2 8267/3/2 8273/3/2
f 8273/3/2 8267/3/2 8274/3/2
f 8270/3/2 8271/3/2 8275/3/2
f 8275/3/2 8271/3/2 8276/3/2
f 8272/3/2 8273/3/2 8279/3/2
f 8279/3/2 8273/3/2 8280/3/2
f 8276/3/2 8277/3/2 8281/3/2
f 8281/3/2 8277/3/2 8282/3/2
f 8278/3/2 8279/3/2 8285/3/2
f 8285/3/2 8279/3/2 8286/3/2
f 8282/3/2 8283/3/2 8287/3/2
f 8287/3/2 8283/3/2 8288/3/2
f 8284/3/2 8285/3/2 8289/3/2
f 8289/3/2 8285/3/2 8290/3/2
f 8291/3/2 8292/3/2 8293/3/2
f 8293/3/2 8292/3/2 8294/3/2
f 8295/10/2 8296/10/2 8298/10/2
f 8298/10/2 8296/10/2 8299/10/2
f 8297/10/2 8298/10/2 8302/10/2
f 8302/10/2 8298/10/2 8303/10/2
f 8299/10/2 8300/10/2 8306/10/2
f 8306/10/2 8300/10/2 8307/10/2
f 8301/10/2 8302/10/2 8310/10/2
f 8310/10/2 8302/10/2 8311/10/2
f 8307/10/2 8308/10/2 8312/10/2
f 8312/10/2 8308/10/2 8313/10/2
f 8309/10/2 8310/10/2 8316/10/2
f 8316/10/2 8310/10/2 8317/10/2
f 8304/2/2 8305/2/2 8318/2/2
f 8318/2/2 8305/2/2 8319/2/2
f 8313/10/2 8314/10/2 8320/10/2
f 8320/10/2 8314/10/2 8321/10/2
f 8315/10/2 8316/10/2 8324/10/2
f 8324/10/2 8316/10/2 8325/10/2
f 8321/10/2 8322/10/2 8332/10/2
f 8332/10/2 8322/10/2 8333/10/2
f 8323/10/2 8324/10/2 8336/10/2
f 8336/10/2 8324/10/2 8337/10/2
f 8326/2/2 8327/2/2 8339/2/2
f 8339/2/2 8327/2/2 8340/2/2
f 8328/10/2 8329/10/2 8343/10/2
f 8343/10/2 8329/10/2 8344/10/2
f 8330/2/2 8331/2/2 8347/2/2
f 8347/2/2 8331/2/2 8348/2/2
f 8333/10/2 8334/10/2 8350/10/2
f 8350/10/2 8334/10/2 8351/10/2
f 8340/2/2 8341/2/2 8354/2/2
f 8338/2/2 8339/2/2 8354/2/2
f 8339/2/2 8340/2/2 8354/2/2
f 8354/2/2 8341/2/2 8355/2/2
f 8355/2/2 8341/2/2 8356/2/2
f 8342/10/2 8343/10/2 8358/10/2
f 8358/10/2 8343/10/2 8359/10/2
f 8344/10/2 8345/10/2 8360/10/2
f 8360/10/2 8345/10/2 8361/10/2
f 8348/2/2 8349/2/2 8363/2/2
f 8347/2/2 8348/2/2 8363/2/2
f 8346/2/2 8347/2/2 8363/2/2
f 8363/2/2 8349/2/2 8364/2/2
f 8364/2/2 8349/2/2 8365/2/2
f 8335/10/2 8336/10/2 8368/10/2
f 8368/10/2 8336/10/2 8369/10/2
f 8353/2/2 8354/2/2 8370/2/2
f 8354/2/2 8355/2/2 8370/2/2
f 8370/2/2 8355/2/2 8371/2/2
f 8371/2/2 8355/2/2 8372/2/2
f 8372/2/2 8355/2/2 8373/2/2
f 8357/10/2 8358/10/2 8375/10/2
f 8375/10/2 8358/10/2 8376/10/2
f 8361/10/2 8362/10/2 8377/10/2
f 8377/10/2 8362/10/2 8378/10/2
f 8365/2/2 8366/2/2 8380/2/2
f 8364/2/2 8365/2/2 8380/2/2
f 8380/2/2 8366/2/2 8381/2/2
f 8381/2/2 8366/2/2 8382/2/2
f 8382/2/2 8366/2/2 8383/2/2
f 8351/10/2 8352/10/2 8384/10/2
f 8384/10/2 8352/10/2 8385/10/2
f 8371/2/2 8372/2/2 8387/2/2
f 8387/2/2 8372/2/2 8388/2/2
f 8374/10/2 8375/10/2 8390/10/2
f 8390/10/2 8375/10/2 8391/10/2
f 8378/10/2 8379/10/2 8392/10/2
f 8392/10/2 8379/10/2 8393/10/2
f 8381/2/2 8382/2/2 8395/2/2
f 8395/2/2 8382/2/2 8396/2/2
f 8367/10/2 8368/10/2 8398/10/2
f 8398/10/2 8368/10/2 8399/10/2
f 8389/10/2 8390/10/2 8401/10/2
f 8401/10/2 8390/10/2 8402/10/2
f 8393/10/2 8394/10/2 8403/10/2
f 8403/10/2 8394/10/2 8404/10/2
f 8385/10/2 8386/10/2 8406/10/2
f 8406/10/2 8386/10/2 8407/10/2
f 8400/10/2 8401/10/2 8410/10/2
f 8410/10/2 8401/10/2 8411/10/2
f 8404/10/2 8405/10/2 8412/10/2
f 8412/10/2 8405/10/2 8413/10/2
f 8397/10/2 8398/10/2 8416/10/2
f 8416/10/2 8398/10/2 8417/10/2
f 8407/10/2 8408/10/2 8418/10/2
f 8418/10/2 8408/10/2 8419/10/2
f 8409/10/2 8410/10/2 8422/10/2
f 8422/10/2 8410/10/2 8423/10/2
f 8413/10/2 8414/10/2 8424/10/2
f 8424/10/2 8414/10/2 8425/10/2
f 8427/2/2 8428/2/2 8431/2/2
f 8431/2/2 8428/2/2 8432/2/2
f 8429/2/2 8430/2/2 8433/2/2
f 8433/2/2 8430/2/2 8434/2/2
f 8421/10/2 8422/10/2 8435/10/2
f 8435/10/2 8422/10/2 8436/10/2
f 8425/10/2 8426/10/2 8439/10/2
f 8439/10/2 8426/10/2 8440/10/2
f 8415/10/2 8416/10/2 8441/10/2
f 8441/10/2 8416/10/2 8442/10/2
f 8419/10/2 8420/10/2 8445/10/2
f 8445/10/2 8420/10/2 8446/10/2
f 8436/10/2 8437/10/2 8447/10/2
f 8447/10/2 8437/10/2 8448/10/2
f 8438/10/2 8439/10/2 8451/10/2
f 8451/10/2 8439/10/2 8452/10/2
f 8442/10/2 8443/10/2 8453/10/2
f 8453/10/2 8443/10/2 8454/10/2
f 8448/10/2 8449/10/2 8456/10/2
f 8456/10/2 8449/10/2 8457/10/2
f 8450/10/2 8451/10/2 8460/10/2
f 8460/10/2 8451/10/2 8461/10/2
f 8444/10/2 8445/10/2 8463/10/2
f 8463/10/2 8445/10/2 8464/10/2
f 8457/10/2 8458/10/2 8467/10/2
f 8467/10/2 8458/10/2 8468/10/2
f 8459/10/2 8460/10/2 8471/10/2
f 8471/10/2 8460/10/2 8472/10/2
f 8454/10/2 8455/10/2 8475/10/2
f 8475/10/2 8455/10/2 8476/10/2
f 8465/2/2 8466/2/2 8479/2/2
f 8479/2/2 8466/2/2 8480/2/2
f 8468/10/2 8469/10/2 8482/10/2
f 8482/10/2 8469/10/2 8483/10/2
f 8470/10/2 8471/10/2 8486/10/2
f 8486/10/2 8471/10/2 8487/10/2
f 8473/2/2 8474/2/2 8489/2/2
f 8489/2/2 8474/2/2 8490/2/2
f 8462/10/2 8463/10/2 8493/10/2
f 8493/10/2 8463/10/2 8494/10/2
f 8480/2/2 8481/2/2 8495/2/2
f 8478/2/2 8479/2/2 8495/2/2
f 8479/2/2 8480/2/2 8495/2/2
f 8495/2/2 8481/2/2 8496/2/2
f 8496/2/2 8481/2/2 8497/2/2
f 8483/10/2 8484/10/2 8499/10/2
f 8499/10/2 8484/10/2 8500/10/2
f 8485/10/2 8486/10/2 8503/10/2
f 8503/10/2 8486/10/2 8504/10/2
f 8490/2/2 8491/2/2 8506/2/2
f 8489/2/2 8490/2/2 8506/2/2
f 8488/2/2 8489/2/2 8506/2/2
f 8506/2/2 8491/2/2 8507/2/2
f 8507/2/2 8491/2/2 8508/2/2
f 8476/10/2 8477/10/2 8509/10/2
f 8509/10/2 8477/10/2 8510/10/2
f 8497/2/2 8498/2/2 8512/2/2
f 8496/2/2 8497/2/2 8512/2/2
f 8512/2/2 8498/2/2 8513/2/2
f 8513/2/2 8498/2/2 8514/2/2
f 8514/2/2 8498/2/2 8515/2/2
f 8500/10/2 8501/10/2 8516/10/2
f 8516/10/2 8501/10/2 8517/10/2
f 8502/10/2 8503/10/2 8518/10/2
f 8518/10/2 8503/10/2 8519/10/2
f 8506/2/2 8507/2/2 8520/2/2
f 8505/2/2 8506/2/2 8520/2/2
f 8520/2/2 8507/2/2 8521/2/2
f 8521/2/2 8507/2/2 8522/2/2
f 8522/2/2 8507/2/2 8523/2/2
f 8492/10/2 8493/10/2 8525/10/2
f 8525/10/2 8493/10/2 8526/10/2
f 8510/10/2 8511/10/2 8527/10/2
f 8527/10/2 8511/10/2 8528/10/2
f 8513/2/2 8514/2/2 8530/2/2
f 8530/2/2 8514/2/2 8531/2/2
f 8517/10/2 8518/10/2 8532/10/2
f 8532/10/2 8518/10/2 8533/10/2
f 8521/2/2 8522/2/2 8534/2/2
f 8534/2/2 8522/2/2 8535/2/2
f 8524/10/2 8525/10/2 8537/10/2
f 8537/10/2 8525/10/2 8538/10/2
f 8528/10/2 8529/10/2 8539/10/2
f 8539/10/2 8529/10/2 8540/10/2
f 8536/10/2 8537/10/2 8545/10/2
f 8545/10/2 8537/10/2 8546/10/2
f 8540/10/2 8541/10/2 8547/10/2
f 8547/10/2 8541/10/2 8548/10/2
f 8544/10/2 8545/10/2 8551/10/2
f 8551/10/2 8545/10/2 8552/10/2
f 8548/10/2 8549/10/2 8553/10/2
f 8553/10/2 8549/10/2 8554/10/2
f 8542/2/2 8543/2/2 8556/2/2
f 8556/2/2 8543/2/2 8557/2/2
f 8550/10/2 8551/10/2 8559/10/2
f 8559/10/2 8551/10/2 8560/10/2
f 8554/10/2 8555/10/2 8561/10/2
f 8561/10/2 8555/10/2 8562/10/2
f 8558/10/2 8559/10/2 8563/10/2
f 8563/10/2 8559/10/2 8564/10/2
f 8562/10/2 8563/10/2 8565/10/2
f 8565/10/2 8563/10/2 8566/10/2
f 8567/10/2 8568/10/2 8570/10/2
f 8570/10/2 8568/10/2 8571/10/2
f 8571/10/2 8568/10/2 8572/10/2
f 8572/10/2 8568/10/2 8573/10/2
f 8569/10/2 8570/10/2 8576/10/2
f 8570/10/2 8571/10/2 8576/10/2
f 8572/10/2 8573/10/2 8577/10/2
f 8573/10/2 8574/10/2 8577/10/2
f 8575/10/2 8576/10/2 8580/10/2
f 8576/10/2 8571/10/2 8581/10/2
f 8580/10/2 8576/10/2 8581/10/2
f 8577/10/2 8578/10/2 8582/10/2
f 8572/10/2 8577/10/2 8582/10/2
f 8582/10/2 8578/10/2 8583/10/2
f 8580/10/2 8581/10/2 8586/10/2
f 8583/10/2 8584/10/2 8586/10/2
f 8582/10/2 8583/10/2 8586/10/2
f 8581/10/2 8582/10/2 8586/10/2
f 8579/10/2 8580/10/2 8586/10/2
f 8586/10/2 8584/10/2 8587/10/2
f 8587/10/2 8584/10/2 8588/10/2
f 8588/10/2 8584/10/2 8589/10/2
f 8589/10/2 8584/10/2 8590/10/2
f 8590/10/2 8584/10/2 8591/10/2
f 8591/10/2 8584/10/2 8592/10/2
f 8592/10/2 8584/10/2 8593/10/2
f 8585/10/2 8586/10/2 8596/10/2
f 8586/10/2 8587/10/2 8596/10/2
f 8596/10/2 8587/10/2 8597/10/2
f 8597/10/2 8587/10/2 8598/10/2
f 8588/10/2 8589/10/2 8599/10/2
f 8599/10/2 8589/10/2 8600/10/2
f 8600/10/2 8589/10/2 8601/10/2
f 8601/10/2 8589/10/2 8602/10/2
f 8590/10/2 8591/10/2 8603/10/2
f 8603/10/2 8591/10/2 8604/10/2
f 8604/10/2 8591/10/2 8605/10/2
f 8605/10/2 8591/10/2 8606/10/2
f 8592/10/2 8593/10/2 8607/10/2
f 8593/10/2 8594/10/2 8607/10/2
f 8607/10/2 8594/10/2 8608/10/2
f 8608/10/2 8594/10/2 8609/10/2
f 8595/10/2 8596/10/2 8611/10/2
f 8596/10/2 8597/10/2 8611/10/2
f 8611/10/2 8597/10/2 8612/10/2
f 8600/10/2 8601/10/2 8614/10/2
f 8614/10/2 8601/10/2 8615/10/2
f 8615/10/2 8601/10/2 8616/10/2
f 8604/10/2 8605/10/2 8617/10/2
f 8617/10/2 8605/10/2 8618/10/2
f 8618/10/2 8605/10/2 8619/10/2
f 8609/10/2 8610/10/2 8621/10/2
f 8608/10/2 8609/10/2 8621/10/2
f 8621/10/2 8610/10/2 8622/10/2
f 8595/10/2 8611/10/2 8624/10/2
f 8624/10/2 8611/10/2 8625/10/2
f 8613/10/2 8614/10/2 8628/10/2
f 8614/10/2 8615/10/2 8628/10/2
f 8628/10/2 8615/10/2 8629/10/2
f 8629/10/2 8615/10/2 8630/10/2
f 8619/10/2 8620/10/2 8631/10/2
f 8618/10/2 8619/10/2 8631/10/2
f 8631/10/2 8620/10/2 8632/10/2
f 8632/10/2 8620/10/2 8633/10/2
f 8622/10/2 8610/10/2 8636/10/2
f 8636/10/2 8610/10/2 8637/10/2
f 8625/10/2 8626/10/2 8639/10/2
f 8624/10/2 8625/10/2 8639/10/2
f 8623/10/2 8624/10/2 8639/10/2
f 8628/10/2 8629/10/2 8640/10/2
f 8627/10/2 8628/10/2 8640/10/2
f 8640/10/2 8629/10/2 8641/10/2
f 8641/10/2 8629/10/2 8642/10/2
f 8633/10/2 8634/10/2 8643/10/2
f 8632/10/2 8633/10/2 8643/10/2
f 8643/10/2 8634/10/2 8644/10/2
f 8644/10/2 8634/10/2 8645/10/2
f 8637/10/2 8638/10/2 8646/10/2
f 8636/10/2 8637/10/2 8646/10/2
f 8635/10/2 8636/10/2 8646/10/2
f 8623/10/2 8639/10/2 8648/10/2
f 8640/10/2 8641/10/2 8648/10/2
f 8639/10/2 8640/10/2 8648/10/2
f 8648/10/2 8641/10/2 8649/10/2
f 8649/10/2 8641/10/2 8650/10/2
f 8644/10/2 8645/10/2 8651/10/2
f 8645/10/2 8646/10/2 8651/10/2
f 8651/10/2 8646/10/2 8652/10/2
f 8646/10/2 8638/10/2 8653/10/2
f 8652/10/2 8646/10/2 8653/10/2
f 8648/10/2 8649/10/2 8655/10/2
f 8647/10/2 8648/10/2 8655/10/2
f 8655/10/2 8649/10/2 8656/10/2
f 8653/10/2 8654/10/2 8657/10/2
f 8652/10/2 8653/10/2 8657/10/2
f 8657/10/2 8654/10/2 8658/10/2
f 8647/10/2 8655/10/2 8660/10/2
f 8658/10/2 8654/10/2 8661/10/2
f 8659/10/2 8660/10/2 8663/10/2
f 8660/10/2 8655/10/2 8663/10/2
f 8663/10/2 8655/10/2 8664/10/2
f 8661/10/2 8662/10/2 8665/10/2
f 8658/10/2 8661/10/2 8665/10/2
f 8665/10/2 8662/10/2 8666/10/2
f 8659/10/2 8663/10/2 8667/10/2
f 8667/10/2 8663/10/2 8668/10/2
f 8666/10/2 8662/10/2 8669/10/2
f 8669/10/2 8662/10/2 8670/10/2
f 8659/10/2 8667/10/2 8671/10/2
f 8668/10/2 8663/10/2 8672/10/2
f 8666/10/2 8669/10/2 8673/10/2
f 8670/10/2 8662/10/2 8674/10/2
f 8671/10/2 8672/10/2 8675/10/2
f 8672/10/2 8663/10/2 8675/10/2
f 8666/10/2 8673/10/2 8678/10/2
f 8673/10/2 8674/10/2 8678/10/2
f 8659/10/2 8671/10/2 8679/10/2
f 8675/10/2 8676/10/2 8679/10/2
f 8671/10/2 8675/10/2 8679/10/2
f 8679/10/2 8676/10/2 8680/10/2
f 8677/10/2 8678/10/2 8681/10/2
f 8678/10/2 8674/10/2 8681/10/2
f 8674/10/2 8662/10/2 8681/10/2
f 8681/10/2 8662/10/2 8682/10/2
f 8680/10/2 8676/10/2 8683/10/2
f 8677/10/2 8681/10/2 8686/10/2
f 8683/10/2 8684/10/2 8687/10/2
f 8680/10/2 8683/10/2 8687/10/2
f 8687/10/2 8684/10/2 8688/10/2
f 8688/10/2 8684/10/2 8689/10/2
f 8685/10/2 8686/10/2 8692/10/2
f 8686/10/2 8681/10/2 8693/10/2
f 8692/10/2 8686/10/2 8693/10/2
f 8693/10/2 8681/10/2 8694/10/2
f 8689/10/2 8690/10/2 8695/10/2
f 8688/10/2 8689/10/2 8695/10/2
f 8695/10/2 8690/10/2 8696/10/2
f 8696/10/2 8690/10/2 8697/10/2
f 8691/10/2 8692/10/2 8700/10/2
f 8692/10/2 8693/10/2 8700/10/2
f 8700/10/2 8693/10/2 8701/10/2
f 8701/10/2 8693/10/2 8702/10/2
f 8688/10/2 8695/10/2 8703/10/2
f 8703/10/2 8695/10/2 8704/10/2
f 8704/10/2 8695/10/2 8705/10/2
f 8705/10/2 8695/10/2 8706/10/2
f 8697/10/2 8698/10/2 8707/10/2
f 8696/10/2 8697/10/2 8707/10/2
f 8707/10/2 8698/10/2 8708/10/2
f 8708/10/2 8698/10/2 8709/10/2
f 8700/10/2 8701/10/2 8712/10/2
f 8699/10/2 8700/10/2 8712/10/2
f 8712/10/2 8701/10/2 8713/10/2
f 8713/10/2 8701/10/2 8714/10/2
f 8702/10/2 8693/10/2 8715/10/2
f 8715/10/2 8693/10/2 8716/10/2
f 8716/10/2 8693/10/2 8717/10/2
f 8717/10/2 8693/10/2 8718/10/2
f 8704/10/2 8705/10/2 8719/10/2
f 8709/10/2 8710/10/2 8721/10/2
f 8708/10/2 8709/10/2 8721/10/2
f 8721/10/2 8710/10/2 8722/10/2
f 8722/10/2 8710/10/2 8723/10/2
f 8712/10/2 8713/10/2 8726/10/2
f 8711/10/2 8712/10/2 8726/10/2
f 8726/10/2 8713/10/2 8727/10/2
f 8727/10/2 8713/10/2 8728/10/2
f 8716/10/2 8717/10/2 8730/10/2
f 8719/10/2 8720/10/2 8731/10/2
f 8704/10/2 8719/10/2 8731/10/2
f 8731/10/2 8720/10/2 8732/10/2
f 8732/10/2 8720/10/2 8733/10/2
f 8723/10/2 8724/10/2 8736/10/2
f 8722/10/2 8723/10/2 8736/10/2
f 8736/10/2 8724/10/2 8737/10/2
f 8726/10/2 8727/10/2 8740/10/2
f 8725/10/2 8726/10/2 8740/10/2
f 8740/10/2 8727/10/2 8741/10/2
f 8729/10/2 8730/10/2 8744/10/2
f 8730/10/2 8717/10/2 8745/10/2
f 8744/10/2 8730/10/2 8745/10/2
f 8745/10/2 8717/10/2 8746/10/2
f 8733/10/2 8734/10/2 8747/10/2
f 8732/10/2 8733/10/2 8747/10/2
f 8747/10/2 8734/10/2 8748/10/2
f 8748/10/2 8734/10/2 8749/10/2
f 8737/10/2 8738/10/2 8750/10/2
f 8736/10/2 8737/10/2 8750/10/2
f 8735/10/2 8736/10/2 8750/10/2
f 8750/10/2 8738/10/2 8751/10/2
f 8741/10/2 8742/10/2 8752/10/2
f 8739/10/2 8740/10/2 8752/10/2
f 8740/10/2 8741/10/2 8752/10/2
f 8752/10/2 8742/10/2 8753/10/2
f 8743/10/2 8744/10/2 8754/10/2
f 8744/10/2 8745/10/2 8754/10/2
f 8754/10/2 8745/10/2 8755/10/2
f 8755/10/2 8745/10/2 8756/10/2
f 8750/10/2 8751/10/2 8757/10/2
f 8752/10/2 8753/10/2 8757/10/2
f 8754/10/2 8755/10/2 8757/10/2
f 8753/10/2 8754/10/2 8757/10/2
f 8751/10/2 8752/10/2 8757/10/2
f 8748/10/2 8749/10/2 8757/10/2
f 8749/10/2 8750/10/2 8757/10/2
f 8757/10/2 8755/10/2 8758/10/2
f 8758/10/2 8755/10/2 8759/10/2
f 8759/10/2 8755/10/2 8760/10/2
f 8760/10/2 8755/10/2 8761/10/2
f 8761/10/2 8755/10/2 8762/10/2
f 8758/10/2 8759/10/2 8763/10/2
f 8763/10/2 8759/10/2 8764/10/2
f 8760/10/2 8761/10/2 8765/10/2
f 8765/10/2 8761/10/2 8766/10/2
f 8764/10/2 8759/10/2 8767/10/2
f 8767/10/2 8759/10/2 8768/10/2
f 8768/10/2 8759/10/2 8769/10/2
f 8760/10/2 8765/10/2 8770/10/2
f 8770/10/2 8765/10/2 8771/10/2
f 8771/10/2 8765/10/2 8772/10/2
f 8768/10/2 8769/10/2 8773/10/2
f 8770/10/2 8771/10/2 8773/10/2
f 8769/10/2 8770/10/2 8773/10/2
f 8773/10/2 8771/10/2 8774/10/2
f 8775/9/2 8776/9/2 8778/9/2
f 8778/9/2 8776/9/2 8779/9/2
f 8777/9/2 8778/9/2 8782/9/2
f 8778/8/2 8779/8/2 8783/8/2
f 8782/9/2 8778/9/2 8783/9/2
f 8783/8/2 8779/8/2 8784/8/2
f 8784/8/2 8779/8/2 8785/8/2
f 8779/9/2 8780/9/2 8786/9/2
f 8785/8/2 8779/8/2 8786/8/2
f 8786/9/2 8780/9/2 8787/9/2
f 8782/8/2 8783/8/2 8789/8/2
f 8783/7/2 8784/7/2 8789/7/2
f 8784/6/2 8785/6/2 8790/6/2
f 8789/7/2 8784/7/2 8790/7/2
f 8785/7/2 8786/7/2 8791/7/2
f 8790/6/2 8785/6/2 8791/6/2
f 8786/8/2 8787/8/2 8792/8/2
f 8791/7/2 8786/7/2 8792/7/2
f 8782/8/2 8789/8/2 8793/8/2
f 8789/6/2 8790/6/2 8793/6/2
f 8790/5/2 8791/5/2 8794/5/2
f 8793/6/2 8790/6/2 8794/6/2
f 8791/6/2 8792/6/2 8795/6/2
f 8794/5/2 8791/5/2 8795/5/2
f 8792/8/2 8787/8/2 8796/8/2
f 8795/6/2 8792/6/2 8796/6/2
f 8781/9/2 8782/9/2 8797/9/2
f 8782/8/2 8793/8/2 8798/8/2
f 8797/9/2 8782/9/2 8798/9/2
f 8793/7/2 8794/7/2 8799/7/2
f 8798/8/2 8793/8/2 8799/8/2
f 8794/6/2 8795/6/2 8800/6/2
f 8799/7/2 8794/7/2 8800/7/2
f 8795/7/2 8796/7/2 8801/7/2
f 8800/6/2 8795/6/2 8801/6/2
f 8796/8/2 8787/8/2 8802/8/2
f 8801/7/2 8796/7/2 8802/7/2
f 8787/9/2 8788/9/2 8803/9/2
f 8802/8/2 8787/8/2 8803/8/2
f 8803/9/2 8788/9/2 8804/9/2
f 8798/9/2 8799/9/2 8805/9/2
f 8800/8/2 8801/8/2 8806/8/2
f 8805/9/2 8799/9/2 8806/9/2
f 8801/8/2 8802/8/2 8806/8/2
f 8799/8/2 8800/8/2 8806/8/2
f 8802/9/2 8803/9/2 8807/9/2
f 8806/8/2 8802/8/2 8807/8/2
f 8807/9/2 8803/9/2 8808/9/2
f 8806/9/2 8807/9/2 8809/9/2
f 8809/9/2 8807/9/2 8810/9/2
f 8811/3/2 8812/3/2 8814/3/2
f 8814/3/2 8812/3/2 8815/3/2
f 8813/3/2 8814/3/2 8817/3/2
f 8817/3/2 8814/3/2 8818/3/2
f 8815/3/2 8816/3/2 8819/3/2
f 8819/3/2 8816/3/2 8820/3/2
f 8813/3/2 8817/3/2 8822/3/2
f 8822/3/2 8817/3/2 8823/3/2
f 8820/3/2 8816/3/2 8824/3/2
f 8824/3/2 8816/3/2 8825/3/2
f 8821/3/2 8822/3/2 8827/3/2
f 8827/3/2 8822/3/2 8828/3/2
f 8825/3/2 8826/3/2 8831/3/2
f 8831/3/2 8826/3/2 8832/3/2
f 8828/3/2 8829/3/2 8833/3/2
f 8830/3/2 8831/3/2 8836/3/2
f 8833/3/2 8834/3/2 8837/3/2
f 8828/3/2 8833/3/2 8837/3/2
f 8837/3/2 8834/3/2 8838/3/2
f 8835/3/2 8836/3/2 8839/3/2
f 8836/3/2 8831/3/2 8840/3/2
f 8839/3/2 8836/3/2 8840/3/2
f 8838/3/2 8839/3/2 8841/3/2
f 8841/3/2 8839/3/2 8842/3/2
f 8845/1/3 8844/1/3 8843/1/3
f 8846/1/3 8844/1/3 8845/1/3
f 8851/1/3 8848/1/3 8847/1/3
f 8852/1/3 8848/1/3 8851/1/3
f 8853/1/3 8850/1/3 8849/1/3
f 8854/1/3 8850/1/3 8853/1/3
f 8859/1/3 8856/1/3 8855/1/3
f 8860/1/3 8856/1/3 8859/1/3
f 8861/1/3 8858/1/3 8857/1/3
f 8862/1/3 8858/1/3 8861/1/3
f 8867/4/3 8864/4/3 8863/4/3
f 8868/4/3 8864/4/3 8867/4/3
f 8871/1/3 8866/1/3 8865/1/3
f 8872/1/3 8866/1/3 8871/1/3
f 8875/1/3 8870/1/3 8869/1/3
f 8876/1/3 8870/1/3 8875/1/3
f 8877/4/3 8874/4/3 8873/4/3
f 8878/4/3 8874/4/3 8877/4/3
f 8885/4/3 8880/4/3 8879/4/3
f 8886/4/3 8880/4/3 8885/4/3
f 8887/4/3 8882/4/3 8881/4/3
f 8888/4/3 8882/4/3 8887/4/3
f 8891/1/3 8884/1/3 8883/1/3
f 8892/1/3 8884/1/3 8891/1/3
f 8897/1/3 8890/1/3 8889/1/3
f 8898/1/3 8890/1/3 8897/1/3
f 8899/4/3 8894/4/3 8893/4/3
f 8900/4/3 8894/4/3 8899/4/3
f 8901/4/3 8896/4/3 8895/4/3
f 8902/4/3 8896/4/3 8901/4/3
f 8909/4/3 8904/4/3 8903/4/3
f 8910/4/3 8904/4/3 8909/4/3
f 8911/4/3 8906/4/3 8905/4/3
f 8912/4/3 8906/4/3 8911/4/3
f 8915/1/3 8908/1/3 8907/1/3
f 8916/1/3 8908/1/3 8915/1/3
f 8921/1/3 8914/1/3 8913/1/3
f 8922/1/3 8914/1/3 8921/1/3
f 8923/4/3 8918/4/3 8917/4/3
f 8924/4/3 8918/4/3 8923/4/3
f 8925/4/3 8920/4/3 8919/4/3
f 8926/4/3 8920/4/3 8925/4/3
f 8933/4/3 8928/4/3 8927/4/3
f 8934/4/3 8928/4/3 8933/4/3
f 8935/4/3 8930/4/3 8929/4/3
f 8936/4/3 8930/4/3 8935/4/3
f 8939/1/3 8932/1/3 8931/1/3
f 8940/1/3 8932/1/3 8939/1/3
f 8945/1/3 8938/1/3 8937/1/3
f 8946/1/3 8938/1/3 8945/1/3
f 8947/4/3 8942/4/3 8941/4/3
f 8948/4/3 8942/4/3 8947/4/3
f 8949/4/3 8944/4/3 8943/4/3
f 8950/4/3 8944/4/3 8949/4/3
f 8957/4/3 8952/4/3 8951/4/3
f 8958/4/3 8952/4/3 8957/4/3
f 8959/4/3 8954/4/3 8953/4/3
f 8960/4/3 8954/4/3 8959/4/3
f 8963/1/3 8956/1/3 8955/1/3
f 8964/1/3 8956/1/3 8963/1/3
f 8969/1/3 8962/1/3 8961/1/3
f 8970/1/3 8962/1/3 8969/1/3
f 8971/4/3 8966/4/3 8965/4/3
f 8972/4/3 8966/4/3 8971/4/3
f 8973/4/3 8968/4/3 8967/4/3
f 8974/4/3 8968/4/3 8973/4/3
f 8981/4/3 8976/4/3 8975/4/3
f 8982/4/3 8976/4/3 8981/4/3
f 8983/4/3 8978/4/3 8977/4/3
f 8984/4/3 8978/4/3 8983/4/3
f 8987/1/3 8980/1/3 8979/1/3
f 8988/1/3 8980/1/3 8987/1/3
f 8993/1/3 8986/1/3 8985/1/3
f 8994/1/3 8986/1/3 8993/1/3
f 8995/4/3 8990/4/3 8989/4/3
f 8996/4/3 8990/4/3 8995/4/3
f 8997/4/3 8992/4/3 8991/4/3
f 8998/4/3 8992/4/3 8997/4/3
f 9005/4/3 9000/4/3 8999/4/3
f 9006/4/3 9000/4/3 9005/4/3
f 9007/4/3 9002/4/3 9001/4/3
f 9008/4/3 9002/4/3 9007/4/3
f 9011/1/3 9004/1/3 9003/1/3
f 9012/1/3 9004/1/3 9011/1/3
f 9017/1/3 9010/1/3 9009/1/3
f 9018/1/3 9010/1/3 9017/1/3
f 9019/4/3 9014/4/3 9013/4/3
f 9020/4/3 9014/4/3 9019/4/3
f 9021/4/3 9016/4/3 9015/4/3
f 9022/4/3 9016/4/3 9021/4/3
f 9029/4/3 9024/4/3 9023/4/3
f 9030/4/3 9024/4/3 9029/4/3
f 9031/4/3 9026/4/3 9025/4/3
f 9032/4/3 9026/4/3 9031/4/3
f 9035/1/3 9028/1/3 9027/1/3
f 9036/1/3 9028/1/3 9035/1/3
f 9041/1/3 9034/1/3 9033/1/3
f 9042/1/3 9034/1/3 9041/1/3
f 9043/4/3 9038/4/3 9037/4/3
f 9044/4/3 9038/4/3 9043/4/3
f 9045/4/3 9040/4/3 9039/4/3
f 9046/4/3 9040/4/3 9045/4/3
f 9057/4/3 9048/4/3 9047/4/3
f 9058/4/3 9048/4/3 9057/4/3
f 9059/4/3 9050/4/3 9049/4/3
f 9060/4/3 9050/4/3 9059/4/3
f 9061/4/3 9052/4/3 9051/4/3
f 9062/4/3 9052/4/3 9061/4/3
f 9063/4/3 9054/4/3 9053/4/3
f 9064/4/3 9054/4/3 9063/4/3
f 9067/1/3 9056/1/3 9055/1/3
f 9068/1/3 9056/1/3 9067/1/3
f 9077/1/3 9066/1/3 9065/1/3
f 9078/1/3 9066/1/3 9077/1/3
f 9079/4/3 9070/4/3 9069/4/3
f 9080/4/3 9070/4/3 9079/4/3
f 9081/4/3 9072/4/3 9071/4/3
f 9082/4/3 9072/4/3 9081/4/3
f 9083/4/3 9074/4/3 9073/4/3
f 9084/4/3 9074/4/3 9083/4/3
f 9085/4/3 9076/4/3 9075/4/3
f 9086/4/3 9076/4/3 9085/4/3
f 9093/4/3 9088/4/3 9087/4/3
f 9094/4/3 9088/4/3 9093/4/3
f 9095/4/3 9090/4/3 9089/4/3
f 9096/4/3 9090/4/3 9095/4/3
f 9099/1/3 9092/1/3 9091/1/3
f 9100/1/3 9092/1/3 9099/1/3
f 9105/1/3 9098/1/3 9097/1/3
f 9106/1/3 9098/1/3 9105/1/3
f 9107/4/3 9102/4/3 9101/4/3
f 9108/4/3 9102/4/3 9107/4/3
f 9109/4/3 9104/4/3 9103/4/3
f 9110/4/3 9104/4/3 9109/4/3
f 9121/4/3 9112/4/3 9111/4/3
f 9122/4/3 9112/4/3 9121/4/3
f 9123/4/3 9114/4/3 9113/4/3
f 9124/4/3 9114/4/3 9123/4/3
f 9125/4/3 9116/4/3 9115/4/3
f 9126/4/3 9116/4/3 9125/4/3
f 9127/4/3 9118/4/3 9117/4/3
f 9128/4/3 9118/4/3 9127/4/3
f 9131/1/3 9120/1/3 9119/1/3
f 9132/1/3 9120/1/3 9131/1/3
f 9141/1/3 9130/1/3 9129/1/3
f 9142/1/3 9130/1/3 9141/1/3
f 9143/4/3 9134/4/3 9133/4/3
f 9144/4/3 9134/4/3 9143/4/3
f 9145/4/3 9136/4/3 9135/4/3
f 9146/4/3 9136/4/3 9145/4/3
f 9147/4/3 9138/4/3 9137/4/3
f 9148/4/3 9138/4/3 9147/4/3
f 9149/4/3 9140/4/3 9139/4/3
f 9150/4/3 9140/4/3 9149/4/3
f 9157/4/3 9152/4/3 9151/4/3
f 9158/4/3 9152/4/3 9157/4/3
f 9159/4/3 9154/4/3 9153/4/3
f 9160/4/3 9154/4/3 9159/4/3
f 9163/1/3 9156/1/3 9155/1/3
f 9164/1/3 9156/1/3 9163/1/3
f 9169/1/3 9162/1/3 9161/1/3
f 9170/1/3 9162/1/3 9169/1/3
f 9171/4/3 9166/4/3 9165/4/3
f 9172/4/3 9166/4/3 9171/4/3
f 9173/4/3 9168/4/3 9167/4/3
f 9174/4/3 9168/4/3 9173/4/3
f 9185/4/3 9176/4/3 9175/4/3
f 9186/4/3 9176/4/3 9185/4/3
f 9187/4/3 9178/4/3 9177/4/3
f 9188/4/3 9178/4/3 9187/4/3
f 9189/4/3 9180/4/3 9179/4/3
f 9190/4/3 9180/4/3 9189/4/3
f 9191/4/3 9182/4/3 9181/4/3
f 9192/4/3 9182/4/3 9191/4/3
f 9195/1/3 9184/1/3 9183/1/3
f 9196/1/3 9184/1/3 9195/1/3
f 9205/1/3 9194/1/3 9193/1/3
f 9206/1/3 9194/1/3 9205/1/3
f 9207/4/3 9198/4/3 9197/4/3
f 9208/4/3 9198/4/3 9207/4/3
f 9209/4/3 9200/4/3 9199/4/3
f 9210/4/3 9200/4/3 9209/4/3
f 9211/4/3 9202/4/3 9201/4/3
f 9212/4/3 9202/4/3 9211/4/3
f 9213/4/3 9204/4/3 9203/4/3
f 9214/4/3 9204/4/3 9213/4/3
f 9221/4/3 9216/4/3 9215/4/3
f 9222/4/3 9216/4/3 9221/4/3
f 9223/4/3 9218/4/3 9217/4/3
f 9224/4/3 9218/4/3 9223/4/3
f 9227/1/3 9220/1/3 9219/1/3
f 9228/1/3 9220/1/3 9227/1/3
f 9233/1/3 9226/1/3 9225/1/3
f 9234/1/3 9226/1/3 9233/1/3
f 9235/4/3 9230/4/3 9229/4/3
f 9236/4/3 9230/4/3 9235/4/3
f 9237/4/3 9232/4/3 9231/4/3
f 9238/4/3 9232/4/3 9237/4/3
f 9249/4/3 9240/4/3 9239/4/3
f 9250/4/3 9240/4/3 9249/4/3
f 9251/4/3 9242/4/3 9241/4/3
f 9252/4/3 9242/4/3 9251/4/3
f 9253/4/3 9244/4/3 9243/4/3
f 9254/4/3 9244/4/3 9253/4/3
f 9255/4/3 9246/4/3 9245/4/3
f 9256/4/3 9246/4/3 9255/4/3
f 9259/1/3 9248/1/3 9247/1/3
f 9260/1/3 9248/1/3 9259/1/3
f 9269/1/3 9258/1/3 9257/1/3
f 9270/1/3 9258/1/3 9269/1/3
f 9271/4/3 9262/4/3 9261/4/3
f 9272/4/3 9262/4/3 9271/4/3
f 9273/4/3 9264/4/3 9263/4/3
f 9274/4/3 9264/4/3 9273/4/3
f 9275/4/3 9266/4/3 9265/4/3
f 9276/4/3 9266/4/3 9275/4/3
f 9277/4/3 9268/4/3 9267/4/3
f 9278/4/3 9268/4/3 9277/4/3
f 9285/4/3 9280/4/3 9279/4/3
f 9286/4/3 9280/4/3 9285/4/3
f 9287/4/3 9282/4/3 9281/4/3
f 9288/4/3 9282/4/3 9287/4/3
f 9291/1/3 9284/1/3 9283/1/3
f 9292/1/3 9284/1/3 9291/1/3
f 9297/1/3 9290/1/3 9289/1/3
f 9298/1/3 9290/1/3 9297/1/3
f 9299/4/3 9294/4/3 9293/4/3
f 9300/4/3 9294/4/3 9299/4/3
f 9301/4/3 9296/4/3 9295/4/3
f 9302/4/3 9296/4/3 9301/4/3
f 9313/4/3 9304/4/3 9303/4/3
f 9314/4/3 9304/4/3 9313/4/3
f 9315/4/3 9306/4/3 9305/4/3
f 9316/4/3 9306/4/3 9315/4/3
f 9317/4/3 9308/4/3 9307/4/3
f 9318/4/3 9308/4/3 9317/4/3
f 9319/4/3 9310/4/3 9309/4/3
f 9320/4/3 9310/4/3 9319/4/3
f 9323/1/3 9312/1/3 9311/1/3
f 9324/1/3 9312/1/3 9323/1/3
f 9333/1/3 9322/1/3 9321/1/3
f 9334/1/3 9322/1/3 9333/1/3
f 9335/4/3 9326/4/3 9325/4/3
f 9336/4/3 9326/4/3 9335/4/3
f 9337/4/3 9328/4/3 9327/4/3
f 9338/4/3 9328/4/3 9337/4/3
f 9339/4/3 9330/4/3 9329/4/3
f 9340/4/3 9330/4/3 9339/4/3
f 9341/4/3 9332/4/3 9331/4/3
f 9342/4/3 9332/4/3 9341/4/3
f 9349/4/3 9344/4/3 9343/4/3
f 9350/4/3 9344/4/3 9349/4/3
f 9351/4/3 9346/4/3 9345/4/3
f 9352/4/3 9346/4/3 9351/4/3
f 9355/1/3 9348/1/3 9347/1/3
f 9356/1/3 9348/1/3 9355/1/3
f 9361/1/3 9354/1/3 9353/1/3
f 9362/1/3 9354/1/3 9361/1/3
f 9363/4/3 9358/4/3 9357/4/3
f 9364/4/3 9358/4/3 9363/4/3
f 9365/4/3 9360/4/3 9359/4/3
f 9366/4/3 9360/4/3 9365/4/3
f 9377/4/3 9368/4/3 9367/4/3
f 9378/4/3 9368/4/3 9377/4/3
f 9379/4/3 9370/4/3 9369/4/3
f 9380/4/3 9370/4/3 9379/4/3
f 9381/4/3 9372/4/3 9371/4/3
f 9382/4/3 9372/4/3 9381/4/3
f 9383/4/3 9374/4/3 9373/4/3
f 9384/4/3 9374/4/3 9383/4/3
f 9387/1/3 9376/1/3 9375/1/3
f 9388/1/3 9376/1/3 9387/1/3
f 9397/1/3 9386/1/3 9385/1/3
f 9398/1/3 9386/1/3 9397/1/3
f 9399/4/3 9390/4/3 9389/4/3
f 9400/4/3 9390/4/3 9399/4/3
f 9401/4/3 9392/4/3 9391/4/3
f 9402/4/3 9392/4/3 9401/4/3
f 9403/4/3 9394/4/3 9393/4/3
f 9404/4/3 9394/4/3 9403/4/3
f 9405/4/3 9396/4/3 9395/4/3
f 9406/4/3 9396/4/3 9405/4/3
f 9417/4/3 9408/4/3 9407/4/3
f 9418/4/3 9408/4/3 9417/4/3
f 9419/4/3 9410/4/3 9409/4/3
f 9420/4/3 9410/4/3 9419/4/3
f 9421/4/3 9412/4/3 9411/4/3
f 9422/4/3 9412/4/3 9421/4/3
f 9423/4/3 9414/4/3 9413/4/3
f 9424/4/3 9414/4/3 9423/4/3
f 9427/1/3 9416/1/3 9415/1/3
f 9428/1/3 9416/1/3 9427/1/3
f 9437/1/3 9426/1/3 9425/1/3
f 9438/1/3 9426/1/3 9437/1/3
f 9439/4/3 9430/4/3 9429/4/3
f 9440/4/3 9430/4/3 9439/4/3
f 9441/4/3 9432/4/3 9431/4/3
f 9442/4/3 9432/4/3 9441/4/3
f 9443/4/3 9434/4/3 9433/4/3
f 9444/4/3 9434/4/3 9443/4/3
f 9445/4/3 9436/4/3 9435/4/3
f 9446/4/3 9436/4/3 9445/4/3
f 9459/4/3 9448/4/3 9447/4/3
f 9460/4/3 9448/4/3 9459/4/3
f 9461/4/3 9450/4/3 9449/4/3
f 9462/4/3 9450/4/3 9461/4/3
f 9463/4/3 9452/4/3 9451/4/3
f 9464/4/3 9452/4/3 9463/4/3
f 9465/4/3 9454/4/3 9453/4/3
f 9466/4/3 9454/4/3 9465/4/3
f 9467/4/3 9456/4/3 9455/4/3
f 9468/4/3 9456/4/3 9467/4/3
f 9469/4/3 9458/4/3 9457/4/3
f 9470/4/3 9458/4/3 9469/4/3
f 9483/4/3 9472/4/3 9471/4/3
f 9484/4/3 9472/4/3 9483/4/3
f 9485/4/3 9474/4/3 9473/4/3
f 9486/4/3 9474/4/3 9485/4/3
f 9487/4/3 9476/4/3 9475/4/3
f 9488/4/3 9476/4/3 9487/4/3
f 9489/4/3 9478/4/3 9477/4/3
f 9490/4/3 9478/4/3 9489/4/3
f 9491/4/3 9480/4/3 9479/4/3
f 9492/4/3 9480/4/3 9491/4/3
f 9493/4/3 9482/4/3 9481/4/3
f 9494/4/3 9482/4/3 9493/4/3
f 9501/4/3 9496/4/3 9495/4/3
f 9502/4/3 9496/4/3 9501/4/3
f 9503/4/3 9498/4/3 9497/4/3
f 9504/4/3 9498/4/3 9503/4/3
f 9507/1/3 9500/1/3 9499/1/3
f 9508/1/3 9500/1/3 9507/1/3
f 9513/1/3 9506/1/3 9505/1/3
f 9514/1/3 9506/1/3 9513/1/3
f 9515/4/3 9510/4/3 9509/4/3
f 9516/4/3 9510/4/3 9515/4/3
f 9517/4/3 9512/4/3 9511/4/3
f 9518/4/3 9512/4/3 9517/4/3
f 9533/4/3 9520/4/3 9519/4/3
f 9534/4/3 9520/4/3 9533/4/3
f 9535/4/3 9522/4/3 9521/4/3
f 9536/4/3 9522/4/3 9535/4/3
f 9537/4/3 9524/4/3 9523/4/3
f 9538/4/3 9524/4/3 9537/4/3
f 9539/4/3 9526/4/3 9525/4/3
f 9540/4/3 9526/4/3 9539/4/3
f 9541/4/3 9528/4/3 9527/4/3
f 9542/4/3 9528/4/3 9541/4/3
f 9543/4/3 9530/4/3 9529/4/3
f 9544/4/3 9530/4/3 9543/4/3
f 9547/1/3 9532/1/3 9531/1/3
f 9548/1/3 9532/1/3 9547/1/3
f 9561/1/3 9546/1/3 9545/1/3
f 9562/1/3 9546/1/3 9561/1/3
f 9563/4/3 9550/4/3 9549/4/3
f 9564/4/3 9550/4/3 9563/4/3
f 9565/4/3 9552/4/3 9551/4/3
f 9566/4/3 9552/4/3 9565/4/3
f 9567/4/3 9554/4/3 9553/4/3
f 9568/4/3 9554/4/3 9567/4/3
f 9569/4/3 9556/4/3 9555/4/3
f 9570/4/3 9556/4/3 9569/4/3
f 9571/4/3 9558/4/3 9557/4/3
f 9572/4/3 9558/4/3 9571/4/3
f 9573/4/3 9560/4/3 9559/4/3
f 9574/4/3 9560/4/3 9573/4/3
f 9585/4/3 9576/4/3 9575/4/3
f 9586/4/3 9576/4/3 9585/4/3
f 9587/4/3 9578/4/3 9577/4/3
f 9588/4/3 9578/4/3 9587/4/3
f 9589/4/3 9580/4/3 9579/4/3
f 9590/4/3 9580/4/3 9589/4/3
f 9591/4/3 9582/4/3 9581/4/3
f 9592/4/3 9582/4/3 9591/4/3
f 9595/1/3 9584/1/3 9583/1/3
f 9596/1/3 9584/1/3 9595/1/3
f 9605/1/3 9594/1/3 9593/1/3
f 9606/1/3 9594/1/3 9605/1/3
f 9607/4/3 9598/4/3 9597/4/3
f 9608/4/3 9598/4/3 9607/4/3
f 9609/4/3 9600/4/3 9599/4/3
f 9610/4/3 9600/4/3 9609/4/3
f 9611/4/3 9602/4/3 9601/4/3
f 9612/4/3 9602/4/3 9611/4/3
f 9613/4/3 9604/4/3 9603/4/3
f 9614/4/3 9604/4/3 9613/4/3
f 9627/4/3 9616/4/3 9615/4/3
f 9628/4/3 9616/4/3 9627/4/3
f 9629/4/3 9618/4/3 9617/4/3
f 9630/4/3 9618/4/3 9629/4/3
f 9631/4/3 9620/4/3 9619/4/3
f 9632/4/3 9620/4/3 9631/4/3
f 9633/4/3 9622/4/3 9621/4/3
f 9634/4/3 9622/4/3 9633/4/3
f 9635/4/3 9624/4/3 9623/4/3
f 9636/4/3 9624/4/3 9635/4/3
f 9637/4/3 9626/4/3 9625/4/3
f 9638/4/3 9626/4/3 9637/4/3
f 9651/4/3 9640/4/3 9639/4/3
f 9652/4/3 9640/4/3 9651/4/3
f 9653/4/3 9642/4/3 9641/4/3
f 9654/4/3 9642/4/3 9653/4/3
f 9655/4/3 9644/4/3 9643/4/3
f 9656/4/3 9644/4/3 9655/4/3
f 9657/4/3 9646/4/3 9645/4/3
f 9658/4/3 9646/4/3 9657/4/3
f 9659/4/3 9648/4/3 9647/4/3
f 9660/4/3 9648/4/3 9659/4/3
f 9661/4/3 9650/4/3 9649/4/3
f 9662/4/3 9650/4/3 9661/4/3
f 9669/4/3 9664/4/3 9663/4/3
f 9670/4/3 9664/4/3 9669/4/3
f 9671/4/3 9666/4/3 9665/4/3
f 9672/4/3 9666/4/3 9671/4/3
f 9675/1/3 9668/1/3 9667/1/3
f 9676/1/3 9668/1/3 9675/1/3
f 9681/1/3 9674/1/3 9673/1/3
f 9682/1/3 9674/1/3 9681/1/3
f 9683/4/3 9678/4/3 9677/4/3
f 9684/4/3 9678/4/3 9683/4/3
f 9685/4/3 9680/4/3 9679/4/3
f 9686/4/3 9680/4/3 9685/4/3
f 9699/4/3 9688/4/3 9687/4/3
f 9700/4/3 9688/4/3 9699/4/3
f 9701/4/3 9690/4/3 9689/4/3
f 9702/4/3 9690/4/3 9701/4/3
f 9703/4/3 9692/4/3 9691/4/3
f 9704/4/3 9692/4/3 9703/4/3
f 9705/4/3 9694/4/3 9693/4/3
f 9706/4/3 9694/4/3 9705/4/3
f 9707/4/3 9696/4/3 9695/4/3
f 9708/4/3 9696/4/3 9707/4/3
f 9709/4/3 9698/4/3 9697/4/3
f 9710/4/3 9698/4/3 9709/4/3
f 9723/4/3 9712/4/3 9711/4/3
f 9724/4/3 9712/4/3 9723/4/3
f 9725/4/3 9714/4/3 9713/4/3
f 9726/4/3 9714/4/3 9725/4/3
f 9727/4/3 9716/4/3 9715/4/3
f 9728/4/3 9716/4/3 9727/4/3
f 9729/4/3 9718/4/3 9717/4/3
f 9730/4/3 9718/4/3 9729/4/3
f 9731/4/3 9720/4/3 9719/4/3
f 9732/4/3 9720/4/3 9731/4/3
f 9733/4/3 9722/4/3 9721/4/3
f 9734/4/3 9722/4/3 9733/4/3
f 9745/4/3 9736/4/3 9735/4/3
f 9746/4/3 9736/4/3 9745/4/3
f 9747/4/3 9738/4/3 9737/4/3
f 9748/4/3 9738/4/3 9747/4/3
f 9749/4/3 9740/4/3 9739/4/3
f 9750/4/3 9740/4/3 9749/4/3
f 9751/4/3 9742/4/3 9741/4/3
f 9752/4/3 9742/4/3 9751/4/3
f 9755/1/3 9744/1/3 9743/1/3
f 9756/1/3 9744/1/3 9755/1/3
f 9765/1/3 9754/1/3 9753/1/3
f 9766/1/3 9754/1/3 9765/1/3
f 9767/4/3 9758/4/3 9757/4/3
f 9768/4/3 9758/4/3 9767/4/3
f 9769/4/3 9760/4/3 9759/4/3
f 9770/4/3 9760/4/3 9769/4/3
f 9771/4/3 9762/4/3 9761/4/3
f 9772/4/3 9762/4/3 9771/4/3
f 9773/4/3 9764/4/3 9763/4/3
f 9774/4/3 9764/4/3 9773/4/3
f 9785/4/3 9776/4/3 9775/4/3
f 9786/4/3 9776/4/3 9785/4/3
f 9787/4/3 9778/4/3 9777/4/3
f 9788/4/3 9778/4/3 9787/4/3
f 9789/4/3 9780/4/3 9779/4/3
f 9790/4/3 9780/4/3 9789/4/3
f 9791/4/3 9782/4/3 9781/4/3
f 9792/4/3 9782/4/3 9791/4/3
f 9795/1/3 9784/1/3 9783/1/3
f 9796/1/3 9784/1/3 9795/1/3
f 9805/1/3 9794/1/3 9793/1/3
f 9806/1/3 9794/1/3 9805/1/3
f 9807/4/3 9798/4/3 9797/4/3
f 9808/4/3 9798/4/3 9807/4/3
f 9809/4/3 9800/4/3 9799/4/3
f 9810/4/3 9800/4/3 9809/4/3
f 9811/4/3 9802/4/3 9801/4/3
f 9812/4/3 9802/4/3 9811/4/3
f 9813/4/3 9804/4/3 9803/4/3
f 9814/4/3 9804/4/3 9813/4/3
f 9823/4/3 9816/4/3 9815/4/3
f 9824/4/3 9816/4/3 9823/4/3
f 9825/4/3 9818/4/3 9817/4/3
f 9826/4/3 9818/4/3 9825/4/3
f 9827/4/3 9820/4/3 9819/4/3
f 9828/4/3 9820/4/3 9827/4/3
f 9829/4/3 9822/4/3 9821/4/3
f 9830/4/3 9822/4/3 9829/4/3
f 9839/4/3 9832/4/3 9831/4/3
f 9840/4/3 9832/4/3 9839/4/3
f 9841/4/3 9834/4/3 9833/4/3
f 9842/4/3 9834/4/3 9841/4/3
f 9843/4/3 9836/4/3 9835/4/3
f 9844/4/3 9836/4/3 9843/4/3
f 9845/4/3 9838/4/3 9837/4/3
f 9846/4/3 9838/4/3 9845/4/3
f 9857/4/3 9848/4/3 9847/4/3
f 9858/4/3 9848/4/3 9857/4/3
f 9859/4/3 9850/4/3 9849/4/3
f 9860/4/3 9850/4/3 9859/4/3
f 9861/4/3 9852/4/3 9851/4/3
f 9862/4/3 9852/4/3 9861/4/3
f 9863/4/3 9854/4/3 9853/4/3
f 9864/4/3 9854/4/3 9863/4/3
f 9867/1/3 9856/1/3 9855/1/3
f 9868/1/3 9856/1/3 9867/1/3
f 9877/1/3 9866/1/3 9865/1/3
f 9878/1/3 9866/1/3 9877/1/3
f 9879/4/3 9870/4/3 9869/4/3
f 9880/4/3 9870/4/3 9879/4/3
f 9881/4/3 9872/4/3 9871/4/3
f 9882/4/3 9872/4/3 9881/4/3
f 9883/4/3 9874/4/3 9873/4/3
f 9884/4/3 9874/4/3 9883/4/3
f 9885/4/3 9876/4/3 9875/4/3
f 9886/4/3 9876/4/3 9885/4/3
f 9899/4/3 9888/4/3 9887/4/3
f 9900/4/3 9888/4/3 9899/4/3
f 9901/4/3 9890/4/3 9889/4/3
f 9902/4/3 9890/4/3 9901/4/3
f 9903/4/3 9892/4/3 9891/4/3
f 9904/4/3 9892/4/3 9903/4/3
f 9905/4/3 9894/4/3 9893/4/3
f 9906/4/3 9894/4/3 9905/4/3
f 9907/4/3 9896/4/3 9895/4/3
f 9908/4/3 9896/4/3 9907/4/3
f 9909/4/3 9898/4/3 9897/4/3
f 9910/4/3 9898/4/3 9909/4/3
f 9923/4/3 9912/4/3 9911/4/3
f 9924/4/3 9912/4/3 9923/4/3
f 9925/4/3 9914/4/3 9913/4/3
f 9926/4/3 9914/4/3 9925/4/3
f 9927/4/3 9916/4/3 9915/4/3
f 9928/4/3 9916/4/3 9927/4/3
f 9929/4/3 9918/4/3 9917/4/3
f 9930/4/3 9918/4/3 9929/4/3
f 9931/4/3 9920/4/3 9919/4/3
f 9932/4/3 9920/4/3 9931/4/3
f 9933/4/3 9922/4/3 9921/4/3
f 9934/4/3 9922/4/3 9933/4/3
f 9945/4/3 9936/4/3 9935/4/3
f 9946/4/3 9936/4/3 9945/4/3
f 9947/4/3 9938/4/3 9937/4/3
f 9948/4/3 9938/4/3 9947/4/3
f 9949/4/3 9940/4/3 9939/4/3
f 9950/4/3 9940/4/3 9949/4/3
f 9951/4/3 9942/4/3 9941/4/3
f 9952/4/3 9942/4/3 9951/4/3
f 9955/1/3 9944/1/3 9943/1/3
f 9956/1/3 9944/1/3 9955/1/3
f 9965/1/3 9954/1/3 9953/1/3
f 9966/1/3 9954/1/3 9965/1/3
f 9967/4/3 9958/4/3 9957/4/3
f 9968/4/3 9958/4/3 9967/4/3
f 9969/4/3 9960/4/3 9959/4/3
f 9970/4/3 9960/4/3 9969/4/3
f 9971/4/3 9962/4/3 9961/4/3
f 9972/4/3 9962/4/3 9971/4/3
f 9973/4/3 9964/4/3 9963/4/3
f 9974/4/3 9964/4/3 9973/4/3
f 9987/4/3 9976/4/3 9975/4/3
f 9988/4/3 9976/4/3 9987/4/3
f 9989/4/3 9978/4/3 9977/4/3
f 9990/4/3 9978/4/3 9989/4/3
f 9991/4/3 9980/4/3 9979/4/3
f 9992/4/3 9980/4/3 9991/4/3
f 9993/4/3 9982/4/3 9981/4/3
f 9994/4/3 9982/4/3 9993/4/3
f 9995/4/3 9984/4/3 9983/4/3
f 9996/4/3 9984/4/3 9995/4/3
f 9997/4/3 9986/4/3 9985/4/3
f 9998/4/3 9986/4/3 9997/4/3
f 10011/4/3 10000/4/3 9999/4/3
f 10012/4/3 10000/4/3 10011/4/3
f 10013/4/3 10002/4/3 10001/4/3
f 10014/4/3 10002/4/3 10013/4/3
f 10015/4/3 10004/4/3 10003/4/3
f 10016/4/3 10004/4/3 10015/4/3
f 10017/4/3 10006/4/3 10005/4/3
f 10018/4/3 10006/4/3 10017/4/3
f 10019/4/3 10008/4/3 10007/4/3
f 10020/4/3 10008/4/3 10019/4/3
f 10021/4/3 10010/4/3 10009/4/3
f 10022/4/3 10010/4/3 10021/4/3
f 10031/4/3 10024/4/3 10023/4/3
f 10032/4/3 10024/4/3 10031/4/3
f 10033/4/3 10026/4/3 10025/4/3
f 10034/4/3 10026/4/3 10033/4/3
f 10035/4/3 10028/4/3 10027/4/3
f 10036/4/3 10028/4/3 10035/4/3
f 10037/4/3 10030/4/3 10029/4/3
f 10038/4/3 10030/4/3 10037/4/3
f 10047/4/3 10040/4/3 10039/4/3
f 10048/4/3 10040/4/3 10047/4/3
f 10049/4/3 10042/4/3 10041/4/3
f 10050/4/3 10042/4/3 10049/4/3
f 10055/4/3 10044/4/3 10043/4/3
f 10056/4/3 10044/4/3 10055/4/3
f 10057/4/3 10046/4/3 10045/4/3
f 10058/4/3 10046/4/3 10057/4/3
f 10059/4/3 10052/4/3 10051/4/3
f 10060/4/3 10052/4/3 10059/4/3
f 10061/4/3 10054/4/3 10053/4/3
f 10062/4/3 10054/4/3 10061/4/3
f 10081/4/3 10064/4/3 10063/4/3
f 10082/4/3 10064/4/3 10081/4/3
f 10083/4/3 10066/4/3 10065/4/3
f 10084/4/3 10066/4/3 10083/4/3
f 10085/4/3 10068/4/3 10067/4/3
f 10086/4/3 10068/4/3 10085/4/3
f 10087/4/3 10070/4/3 10069/4/3
f 10088/4/3 10070/4/3 10087/4/3
f 10089/4/3 10072/4/3 10071/4/3
f 10090/4/3 10072/4/3 10089/4/3
f 10091/4/3 10074/4/3 10073/4/3
f 10092/4/3 10074/4/3 10091/4/3
f 10093/4/3 10076/4/3 10075/4/3
f 10094/4/3 10076/4/3 10093/4/3
f 10095/4/3 10078/4/3 10077/4/3
f 10096/4/3 10078/4/3 10095/4/3
f 10099/1/3 10080/1/3 10079/1/3
f 10100/1/3 10080/1/3 10099/1/3
f 10117/1/3 10098/1/3 10097/1/3
f 10118/1/3 10098/1/3 10117/1/3
f 10119/4/3 10102/4/3 10101/4/3
f 10120/4/3 10102/4/3 10119/4/3
f 10121/4/3 10104/4/3 10103/4/3
f 10122/4/3 10104/4/3 10121/4/3
f 10123/4/3 10106/4/3 10105/4/3
f 10124/4/3 10106/4/3 10123/4/3
f 10125/4/3 10108/4/3 10107/4/3
f 10126/4/3 10108/4/3 10125/4/3
f 10127/4/3 10110/4/3 10109/4/3
f 10128/4/3 10110/4/3 10127/4/3
f 10129/4/3 10112/4/3 10111/4/3
f 10130/4/3 10112/4/3 10129/4/3
f 10131/4/3 10114/4/3 10113/4/3
f 10132/4/3 10114/4/3 10131/4/3
f 10133/4/3 10116/4/3 10115/4/3
f 10134/4/3 10116/4/3 10133/4/3
f 10147/4/3 10136/4/3 10135/4/3
f 10148/4/3 10136/4/3 10147/4/3
f 10149/4/3 10138/4/3 10137/4/3
f 10150/4/3 10138/4/3 10149/4/3
f 10151/4/3 10140/4/3 10139/4/3
f 10152/4/3 10140/4/3 10151/4/3
f 10153/4/3 10142/4/3 10141/4/3
f 10154/4/3 10142/4/3 10153/4/3
f 10155/4/3 10144/4/3 10143/4/3
f 10156/4/3 10144/4/3 10155/4/3
f 10157/4/3 10146/4/3 10145/4/3
f 10158/4/3 10146/4/3 10157/4/3
f 10171/4/3 10160/4/3 10159/4/3
f 10172/4/3 10160/4/3 10171/4/3
f 10173/4/3 10162/4/3 10161/4/3
f 10174/4/3 10162/4/3 10173/4/3
f 10175/4/3 10164/4/3 10163/4/3
f 10176/4/3 10164/4/3 10175/4/3
f 10181/4/3 10166/4/3 10165/4/3
f 10182/4/3 10166/4/3 10181/4/3
f 10183/4/3 10168/4/3 10167/4/3
f 10184/4/3 10168/4/3 10183/4/3
f 10185/4/3 10170/4/3 10169/4/3
f 10186/4/3 10170/4/3 10185/4/3
f 10187/4/3 10178/4/3 10177/4/3
f 10188/4/3 10178/4/3 10187/4/3
f 10189/4/3 10180/4/3 10179/4/3
f 10190/4/3 10180/4/3 10189/4/3
f 10195/4/3 10192/4/3 10191/4/3
f 10196/4/3 10192/4/3 10195/4/3
f 10197/4/3 10194/4/3 10193/4/3
f 10198/4/3 10194/4/3 10197/4/3
f 10213/4/3 10200/4/3 10199/4/3
f 10214/4/3 10200/4/3 10213/4/3
f 10215/4/3 10202/4/3 10201/4/3
f 10216/4/3 10202/4/3 10215/4/3
f 10217/4/3 10204/4/3 10203/4/3
f 10218/4/3 10204/4/3 10217/4/3
f 10219/4/3 10206/4/3 10205/4/3
f 10220/4/3 10206/4/3 10219/4/3
f 10221/4/3 10208/4/3 10207/4/3
f 10222/4/3 10208/4/3 10221/4/3
f 10223/4/3 10210/4/3 10209/4/3
f 10224/4/3 10210/4/3 10223/4/3
f 10227/1/3 10212/1/3 10211/1/3
f 10228/1/3 10212/1/3 10227/1/3
f 10241/1/3 10226/1/3 10225/1/3
f 10242/1/3 10226/1/3 10241/1/3
f 10243/4/3 10230/4/3 10229/4/3
f 10244/4/3 10230/4/3 10243/4/3
f 10245/4/3 10232/4/3 10231/4/3
f 10246/4/3 10232/4/3 10245/4/3
f 10247/4/3 10234/4/3 10233/4/3
f 10248/4/3 10234/4/3 10247/4/3
f 10249/4/3 10236/4/3 10235/4/3
f 10250/4/3 10236/4/3 10249/4/3
f 10251/4/3 10238/4/3 10237/4/3
f 10252/4/3 10238/4/3 10251/4/3
f 10253/4/3 10240/4/3 10239/4/3
f 10254/4/3 10240/4/3 10253/4/3
f 10267/4/3 10256/4/3 10255/4/3
f 10268/4/3 10256/4/3 10267/4/3
f 10269/4/3 10258/4/3 10257/4/3
f 10270/4/3 10258/4/3 10269/4/3
f 10271/4/3 10260/4/3 10259/4/3
f 10272/4/3 10260/4/3 10271/4/3
f 10273/4/3 10262/4/3 10261/4/3
f 10274/4/3 10262/4/3 10273/4/3
f 10275/4/3 10264/4/3 10263/4/3
f 10276/4/3 10264/4/3 10275/4/3
f 10277/4/3 10266/4/3 10265/4/3
f 10278/4/3 10266/4/3 10277/4/3
f 10291/4/3 10280/4/3 10279/4/3
f 10292/4/3 10280/4/3 10291/4/3
f 10293/4/3 10282/4/3 10281/4/3
f 10294/4/3 10282/4/3 10293/4/3
f 10295/4/3 10284/4/3 10283/4/3
f 10296/4/3 10284/4/3 10295/4/3
f 10301/4/3 10286/4/3 10285/4/3
f 10302/4/3 10286/4/3 10301/4/3
f 10303/4/3 10288/4/3 10287/4/3
f 10304/4/3 10288/4/3 10303/4/3
f 10305/4/3 10290/4/3 10289/4/3
f 10306/4/3 10290/4/3 10305/4/3
f 10307/4/3 10298/4/3 10297/4/3
f 10308/4/3 10298/4/3 10307/4/3
f 10309/4/3 10300/4/3 10299/4/3
f 10310/4/3 10300/4/3 10309/4/3
f 10315/4/3 10312/4/3 10311/4/3
f 10316/4/3 10312/4/3 10315/4/3
f 10317/4/3 10314/4/3 10313/4/3
f 10318/4/3 10314/4/3 10317/4/3
f 10323/4/3 10320/4/3 10319/4/3
f 10324/4/3 10320/4/3 10323/4/3
f 10325/4/3 10322/4/3 10321/4/3
f 10326/4/3 10322/4/3 10325/4/3
f 10331/4/3 10328/4/3 10327/4/3
f 10332/4/3 10328/4/3 10331/4/3
f 10333/4/3 10330/4/3 10329/4/3
f 10334/4/3 10330/4/3 10333/4/3
f 10345/4/3 10336/4/3 10335/4/3
f 10346/4/3 10336/4/3 10345/4/3
f 10347/4/3 10338/4/3 10337/4/3
f 10348/4/3 10338/4/3 10347/4/3
f 10349/4/3 10340/4/3 10339/4/3
f 10350/4/3 10340/4/3 10349/4/3
f 10351/4/3 10342/4/3 10341/4/3
f 10352/4/3 10342/4/3 10351/4/3
f 10355/1/3 10344/1/3 10343/1/3
f 10356/1/3 10344/1/3 10355/1/3
f 10367/1/3 10354/1/3 10353/1/3
f 10368/1/3 10354/1/3 10367/1/3
f 10369/4/3 10358/4/3 10357/4/3
f 10370/4/3 10358/4/3 10369/4/3
f 10371/4/3 10360/4/3 10359/4/3
f 10372/4/3 10360/4/3 10371/4/3
f 10376/3/3 10362/3/3 10361/3/3
f 10377/3/3 10362/3/3 10376/3/3
f 10381/4/3 10364/4/3 10363/4/3
f 10382/4/3 10364/4/3 10381/4/3
f 10383/4/3 10366/4/3 10365/4/3
f 10384/4/3 10366/4/3 10383/4/3
f 10385/4/3 10374/4/3 10373/4/3
f 10386/4/3 10374/4/3 10385/4/3
f 10387/4/3 10380/4/3 10379/4/3
f 10388/4/3 10380/4/3 10387/4/3
f 10389/3/3 10376/3/3 10375/3/3
f 10390/3/3 10376/3/3 10389/3/3
f 10391/3/3 10378/3/3 10377/3/3
f 10392/3/3 10378/3/3 10391/3/3
f 10394/3/3 10391/3/3 10390/3/3
f 10395/3/3 10391/3/3 10394/3/3
f 10401/4/3 10398/4/3 10397/4/3
f 10402/4/3 10398/4/3 10401/4/3
f 10403/3/3 10394/3/3 10393/3/3
f 10404/3/3 10394/3/3 10403/3/3
f 10405/3/3 10396/3/3 10395/3/3
f 10406/3/3 10396/3/3 10405/3/3
f 10407/4/3 10400/4/3 10399/4/3
f 10408/4/3 10400/4/3 10407/4/3
f 10409/3/3 10405/3/3 10404/3/3
f 10410/3/3 10405/3/3 10409/3/3
f 10423/4/3 10412/4/3 10411/4/3
f 10424/4/3 10412/4/3 10423/4/3
f 10425/4/3 10414/4/3 10413/4/3
f 10426/4/3 10414/4/3 10425/4/3
f 10427/4/3 10416/4/3 10415/4/3
f 10428/4/3 10416/4/3 10427/4/3
f 10431/4/3 10418/4/3 10417/4/3
f 10432/4/3 10418/4/3 10431/4/3
f 10433/4/3 10420/4/3 10419/4/3
f 10434/4/3 10420/4/3 10433/4/3
f 10435/4/3 10422/4/3 10421/4/3
f 10436/4/3 10422/4/3 10435/4/3
f 10443/10/3 10430/10/3 10429/10/3
f 10444/10/3 10430/10/3 10443/10/3
f 10451/4/3 10438/4/3 10437/4/3
f 10452/4/3 10438/4/3 10451/4/3
f 10453/4/3 10440/4/3 10439/4/3
f 10454/4/3 10440/4/3 10453/4/3
f 10455/4/3 10442/4/3 10441/4/3
f 10456/4/3 10442/4/3 10455/4/3
f 10457/10/3 10443/10/3 10429/10/3
f 10458/10/3 10443/10/3 10457/10/3
f 10459/10/3 10430/10/3 10444/10/3
f 10460/10/3 10430/10/3 10459/10/3
f 10461/4/3 10446/4/3 10445/4/3
f 10462/4/3 10446/4/3 10461/4/3
f 10463/4/3 10448/4/3 10447/4/3
f 10464/4/3 10448/4/3 10463/4/3
f 10465/4/3 10450/4/3 10449/4/3
f 10466/4/3 10450/4/3 10465/4/3
f 10467/3/3 10459/3/3 10458/3/3
f 10468/3/3 10459/3/3 10467/3/3
f 10469/3/3 10467/3/3 10458/3/3
f 10470/3/3 10459/3/3 10468/3/3
f 10471/10/3 10457/10/3 10429/10/3
f 10472/3/3 10470/3/3 10469/3/3
f 10472/3/3 10469/3/3 10458/3/3
f 10473/3/3 10459/3/3 10470/3/3
f 10473/3/3 10470/3/3 10472/3/3
f 10474/10/3 10430/10/3 10460/10/3
f 10475/10/3 10471/10/3 10429/10/3
f 10475/10/3 10472/10/3 10471/10/3
f 10476/10/3 10472/10/3 10475/10/3
f 10477/10/3 10474/10/3 10473/10/3
f 10478/10/3 10430/10/3 10474/10/3
f 10478/10/3 10474/10/3 10477/10/3
f 10479/3/3 10477/3/3 10476/3/3
f 10480/3/3 10477/3/3 10479/3/3
f 10481/3/3 10479/3/3 10476/3/3
f 10482/3/3 10477/3/3 10480/3/3
f 10483/10/3 10475/10/3 10429/10/3
f 10484/3/3 10482/3/3 10481/3/3
f 10484/3/3 10481/3/3 10476/3/3
f 10485/3/3 10477/3/3 10482/3/3
f 10485/3/3 10482/3/3 10484/3/3
f 10486/10/3 10430/10/3 10478/10/3
f 10487/10/3 10484/10/3 10483/10/3
f 10488/10/3 10486/10/3 10485/10/3
f 10489/10/3 10487/10/3 10483/10/3
f 10489/10/3 10488/10/3 10487/10/3
f 10489/10/3 10483/10/3 10429/10/3
f 10490/10/3 10486/10/3 10488/10/3
f 10490/10/3 10488/10/3 10489/10/3
f 10490/10/3 10430/10/3 10486/10/3
f 10497/4/3 10492/4/3 10491/4/3
f 10498/4/3 10492/4/3 10497/4/3
f 10500/10/3 10494/10/3 10493/10/3
f 10501/10/3 10494/10/3 10500/10/3
f 10503/4/3 10496/4/3 10495/4/3
f 10504/4/3 10496/4/3 10503/4/3
f 10509/4/3 10506/4/3 10505/4/3
f 10510/4/3 10506/4/3 10509/4/3
f 10511/10/3 10500/10/3 10499/10/3
f 10512/10/3 10500/10/3 10511/10/3
f 10513/10/3 10502/10/3 10501/10/3
f 10514/10/3 10502/10/3 10513/10/3
f 10515/4/3 10508/4/3 10507/4/3
f 10516/4/3 10508/4/3 10515/4/3
f 10518/10/3 10500/10/3 10512/10/3
f 10521/10/3 10513/10/3 10501/10/3
f 10523/2/3 10520/2/3 10519/2/3
f 10524/2/3 10520/2/3 10523/2/3
f 10527/10/3 10518/10/3 10517/10/3
f 10528/10/3 10500/10/3 10518/10/3
f 10528/10/3 10518/10/3 10527/10/3
f 10529/2/3 10526/2/3 10525/2/3
f 10530/2/3 10526/2/3 10529/2/3
f 10531/10/3 10522/10/3 10521/10/3
f 10531/10/3 10521/10/3 10501/10/3
f 10532/10/3 10522/10/3 10531/10/3
f 10534/10/3 10500/10/3 10528/10/3
f 10535/10/3 10531/10/3 10501/10/3
f 10537/10/3 10534/10/3 10533/10/3
f 10538/10/3 10500/10/3 10534/10/3
f 10538/10/3 10534/10/3 10537/10/3
f 10539/10/3 10536/10/3 10535/10/3
f 10539/10/3 10535/10/3 10501/10/3
f 10540/10/3 10536/10/3 10539/10/3
f 10541/10/3 10539/10/3 10538/10/3
f 10542/10/3 10539/10/3 10541/10/3
f 10555/4/3 10544/4/3 10543/4/3
f 10556/4/3 10544/4/3 10555/4/3
f 10557/4/3 10546/4/3 10545/4/3
f 10558/4/3 10546/4/3 10557/4/3
f 10560/10/3 10548/10/3 10547/10/3
f 10561/10/3 10548/10/3 10560/10/3
f 10562/10/3 10550/10/3 10549/10/3
f 10563/10/3 10550/10/3 10562/10/3
f 10565/4/3 10552/4/3 10551/4/3
f 10566/4/3 10552/4/3 10565/4/3
f 10567/4/3 10554/4/3 10553/4/3
f 10568/4/3 10554/4/3 10567/4/3
f 10581/4/3 10570/4/3 10569/4/3
f 10582/4/3 10570/4/3 10581/4/3
f 10583/4/3 10572/4/3 10571/4/3
f 10584/4/3 10572/4/3 10583/4/3
f 10585/3/3 10574/3/3 10573/3/3
f 10586/3/3 10574/3/3 10585/3/3
f 10587/3/3 10576/3/3 10575/3/3
f 10588/3/3 10576/3/3 10587/3/3
f 10589/4/3 10578/4/3 10577/4/3
f 10590/4/3 10578/4/3 10589/4/3
f 10591/4/3 10580/4/3 10579/4/3
f 10592/4/3 10580/4/3 10591/4/3
f 10597/3/3 10594/3/3 10593/3/3
f 10598/3/3 10594/3/3 10597/3/3
f 10599/3/3 10596/3/3 10595/3/3
f 10600/3/3 10596/3/3 10599/3/3
f 10605/3/3 10602/3/3 10601/3/3
f 10606/3/3 10602/3/3 10605/3/3
f 10607/3/3 10604/3/3 10603/3/3
f 10608/3/3 10604/3/3 10607/3/3
f 10613/3/3 10610/3/3 10609/3/3
f 10614/3/3 10610/3/3 10613/3/3
f 10615/3/3 10612/3/3 10611/3/3
f 10616/3/3 10612/3/3 10615/3/3
f 10617/10/3 10560/10/3 10559/10/3
f 10618/10/3 10560/10/3 10617/10/3
f 10621/10/3 10564/10/3 10563/10/3
f 10622/10/3 10564/10/3 10621/10/3
f 10623/10/3 10619/10/3 10618/10/3
f 10624/10/3 10619/10/3 10623/10/3
f 10625/10/3 10621/10/3 10620/10/3
f 10626/10/3 10621/10/3 10625/10/3
f 10645/4/3 10628/4/3 10627/4/3
f 10646/4/3 10628/4/3 10645/4/3
f 10647/4/3 10630/4/3 10629/4/3
f 10648/4/3 10630/4/3 10647/4/3
f 10649/4/3 10632/4/3 10631/4/3
f 10650/4/3 10632/4/3 10649/4/3
f 10652/10/3 10634/10/3 10633/10/3
f 10653/10/3 10634/10/3 10652/10/3
f 10654/10/3 10636/10/3 10635/10/3
f 10655/10/3 10636/10/3 10654/10/3
f 10657/4/3 10638/4/3 10637/4/3
f 10658/4/3 10638/4/3 10657/4/3
f 10659/4/3 10640/4/3 10639/4/3
f 10660/4/3 10640/4/3 10659/4/3
f 10661/4/3 10642/4/3 10641/4/3
f 10662/4/3 10642/4/3 10661/4/3
f 10665/1/3 10644/1/3 10643/1/3
f 10666/1/3 10644/1/3 10665/1/3
f 10674/10/3 10652/10/3 10651/10/3
f 10675/10/3 10652/10/3 10674/10/3
f 10676/10/3 10656/10/3 10655/10/3
f 10677/10/3 10656/10/3 10676/10/3
f 10685/1/3 10664/1/3 10663/1/3
f 10686/1/3 10664/1/3 10685/1/3
f 10687/4/3 10668/4/3 10667/4/3
f 10688/4/3 10668/4/3 10687/4/3
f 10689/4/3 10670/4/3 10669/4/3
f 10690/4/3 10670/4/3 10689/4/3
f 10691/4/3 10672/4/3 10671/4/3
f 10692/4/3 10672/4/3 10691/4/3
f 10693/3/3 10674/3/3 10673/3/3
f 10694/3/3 10674/3/3 10693/3/3
f 10695/10/3 10652/10/3 10675/10/3
f 10696/10/3 10676/10/3 10655/10/3
f 10697/3/3 10678/3/3 10677/3/3
f 10698/3/3 10678/3/3 10697/3/3
f 10699/4/3 10680/4/3 10679/4/3
f 10700/4/3 10680/4/3 10699/4/3
f 10701/4/3 10682/4/3 10681/4/3
f 10702/4/3 10682/4/3 10701/4/3
f 10703/4/3 10684/4/3 10683/4/3
f 10704/4/3 10684/4/3 10703/4/3
f 10706/10/3 10695/10/3 10694/10/3
f 10707/10/3 10652/10/3 10695/10/3
f 10707/10/3 10695/10/3 10706/10/3
f 10708/10/3 10697/10/3 10696/10/3
f 10708/10/3 10696/10/3 10655/10/3
f 10709/10/3 10697/10/3 10708/10/3
f 10711/3/3 10706/3/3 10705/3/3
f 10712/3/3 10706/3/3 10711/3/3
f 10713/10/3 10652/10/3 10707/10/3
f 10714/10/3 10708/10/3 10655/10/3
f 10715/3/3 10710/3/3 10709/3/3
f 10716/3/3 10710/3/3 10715/3/3
f 10718/10/3 10713/10/3 10712/10/3
f 10719/10/3 10652/10/3 10713/10/3
f 10719/10/3 10713/10/3 10718/10/3
f 10720/10/3 10714/10/3 10655/10/3
f 10720/10/3 10715/10/3 10714/10/3
f 10721/10/3 10715/10/3 10720/10/3
f 10723/3/3 10718/3/3 10717/3/3
f 10724/3/3 10718/3/3 10723/3/3
f 10725/10/3 10652/10/3 10719/10/3
f 10726/10/3 10720/10/3 10655/10/3
f 10727/3/3 10722/3/3 10721/3/3
f 10728/3/3 10722/3/3 10727/3/3
f 10730/10/3 10725/10/3 10724/10/3
f 10731/10/3 10652/10/3 10725/10/3
f 10731/10/3 10725/10/3 10730/10/3
f 10732/10/3 10726/10/3 10655/10/3
f 10732/10/3 10727/10/3 10726/10/3
f 10733/10/3 10727/10/3 10732/10/3
f 10735/3/3 10730/3/3 10729/3/3
f 10736/3/3 10730/3/3 10735/3/3
f 10737/10/3 10652/10/3 10731/10/3
f 10738/10/3 10732/10/3 10655/10/3
f 10739/3/3 10734/3/3 10733/3/3
f 10740/3/3 10734/3/3 10739/3/3
f 10741/10/3 10737/10/3 10736/10/3
f 10742/10/3 10652/10/3 10737/10/3
f 10742/10/3 10737/10/3 10741/10/3
f 10745/10/3 10738/10/3 10655/10/3
f 10745/10/3 10739/10/3 10738/10/3
f 10746/10/3 10739/10/3 10745/10/3
f 10747/10/3 10743/10/3 10742/10/3
f 10748/10/3 10743/10/3 10747/10/3
f 10749/10/3 10745/10/3 10744/10/3
f 10750/10/3 10745/10/3 10749/10/3
f 10761/4/3 10752/4/3 10751/4/3
f 10762/4/3 10752/4/3 10761/4/3
f 10764/10/3 10754/10/3 10753/10/3
f 10765/10/3 10754/10/3 10764/10/3
f 10766/10/3 10756/10/3 10755/10/3
f 10767/10/3 10756/10/3 10766/10/3
f 10768/10/3 10758/10/3 10757/10/3
f 10769/10/3 10758/10/3 10768/10/3
f 10771/4/3 10760/4/3 10759/4/3
f 10772/4/3 10760/4/3 10771/4/3
f 10776/10/3 10764/10/3 10763/10/3
f 10777/10/3 10764/10/3 10776/10/3
f 10778/10/3 10770/10/3 10769/10/3
f 10779/10/3 10770/10/3 10778/10/3
f 10783/4/3 10774/4/3 10773/4/3
f 10784/4/3 10774/4/3 10783/4/3
f 10785/3/3 10776/3/3 10775/3/3
f 10786/3/3 10776/3/3 10785/3/3
f 10789/3/3 10780/3/3 10779/3/3
f 10790/3/3 10780/3/3 10789/3/3
f 10791/4/3 10782/4/3 10781/4/3
f 10792/4/3 10782/4/3 10791/4/3
f 10794/10/3 10787/10/3 10786/10/3
f 10795/10/3 10787/10/3 10794/10/3
f 10796/10/3 10789/10/3 10788/10/3
f 10797/10/3 10789/10/3 10796/10/3
f 10799/3/3 10794/3/3 10793/3/3
f 10800/3/3 10794/3/3 10799/3/3
f 10803/3/3 10798/3/3 10797/3/3
f 10804/3/3 10798/3/3 10803/3/3
f 10806/10/3 10801/10/3 10800/10/3
f 10807/10/3 10801/10/3 10806/10/3
f 10808/10/3 10803/10/3 10802/10/3
f 10809/10/3 10803/10/3 10808/10/3
f 10811/3/3 10806/3/3 10805/3/3
f 10812/3/3 10806/3/3 10811/3/3
f 10815/3/3 10810/3/3 10809/3/3
f 10816/3/3 10810/3/3 10815/3/3
f 10818/10/3 10813/10/3 10812/10/3
f 10819/10/3 10813/10/3 10818/10/3
f 10820/10/3 10815/10/3 10814/10/3
f 10821/10/3 10815/10/3 10820/10/3
f 10823/3/3 10818/3/3 10817/3/3
f 10824/3/3 10818/3/3 10823/3/3
f 10827/3/3 10822/3/3 10821/3/3
f 10828/3/3 10822/3/3 10827/3/3
f 10829/10/3 10825/10/3 10824/10/3
f 10830/10/3 10825/10/3 10829/10/3
f 10835/10/3 10827/10/3 10826/10/3
f 10836/10/3 10827/10/3 10835/10/3
f 10837/10/3 10831/10/3 10830/10/3
f 10838/10/3 10831/10/3 10837/10/3
f 10839/10/3 10833/10/3 10832/10/3
f 10840/10/3 10833/10/3 10839/10/3
f 10841/10/3 10835/10/3 10834/10/3
f 10842/10/3 10835/10/3 10841/10/3
f 10855/4/3 10844/4/3 10843/4/3
f 10856/4/3 10844/4/3 10855/4/3
f 10857/4/3 10846/4/3 10845/4/3
f 10858/4/3 10846/4/3 10857/4/3
f 10860/10/3 10848/10/3 10847/10/3
f 10861/10/3 10848/10/3 10860/10/3
f 10862/10/3 10850/10/3 10849/10/3
f 10863/10/3 10850/10/3 10862/10/3
f 10865/4/3 10852/4/3 10851/4/3
f 10866/4/3 10852/4/3 10865/4/3
f 10867/4/3 10854/4/3 10853/4/3
f 10868/4/3 10854/4/3 10867/4/3
f 10874/10/3 10860/10/3 10859/10/3
f 10875/10/3 10860/10/3 10874/10/3
f 10876/10/3 10864/10/3 10863/10/3
f 10877/10/3 10864/10/3 10876/10/3
f 10883/4/3 10870/4/3 10869/4/3
f 10884/4/3 10870/4/3 10883/4/3
f 10885/4/3 10872/4/3 10871/4/3
f 10886/4/3 10872/4/3 10885/4/3
f 10887/3/3 10874/3/3 10873/3/3
f 10888/3/3 10874/3/3 10887/3/3
f 10891/3/3 10878/3/3 10877/3/3
f 10892/3/3 10878/3/3 10891/3/3
f 10893/4/3 10880/4/3 10879/4/3
f 10894/4/3 10880/4/3 10893/4/3
f 10895/4/3 10882/4/3 10881/4/3
f 10896/4/3 10882/4/3 10895/4/3
f 10898/10/3 10889/10/3 10888/10/3
f 10899/10/3 10889/10/3 10898/10/3
f 10900/10/3 10891/10/3 10890/10/3
f 10901/10/3 10891/10/3 10900/10/3
f 10903/3/3 10898/3/3 10897/3/3
f 10904/3/3 10898/3/3 10903/3/3
f 10907/3/3 10902/3/3 10901/3/3
f 10908/3/3 10902/3/3 10907/3/3
f 10910/10/3 10905/10/3 10904/10/3
f 10911/10/3 10905/10/3 10910/10/3
f 10912/10/3 10907/10/3 10906/10/3
f 10913/10/3 10907/10/3 10912/10/3
f 10915/3/3 10910/3/3 10909/3/3
f 10916/3/3 10910/3/3 10915/3/3
f 10919/3/3 10914/3/3 10913/3/3
f 10920/3/3 10914/3/3 10919/3/3
f 10922/10/3 10917/10/3 10916/10/3
f 10923/10/3 10917/10/3 10922/10/3
f 10924/10/3 10919/10/3 10918/10/3
f 10925/10/3 10919/10/3 10924/10/3
f 10927/3/3 10922/3/3 10921/3/3
f 10928/3/3 10922/3/3 10927/3/3
f 10931/3/3 10926/3/3 10925/3/3
f 10932/3/3 10926/3/3 10931/3/3
f 10933/10/3 10929/10/3 10928/10/3
f 10934/10/3 10929/10/3 10933/10/3
f 10937/10/3 10931/10/3 10930/10/3
f 10938/10/3 10931/10/3 10937/10/3
f 10939/10/3 10935/10/3 10934/10/3
f 10940/10/3 10935/10/3 10939/10/3
f 10941/10/3 10937/10/3 10936/10/3
f 10942/10/3 10937/10/3 10941/10/3
f 10951/4/3 10944/4/3 10943/4/3
f 10952/4/3 10944/4/3 10951/4/3
f 10954/10/3 10946/10/3 10945/10/3
f 10955/10/3 10946/10/3 10954/10/3
f 10956/10/3 10948/10/3 10947/10/3
f 10957/10/3 10948/10/3 10956/10/3
f 10959/4/3 10950/4/3 10949/4/3
f 10960/4/3 10950/4/3 10959/4/3
f 10964/10/3 10954/10/3 10953/10/3
f 10965/10/3 10954/10/3 10964/10/3
f 10966/10/3 10958/10/3 10957/10/3
f 10967/10/3 10958/10/3 10966/10/3
f 10971/4/3 10962/4/3 10961/4/3
f 10972/4/3 10962/4/3 10971/4/3
f 10973/3/3 10964/3/3 10963/3/3
f 10974/3/3 10964/3/3 10973/3/3
f 10977/3/3 10968/3/3 10967/3/3
f 10978/3/3 10968/3/3 10977/3/3
f 10979/4/3 10970/4/3 10969/4/3
f 10980/4/3 10970/4/3 10979/4/3
f 10982/10/3 10975/10/3 10974/10/3
f 10983/10/3 10975/10/3 10982/10/3
f 10984/10/3 10977/10/3 10976/10/3
f 10985/10/3 10977/10/3 10984/10/3
f 10987/3/3 10982/3/3 10981/3/3
f 10988/3/3 10982/3/3 10987/3/3
f 10991/3/3 10986/3/3 10985/3/3
f 10992/3/3 10986/3/3 10991/3/3
f 10994/10/3 10989/10/3 10988/10/3
f 10995/10/3 10989/10/3 10994/10/3
f 10996/10/3 10991/10/3 10990/10/3
f 10997/10/3 10991/10/3 10996/10/3
f 10999/3/3 10994/3/3 10993/3/3
f 11000/3/3 10994/3/3 10999/3/3
f 11003/3/3 10998/3/3 10997/3/3
f 11004/3/3 10998/3/3 11003/3/3
f 11006/10/3 11001/10/3 11000/10/3
f 11007/10/3 11001/10/3 11006/10/3
f 11008/10/3 11003/10/3 11002/10/3
f 11009/10/3 11003/10/3 11008/10/3
f 11011/3/3 11006/3/3 11005/3/3
f 11012/3/3 11006/3/3 11011/3/3
f 11015/3/3 11010/3/3 11009/3/3
f 11016/3/3 11010/3/3 11015/3/3
f 11017/10/3 11013/10/3 11012/10/3
f 11018/10/3 11013/10/3 11017/10/3
f 11021/10/3 11015/10/3 11014/10/3
f 11022/10/3 11015/10/3 11021/10/3
f 11023/10/3 11019/10/3 11018/10/3
f 11024/10/3 11019/10/3 11023/10/3
f 11025/10/3 11021/10/3 11020/10/3
f 11026/10/3 11021/10/3 11025/10/3
f 11035/4/3 11028/4/3 11027/4/3
f 11036/4/3 11028/4/3 11035/4/3
f 11037/10/3 11030/10/3 11029/10/3
f 11038/10/3 11030/10/3 11037/10/3
f 11039/10/3 11032/10/3 11031/10/3
f 11040/10/3 11032/10/3 11039/10/3
f 11041/4/3 11034/4/3 11033/4/3
f 11042/4/3 11034/4/3 11041/4/3
f 11047/4/3 11044/4/3 11043/4/3
f 11048/4/3 11044/4/3 11047/4/3
f 11055/4/3 11046/4/3 11045/4/3
f 11056/4/3 11046/4/3 11055/4/3
f 11057/4/3 11050/4/3 11049/4/3
f 11057/4/3 11051/4/3 11050/4/3
f 11058/4/3 11051/4/3 11057/4/3
f 11059/4/3 11054/4/3 11053/4/3
f 11059/4/3 11053/4/3 11052/4/3
f 11060/4/3 11054/4/3 11059/4/3
f 11061/4/3 11057/4/3 11049/4/3
f 11064/4/3 11054/4/3 11060/4/3
f 11065/4/3 11062/4/3 11061/4/3
f 11065/4/3 11061/4/3 11049/4/3
f 11066/4/3 11062/4/3 11065/4/3
f 11067/4/3 11064/4/3 11063/4/3
f 11068/4/3 11054/4/3 11064/4/3
f 11068/4/3 11064/4/3 11067/4/3
f 11073/10/3 11070/10/3 11069/10/3
f 11074/10/3 11070/10/3 11073/10/3
f 11075/10/3 11072/10/3 11071/10/3
f 11076/10/3 11072/10/3 11075/10/3
f 11090/10/3 11078/10/3 11077/10/3
f 11091/10/3 11078/10/3 11090/10/3
f 11092/10/3 11080/10/3 11079/10/3
f 11093/10/3 11080/10/3 11092/10/3
f 11094/10/3 11082/10/3 11081/10/3
f 11095/10/3 11082/10/3 11094/10/3
f 11096/10/3 11084/10/3 11083/10/3
f 11097/10/3 11084/10/3 11096/10/3
f 11098/10/3 11086/10/3 11085/10/3
f 11099/10/3 11086/10/3 11098/10/3
f 11100/10/3 11088/10/3 11087/10/3
f 11101/10/3 11088/10/3 11100/10/3
f 11107/4/3 11104/4/3 11103/4/3
f 11108/4/3 11104/4/3 11107/4/3
f 11109/4/3 11106/4/3 11105/4/3
f 11110/4/3 11106/4/3 11109/4/3
f 11115/4/3 11112/4/3 11111/4/3
f 11116/4/3 11112/4/3 11115/4/3
f 11117/4/3 11114/4/3 11113/4/3
f 11118/4/3 11114/4/3 11117/4/3
f 11119/10/3 11090/10/3 11089/10/3
f 11120/10/3 11090/10/3 11119/10/3
f 11131/10/3 11102/10/3 11101/10/3
f 11132/10/3 11102/10/3 11131/10/3
f 11133/10/3 11121/10/3 11120/10/3
f 11134/10/3 11121/10/3 11133/10/3
f 11135/10/3 11123/10/3 11122/10/3
f 11136/10/3 11123/10/3 11135/10/3
f 11137/10/3 11125/10/3 11124/10/3
f 11138/10/3 11125/10/3 11137/10/3
f 11139/10/3 11127/10/3 11126/10/3
f 11140/10/3 11127/10/3 11139/10/3
f 11141/10/3 11129/10/3 11128/10/3
f 11142/10/3 11129/10/3 11141/10/3
f 11143/10/3 11131/10/3 11130/10/3
f 11144/10/3 11131/10/3 11143/10/3
f 11155/4/3 11146/4/3 11145/4/3
f 11156/4/3 11146/4/3 11155/4/3
f 11157/10/3 11148/10/3 11147/10/3
f 11158/10/3 11148/10/3 11157/10/3
f 11159/10/3 11150/10/3 11149/10/3
f 11160/10/3 11150/10/3 11159/10/3
f 11161/4/3 11152/4/3 11151/4/3
f 11162/4/3 11152/4/3 11161/4/3
f 11165/1/3 11154/1/3 11153/1/3
f 11166/1/3 11154/1/3 11165/1/3
f 11171/1/3 11164/1/3 11163/1/3
f 11172/1/3 11164/1/3 11171/1/3
f 11173/4/3 11168/4/3 11167/4/3
f 11174/4/3 11168/4/3 11173/4/3
f 11179/4/3 11170/4/3 11169/4/3
f 11180/4/3 11170/4/3 11179/4/3
f 11181/4/3 11176/4/3 11175/4/3
f 11182/4/3 11176/4/3 11181/4/3
f 11183/4/3 11178/4/3 11177/4/3
f 11184/4/3 11178/4/3 11183/4/3
f 11189/4/3 11186/4/3 11185/4/3
f 11190/4/3 11186/4/3 11189/4/3
f 11191/4/3 11188/4/3 11187/4/3
f 11192/4/3 11188/4/3 11191/4/3
f 11197/10/3 11194/10/3 11193/10/3
f 11198/10/3 11194/10/3 11197/10/3
f 11199/10/3 11196/10/3 11195/10/3
f 11200/10/3 11196/10/3 11199/10/3
f 11206/10/3 11202/10/3 11201/10/3
f 11207/10/3 11202/10/3 11206/10/3
f 11208/10/3 11204/10/3 11203/10/3
f 11209/10/3 11204/10/3 11208/10/3
f 11212/10/3 11206/10/3 11205/10/3
f 11213/10/3 11210/10/3 11209/10/3
f 11215/4/3 11212/4/3 11211/4/3
f 11216/10/3 11206/10/3 11212/10/3
f 11216/4/3 11212/4/3 11215/4/3
f 11217/4/3 11214/4/3 11213/4/3
f 11217/10/3 11213/10/3 11209/10/3
f 11218/4/3 11214/4/3 11217/4/3
f 11223/4/3 11220/4/3 11219/4/3
f 11224/4/3 11220/4/3 11223/4/3
f 11225/4/3 11222/4/3 11221/4/3
f 11226/4/3 11222/4/3 11225/4/3
f 11231/4/3 11228/4/3 11227/4/3
f 11232/4/3 11228/4/3 11231/4/3
f 11233/4/3 11230/4/3 11229/4/3
f 11234/4/3 11230/4/3 11233/4/3
f 11236/10/3 11206/10/3 11216/10/3
f 11237/10/3 11217/10/3 11209/10/3
f 11239/4/3 11236/4/3 11235/4/3
f 11240/10/3 11206/10/3 11236/10/3
f 11240/4/3 11236/4/3 11239/4/3
f 11241/4/3 11238/4/3 11237/4/3
f 11241/10/3 11237/10/3 11209/10/3
f 11242/4/3 11238/4/3 11241/4/3
f 11243/10/3 11206/10/3 11240/10/3
f 11244/10/3 11206/10/3 11243/10/3
f 11247/10/3 11241/10/3 11209/10/3
f 11248/10/3 11241/10/3 11247/10/3
f 11249/10/3 11245/10/3 11244/10/3
f 11250/10/3 11245/10/3 11249/10/3
f 11251/10/3 11247/10/3 11246/10/3
f 11252/10/3 11247/10/3 11251/10/3
f 11257/4/3 11254/4/3 11253/4/3
f 11258/4/3 11254/4/3 11257/4/3
f 11259/4/3 11256/4/3 11255/4/3
f 11260/4/3 11256/4/3 11259/4/3
f 11265/4/3 11262/4/3 11261/4/3
f 11266/4/3 11262/4/3 11265/4/3
f 11267/4/3 11264/4/3 11263/4/3
f 11268/4/3 11264/4/3 11267/4/3
f 11273/4/3 11270/4/3 11269/4/3
f 11274/4/3 11270/4/3 11273/4/3
f 11275/4/3 11272/4/3 11271/4/3
f 11276/4/3 11272/4/3 11275/4/3
f 11281/4/3 11278/4/3 11277/4/3
f 11282/4/3 11278/4/3 11281/4/3
f 11283/4/3 11280/4/3 11279/4/3
f 11284/4/3 11280/4/3 11283/4/3
f 11290/10/3 11286/10/3 11285/10/3
f 11291/10/3 11286/10/3 11290/10/3
f 11292/10/3 11288/10/3 11287/10/3
f 11293/10/3 11288/10/3 11292/10/3
f 11299/4/3 11296/4/3 11295/4/3
f 11300/4/3 11296/4/3 11299/4/3
f 11301/4/3 11298/4/3 11297/4/3
f 11302/4/3 11298/4/3 11301/4/3
f 11307/4/3 11304/4/3 11303/4/3
f 11308/4/3 11304/4/3 11307/4/3
f 11309/4/3 11306/4/3 11305/4/3
f 11310/4/3 11306/4/3 11309/4/3
f 11311/10/3 11290/10/3 11289/10/3
f 11312/10/3 11290/10/3 11311/10/3
f 11315/10/3 11294/10/3 11293/10/3
f 11316/10/3 11294/10/3 11315/10/3
f 11317/10/3 11313/10/3 11312/10/3
f 11318/10/3 11313/10/3 11317/10/3
f 11319/10/3 11315/10/3 11314/10/3
f 11320/10/3 11315/10/3 11319/10/3
f 11324/3/3 11322/3/3 11321/3/3
f 11325/3/3 11322/3/3 11324/3/3
f 11327/3/3 11324/3/3 11323/3/3
f 11327/3/3 11326/3/3 11325/3/3
f 11327/3/3 11325/3/3 11324/3/3
f 11328/3/3 11326/3/3 11327/3/3
f 11333/4/3 11330/4/3 11329/4/3
f 11334/4/3 11330/4/3 11333/4/3
f 11337/4/3 11332/4/3 11331/4/3
f 11338/4/3 11332/4/3 11337/4/3
f 11339/4/3 11333/4/3 11329/4/3
f 11340/4/3 11330/4/3 11334/4/3
f 11341/4/3 11336/4/3 11335/4/3
f 11342/4/3 11336/4/3 11341/4/3
f 11345/4/3 11340/4/3 11339/4/3
f 11345/4/3 11339/4/3 11329/4/3
f 11346/4/3 11330/4/3 11340/4/3
f 11346/4/3 11340/4/3 11345/4/3
f 11349/4/3 11344/4/3 11343/4/3
f 11350/4/3 11344/4/3 11349/4/3
f 11351/4/3 11345/4/3 11329/4/3
f 11352/4/3 11330/4/3 11346/4/3
f 11353/4/3 11348/4/3 11347/4/3
f 11354/4/3 11348/4/3 11353/4/3
f 11355/4/3 11352/4/3 11351/4/3
f 11355/4/3 11351/4/3 11329/4/3
f 11356/4/3 11330/4/3 11352/4/3
f 11356/4/3 11352/4/3 11355/4/3
f 11360/3/3 11358/3/3 11357/3/3
f 11361/3/3 11358/3/3 11360/3/3
f 11363/3/3 11360/3/3 11359/3/3
f 11363/3/3 11362/3/3 11361/3/3
f 11363/3/3 11361/3/3 11360/3/3
f 11364/3/3 11362/3/3 11363/3/3
f 11366/3/3 11363/3/3 11359/3/3
f 11367/3/3 11363/3/3 11366/3/3
f 11368/3/3 11362/3/3 11364/3/3
f 11369/3/3 11362/3/3 11368/3/3
f 11372/3/3 11366/3/3 11365/3/3
f 11373/3/3 11370/3/3 11369/3/3
f 11375/3/3 11372/3/3 11371/3/3
f 11376/3/3 11366/3/3 11372/3/3
f 11376/3/3 11372/3/3 11375/3/3
f 11377/3/3 11374/3/3 11373/3/3
f 11377/3/3 11373/3/3 11369/3/3
f 11378/3/3 11374/3/3 11377/3/3
f 11382/10/3 11380/10/3 11379/10/3
f 11383/10/3 11380/10/3 11382/10/3
f 11390/10/3 11382/10/3 11381/10/3
f 11390/10/3 11383/10/3 11382/10/3
f 11390/10/3 11384/10/3 11383/10/3
f 11391/10/3 11384/10/3 11390/10/3
f 11393/4/3 11390/4/3 11389/4/3
f 11394/4/3 11392/4/3 11391/4/3
f 11395/3/3 11386/3/3 11385/3/3
f 11396/3/3 11386/3/3 11395/3/3
f 11397/4/3 11390/4/3 11393/4/3
f 11398/4/3 11394/4/3 11391/4/3
f 11399/3/3 11388/3/3 11387/3/3
f 11400/3/3 11388/3/3 11399/3/3
f 11403/4/3 11390/4/3 11397/4/3
f 11404/4/3 11398/4/3 11391/4/3
f 11407/4/3 11390/4/3 11403/4/3
f 11408/4/3 11404/4/3 11391/4/3
f 11409/4/3 11390/4/3 11407/4/3
f 11410/4/3 11390/4/3 11409/4/3
f 11411/4/3 11408/4/3 11391/4/3
f 11412/4/3 11408/4/3 11411/4/3
f 11413/3/3 11402/3/3 11401/3/3
f 11414/3/3 11402/3/3 11413/3/3
f 11415/3/3 11406/3/3 11405/3/3
f 11416/3/3 11406/3/3 11415/3/3
f 11417/10/3 11411/10/3 11410/10/3
f 11418/10/3 11411/10/3 11417/10/3
f 11419/10/3 11411/10/3 11418/10/3
f 11420/10/3 11411/10/3 11419/10/3
f 11422/3/3 11418/3/3 11417/3/3
f 11423/3/3 11420/3/3 11419/3/3
f 11425/3/3 11422/3/3 11421/3/3
f 11425/3/3 11418/3/3 11422/3/3
f 11426/3/3 11418/3/3 11425/3/3
f 11427/3/3 11424/3/3 11423/3/3
f 11427/3/3 11423/3/3 11419/3/3
f 11428/3/3 11424/3/3 11427/3/3
f 11430/3/3 11425/3/3 11421/3/3
f 11431/3/3 11425/3/3 11430/3/3
f 11432/3/3 11424/3/3 11428/3/3
f 11433/3/3 11424/3/3 11432/3/3
f 11435/3/3 11430/3/3 11429/3/3
f 11436/3/3 11430/3/3 11435/3/3
f 11437/3/3 11434/3/3 11433/3/3
f 11438/3/3 11434/3/3 11437/3/3
f 11441/10/3 11440/10/3 11439/10/3
f 11442/10/3 11440/10/3 11441/10/3
f 11444/10/3 11441/10/3 11439/10/3
f 11445/10/3 11441/10/3 11444/10/3
f 11446/10/3 11440/10/3 11442/10/3
f 11447/10/3 11440/10/3 11446/10/3
f 11453/3/3 11450/3/3 11449/3/3
f 11454/3/3 11450/3/3 11453/3/3
f 11455/3/3 11452/3/3 11451/3/3
f 11456/3/3 11452/3/3 11455/3/3
f 11458/10/3 11444/10/3 11443/10/3
f 11459/10/3 11444/10/3 11458/10/3
f 11460/10/3 11448/10/3 11447/10/3
f 11461/10/3 11448/10/3 11460/10/3
f 11467/3/3 11464/3/3 11463/3/3
f 11468/3/3 11464/3/3 11467/3/3
f 11469/3/3 11466/3/3 11465/3/3
f 11470/3/3 11466/3/3 11469/3/3
f 11471/4/3 11458/4/3 11457/4/3
f 11472/4/3 11458/4/3 11471/4/3
f 11475/4/3 11462/4/3 11461/4/3
f 11476/4/3 11462/4/3 11475/4/3
f 11481/3/3 11478/3/3 11477/3/3
f 11482/3/3 11478/3/3 11481/3/3
f 11483/3/3 11480/3/3 11479/3/3
f 11484/3/3 11480/3/3 11483/3/3
f 11485/10/3 11473/10/3 11472/10/3
f 11486/10/3 11473/10/3 11485/10/3
f 11487/10/3 11475/10/3 11474/10/3
f 11488/10/3 11475/10/3 11487/10/3
f 11489/3/3 11486/3/3 11485/3/3
f 11490/3/3 11486/3/3 11489/3/3
f 11491/3/3 11488/3/3 11487/3/3
f 11492/3/3 11488/3/3 11491/3/3
f 11498/3/3 11494/3/3 11493/3/3
f 11499/3/3 11494/3/3 11498/3/3
f 11500/3/3 11496/3/3 11495/3/3
f 11501/3/3 11496/3/3 11500/3/3
f 11503/3/3 11498/3/3 11497/3/3
f 11504/3/3 11498/3/3 11503/3/3
f 11505/3/3 11502/3/3 11501/3/3
f 11506/3/3 11502/3/3 11505/3/3
f 11509/3/3 11508/3/3 11507/3/3
f 11510/3/3 11508/3/3 11509/3/3
f 11515/10/3 11512/10/3 11511/10/3
f 11516/10/3 11512/10/3 11515/10/3
f 11517/10/3 11514/10/3 11513/10/3
f 11518/10/3 11514/10/3 11517/10/3
f 11523/4/3 11520/4/3 11519/4/3
f 11524/4/3 11520/4/3 11523/4/3
f 11525/4/3 11522/4/3 11521/4/3
f 11526/4/3 11522/4/3 11525/4/3
f 11531/4/3 11528/4/3 11527/4/3
f 11532/4/3 11528/4/3 11531/4/3
f 11533/4/3 11530/4/3 11529/4/3
f 11534/4/3 11530/4/3 11533/4/3
f 11539/4/3 11536/4/3 11535/4/3
f 11540/4/3 11536/4/3 11539/4/3
f 11541/4/3 11538/4/3 11537/4/3
f 11542/4/3 11538/4/3 11541/4/3
f 11547/4/3 11544/4/3 11543/4/3
f 11548/4/3 11544/4/3 11547/4/3
f 11549/4/3 11546/4/3 11545/4/3
f 11550/4/3 11546/4/3 11549/4/3
f 11555/3/3 11552/3/3 11551/3/3
f 11556/3/3 11552/3/3 11555/3/3
f 11557/3/3 11554/3/3 11553/3/3
f 11558/3/3 11554/3/3 11557/3/3
f 11563/3/3 11560/3/3 11559/3/3
f 11564/3/3 11560/3/3 11563/3/3
f 11565/3/3 11562/3/3 11561/3/3
f 11566/3/3 11562/3/3 11565/3/3
f 11571/3/3 11568/3/3 11567/3/3
f 11572/3/3 11568/3/3 11571/3/3
f 11573/3/3 11570/3/3 11569/3/3
f 11574/3/3 11570/3/3 11573/3/3
f 11579/3/3 11576/3/3 11575/3/3
f 11580/3/3 11576/3/3 11579/3/3
f 11581/3/3 11578/3/3 11577/3/3
f 11582/3/3 11578/3/3 11581/3/3
f 11587/10/3 11584/10/3 11583/10/3
f 11588/10/3 11584/10/3 11587/10/3
f 11589/10/3 11586/10/3 11585/10/3
f 11590/10/3 11586/10/3 11589/10/3
f 11595/3/3 11592/3/3 11591/3/3
f 11596/3/3 11592/3/3 11595/3/3
f 11597/3/3 11594/3/3 11593/3/3
f 11598/3/3 11594/3/3 11597/3/3
f 11603/3/3 11600/3/3 11599/3/3
f 11604/3/3 11600/3/3 11603/3/3
f 11605/3/3 11602/3/3 11601/3/3
f 11606/3/3 11602/3/3 11605/3/3
f 11611/10/3 11608/10/3 11607/10/3
f 11612/10/3 11608/10/3 11611/10/3
f 11613/10/3 11610/10/3 11609/10/3
f 11614/10/3 11610/10/3 11613/10/3
f 11619/3/3 11616/3/3 11615/3/3
f 11620/3/3 11616/3/3 11619/3/3
f 11621/3/3 11618/3/3 11617/3/3
f 11622/3/3 11618/3/3 11621/3/3
f 11627/4/3 11624/4/3 11623/4/3
f 11628/4/3 11624/4/3 11627/4/3
f 11629/4/3 11626/4/3 11625/4/3
f 11630/4/3 11626/4/3 11629/4/3
f 11635/4/3 11632/4/3 11631/4/3
f 11636/4/3 11632/4/3 11635/4/3
f 11637/4/3 11634/4/3 11633/4/3
f 11638/4/3 11634/4/3 11637/4/3
f 11643/3/3 11640/3/3 11639/3/3
f 11644/3/3 11640/3/3 11643/3/3
f 11645/3/3 11642/3/3 11641/3/3
f 11646/3/3 11642/3/3 11645/3/3
f 11651/10/3 11648/10/3 11647/10/3
f 11652/10/3 11648/10/3 11651/10/3
f 11655/10/3 11650/10/3 11649/10/3
f 11656/10/3 11650/10/3 11655/10/3
f 11657/10/3 11653/10/3 11652/10/3
f 11658/10/3 11653/10/3 11657/10/3
f 11661/10/3 11655/10/3 11654/10/3
f 11662/10/3 11655/10/3 11661/10/3
f 11667/4/3 11664/4/3 11663/4/3
f 11668/4/3 11664/4/3 11667/4/3
f 11669/4/3 11666/4/3 11665/4/3
f 11670/4/3 11666/4/3 11669/4/3
f 11675/4/3 11672/4/3 11671/4/3
f 11676/4/3 11672/4/3 11675/4/3
f 11677/4/3 11674/4/3 11673/4/3
f 11678/4/3 11674/4/3 11677/4/3
f 11680/4/3 11659/4/3 11658/4/3
f 11681/4/3 11659/4/3 11680/4/3
f 11682/4/3 11661/4/3 11660/4/3
f 11683/4/3 11661/4/3 11682/4/3
f 11686/10/3 11680/10/3 11679/10/3
f 11687/10/3 11680/10/3 11686/10/3
f 11688/10/3 11684/10/3 11683/10/3
f 11689/10/3 11684/10/3 11688/10/3
f 11691/10/3 11686/10/3 11685/10/3
f 11692/10/3 11686/10/3 11691/10/3
f 11693/10/3 11690/10/3 11689/10/3
f 11694/10/3 11690/10/3 11693/10/3
f 11697/3/3 11696/3/3 11695/3/3
f 11698/3/3 11696/3/3 11697/3/3
f 11703/4/3 11700/4/3 11699/4/3
f 11704/4/3 11700/4/3 11703/4/3
f 11709/4/3 11702/4/3 11701/4/3
f 11710/4/3 11702/4/3 11709/4/3
f 11713/1/3 11706/1/3 11705/1/3
f 11714/1/3 11706/1/3 11713/1/3
f 11715/1/3 11708/1/3 11707/1/3
f 11716/1/3 11708/1/3 11715/1/3
f 11719/4/3 11712/4/3 11711/4/3
f 11720/4/3 11712/4/3 11719/4/3
f 11721/4/3 11718/4/3 11717/4/3
f 11722/4/3 11718/4/3 11721/4/3
f 11727/4/3 11724/4/3 11723/4/3
f 11728/4/3 11724/4/3 11727/4/3
f 11729/4/3 11726/4/3 11725/4/3
f 11730/4/3 11726/4/3 11729/4/3
f 11735/4/3 11732/4/3 11731/4/3
f 11736/4/3 11732/4/3 11735/4/3
f 11737/4/3 11734/4/3 11733/4/3
f 11738/4/3 11734/4/3 11737/4/3
f 11743/10/3 11740/10/3 11739/10/3
f 11744/10/3 11740/10/3 11743/10/3
f 11747/10/3 11742/10/3 11741/10/3
f 11748/10/3 11742/10/3 11747/10/3
f 11753/4/3 11750/4/3 11749/4/3
f 11754/4/3 11750/4/3 11753/4/3
f 11755/10/3 11745/10/3 11744/10/3
f 11756/10/3 11745/10/3 11755/10/3
f 11759/10/3 11747/10/3 11746/10/3
f 11760/10/3 11747/10/3 11759/10/3
f 11761/4/3 11752/4/3 11751/4/3
f 11762/4/3 11752/4/3 11761/4/3
f 11767/4/3 11764/4/3 11763/4/3
f 11768/4/3 11764/4/3 11767/4/3
f 11769/4/3 11766/4/3 11765/4/3
f 11770/4/3 11766/4/3 11769/4/3
f 11775/4/3 11772/4/3 11771/4/3
f 11776/4/3 11772/4/3 11775/4/3
f 11777/4/3 11774/4/3 11773/4/3
f 11778/4/3 11774/4/3 11777/4/3
f 11782/4/3 11757/4/3 11756/4/3
f 11783/4/3 11757/4/3 11782/4/3
f 11784/4/3 11759/4/3 11758/4/3
f 11785/4/3 11759/4/3 11784/4/3
f 11789/4/3 11780/4/3 11779/4/3
f 11790/4/3 11780/4/3 11789/4/3
f 11791/4/3 11788/4/3 11787/4/3
f 11792/4/3 11788/4/3 11791/4/3
f 11794/10/3 11782/10/3 11781/10/3
f 11795/10/3 11782/10/3 11794/10/3
f 11796/10/3 11786/10/3 11785/10/3
f 11797/10/3 11786/10/3 11796/10/3
f 11799/10/3 11794/10/3 11793/10/3
f 11800/10/3 11794/10/3 11799/10/3
f 11801/10/3 11798/10/3 11797/10/3
f 11802/10/3 11798/10/3 11801/10/3
f 11807/10/3 11804/10/3 11803/10/3
f 11808/10/3 11804/10/3 11807/10/3
f 11811/10/3 11806/10/3 11805/10/3
f 11812/10/3 11806/10/3 11811/10/3
f 11817/4/3 11814/4/3 11813/4/3
f 11818/4/3 11814/4/3 11817/4/3
f 11819/10/3 11809/10/3 11808/10/3
f 11820/10/3 11809/10/3 11819/10/3
f 11823/10/3 11811/10/3 11810/10/3
f 11824/10/3 11811/10/3 11823/10/3
f 11825/4/3 11816/4/3 11815/4/3
f 11826/4/3 11816/4/3 11825/4/3
f 11827/4/3 11821/4/3 11820/4/3
f 11828/4/3 11823/4/3 11822/4/3
f 11829/4/3 11827/4/3 11820/4/3
f 11830/4/3 11823/4/3 11828/4/3
f 11831/4/3 11829/4/3 11820/4/3
f 11832/4/3 11823/4/3 11830/4/3
f 11833/4/3 11831/4/3 11820/4/3
f 11834/4/3 11823/4/3 11832/4/3
f 11838/4/3 11833/4/3 11820/4/3
f 11839/4/3 11833/4/3 11838/4/3
f 11840/4/3 11823/4/3 11834/4/3
f 11841/4/3 11823/4/3 11840/4/3
f 11845/4/3 11836/4/3 11835/4/3
f 11846/4/3 11836/4/3 11845/4/3
f 11847/4/3 11844/4/3 11843/4/3
f 11848/4/3 11844/4/3 11847/4/3
f 11850/10/3 11838/10/3 11837/10/3
f 11851/10/3 11838/10/3 11850/10/3
f 11852/10/3 11842/10/3 11841/10/3
f 11853/10/3 11842/10/3 11852/10/3
f 11855/10/3 11850/10/3 11849/10/3
f 11856/10/3 11850/10/3 11855/10/3
f 11857/10/3 11854/10/3 11853/10/3
f 11858/10/3 11854/10/3 11857/10/3
f 11867/4/3 11860/4/3 11859/4/3
f 11868/4/3 11860/4/3 11867/4/3
f 11869/10/3 11862/10/3 11861/10/3
f 11870/10/3 11862/10/3 11869/10/3
f 11873/10/3 11864/10/3 11863/10/3
f 11874/10/3 11864/10/3 11873/10/3
f 11875/4/3 11866/4/3 11865/4/3
f 11876/4/3 11866/4/3 11875/4/3
f 11881/4/3 11878/4/3 11877/4/3
f 11882/4/3 11878/4/3 11881/4/3
f 11887/4/3 11880/4/3 11879/4/3
f 11888/4/3 11880/4/3 11887/4/3
f 11889/4/3 11884/4/3 11883/4/3
f 11890/4/3 11884/4/3 11889/4/3
f 11891/10/3 11871/10/3 11870/10/3
f 11892/10/3 11871/10/3 11891/10/3
f 11895/10/3 11873/10/3 11872/10/3
f 11896/10/3 11873/10/3 11895/10/3
f 11897/4/3 11886/4/3 11885/4/3
f 11898/4/3 11886/4/3 11897/4/3
f 11902/4/3 11893/4/3 11892/4/3
f 11903/4/3 11893/4/3 11902/4/3
f 11904/4/3 11895/4/3 11894/4/3
f 11905/4/3 11895/4/3 11904/4/3
f 11909/4/3 11900/4/3 11899/4/3
f 11910/4/3 11900/4/3 11909/4/3
f 11911/4/3 11908/4/3 11907/4/3
f 11912/4/3 11908/4/3 11911/4/3
f 11914/10/3 11902/10/3 11901/10/3
f 11915/10/3 11902/10/3 11914/10/3
f 11916/10/3 11906/10/3 11905/10/3
f 11917/10/3 11906/10/3 11916/10/3
f 11919/10/3 11914/10/3 11913/10/3
f 11920/10/3 11914/10/3 11919/10/3
f 11921/10/3 11918/10/3 11917/10/3
f 11922/10/3 11918/10/3 11921/10/3
f 11931/10/3 11924/10/3 11923/10/3
f 11932/10/3 11924/10/3 11931/10/3
f 11935/10/3 11926/10/3 11925/10/3
f 11936/10/3 11926/10/3 11935/10/3
f 11939/4/3 11928/4/3 11927/4/3
f 11940/4/3 11928/4/3 11939/4/3
f 11943/1/3 11930/1/3 11929/1/3
f 11944/1/3 11930/1/3 11943/1/3
f 11945/1/3 11938/1/3 11937/1/3
f 11946/1/3 11938/1/3 11945/1/3
f 11949/4/3 11942/4/3 11941/4/3
f 11950/4/3 11942/4/3 11949/4/3
f 11953/4/3 11948/4/3 11947/4/3
f 11954/4/3 11948/4/3 11953/4/3
f 11955/4/3 11951/4/3 11950/4/3
f 11955/4/3 11950/4/3 11949/4/3
f 11956/4/3 11951/4/3 11955/4/3
f 11957/10/3 11933/10/3 11932/10/3
f 11958/10/3 11933/10/3 11957/10/3
f 11961/10/3 11935/10/3 11934/10/3
f 11962/10/3 11935/10/3 11961/10/3
f 11963/4/3 11954/4/3 11953/4/3
f 11963/4/3 11953/4/3 11952/4/3
f 11964/4/3 11954/4/3 11963/4/3
f 11965/4/3 11955/4/3 11949/4/3
f 11968/4/3 11959/4/3 11958/4/3
f 11969/4/3 11959/4/3 11968/4/3
f 11970/4/3 11961/4/3 11960/4/3
f 11971/4/3 11961/4/3 11970/4/3
f 11974/4/3 11954/4/3 11964/4/3
f 11975/4/3 11966/4/3 11965/4/3
f 11975/4/3 11965/4/3 11949/4/3
f 11976/4/3 11966/4/3 11975/4/3
f 11977/4/3 11974/4/3 11973/4/3
f 11978/4/3 11954/4/3 11974/4/3
f 11978/4/3 11974/4/3 11977/4/3
f 11980/10/3 11968/10/3 11967/10/3
f 11981/10/3 11968/10/3 11980/10/3
f 11982/10/3 11972/10/3 11971/10/3
f 11983/10/3 11972/10/3 11982/10/3
f 11985/10/3 11980/10/3 11979/10/3
f 11986/10/3 11980/10/3 11985/10/3
f 11987/10/3 11984/10/3 11983/10/3
f 11988/10/3 11984/10/3 11987/10/3
f 12001/4/3 11990/4/3 11989/4/3
f 12002/4/3 11990/4/3 12001/4/3
f 12003/10/3 11992/10/3 11991/10/3
f 12004/10/3 11992/10/3 12003/10/3
f 12005/10/3 11994/10/3 11993/10/3
f 12006/10/3 11994/10/3 12005/10/3
f 12009/10/3 11996/10/3 11995/10/3
f 12010/10/3 11996/10/3 12009/10/3
f 12011/10/3 11998/10/3 11997/10/3
f 12012/10/3 11998/10/3 12011/10/3
f 12013/4/3 12000/4/3 11999/4/3
f 12014/4/3 12000/4/3 12013/4/3
f 12023/4/3 12016/4/3 12015/4/3
f 12024/4/3 12016/4/3 12023/4/3
f 12025/3/3 12018/3/3 12017/3/3
f 12026/3/3 12018/3/3 12025/3/3
f 12027/3/3 12020/3/3 12019/3/3
f 12028/3/3 12020/3/3 12027/3/3
f 12029/4/3 12022/4/3 12021/4/3
f 12030/4/3 12022/4/3 12029/4/3
f 12031/10/3 12007/10/3 12006/10/3
f 12032/10/3 12007/10/3 12031/10/3
f 12033/10/3 12009/10/3 12008/10/3
f 12034/10/3 12009/10/3 12033/10/3
f 12037/4/3 12033/4/3 12032/4/3
f 12038/4/3 12033/4/3 12037/4/3
f 12041/3/3 12036/3/3 12035/3/3
f 12042/3/3 12036/3/3 12041/3/3
f 12043/4/3 12037/4/3 12032/4/3
f 12044/4/3 12033/4/3 12038/4/3
f 12045/3/3 12040/3/3 12039/3/3
f 12046/3/3 12040/3/3 12045/3/3
f 12049/4/3 12043/4/3 12032/4/3
f 12049/4/3 12044/4/3 12043/4/3
f 12050/4/3 12033/4/3 12044/4/3
f 12050/4/3 12044/4/3 12049/4/3
f 12053/3/3 12048/3/3 12047/3/3
f 12054/3/3 12048/3/3 12053/3/3
f 12055/4/3 12049/4/3 12032/4/3
f 12056/4/3 12033/4/3 12050/4/3
f 12057/3/3 12052/3/3 12051/3/3
f 12058/3/3 12052/3/3 12057/3/3
f 12060/4/3 12056/4/3 12055/4/3
f 12060/4/3 12055/4/3 12032/4/3
f 12061/4/3 12033/4/3 12056/4/3
f 12061/4/3 12056/4/3 12060/4/3
f 12067/3/3 12064/3/3 12063/3/3
f 12068/3/3 12064/3/3 12067/3/3
f 12069/3/3 12066/3/3 12065/3/3
f 12070/3/3 12066/3/3 12069/3/3
f 12074/10/3 12060/10/3 12059/10/3
f 12075/10/3 12060/10/3 12074/10/3
f 12076/10/3 12062/10/3 12061/10/3
f 12077/10/3 12062/10/3 12076/10/3
f 12081/10/3 12072/10/3 12071/10/3
f 12082/10/3 12072/10/3 12081/10/3
f 12083/10/3 12074/10/3 12073/10/3
f 12084/10/3 12074/10/3 12083/10/3
f 12085/10/3 12078/10/3 12077/10/3
f 12086/10/3 12078/10/3 12085/10/3
f 12087/10/3 12080/10/3 12079/10/3
f 12088/10/3 12080/10/3 12087/10/3
f 12109/4/3 12090/4/3 12089/4/3
f 12110/4/3 12090/4/3 12109/4/3
f 12111/4/3 12092/4/3 12091/4/3
f 12112/4/3 12092/4/3 12111/4/3
f 12113/4/3 12092/4/3 12112/4/3
f 12116/10/3 12094/10/3 12093/10/3
f 12117/10/3 12094/10/3 12116/10/3
f 12118/10/3 12096/10/3 12095/10/3
f 12119/10/3 12096/10/3 12118/10/3
f 12120/10/3 12098/10/3 12097/10/3
f 12121/10/3 12098/10/3 12120/10/3
f 12122/10/3 12100/10/3 12099/10/3
f 12123/10/3 12100/10/3 12122/10/3
f 12124/10/3 12102/10/3 12101/10/3
f 12125/10/3 12102/10/3 12124/10/3
f 12126/10/3 12104/10/3 12103/10/3
f 12127/10/3 12104/10/3 12126/10/3
f 12130/4/3 12106/4/3 12105/4/3
f 12131/4/3 12106/4/3 12130/4/3
f 12132/4/3 12108/4/3 12107/4/3
f 12133/4/3 12108/4/3 12132/4/3
f 12138/1/3 12115/1/3 12114/1/3
f 12139/1/3 12115/1/3 12138/1/3
f 12140/1/3 12129/1/3 12128/1/3
f 12141/1/3 12129/1/3 12140/1/3
f 12146/4/3 12135/4/3 12134/4/3
f 12147/4/3 12135/4/3 12146/4/3
f 12148/4/3 12137/4/3 12136/4/3
f 12149/4/3 12137/4/3 12148/4/3
f 12150/4/3 12143/4/3 12142/4/3
f 12151/4/3 12143/4/3 12150/4/3
f 12152/4/3 12145/4/3 12144/4/3
f 12153/4/3 12145/4/3 12152/4/3
f 12154/10/3 12122/10/3 12121/10/3
f 12155/10/3 12122/10/3 12154/10/3
f 12163/10/3 12157/10/3 12156/10/3
f 12164/10/3 12157/10/3 12163/10/3
f 12170/10/3 12159/10/3 12158/10/3
f 12171/10/3 12159/10/3 12170/10/3
f 12172/10/3 12161/10/3 12160/10/3
f 12173/10/3 12161/10/3 12172/10/3
f 12174/10/3 12163/10/3 12162/10/3
f 12175/10/3 12163/10/3 12174/10/3
f 12176/10/3 12165/10/3 12164/10/3
f 12177/10/3 12165/10/3 12176/10/3
f 12178/10/3 12167/10/3 12166/10/3
f 12179/10/3 12167/10/3 12178/10/3
f 12180/10/3 12169/10/3 12168/10/3
f 12181/10/3 12169/10/3 12180/10/3
f 12192/4/3 12183/4/3 12182/4/3
f 12193/4/3 12183/4/3 12192/4/3
f 12194/10/3 12185/10/3 12184/10/3
f 12195/10/3 12185/10/3 12194/10/3
f 12196/10/3 12187/10/3 12186/10/3
f 12197/10/3 12187/10/3 12196/10/3
f 12198/10/3 12189/10/3 12188/10/3
f 12199/10/3 12189/10/3 12198/10/3
f 12200/4/3 12191/4/3 12190/4/3
f 12201/4/3 12191/4/3 12200/4/3
f 12206/4/3 12203/4/3 12202/4/3
f 12207/4/3 12203/4/3 12206/4/3
f 12208/4/3 12205/4/3 12204/4/3
f 12209/4/3 12205/4/3 12208/4/3
f 12216/10/3 12211/10/3 12210/10/3
f 12217/10/3 12211/10/3 12216/10/3
f 12218/10/3 12213/10/3 12212/10/3
f 12219/10/3 12213/10/3 12218/10/3
f 12220/10/3 12215/10/3 12214/10/3
f 12221/10/3 12215/10/3 12220/10/3
f 12234/4/3 12223/4/3 12222/4/3
f 12235/4/3 12223/4/3 12234/4/3
f 12236/4/3 12225/4/3 12224/4/3
f 12237/4/3 12225/4/3 12236/4/3
f 12238/4/3 12227/4/3 12226/4/3
f 12239/4/3 12227/4/3 12238/4/3
f 12244/4/3 12229/4/3 12228/4/3
f 12245/4/3 12229/4/3 12244/4/3
f 12246/4/3 12231/4/3 12230/4/3
f 12247/4/3 12231/4/3 12246/4/3
f 12248/4/3 12233/4/3 12232/4/3
f 12249/4/3 12233/4/3 12248/4/3
f 12256/1/3 12241/1/3 12240/1/3
f 12257/1/3 12241/1/3 12256/1/3
f 12258/1/3 12243/1/3 12242/1/3
f 12259/1/3 12243/1/3 12258/1/3
f 12266/4/3 12251/4/3 12250/4/3
f 12267/4/3 12251/4/3 12266/4/3
f 12268/4/3 12253/4/3 12252/4/3
f 12269/4/3 12253/4/3 12268/4/3
f 12270/4/3 12255/4/3 12254/4/3
f 12271/4/3 12255/4/3 12270/4/3
f 12272/4/3 12261/4/3 12260/4/3
f 12273/4/3 12261/4/3 12272/4/3
f 12274/4/3 12263/4/3 12262/4/3
f 12275/4/3 12263/4/3 12274/4/3
f 12276/4/3 12265/4/3 12264/4/3
f 12277/4/3 12265/4/3 12276/4/3
f 12282/4/3 12279/4/3 12278/4/3
f 12283/4/3 12279/4/3 12282/4/3
f 12288/4/3 12281/4/3 12280/4/3
f 12289/4/3 12281/4/3 12288/4/3
f 12292/1/3 12285/1/3 12284/1/3
f 12293/1/3 12285/1/3 12292/1/3
f 12294/1/3 12287/1/3 12286/1/3
f 12295/1/3 12287/1/3 12294/1/3
f 12298/4/3 12291/4/3 12290/4/3
f 12299/4/3 12291/4/3 12298/4/3
f 12300/4/3 12297/4/3 12296/4/3
f 12301/4/3 12297/4/3 12300/4/3
f 12312/4/3 12303/4/3 12302/4/3
f 12313/4/3 12303/4/3 12312/4/3
f 12314/4/3 12305/4/3 12304/4/3
f 12315/4/3 12305/4/3 12314/4/3
f 12318/10/3 12307/10/3 12306/10/3
f 12319/10/3 12307/10/3 12318/10/3
f 12322/4/3 12309/4/3 12308/4/3
f 12323/4/3 12309/4/3 12322/4/3
f 12324/4/3 12311/4/3 12310/4/3
f 12325/4/3 12311/4/3 12324/4/3
f 12330/1/3 12317/1/3 12316/1/3
f 12331/1/3 12317/1/3 12330/1/3
f 12332/1/3 12321/1/3 12320/1/3
f 12333/1/3 12321/1/3 12332/1/3
f 12338/4/3 12327/4/3 12326/4/3
f 12339/4/3 12327/4/3 12338/4/3
f 12340/4/3 12329/4/3 12328/4/3
f 12341/4/3 12329/4/3 12340/4/3
f 12342/4/3 12335/4/3 12334/4/3
f 12343/4/3 12335/4/3 12342/4/3
f 12344/4/3 12337/4/3 12336/4/3
f 12345/4/3 12337/4/3 12344/4/3
f 12348/10/3 12347/10/3 12346/10/3
f 12349/10/3 12347/10/3 12348/10/3
f 12358/4/3 12351/4/3 12350/4/3
f 12359/4/3 12351/4/3 12358/4/3
f 12360/4/3 12353/4/3 12352/4/3
f 12361/4/3 12353/4/3 12360/4/3
f 12366/4/3 12355/4/3 12354/4/3
f 12367/4/3 12355/4/3 12366/4/3
f 12368/4/3 12357/4/3 12356/4/3
f 12369/4/3 12357/4/3 12368/4/3
f 12374/1/3 12363/1/3 12362/1/3
f 12375/1/3 12363/1/3 12374/1/3
f 12376/1/3 12365/1/3 12364/1/3
f 12377/1/3 12365/1/3 12376/1/3
f 12382/4/3 12371/4/3 12370/4/3
f 12383/4/3 12371/4/3 12382/4/3
f 12384/4/3 12373/4/3 12372/4/3
f 12385/4/3 12373/4/3 12384/4/3
f 12386/4/3 12379/4/3 12378/4/3
f 12387/4/3 12379/4/3 12386/4/3
f 12388/4/3 12381/4/3 12380/4/3
f 12389/4/3 12381/4/3 12388/4/3
f 12402/4/3 12391/4/3 12390/4/3
f 12403/4/3 12391/4/3 12402/4/3
f 12404/4/3 12393/4/3 12392/4/3
f 12405/4/3 12393/4/3 12404/4/3
f 12406/4/3 12395/4/3 12394/4/3
f 12407/4/3 12395/4/3 12406/4/3
f 12412/4/3 12397/4/3 12396/4/3
f 12413/4/3 12397/4/3 12412/4/3
f 12414/4/3 12399/4/3 12398/4/3
f 12415/4/3 12399/4/3 12414/4/3
f 12416/4/3 12401/4/3 12400/4/3
f 12417/4/3 12401/4/3 12416/4/3
f 12424/1/3 12409/1/3 12408/1/3
f 12425/1/3 12409/1/3 12424/1/3
f 12426/1/3 12411/1/3 12410/1/3
f 12427/1/3 12411/1/3 12426/1/3
f 12434/4/3 12419/4/3 12418/4/3
f 12435/4/3 12419/4/3 12434/4/3
f 12436/4/3 12421/4/3 12420/4/3
f 12437/4/3 12421/4/3 12436/4/3
f 12438/4/3 12423/4/3 12422/4/3
f 12439/4/3 12423/4/3 12438/4/3
f 12440/4/3 12429/4/3 12428/4/3
f 12441/4/3 12429/4/3 12440/4/3
f 12442/4/3 12431/4/3 12430/4/3
f 12443/4/3 12431/4/3 12442/4/3
f 12444/4/3 12433/4/3 12432/4/3
f 12445/4/3 12433/4/3 12444/4/3
f 12454/4/3 12447/4/3 12446/4/3
f 12455/4/3 12447/4/3 12454/4/3
f 12456/4/3 12449/4/3 12448/4/3
f 12457/4/3 12449/4/3 12456/4/3
f 12462/4/3 12451/4/3 12450/4/3
f 12463/4/3 12451/4/3 12462/4/3
f 12464/4/3 12453/4/3 12452/4/3
f 12465/4/3 12453/4/3 12464/4/3
f 12470/1/3 12459/1/3 12458/1/3
f 12471/1/3 12459/1/3 12470/1/3
f 12472/1/3 12461/1/3 12460/1/3
f 12473/1/3 12461/1/3 12472/1/3
f 12478/4/3 12467/4/3 12466/4/3
f 12479/4/3 12467/4/3 12478/4/3
f 12480/4/3 12469/4/3 12468/4/3
f 12481/4/3 12469/4/3 12480/4/3
f 12486/4/3 12475/4/3 12474/4/3
f 12487/4/3 12475/4/3 12486/4/3
f 12488/4/3 12477/4/3 12476/4/3
f 12489/4/3 12477/4/3 12488/4/3
f 12490/4/3 12483/4/3 12482/4/3
f 12491/4/3 12483/4/3 12490/4/3
f 12492/4/3 12485/4/3 12484/4/3
f 12493/4/3 12485/4/3 12492/4/3
f 12498/4/3 12495/4/3 12494/4/3
f 12499/4/3 12495/4/3 12498/4/3
f 12500/4/3 12497/4/3 12496/4/3
f 12501/4/3 12497/4/3 12500/4/3
f 12510/4/3 12503/4/3 12502/4/3
f 12511/4/3 12503/4/3 12510/4/3
f 12512/4/3 12505/4/3 12504/4/3
f 12513/4/3 12505/4/3 12512/4/3
f 12518/4/3 12507/4/3 12506/4/3
f 12519/4/3 12507/4/3 12518/4/3
f 12520/4/3 12509/4/3 12508/4/3
f 12521/4/3 12509/4/3 12520/4/3
f 12526/1/3 12515/1/3 12514/1/3
f 12527/1/3 12515/1/3 12526/1/3
f 12528/1/3 12517/1/3 12516/1/3
f 12529/1/3 12517/1/3 12528/1/3
f 12534/4/3 12523/4/3 12522/4/3
f 12535/4/3 12523/4/3 12534/4/3
f 12536/4/3 12525/4/3 12524/4/3
f 12537/4/3 12525/4/3 12536/4/3
f 12538/4/3 12531/4/3 12530/4/3
f 12539/4/3 12531/4/3 12538/4/3
f 12540/4/3 12533/4/3 12532/4/3
f 12541/4/3 12533/4/3 12540/4/3
f 12558/4/3 12543/4/3 12542/4/3
f 12559/4/3 12543/4/3 12558/4/3
f 12560/4/3 12545/4/3 12544/4/3
f 12561/4/3 12545/4/3 12560/4/3
f 12562/4/3 12547/4/3 12546/4/3
f 12563/4/3 12547/4/3 12562/4/3
f 12564/4/3 12549/4/3 12548/4/3
f 12565/4/3 12549/4/3 12564/4/3
f 12570/4/3 12551/4/3 12550/4/3
f 12571/4/3 12551/4/3 12570/4/3
f 12572/4/3 12553/4/3 12552/4/3
f 12573/4/3 12553/4/3 12572/4/3
f 12574/4/3 12555/4/3 12554/4/3
f 12575/4/3 12555/4/3 12574/4/3
f 12576/4/3 12557/4/3 12556/4/3
f 12577/4/3 12557/4/3 12576/4/3
f 12586/1/3 12567/1/3 12566/1/3
f 12587/1/3 12567/1/3 12586/1/3
f 12588/1/3 12569/1/3 12568/1/3
f 12589/1/3 12569/1/3 12588/1/3
f 12598/4/3 12579/4/3 12578/4/3
f 12599/4/3 12579/4/3 12598/4/3
f 12600/4/3 12581/4/3 12580/4/3
f 12601/4/3 12581/4/3 12600/4/3
f 12602/4/3 12583/4/3 12582/4/3
f 12603/4/3 12583/4/3 12602/4/3
f 12604/4/3 12585/4/3 12584/4/3
f 12605/4/3 12585/4/3 12604/4/3
f 12610/4/3 12591/4/3 12590/4/3
f 12611/4/3 12591/4/3 12610/4/3
f 12612/4/3 12593/4/3 12592/4/3
f 12613/4/3 12593/4/3 12612/4/3
f 12614/4/3 12595/4/3 12594/4/3
f 12615/4/3 12595/4/3 12614/4/3
f 12616/4/3 12597/4/3 12596/4/3
f 12617/4/3 12597/4/3 12616/4/3
f 12618/4/3 12607/4/3 12606/4/3
f 12619/4/3 12607/4/3 12618/4/3
f 12620/4/3 12609/4/3 12608/4/3
f 12621/4/3 12609/4/3 12620/4/3
f 12626/4/3 12623/4/3 12622/4/3
f 12627/4/3 12623/4/3 12626/4/3
f 12628/4/3 12625/4/3 12624/4/3
f 12629/4/3 12625/4/3 12628/4/3
f 12642/4/3 12631/4/3 12630/4/3
f 12643/4/3 12631/4/3 12642/4/3
f 12644/4/3 12633/4/3 12632/4/3
f 12645/4/3 12633/4/3 12644/4/3
f 12646/4/3 12635/4/3 12634/4/3
f 12647/4/3 12635/4/3 12646/4/3
f 12652/4/3 12637/4/3 12636/4/3
f 12653/4/3 12637/4/3 12652/4/3
f 12654/4/3 12639/4/3 12638/4/3
f 12655/4/3 12639/4/3 12654/4/3
f 12656/4/3 12641/4/3 12640/4/3
f 12657/4/3 12641/4/3 12656/4/3
f 12664/1/3 12649/1/3 12648/1/3
f 12665/1/3 12649/1/3 12664/1/3
f 12666/1/3 12651/1/3 12650/1/3
f 12667/1/3 12651/1/3 12666/1/3
f 12674/4/3 12659/4/3 12658/4/3
f 12675/4/3 12659/4/3 12674/4/3
f 12676/4/3 12661/4/3 12660/4/3
f 12677/4/3 12661/4/3 12676/4/3
f 12678/4/3 12663/4/3 12662/4/3
f 12679/4/3 12663/4/3 12678/4/3
f 12680/4/3 12669/4/3 12668/4/3
f 12681/4/3 12669/4/3 12680/4/3
f 12682/4/3 12671/4/3 12670/4/3
f 12683/4/3 12671/4/3 12682/4/3
f 12684/4/3 12673/4/3 12672/4/3
f 12685/4/3 12673/4/3 12684/4/3
f 12698/4/3 12687/4/3 12686/4/3
f 12699/4/3 12687/4/3 12698/4/3
f 12700/4/3 12689/4/3 12688/4/3
f 12701/4/3 12689/4/3 12700/4/3
f 12702/4/3 12691/4/3 12690/4/3
f 12703/4/3 12691/4/3 12702/4/3
f 12706/4/3 12693/4/3 12692/4/3
f 12707/4/3 12693/4/3 12706/4/3
f 12708/4/3 12695/4/3 12694/4/3
f 12709/4/3 12695/4/3 12708/4/3
f 12710/4/3 12697/4/3 12696/4/3
f 12711/4/3 12697/4/3 12710/4/3
f 12718/1/3 12705/1/3 12704/1/3
f 12719/1/3 12705/1/3 12718/1/3
f 12726/4/3 12713/4/3 12712/4/3
f 12727/4/3 12713/4/3 12726/4/3
f 12728/4/3 12715/4/3 12714/4/3
f 12729/4/3 12715/4/3 12728/4/3
f 12730/4/3 12717/4/3 12716/4/3
f 12731/4/3 12717/4/3 12730/4/3
f 12736/4/3 12721/4/3 12720/4/3
f 12737/4/3 12721/4/3 12736/4/3
f 12738/4/3 12723/4/3 12722/4/3
f 12739/4/3 12723/4/3 12738/4/3
f 12740/4/3 12725/4/3 12724/4/3
f 12741/4/3 12725/4/3 12740/4/3
f 12742/4/3 12733/4/3 12732/4/3
f 12743/4/3 12733/4/3 12742/4/3
f 12744/4/3 12735/4/3 12734/4/3
f 12745/4/3 12735/4/3 12744/4/3
f 12750/4/3 12747/4/3 12746/4/3
f 12751/4/3 12747/4/3 12750/4/3
f 12752/4/3 12749/4/3 12748/4/3
f 12753/4/3 12749/4/3 12752/4/3
f 12762/4/3 12755/4/3 12754/4/3
f 12763/4/3 12755/4/3 12762/4/3
f 12764/4/3 12757/4/3 12756/4/3
f 12765/4/3 12757/4/3 12764/4/3
f 12766/4/3 12759/4/3 12758/4/3
f 12767/4/3 12759/4/3 12766/4/3
f 12768/4/3 12761/4/3 12760/4/3
f 12769/4/3 12761/4/3 12768/4/3
f 12778/4/3 12771/4/3 12770/4/3
f 12779/4/3 12771/4/3 12778/4/3
f 12780/4/3 12773/4/3 12772/4/3
f 12781/4/3 12773/4/3 12780/4/3
f 12782/4/3 12773/4/3 12781/4/3
f 12783/4/3 12775/4/3 12774/4/3
f 12784/4/3 12775/4/3 12783/4/3
f 12785/4/3 12775/4/3 12784/4/3
f 12786/4/3 12777/4/3 12776/4/3
f 12787/4/3 12777/4/3 12786/4/3
f 12792/4/3 12789/4/3 12788/4/3
f 12793/4/3 12789/4/3 12792/4/3
f 12794/4/3 12791/4/3 12790/4/3
f 12795/4/3 12791/4/3 12794/4/3
f 12804/4/3 12797/4/3 12796/4/3
f 12805/4/3 12797/4/3 12804/4/3
f 12806/4/3 12799/4/3 12798/4/3
f 12807/4/3 12799/4/3 12806/4/3
f 12808/4/3 12799/4/3 12807/4/3
f 12809/4/3 12801/4/3 12800/4/3
f 12810/4/3 12801/4/3 12809/4/3
f 12811/4/3 12803/4/3 12802/4/3
f 12812/4/3 12803/4/3 12811/4/3
f 12821/4/3 12814/4/3 12813/4/3
f 12822/4/3 12814/4/3 12821/4/3
f 12823/4/3 12816/4/3 12815/4/3
f 12824/4/3 12816/4/3 12823/4/3
f 12825/4/3 12818/4/3 12817/4/3
f 12826/4/3 12818/4/3 12825/4/3
f 12827/4/3 12820/4/3 12819/4/3
f 12828/4/3 12820/4/3 12827/4/3
f 12839/4/3 12830/4/3 12829/4/3
f 12840/4/3 12830/4/3 12839/4/3
f 12841/4/3 12832/4/3 12831/4/3
f 12842/4/3 12832/4/3 12841/4/3
f 12843/4/3 12834/4/3 12833/4/3
f 12844/4/3 12834/4/3 12843/4/3
f 12845/4/3 12836/4/3 12835/4/3
f 12846/4/3 12836/4/3 12845/4/3
f 12847/4/3 12838/4/3 12837/4/3
f 12848/4/3 12838/4/3 12847/4/3
f 12859/4/3 12850/4/3 12849/4/3
f 12860/4/3 12850/4/3 12859/4/3
f 12861/4/3 12852/4/3 12851/4/3
f 12862/4/3 12852/4/3 12861/4/3
f 12863/4/3 12854/4/3 12853/4/3
f 12864/4/3 12854/4/3 12863/4/3
f 12865/4/3 12856/4/3 12855/4/3
f 12866/4/3 12856/4/3 12865/4/3
f 12867/4/3 12858/4/3 12857/4/3
f 12868/4/3 12858/4/3 12867/4/3
f 12877/4/3 12870/4/3 12869/4/3
f 12878/4/3 12870/4/3 12877/4/3
f 12879/4/3 12872/4/3 12871/4/3
f 12880/4/3 12872/4/3 12879/4/3
f 12881/4/3 12874/4/3 12873/4/3
f 12882/4/3 12874/4/3 12881/4/3
f 12883/4/3 12876/4/3 12875/4/3
f 12884/4/3 12876/4/3 12883/4/3
f 12893/4/3 12886/4/3 12885/4/3
f 12894/4/3 12886/4/3 12893/4/3
f 12895/4/3 12888/4/3 12887/4/3
f 12896/4/3 12888/4/3 12895/4/3
f 12897/4/3 12890/4/3 12889/4/3
f 12898/4/3 12890/4/3 12897/4/3
f 12899/4/3 12892/4/3 12891/4/3
f 12900/4/3 12892/4/3 12899/4/3
f 12909/4/3 12902/4/3 12901/4/3
f 12910/4/3 12902/4/3 12909/4/3
f 12911/4/3 12904/4/3 12903/4/3
f 12912/4/3 12904/4/3 12911/4/3
f 12913/4/3 12906/4/3 12905/4/3
f 12914/4/3 12906/4/3 12913/4/3
f 12915/4/3 12908/4/3 12907/4/3
f 12916/4/3 12908/4/3 12915/4/3
f 12925/4/3 12918/4/3 12917/4/3
f 12926/4/3 12918/4/3 12925/4/3
f 12927/4/3 12920/4/3 12919/4/3
f 12928/4/3 12920/4/3 12927/4/3
f 12929/4/3 12922/4/3 12921/4/3
f 12930/4/3 12922/4/3 12929/4/3
f 12931/4/3 12924/4/3 12923/4/3
f 12932/4/3 12924/4/3 12931/4/3
f 12945/4/3 12934/4/3 12933/4/3
f 12946/4/3 12934/4/3 12945/4/3
f 12947/4/3 12936/4/3 12935/4/3
f 12948/4/3 12936/4/3 12947/4/3
f 12949/4/3 12938/4/3 12937/4/3
f 12950/4/3 12938/4/3 12949/4/3
f 12951/4/3 12940/4/3 12939/4/3
f 12952/4/3 12940/4/3 12951/4/3
f 12953/4/3 12942/4/3 12941/4/3
f 12954/4/3 12942/4/3 12953/4/3
f 12955/4/3 12944/4/3 12943/4/3
f 12956/4/3 12944/4/3 12955/4/3
f 12969/4/3 12958/4/3 12957/4/3
f 12970/4/3 12958/4/3 12969/4/3
f 12971/4/3 12960/4/3 12959/4/3
f 12972/4/3 12960/4/3 12971/4/3
f 12973/4/3 12962/4/3 12961/4/3
f 12974/4/3 12962/4/3 12973/4/3
f 12975/4/3 12964/4/3 12963/4/3
f 12976/4/3 12964/4/3 12975/4/3
f 12977/4/3 12966/4/3 12965/4/3
f 12978/4/3 12966/4/3 12977/4/3
f 12979/4/3 12968/4/3 12967/4/3
f 12980/4/3 12968/4/3 12979/4/3
f 12985/4/3 12982/4/3 12981/4/3
f 12986/4/3 12982/4/3 12985/4/3
f 12987/4/3 12984/4/3 12983/4/3
f 12988/4/3 12984/4/3 12987/4/3
f 12993/4/3 12990/4/3 12989/4/3
f 12994/4/3 12990/4/3 12993/4/3
f 12995/4/3 12992/4/3 12991/4/3
f 12996/4/3 12992/4/3 12995/4/3
f 13009/4/3 12998/4/3 12997/4/3
f 13010/4/3 12998/4/3 13009/4/3
f 13011/4/3 13000/4/3 12999/4/3
f 13012/4/3 13000/4/3 13011/4/3
f 13013/4/3 13002/4/3 13001/4/3
f 13014/4/3 13002/4/3 13013/4/3
f 13015/4/3 13004/4/3 13003/4/3
f 13016/4/3 13004/4/3 13015/4/3
f 13017/4/3 13006/4/3 13005/4/3
f 13018/4/3 13006/4/3 13017/4/3
f 13019/4/3 13008/4/3 13007/4/3
f 13020/4/3 13008/4/3 13019/4/3
f 13033/4/3 13022/4/3 13021/4/3
f 13034/4/3 13022/4/3 13033/4/3
f 13035/4/3 13024/4/3 13023/4/3
f 13036/4/3 13024/4/3 13035/4/3
f 13037/4/3 13026/4/3 13025/4/3
f 13038/4/3 13026/4/3 13037/4/3
f 13039/4/3 13028/4/3 13027/4/3
f 13040/4/3 13028/4/3 13039/4/3
f 13041/4/3 13030/4/3 13029/4/3
f 13042/4/3 13030/4/3 13041/4/3
f 13043/4/3 13032/4/3 13031/4/3
f 13044/4/3 13032/4/3 13043/4/3
f 13049/4/3 13046/4/3 13045/4/3
f 13050/4/3 13046/4/3 13049/4/3
f 13051/4/3 13048/4/3 13047/4/3
f 13052/4/3 13048/4/3 13051/4/3
f 13057/4/3 13054/4/3 13053/4/3
f 13058/4/3 13054/4/3 13057/4/3
f 13059/4/3 13056/4/3 13055/4/3
f 13060/4/3 13056/4/3 13059/4/3
f 13073/4/3 13062/4/3 13061/4/3
f 13074/4/3 13062/4/3 13073/4/3
f 13075/4/3 13064/4/3 13063/4/3
f 13076/4/3 13064/4/3 13075/4/3
f 13077/4/3 13066/4/3 13065/4/3
f 13078/4/3 13066/4/3 13077/4/3
f 13079/4/3 13068/4/3 13067/4/3
f 13080/4/3 13068/4/3 13079/4/3
f 13081/4/3 13070/4/3 13069/4/3
f 13082/4/3 13070/4/3 13081/4/3
f 13083/4/3 13072/4/3 13071/4/3
f 13084/4/3 13072/4/3 13083/4/3
f 13097/4/3 13086/4/3 13085/4/3
f 13098/4/3 13086/4/3 13097/4/3
f 13099/4/3 13088/4/3 13087/4/3
f 13100/4/3 13088/4/3 13099/4/3
f 13101/4/3 13090/4/3 13089/4/3
f 13102/4/3 13090/4/3 13101/4/3
f 13103/4/3 13092/4/3 13091/4/3
f 13104/4/3 13092/4/3 13103/4/3
f 13105/4/3 13094/4/3 13093/4/3
f 13106/4/3 13094/4/3 13105/4/3
f 13107/4/3 13096/4/3 13095/4/3
f 13108/4/3 13096/4/3 13107/4/3
f 13117/4/3 13110/4/3 13109/4/3
f 13118/4/3 13110/4/3 13117/4/3
f 13119/4/3 13112/4/3 13111/4/3
f 13120/4/3 13112/4/3 13119/4/3
f 13121/4/3 13114/4/3 13113/4/3
f 13122/4/3 13114/4/3 13121/4/3
f 13123/4/3 13116/4/3 13115/4/3
f 13124/4/3 13116/4/3 13123/4/3
f 13133/4/3 13126/4/3 13125/4/3
f 13134/4/3 13126/4/3 13133/4/3
f 13135/4/3 13128/4/3 13127/4/3
f 13136/4/3 13128/4/3 13135/4/3
f 13137/4/3 13130/4/3 13129/4/3
f 13138/4/3 13130/4/3 13137/4/3
f 13139/4/3 13132/4/3 13131/4/3
f 13140/4/3 13132/4/3 13139/4/3
f 13153/4/3 13142/4/3 13141/4/3
f 13154/4/3 13142/4/3 13153/4/3
f 13155/4/3 13144/4/3 13143/4/3
f 13156/4/3 13144/4/3 13155/4/3
f 13157/4/3 13146/4/3 13145/4/3
f 13158/4/3 13146/4/3 13157/4/3
f 13159/4/3 13148/4/3 13147/4/3
f 13160/4/3 13148/4/3 13159/4/3
f 13161/4/3 13150/4/3 13149/4/3
f 13162/4/3 13150/4/3 13161/4/3
f 13163/4/3 13152/4/3 13151/4/3
f 13164/4/3 13152/4/3 13163/4/3
f 13177/4/3 13166/4/3 13165/4/3
f 13178/4/3 13166/4/3 13177/4/3
f 13179/4/3 13168/4/3 13167/4/3
f 13180/4/3 13168/4/3 13179/4/3
f 13181/4/3 13170/4/3 13169/4/3
f 13182/4/3 13170/4/3 13181/4/3
f 13183/4/3 13172/4/3 13171/4/3
f 13184/4/3 13172/4/3 13183/4/3
f 13185/4/3 13174/4/3 13173/4/3
f 13186/4/3 13174/4/3 13185/4/3
f 13187/4/3 13176/4/3 13175/4/3
f 13188/4/3 13176/4/3 13187/4/3
f 13193/4/3 13190/4/3 13189/4/3
f 13194/4/3 13190/4/3 13193/4/3
f 13195/4/3 13192/4/3 13191/4/3
f 13196/4/3 13192/4/3 13195/4/3
f 13201/4/3 13198/4/3 13197/4/3
f 13202/4/3 13198/4/3 13201/4/3
f 13203/4/3 13200/4/3 13199/4/3
f 13204/4/3 13200/4/3 13203/4/3
f 13217/4/3 13206/4/3 13205/4/3
f 13218/4/3 13206/4/3 13217/4/3
f 13219/4/3 13208/4/3 13207/4/3
f 13220/4/3 13208/4/3 13219/4/3
f 13221/4/3 13210/4/3 13209/4/3
f 13222/4/3 13210/4/3 13221/4/3
f 13223/4/3 13212/4/3 13211/4/3
f 13224/4/3 13212/4/3 13223/4/3
f 13225/4/3 13214/4/3 13213/4/3
f 13226/4/3 13214/4/3 13225/4/3
f 13227/4/3 13216/4/3 13215/4/3
f 13228/4/3 13216/4/3 13227/4/3
f 13241/4/3 13230/4/3 13229/4/3
f 13242/4/3 13230/4/3 13241/4/3
f 13243/4/3 13232/4/3 13231/4/3
f 13244/4/3 13232/4/3 13243/4/3
f 13245/4/3 13234/4/3 13233/4/3
f 13246/4/3 13234/4/3 13245/4/3
f 13247/4/3 13236/4/3 13235/4/3
f 13248/4/3 13236/4/3 13247/4/3
f 13249/4/3 13238/4/3 13237/4/3
f 13250/4/3 13238/4/3 13249/4/3
f 13251/4/3 13240/4/3 13239/4/3
f 13252/4/3 13240/4/3 13251/4/3
f 13261/4/3 13254/4/3 13253/4/3
f 13262/4/3 13254/4/3 13261/4/3
f 13263/4/3 13256/4/3 13255/4/3
f 13264/4/3 13256/4/3 13263/4/3
f 13265/4/3 13258/4/3 13257/4/3
f 13266/4/3 13258/4/3 13265/4/3
f 13267/4/3 13260/4/3 13259/4/3
f 13268/4/3 13260/4/3 13267/4/3
f 13277/4/3 13270/4/3 13269/4/3
f 13278/4/3 13270/4/3 13277/4/3
f 13279/4/3 13272/4/3 13271/4/3
f 13280/4/3 13272/4/3 13279/4/3
f 13281/4/3 13274/4/3 13273/4/3
f 13282/4/3 13274/4/3 13281/4/3
f 13283/4/3 13276/4/3 13275/4/3
f 13284/4/3 13276/4/3 13283/4/3
f 13297/4/3 13286/4/3 13285/4/3
f 13298/4/3 13286/4/3 13297/4/3
f 13299/4/3 13288/4/3 13287/4/3
f 13300/4/3 13288/4/3 13299/4/3
f 13301/4/3 13290/4/3 13289/4/3
f 13302/4/3 13290/4/3 13301/4/3
f 13303/4/3 13292/4/3 13291/4/3
f 13304/4/3 13292/4/3 13303/4/3
f 13305/4/3 13294/4/3 13293/4/3
f 13306/4/3 13294/4/3 13305/4/3
f 13307/4/3 13296/4/3 13295/4/3
f 13308/4/3 13296/4/3 13307/4/3
f 13321/4/3 13310/4/3 13309/4/3
f 13322/4/3 13310/4/3 13321/4/3
f 13323/4/3 13312/4/3 13311/4/3
f 13324/4/3 13312/4/3 13323/4/3
f 13325/4/3 13314/4/3 13313/4/3
f 13326/4/3 13314/4/3 13325/4/3
f 13327/4/3 13316/4/3 13315/4/3
f 13328/4/3 13316/4/3 13327/4/3
f 13329/4/3 13318/4/3 13317/4/3
f 13330/4/3 13318/4/3 13329/4/3
f 13331/4/3 13320/4/3 13319/4/3
f 13332/4/3 13320/4/3 13331/4/3
f 13337/4/3 13334/4/3 13333/4/3
f 13338/4/3 13334/4/3 13337/4/3
f 13339/4/3 13336/4/3 13335/4/3
f 13340/4/3 13336/4/3 13339/4/3
f 13345/4/3 13342/4/3 13341/4/3
f 13346/4/3 13342/4/3 13345/4/3
f 13347/4/3 13344/4/3 13343/4/3
f 13348/4/3 13344/4/3 13347/4/3
f 13353/4/3 13350/4/3 13349/4/3
f 13354/4/3 13350/4/3 13353/4/3
f 13355/4/3 13352/4/3 13351/4/3
f 13356/4/3 13352/4/3 13355/4/3
f 13361/4/3 13358/4/3 13357/4/3
f 13362/4/3 13358/4/3 13361/4/3
f 13363/4/3 13360/4/3 13359/4/3
f 13364/4/3 13360/4/3 13363/4/3
f 13369/4/3 13366/4/3 13365/4/3
f 13370/4/3 13366/4/3 13369/4/3
f 13371/4/3 13368/4/3 13367/4/3
f 13372/4/3 13368/4/3 13371/4/3
f 13377/4/3 13374/4/3 13373/4/3
f 13378/4/3 13374/4/3 13377/4/3
f 13379/4/3 13376/4/3 13375/4/3
f 13380/4/3 13376/4/3 13379/4/3
f 13389/4/3 13382/4/3 13381/4/3
f 13390/4/3 13382/4/3 13389/4/3
f 13391/4/3 13384/4/3 13383/4/3
f 13392/4/3 13384/4/3 13391/4/3
f 13393/4/3 13386/4/3 13385/4/3
f 13394/4/3 13386/4/3 13393/4/3
f 13395/4/3 13388/4/3 13387/4/3
f 13396/4/3 13388/4/3 13395/4/3
f 13405/4/3 13398/4/3 13397/4/3
f 13406/4/3 13398/4/3 13405/4/3
f 13407/4/3 13400/4/3 13399/4/3
f 13408/4/3 13400/4/3 13407/4/3
f 13409/4/3 13402/4/3 13401/4/3
f 13410/4/3 13402/4/3 13409/4/3
f 13411/4/3 13404/4/3 13403/4/3
f 13412/4/3 13404/4/3 13411/4/3
f 13417/4/3 13414/4/3 13413/4/3
f 13418/4/3 13414/4/3 13417/4/3
f 13419/4/3 13416/4/3 13415/4/3
f 13420/4/3 13416/4/3 13419/4/3
f 13425/4/3 13422/4/3 13421/4/3
f 13426/4/3 13422/4/3 13425/4/3
f 13427/4/3 13424/4/3 13423/4/3
f 13428/4/3 13424/4/3 13427/4/3
f 13437/4/3 13430/4/3 13429/4/3
f 13438/4/3 13430/4/3 13437/4/3
f 13439/4/3 13432/4/3 13431/4/3
f 13440/4/3 13432/4/3 13439/4/3
f 13441/4/3 13434/4/3 13433/4/3
f 13442/4/3 13434/4/3 13441/4/3
f 13443/4/3 13436/4/3 13435/4/3
f 13444/4/3 13436/4/3 13443/4/3
f 13453/4/3 13446/4/3 13445/4/3
f 13454/4/3 13446/4/3 13453/4/3
f 13455/4/3 13448/4/3 13447/4/3
f 13456/4/3 13448/4/3 13455/4/3
f 13457/4/3 13450/4/3 13449/4/3
f 13458/4/3 13450/4/3 13457/4/3
f 13459/4/3 13452/4/3 13451/4/3
f 13460/4/3 13452/4/3 13459/4/3
f 13465/4/3 13462/4/3 13461/4/3
f 13466/4/3 13462/4/3 13465/4/3
f 13467/4/3 13464/4/3 13463/4/3
f 13468/4/3 13464/4/3 13467/4/3
f 13473/4/3 13470/4/3 13469/4/3
f 13474/4/3 13470/4/3 13473/4/3
f 13475/4/3 13472/4/3 13471/4/3
f 13476/4/3 13472/4/3 13475/4/3
f 13485/4/3 13478/4/3 13477/4/3
f 13486/4/3 13478/4/3 13485/4/3
f 13487/4/3 13480/4/3 13479/4/3
f 13488/4/3 13480/4/3 13487/4/3
f 13489/4/3 13482/4/3 13481/4/3
f 13490/4/3 13482/4/3 13489/4/3
f 13491/4/3 13484/4/3 13483/4/3
f 13492/4/3 13484/4/3 13491/4/3
f 13501/4/3 13494/4/3 13493/4/3
f 13502/4/3 13494/4/3 13501/4/3
f 13503/4/3 13496/4/3 13495/4/3
f 13504/4/3 13496/4/3 13503/4/3
f 13505/4/3 13498/4/3 13497/4/3
f 13506/4/3 13498/4/3 13505/4/3
f 13507/4/3 13500/4/3 13499/4/3
f 13508/4/3 13500/4/3 13507/4/3
f 13513/4/3 13510/4/3 13509/4/3
f 13514/4/3 13510/4/3 13513/4/3
f 13515/4/3 13512/4/3 13511/4/3
f 13516/4/3 13512/4/3 13515/4/3
f 13521/4/3 13518/4/3 13517/4/3
f 13522/4/3 13518/4/3 13521/4/3
f 13523/4/3 13520/4/3 13519/4/3
f 13524/4/3 13520/4/3 13523/4/3
f 13533/4/3 13526/4/3 13525/4/3
f 13534/4/3 13526/4/3 13533/4/3
f 13535/4/3 13528/4/3 13527/4/3
f 13536/4/3 13528/4/3 13535/4/3
f 13537/4/3 13530/4/3 13529/4/3
f 13538/4/3 13530/4/3 13537/4/3
f 13539/4/3 13532/4/3 13531/4/3
f 13540/4/3 13532/4/3 13539/4/3
f 13549/4/3 13542/4/3 13541/4/3
f 13550/4/3 13542/4/3 13549/4/3
f 13551/4/3 13544/4/3 13543/4/3
f 13552/4/3 13544/4/3 13551/4/3
f 13553/4/3 13546/4/3 13545/4/3
f 13554/4/3 13546/4/3 13553/4/3
f 13555/4/3 13548/4/3 13547/4/3
f 13556/4/3 13548/4/3 13555/4/3
f 13561/4/3 13558/4/3 13557/4/3
f 13562/4/3 13558/4/3 13561/4/3
f 13563/4/3 13560/4/3 13559/4/3
f 13564/4/3 13560/4/3 13563/4/3
f 13569/4/3 13566/4/3 13565/4/3
f 13570/4/3 13566/4/3 13569/4/3
f 13571/4/3 13568/4/3 13567/4/3
f 13572/4/3 13568/4/3 13571/4/3
f 13581/4/3 13574/4/3 13573/4/3
f 13582/4/3 13574/4/3 13581/4/3
f 13583/4/3 13576/4/3 13575/4/3
f 13584/4/3 13576/4/3 13583/4/3
f 13585/4/3 13578/4/3 13577/4/3
f 13586/4/3 13578/4/3 13585/4/3
f 13587/4/3 13580/4/3 13579/4/3
f 13588/4/3 13580/4/3 13587/4/3
f 13597/4/3 13590/4/3 13589/4/3
f 13598/4/3 13590/4/3 13597/4/3
f 13599/4/3 13592/4/3 13591/4/3
f 13600/4/3 13592/4/3 13599/4/3
f 13601/4/3 13594/4/3 13593/4/3
f 13602/4/3 13594/4/3 13601/4/3
f 13603/4/3 13596/4/3 13595/4/3
f 13604/4/3 13596/4/3 13603/4/3
f 13609/4/3 13606/4/3 13605/4/3
f 13610/4/3 13606/4/3 13609/4/3
f 13611/4/3 13608/4/3 13607/4/3
f 13612/4/3 13608/4/3 13611/4/3
f 13617/4/3 13614/4/3 13613/4/3
f 13618/4/3 13614/4/3 13617/4/3
f 13619/4/3 13616/4/3 13615/4/3
f 13620/4/3 13616/4/3 13619/4/3
f 13625/4/3 13622/4/3 13621/4/3
f 13626/4/3 13622/4/3 13625/4/3
f 13627/4/3 13624/4/3 13623/4/3
f 13628/4/3 13624/4/3 13627/4/3
f 13633/4/3 13630/4/3 13629/4/3
f 13634/4/3 13630/4/3 13633/4/3
f 13635/4/3 13632/4/3 13631/4/3
f 13636/4/3 13632/4/3 13635/4/3
f 13641/4/3 13638/4/3 13637/4/3
f 13642/4/3 13638/4/3 13641/4/3
f 13643/4/3 13640/4/3 13639/4/3
f 13644/4/3 13640/4/3 13643/4/3
f 13649/4/3 13646/4/3 13645/4/3
f 13650/4/3 13646/4/3 13649/4/3
f 13651/4/3 13648/4/3 13647/4/3
f 13652/4/3 13648/4/3 13651/4/3
f 13657/4/3 13654/4/3 13653/4/3
f 13658/4/3 13654/4/3 13657/4/3
f 13659/4/3 13656/4/3 13655/4/3
f 13660/4/3 13656/4/3 13659/4/3
f 13665/4/3 13662/4/3 13661/4/3
f 13666/4/3 13662/4/3 13665/4/3
f 13667/4/3 13664/4/3 13663/4/3
f 13668/4/3 13664/4/3 13667/4/3
f 13673/4/3 13670/4/3 13669/4/3
f 13674/4/3 13670/4/3 13673/4/3
f 13675/4/3 13672/4/3 13671/4/3
f 13676/4/3 13672/4/3 13675/4/3
f 13681/4/3 13678/4/3 13677/4/3
f 13682/4/3 13678/4/3 13681/4/3
f 13683/4/3 13680/4/3 13679/4/3
f 13684/4/3 13680/4/3 13683/4/3
f 13689/4/3 13686/4/3 13685/4/3
f 13690/4/3 13686/4/3 13689/4/3
f 13691/4/3 13688/4/3 13687/4/3
f 13692/4/3 13688/4/3 13691/4/3
f 13697/4/3 13694/4/3 13693/4/3
f 13698/4/3 13694/4/3 13697/4/3
f 13699/4/3 13696/4/3 13695/4/3
f 13700/4/3 13696/4/3 13699/4/3
f 13701/4/4 13702/4/4 13705/4/4
f 13705/4/4 13702/4/4 13706/4/4
f 13703/4/4 13704/4/4 13707/4/4
f 13707/4/4 13704/4/4 13708/4/4
f 13709/4/4 13710/4/4 13713/4/4
f 13713/4/4 13710/4/4 13714/4/4
f 13711/4/4 13712/4/4 13715/4/4
f 13715/4/4 13712/4/4 13716/4/4
f 13717/4/4 13718/4/4 13721/4/4
f 13721/4/4 13718/4/4 13722/4/4
f 13719/4/4 13720/4/4 13723/4/4
f 13723/4/4 13720/4/4 13724/4/4
f 13725/4/4 13726/4/4 13729/4/4
f 13729/4/4 13726/4/4 13730/4/4
f 13727/4/4 13728/4/4 13731/4/4
f 13731/4/4 13728/4/4 13732/4/4
f 13733/4/4 13734/4/4 13737/4/4
f 13737/4/4 13734/4/4 13738/4/4
f 13735/4/4 13736/4/4 13739/4/4
f 13739/4/4 13736/4/4 13740/4/4
f 13741/4/4 13742/4/4 13745/4/4
f 13745/4/4 13742/4/4 13746/4/4
f 13743/4/4 13744/4/4 13747/4/4
f 13747/4/4 13744/4/4 13748/4/4
f 13749/4/4 13750/4/4 13753/4/4
f 13753/4/4 13750/4/4 13754/4/4
f 13751/4/4 13752/4/4 13755/4/4
f 13755/4/4 13752/4/4 13756/4/4
f 13757/4/4 13758/4/4 13761/4/4
f 13761/4/4 13758/4/4 13762/4/4
f 13759/4/4 13760/4/4 13763/4/4
f 13763/4/4 13760/4/4 13764/4/4
f 13765/4/4 13766/4/4 13769/4/4
f 13769/4/4 13766/4/4 13770/4/4
f 13767/4/4 13768/4/4 13771/4/4
f 13771/4/4 13768/4/4 13772/4/4
f 13773/4/4 13774/4/4 13777/4/4
f 13777/4/4 13774/4/4 13778/4/4
f 13775/4/4 13776/4/4 13779/4/4
f 13779/4/4 13776/4/4 13780/4/4
f 13781/4/4 13782/4/4 13785/4/4
f 13785/4/4 13782/4/4 13786/4/4
f 13783/4/4 13784/4/4 13787/4/4
f 13787/4/4 13784/4/4 13788/4/4
f 13789/4/4 13790/4/4 13793/4/4
f 13793/4/4 13790/4/4 13794/4/4
f 13791/4/4 13792/4/4 13795/4/4
f 13795/4/4 13792/4/4 13796/4/4
f 13797/4/4 13798/4/4 13805/4/4
f 13805/4/4 13798/4/4 13806/4/4
f 13799/4/4 13800/4/4 13807/4/4
f 13807/4/4 13800/4/4 13808/4/4
f 13801/4/4 13802/4/4 13809/4/4
f 13809/4/4 13802/4/4 13810/4/4
f 13803/4/4 13804/4/4 13811/4/4
f 13811/4/4 13804/4/4 13812/4/4
f 13813/4/4 13814/4/4 13821/4/4
f 13821/4/4 13814/4/4 13822/4/4
f 13815/4/4 13816/4/4 13823/4/4
f 13823/4/4 13816/4/4 13824/4/4
f 13817/4/4 13818/4/4 13825/4/4
f 13825/4/4 13818/4/4 13826/4/4
f 13819/4/4 13820/4/4 13827/4/4
f 13827/4/4 13820/4/4 13828/4/4
f 13829/4/4 13830/4/4 13833/4/4
f 13833/4/4 13830/4/4 13834/4/4
f 13831/4/4 13832/4/4 13835/4/4
f 13835/4/4 13832/4/4 13836/4/4
f 13837/4/4 13838/4/4 13841/4/4
f 13841/4/4 13838/4/4 13842/4/4
f 13839/4/4 13840/4/4 13843/4/4
f 13843/4/4 13840/4/4 13844/4/4
f 13845/4/4 13846/4/4 13853/4/4
f 13853/4/4 13846/4/4 13854/4/4
f 13847/4/4 13848/4/4 13855/4/4
f 13855/4/4 13848/4/4 13856/4/4
f 13849/4/4 13850/4/4 13857/4/4
f 13857/4/4 13850/4/4 13858/4/4
f 13851/4/4 13852/4/4 13859/4/4
f 13859/4/4 13852/4/4 13860/4/4
f 13861/4/4 13862/4/4 13869/4/4
f 13869/4/4 13862/4/4 13870/4/4
f 13863/4/4 13864/4/4 13871/4/4
f 13871/4/4 13864/4/4 13872/4/4
f 13865/4/4 13866/4/4 13873/4/4
f 13873/4/4 13866/4/4 13874/4/4
f 13867/4/4 13868/4/4 13875/4/4
f 13875/4/4 13868/4/4 13876/4/4
f 13877/4/4 13878/4/4 13881/4/4
f 13881/4/4 13878/4/4 13882/4/4
f 13879/4/4 13880/4/4 13883/4/4
f 13883/4/4 13880/4/4 13884/4/4
f 13885/4/4 13886/4/4 13889/4/4
f 13889/4/4 13886/4/4 13890/4/4
f 13887/4/4 13888/4/4 13891/4/4
f 13891/4/4 13888/4/4 13892/4/4
f 13893/4/4 13894/4/4 13901/4/4
f 13901/4/4 13894/4/4 13902/4/4
f 13895/4/4 13896/4/4 13903/4/4
f 13903/4/4 13896/4/4 13904/4/4
f 13897/4/4 13898/4/4 13905/4/4
f 13905/4/4 13898/4/4 13906/4/4
f 13899/4/4 13900/4/4 13907/4/4
f 13907/4/4 13900/4/4 13908/4/4
f 13909/4/4 13910/4/4 13917/4/4
f 13917/4/4 13910/4/4 13918/4/4
f 13911/4/4 13912/4/4 13919/4/4
f 13919/4/4 13912/4/4 13920/4/4
f 13913/4/4 13914/4/4 13921/4/4
f 13921/4/4 13914/4/4 13922/4/4
f 13915/4/4 13916/4/4 13923/4/4
f 13923/4/4 13916/4/4 13924/4/4
f 13925/4/4 13926/4/4 13929/4/4
f 13929/4/4 13926/4/4 13930/4/4
f 13927/4/4 13928/4/4 13931/4/4
f 13931/4/4 13928/4/4 13932/4/4
f 13933/4/4 13934/4/4 13937/4/4
f 13937/4/4 13934/4/4 13938/4/4
f 13935/4/4 13936/4/4 13939/4/4
f 13939/4/4 13936/4/4 13940/4/4
f 13941/4/4 13942/4/4 13949/4/4
f 13949/4/4 13942/4/4 13950/4/4
f 13943/4/4 13944/4/4 13951/4/4
f 13951/4/4 13944/4/4 13952/4/4
f 13945/4/4 13946/4/4 13953/4/4
f 13953/4/4 13946/4/4 13954/4/4
f 13947/4/4 13948/4/4 13955/4/4
f 13955/4/4 13948/4/4 13956/4/4
f 13957/4/4 13958/4/4 13965/4/4
f 13965/4/4 13958/4/4 13966/4/4
f 13959/4/4 13960/4/4 13967/4/4
f 13967/4/4 13960/4/4 13968/4/4
f 13961/4/4 13962/4/4 13969/4/4
f 13969/4/4 13962/4/4 13970/4/4
f 13963/4/4 13964/4/4 13971/4/4
f 13971/4/4 13964/4/4 13972/4/4
f 13973/4/4 13974/4/4 13977/4/4
f 13977/4/4 13974/4/4 13978/4/4
f 13975/4/4 13976/4/4 13979/4/4
f 13979/4/4 13976/4/4 13980/4/4
f 13981/4/4 13982/4/4 13985/4/4
f 13985/4/4 13982/4/4 13986/4/4
f 13983/4/4 13984/4/4 13987/4/4
f 13987/4/4 13984/4/4 13988/4/4
f 13989/4/4 13990/4/4 13997/4/4
f 13997/4/4 13990/4/4 13998/4/4
f 13991/4/4 13992/4/4 13999/4/4
f 13999/4/4 13992/4/4 14000/4/4
f 13993/4/4 13994/4/4 14001/4/4
f 14001/4/4 13994/4/4 14002/4/4
f 13995/4/4 13996/4/4 14003/4/4
f 14003/4/4 13996/4/4 14004/4/4
f 14005/4/4 14006/4/4 14013/4/4
f 14013/4/4 14006/4/4 14014/4/4
f 14007/4/4 14008/4/4 14015/4/4
f 14015/4/4 14008/4/4 14016/4/4
f 14009/4/4 14010/4/4 14017/4/4
f 14017/4/4 14010/4/4 14018/4/4
f 14011/4/4 14012/4/4 14019/4/4
f 14019/4/4 14012/4/4 14020/4/4
f 14021/4/4 14022/4/4 14025/4/4
f 14025/4/4 14022/4/4 14026/4/4
f 14023/4/4 14024/4/4 14027/4/4
f 14027/4/4 14024/4/4 14028/4/4
f 14029/4/4 14030/4/4 14033/4/4
f 14033/4/4 14030/4/4 14034/4/4
f 14031/4/4 14032/4/4 14035/4/4
f 14035/4/4 14032/4/4 14036/4/4
f 14037/4/4 14038/4/4 14041/4/4
f 14041/4/4 14038/4/4 14042/4/4
f 14039/4/4 14040/4/4 14043/4/4
f 14043/4/4 14040/4/4 14044/4/4
f 14045/4/4 14046/4/4 14049/4/4
f 14049/4/4 14046/4/4 14050/4/4
f 14047/4/4 14048/4/4 14051/4/4
f 14051/4/4 14048/4/4 14052/4/4
f 14053/4/4 14054/4/4 14057/4/4
f 14057/4/4 14054/4/4 14058/4/4
f 14055/4/4 14056/4/4 14059/4/4
f 14059/4/4 14056/4/4 14060/4/4
f 14061/4/4 14062/4/4 14065/4/4
f 14065/4/4 14062/4/4 14066/4/4
f 14063/4/4 14064/4/4 14067/4/4
f 14067/4/4 14064/4/4 14068/4/4
f 14069/4/4 14070/4/4 14081/4/4
f 14081/4/4 14070/4/4 14082/4/4
f 14071/4/4 14072/4/4 14083/4/4
f 14083/4/4 14072/4/4 14084/4/4
f 14073/4/4 14074/4/4 14085/4/4
f 14085/4/4 14074/4/4 14086/4/4
f 14075/4/4 14076/4/4 14087/4/4
f 14087/4/4 14076/4/4 14088/4/4
f 14077/4/4 14078/4/4 14089/4/4
f 14089/4/4 14078/4/4 14090/4/4
f 14079/4/4 14080/4/4 14091/4/4
f 14091/4/4 14080/4/4 14092/4/4
f 14093/4/4 14094/4/4 14105/4/4
f 14105/4/4 14094/4/4 14106/4/4
f 14095/4/4 14096/4/4 14107/4/4
f 14107/4/4 14096/4/4 14108/4/4
f 14097/4/4 14098/4/4 14109/4/4
f 14109/4/4 14098/4/4 14110/4/4
f 14099/4/4 14100/4/4 14111/4/4
f 14111/4/4 14100/4/4 14112/4/4
f 14101/4/4 14102/4/4 14113/4/4
f 14113/4/4 14102/4/4 14114/4/4
f 14103/4/4 14104/4/4 14115/4/4
f 14115/4/4 14104/4/4 14116/4/4
f 14117/4/4 14118/4/4 14125/4/4
f 14125/4/4 14118/4/4 14126/4/4
f 14119/4/4 14120/4/4 14127/4/4
f 14127/4/4 14120/4/4 14128/4/4
f 14121/4/4 14122/4/4 14129/4/4
f 14129/4/4 14122/4/4 14130/4/4
f 14123/4/4 14124/4/4 14131/4/4
f 14131/4/4 14124/4/4 14132/4/4
f 14133/4/4 14134/4/4 14141/4/4
f 14141/4/4 14134/4/4 14142/4/4
f 14135/4/4 14136/4/4 14143/4/4
f 14143/4/4 14136/4/4 14144/4/4
f 14137/4/4 14138/4/4 14145/4/4
f 14145/4/4 14138/4/4 14146/4/4
f 14139/4/4 14140/4/4 14147/4/4
f 14147/4/4 14140/4/4 14148/4/4
f 14149/4/4 14150/4/4 14161/4/4
f 14161/4/4 14150/4/4 14162/4/4
f 14151/4/4 14152/4/4 14163/4/4
f 14163/4/4 14152/4/4 14164/4/4
f 14153/4/4 14154/4/4 14165/4/4
f 14165/4/4 14154/4/4 14166/4/4
f 14155/4/4 14156/4/4 14167/4/4
f 14167/4/4 14156/4/4 14168/4/4
f 14157/4/4 14158/4/4 14169/4/4
f 14169/4/4 14158/4/4 14170/4/4
f 14159/4/4 14160/4/4 14171/4/4
f 14171/4/4 14160/4/4 14172/4/4
f 14173/4/4 14174/4/4 14185/4/4
f 14185/4/4 14174/4/4 14186/4/4
f 14175/4/4 14176/4/4 14187/4/4
f 14187/4/4 14176/4/4 14188/4/4
f 14177/4/4 14178/4/4 14189/4/4
f 14189/4/4 14178/4/4 14190/4/4
f 14179/4/4 14180/4/4 14191/4/4
f 14191/4/4 14180/4/4 14192/4/4
f 14181/4/4 14182/4/4 14193/4/4
f 14193/4/4 14182/4/4 14194/4/4
f 14183/4/4 14184/4/4 14195/4/4
f 14195/4/4 14184/4/4 14196/4/4
f 14197/4/4 14198/4/4 14201/4/4
f 14201/4/4 14198/4/4 14202/4/4
f 14199/4/4 14200/4/4 14203/4/4
f 14203/4/4 14200/4/4 14204/4/4
f 14205/4/4 14206/4/4 14209/4/4
f 14209/4/4 14206/4/4 14210/4/4
f 14207/4/4 14208/4/4 14211/4/4
f 14211/4/4 14208/4/4 14212/4/4
f 14213/4/4 14214/4/4 14225/4/4
f 14225/4/4 14214/4/4 14226/4/4
f 14215/4/4 14216/4/4 14227/4/4
f 14227/4/4 14216/4/4 14228/4/4
f 14217/4/4 14218/4/4 14229/4/4
f 14229/4/4 14218/4/4 14230/4/4
f 14219/4/4 14220/4/4 14231/4/4
f 14231/4/4 14220/4/4 14232/4/4
f 14221/4/4 14222/4/4 14233/4/4
f 14233/4/4 14222/4/4 14234/4/4
f 14223/4/4 14224/4/4 14235/4/4
f 14235/4/4 14224/4/4 14236/4/4
f 14237/4/4 14238/4/4 14249/4/4
f 14249/4/4 14238/4/4 14250/4/4
f 14239/4/4 14240/4/4 14251/4/4
f 14251/4/4 14240/4/4 14252/4/4
f 14241/4/4 14242/4/4 14253/4/4
f 14253/4/4 14242/4/4 14254/4/4
f 14243/4/4 14244/4/4 14255/4/4
f 14255/4/4 14244/4/4 14256/4/4
f 14245/4/4 14246/4/4 14257/4/4
f 14257/4/4 14246/4/4 14258/4/4
f 14247/4/4 14248/4/4 14259/4/4
f 14259/4/4 14248/4/4 14260/4/4
f 14261/4/4 14262/4/4 14269/4/4
f 14269/4/4 14262/4/4 14270/4/4
f 14263/4/4 14264/4/4 14271/4/4
f 14271/4/4 14264/4/4 14272/4/4
f 14265/4/4 14266/4/4 14273/4/4
f 14273/4/4 14266/4/4 14274/4/4
f 14267/4/4 14268/4/4 14275/4/4
f 14275/4/4 14268/4/4 14276/4/4
f 14277/4/4 14278/4/4 14285/4/4
f 14285/4/4 14278/4/4 14286/4/4
f 14279/4/4 14280/4/4 14287/4/4
f 14287/4/4 14280/4/4 14288/4/4
f 14281/4/4 14282/4/4 14289/4/4
f 14289/4/4 14282/4/4 14290/4/4
f 14283/4/4 14284/4/4 14291/4/4
f 14291/4/4 14284/4/4 14292/4/4
f 14293/4/4 14294/4/4 14305/4/4
f 14305/4/4 14294/4/4 14306/4/4
f 14295/4/4 14296/4/4 14307/4/4
f 14307/4/4 14296/4/4 14308/4/4
f 14297/4/4 14298/4/4 14309/4/4
f 14309/4/4 14298/4/4 14310/4/4
f 14299/4/4 14300/4/4 14311/4/4
f 14311/4/4 14300/4/4 14312/4/4
f 14301/4/4 14302/4/4 14313/4/4
f 14313/4/4 14302/4/4 14314/4/4
f 14303/4/4 14304/4/4 14315/4/4
f 14315/4/4 14304/4/4 14316/4/4
f 14317/4/4 14318/4/4 14329/4/4
f 14329/4/4 14318/4/4 14330/4/4
f 14319/4/4 14320/4/4 14331/4/4
f 14331/4/4 14320/4/4 14332/4/4
f 14321/4/4 14322/4/4 14333/4/4
f 14333/4/4 14322/4/4 14334/4/4
f 14323/4/4 14324/4/4 14335/4/4
f 14335/4/4 14324/4/4 14336/4/4
f 14325/4/4 14326/4/4 14337/4/4
f 14337/4/4 14326/4/4 14338/4/4
f 14327/4/4 14328/4/4 14339/4/4
f 14339/4/4 14328/4/4 14340/4/4
f 14341/4/4 14342/4/4 14345/4/4
f 14345/4/4 14342/4/4 14346/4/4
f 14343/4/4 14344/4/4 14347/4/4
f 14347/4/4 14344/4/4 14348/4/4
f 14349/4/4 14350/4/4 14353/4/4
f 14353/4/4 14350/4/4 14354/4/4
f 14351/4/4 14352/4/4 14355/4/4
f 14355/4/4 14352/4/4 14356/4/4
f 14357/4/4 14358/4/4 14369/4/4
f 14369/4/4 14358/4/4 14370/4/4
f 14359/4/4 14360/4/4 14371/4/4
f 14371/4/4 14360/4/4 14372/4/4
f 14361/4/4 14362/4/4 14373/4/4
f 14373/4/4 14362/4/4 14374/4/4
f 14363/4/4 14364/4/4 14375/4/4
f 14375/4/4 14364/4/4 14376/4/4
f 14365/4/4 14366/4/4 14377/4/4
f 14377/4/4 14366/4/4 14378/4/4
f 14367/4/4 14368/4/4 14379/4/4
f 14379/4/4 14368/4/4 14380/4/4
f 14381/4/4 14382/4/4 14393/4/4
f 14393/4/4 14382/4/4 14394/4/4
f 14383/4/4 14384/4/4 14395/4/4
f 14395/4/4 14384/4/4 14396/4/4
f 14385/4/4 14386/4/4 14397/4/4
f 14397/4/4 14386/4/4 14398/4/4
f 14387/4/4 14388/4/4 14399/4/4
f 14399/4/4 14388/4/4 14400/4/4
f 14389/4/4 14390/4/4 14401/4/4
f 14401/4/4 14390/4/4 14402/4/4
f 14391/4/4 14392/4/4 14403/4/4
f 14403/4/4 14392/4/4 14404/4/4
f 14405/4/4 14406/4/4 14409/4/4
f 14409/4/4 14406/4/4 14410/4/4
f 14407/4/4 14408/4/4 14411/4/4
f 14411/4/4 14408/4/4 14412/4/4
f 14413/4/4 14414/4/4 14417/4/4
f 14417/4/4 14414/4/4 14418/4/4
f 14415/4/4 14416/4/4 14419/4/4
f 14419/4/4 14416/4/4 14420/4/4
f 14421/4/4 14422/4/4 14433/4/4
f 14433/4/4 14422/4/4 14434/4/4
f 14423/4/4 14424/4/4 14435/4/4
f 14435/4/4 14424/4/4 14436/4/4
f 14425/4/4 14426/4/4 14437/4/4
f 14437/4/4 14426/4/4 14438/4/4
f 14427/4/4 14428/4/4 14439/4/4
f 14439/4/4 14428/4/4 14440/4/4
f 14429/4/4 14430/4/4 14441/4/4
f 14441/4/4 14430/4/4 14442/4/4
f 14431/4/4 14432/4/4 14443/4/4
f 14443/4/4 14432/4/4 14444/4/4
f 14445/4/4 14446/4/4 14457/4/4
f 14457/4/4 14446/4/4 14458/4/4
f 14447/4/4 14448/4/4 14459/4/4
f 14459/4/4 14448/4/4 14460/4/4
f 14449/4/4 14450/4/4 14461/4/4
f 14461/4/4 14450/4/4 14462/4/4
f 14451/4/4 14452/4/4 14463/4/4
f 14463/4/4 14452/4/4 14464/4/4
f 14453/4/4 14454/4/4 14465/4/4
f 14465/4/4 14454/4/4 14466/4/4
f 14455/4/4 14456/4/4 14467/4/4
f 14467/4/4 14456/4/4 14468/4/4
f 14469/4/4 14470/4/4 14477/4/4
f 14477/4/4 14470/4/4 14478/4/4
f 14471/4/4 14472/4/4 14479/4/4
f 14479/4/4 14472/4/4 14480/4/4
f 14473/4/4 14474/4/4 14481/4/4
f 14481/4/4 14474/4/4 14482/4/4
f 14475/4/4 14476/4/4 14483/4/4
f 14483/4/4 14476/4/4 14484/4/4
f 14485/4/4 14486/4/4 14493/4/4
f 14493/4/4 14486/4/4 14494/4/4
f 14487/4/4 14488/4/4 14495/4/4
f 14495/4/4 14488/4/4 14496/4/4
f 14489/4/4 14490/4/4 14497/4/4
f 14497/4/4 14490/4/4 14498/4/4
f 14491/4/4 14492/4/4 14499/4/4
f 14499/4/4 14492/4/4 14500/4/4
f 14501/4/4 14502/4/4 14509/4/4
f 14509/4/4 14502/4/4 14510/4/4
f 14503/4/4 14504/4/4 14511/4/4
f 14511/4/4 14504/4/4 14512/4/4
f 14505/4/4 14506/4/4 14513/4/4
f 14513/4/4 14506/4/4 14514/4/4
f 14507/4/4 14508/4/4 14515/4/4
f 14515/4/4 14508/4/4 14516/4/4
f 14517/4/4 14518/4/4 14525/4/4
f 14525/4/4 14518/4/4 14526/4/4
f 14519/4/4 14520/4/4 14527/4/4
f 14527/4/4 14520/4/4 14528/4/4
f 14521/4/4 14522/4/4 14529/4/4
f 14529/4/4 14522/4/4 14530/4/4
f 14523/4/4 14524/4/4 14531/4/4
f 14531/4/4 14524/4/4 14532/4/4
f 14533/4/4 14534/4/4 14543/4/4
f 14543/4/4 14534/4/4 14544/4/4
f 14535/4/4 14536/4/4 14545/4/4
f 14545/4/4 14536/4/4 14546/4/4
f 14537/4/4 14538/4/4 14547/4/4
f 14547/4/4 14538/4/4 14548/4/4
f 14539/4/4 14540/4/4 14549/4/4
f 14549/4/4 14540/4/4 14550/4/4
f 14541/4/4 14542/4/4 14551/4/4
f 14551/4/4 14542/4/4 14552/4/4
f 14553/4/4 14554/4/4 14563/4/4
f 14563/4/4 14554/4/4 14564/4/4
f 14555/4/4 14556/4/4 14565/4/4
f 14565/4/4 14556/4/4 14566/4/4
f 14557/4/4 14558/4/4 14567/4/4
f 14567/4/4 14558/4/4 14568/4/4
f 14559/4/4 14560/4/4 14569/4/4
f 14569/4/4 14560/4/4 14570/4/4
f 14561/4/4 14562/4/4 14571/4/4
f 14571/4/4 14562/4/4 14572/4/4
f 14573/4/4 14574/4/4 14581/4/4
f 14581/4/4 14574/4/4 14582/4/4
f 14575/4/4 14576/4/4 14583/4/4
f 14583/4/4 14576/4/4 14584/4/4
f 14584/4/4 14576/4/4 14585/4/4
f 14577/4/4 14578/4/4 14586/4/4
f 14586/4/4 14578/4/4 14587/4/4
f 14579/4/4 14580/4/4 14588/4/4
f 14588/4/4 14580/4/4 14589/4/4
f 14590/4/4 14591/4/4 14598/4/4
f 14598/4/4 14591/4/4 14599/4/4
f 14592/4/4 14593/4/4 14600/4/4
f 14600/4/4 14593/4/4 14601/4/4
f 14594/4/4 14595/4/4 14602/4/4
f 14602/4/4 14595/4/4 14603/4/4
f 14596/4/4 14597/4/4 14604/4/4
f 14604/4/4 14597/4/4 14605/4/4
f 14606/4/4 14607/4/4 14614/4/4
f 14614/4/4 14607/4/4 14615/4/4
f 14608/4/4 14609/4/4 14616/4/4
f 14616/4/4 14609/4/4 14617/4/4
f 14610/4/4 14611/4/4 14618/4/4
f 14618/4/4 14611/4/4 14619/4/4
f 14612/4/4 14613/4/4 14620/4/4
f 14620/4/4 14613/4/4 14621/4/4
f 14622/4/4 14623/4/4 14630/4/4
f 14630/4/4 14623/4/4 14631/4/4
f 14624/4/4 14625/4/4 14632/4/4
f 14632/4/4 14625/4/4 14633/4/4
f 14633/4/4 14625/4/4 14634/4/4
f 14626/4/4 14627/4/4 14635/4/4
f 14635/4/4 14627/4/4 14636/4/4
f 14636/4/4 14627/4/4 14637/4/4
f 14628/4/4 14629/4/4 14638/4/4
f 14638/4/4 14629/4/4 14639/4/4
f 14640/4/4 14641/4/4 14644/4/4
f 14644/4/4 14641/4/4 14645/4/4
f 14642/4/4 14643/4/4 14646/4/4
f 14646/4/4 14643/4/4 14647/4/4
f 14648/4/4 14649/4/4 14660/4/4
f 14660/4/4 14649/4/4 14661/4/4
f 14650/4/4 14651/4/4 14662/4/4
f 14662/4/4 14651/4/4 14663/4/4
f 14652/4/4 14653/4/4 14664/4/4
f 14664/4/4 14653/4/4 14665/4/4
f 14654/4/4 14655/4/4 14668/4/4
f 14668/4/4 14655/4/4 14669/4/4
f 14656/4/4 14657/4/4 14670/4/4
f 14670/4/4 14657/4/4 14671/4/4
f 14658/4/4 14659/4/4 14672/4/4
f 14672/4/4 14659/4/4 14673/4/4
f 14666/1/4 14667/1/4 14680/1/4
f 14680/1/4 14667/1/4 14681/1/4
f 14674/4/4 14675/4/4 14688/4/4
f 14688/4/4 14675/4/4 14689/4/4
f 14676/4/4 14677/4/4 14690/4/4
f 14690/4/4 14677/4/4 14691/4/4
f 14678/4/4 14679/4/4 14692/4/4
f 14692/4/4 14679/4/4 14693/4/4
f 14682/4/4 14683/4/4 14698/4/4
f 14698/4/4 14683/4/4 14699/4/4
f 14684/4/4 14685/4/4 14700/4/4
f 14700/4/4 14685/4/4 14701/4/4
f 14686/4/4 14687/4/4 14702/4/4
f 14702/4/4 14687/4/4 14703/4/4
f 14694/4/4 14695/4/4 14704/4/4
f 14704/4/4 14695/4/4 14705/4/4
f 14696/4/4 14697/4/4 14706/4/4
f 14706/4/4 14697/4/4 14707/4/4
f 14708/4/4 14709/4/4 14712/4/4
f 14712/4/4 14709/4/4 14713/4/4
f 14710/4/4 14711/4/4 14714/4/4
f 14714/4/4 14711/4/4 14715/4/4
f 14716/4/4 14717/4/4 14728/4/4
f 14728/4/4 14717/4/4 14729/4/4
f 14718/4/4 14719/4/4 14730/4/4
f 14730/4/4 14719/4/4 14731/4/4
f 14720/4/4 14721/4/4 14732/4/4
f 14732/4/4 14721/4/4 14733/4/4
f 14722/4/4 14723/4/4 14738/4/4
f 14738/4/4 14723/4/4 14739/4/4
f 14724/4/4 14725/4/4 14740/4/4
f 14740/4/4 14725/4/4 14741/4/4
f 14726/4/4 14727/4/4 14742/4/4
f 14742/4/4 14727/4/4 14743/4/4
f 14734/1/4 14735/1/4 14750/1/4
f 14750/1/4 14735/1/4 14751/1/4
f 14736/1/4 14737/1/4 14752/1/4
f 14752/1/4 14737/1/4 14753/1/4
f 14744/4/4 14745/4/4 14760/4/4
f 14760/4/4 14745/4/4 14761/4/4
f 14746/4/4 14747/4/4 14762/4/4
f 14762/4/4 14747/4/4 14763/4/4
f 14748/4/4 14749/4/4 14764/4/4
f 14764/4/4 14749/4/4 14765/4/4
f 14754/4/4 14755/4/4 14766/4/4
f 14766/4/4 14755/4/4 14767/4/4
f 14756/4/4 14757/4/4 14768/4/4
f 14768/4/4 14757/4/4 14769/4/4
f 14758/4/4 14759/4/4 14770/4/4
f 14770/4/4 14759/4/4 14771/4/4
f 14772/4/4 14773/4/4 14788/4/4
f 14788/4/4 14773/4/4 14789/4/4
f 14774/4/4 14775/4/4 14790/4/4
f 14790/4/4 14775/4/4 14791/4/4
f 14776/4/4 14777/4/4 14792/4/4
f 14792/4/4 14777/4/4 14793/4/4
f 14778/4/4 14779/4/4 14794/4/4
f 14794/4/4 14779/4/4 14795/4/4
f 14780/4/4 14781/4/4 14800/4/4
f 14800/4/4 14781/4/4 14801/4/4
f 14782/4/4 14783/4/4 14802/4/4
f 14802/4/4 14783/4/4 14803/4/4
f 14784/4/4 14785/4/4 14804/4/4
f 14804/4/4 14785/4/4 14805/4/4
f 14786/4/4 14787/4/4 14806/4/4
f 14806/4/4 14787/4/4 14807/4/4
f 14796/1/4 14797/1/4 14816/1/4
f 14816/1/4 14797/1/4 14817/1/4
f 14798/1/4 14799/1/4 14818/1/4
f 14818/1/4 14799/1/4 14819/1/4
f 14808/4/4 14809/4/4 14828/4/4
f 14828/4/4 14809/4/4 14829/4/4
f 14810/4/4 14811/4/4 14830/4/4
f 14830/4/4 14811/4/4 14831/4/4
f 14812/4/4 14813/4/4 14832/4/4
f 14832/4/4 14813/4/4 14833/4/4
f 14814/4/4 14815/4/4 14834/4/4
f 14834/4/4 14815/4/4 14835/4/4
f 14820/4/4 14821/4/4 14840/4/4
f 14840/4/4 14821/4/4 14841/4/4
f 14822/4/4 14823/4/4 14842/4/4
f 14842/4/4 14823/4/4 14843/4/4
f 14824/4/4 14825/4/4 14844/4/4
f 14844/4/4 14825/4/4 14845/4/4
f 14826/4/4 14827/4/4 14846/4/4
f 14846/4/4 14827/4/4 14847/4/4
f 14836/4/4 14837/4/4 14848/4/4
f 14848/4/4 14837/4/4 14849/4/4
f 14838/4/4 14839/4/4 14850/4/4
f 14850/4/4 14839/4/4 14851/4/4
f 14852/4/4 14853/4/4 14856/4/4
f 14856/4/4 14853/4/4 14857/4/4
f 14854/4/4 14855/4/4 14858/4/4
f 14858/4/4 14855/4/4 14859/4/4
f 14860/4/4 14861/4/4 14868/4/4
f 14868/4/4 14861/4/4 14869/4/4
f 14862/4/4 14863/4/4 14870/4/4
f 14870/4/4 14863/4/4 14871/4/4
f 14864/4/4 14865/4/4 14876/4/4
f 14876/4/4 14865/4/4 14877/4/4
f 14866/4/4 14867/4/4 14878/4/4
f 14878/4/4 14867/4/4 14879/4/4
f 14872/1/4 14873/1/4 14884/1/4
f 14884/1/4 14873/1/4 14885/1/4
f 14874/1/4 14875/1/4 14886/1/4
f 14886/1/4 14875/1/4 14887/1/4
f 14880/4/4 14881/4/4 14892/4/4
f 14892/4/4 14881/4/4 14893/4/4
f 14882/4/4 14883/4/4 14894/4/4
f 14894/4/4 14883/4/4 14895/4/4
f 14888/4/4 14889/4/4 14896/4/4
f 14896/4/4 14889/4/4 14897/4/4
f 14890/4/4 14891/4/4 14898/4/4
f 14898/4/4 14891/4/4 14899/4/4
f 14900/4/4 14901/4/4 14908/4/4
f 14908/4/4 14901/4/4 14909/4/4
f 14902/4/4 14903/4/4 14910/4/4
f 14910/4/4 14903/4/4 14911/4/4
f 14904/4/4 14905/4/4 14916/4/4
f 14916/4/4 14905/4/4 14917/4/4
f 14906/4/4 14907/4/4 14918/4/4
f 14918/4/4 14907/4/4 14919/4/4
f 14912/1/4 14913/1/4 14924/1/4
f 14924/1/4 14913/1/4 14925/1/4
f 14914/1/4 14915/1/4 14926/1/4
f 14926/1/4 14915/1/4 14927/1/4
f 14920/4/4 14921/4/4 14932/4/4
f 14932/4/4 14921/4/4 14933/4/4
f 14922/4/4 14923/4/4 14934/4/4
f 14934/4/4 14923/4/4 14935/4/4
f 14928/4/4 14929/4/4 14940/4/4
f 14940/4/4 14929/4/4 14941/4/4
f 14930/4/4 14931/4/4 14942/4/4
f 14942/4/4 14931/4/4 14943/4/4
f 14936/4/4 14937/4/4 14944/4/4
f 14944/4/4 14937/4/4 14945/4/4
f 14938/4/4 14939/4/4 14946/4/4
f 14946/4/4 14939/4/4 14947/4/4
f 14948/4/4 14949/4/4 14952/4/4
f 14952/4/4 14949/4/4 14953/4/4
f 14950/4/4 14951/4/4 14954/4/4
f 14954/4/4 14951/4/4 14955/4/4
f 14956/4/4 14957/4/4 14968/4/4
f 14968/4/4 14957/4/4 14969/4/4
f 14958/4/4 14959/4/4 14970/4/4
f 14970/4/4 14959/4/4 14971/4/4
f 14960/4/4 14961/4/4 14972/4/4
f 14972/4/4 14961/4/4 14973/4/4
f 14962/4/4 14963/4/4 14978/4/4
f 14978/4/4 14963/4/4 14979/4/4
f 14964/4/4 14965/4/4 14980/4/4
f 14980/4/4 14965/4/4 14981/4/4
f 14966/4/4 14967/4/4 14982/4/4
f 14982/4/4 14967/4/4 14983/4/4
f 14974/1/4 14975/1/4 14990/1/4
f 14990/1/4 14975/1/4 14991/1/4
f 14976/1/4 14977/1/4 14992/1/4
f 14992/1/4 14977/1/4 14993/1/4
f 14984/4/4 14985/4/4 15000/4/4
f 15000/4/4 14985/4/4 15001/4/4
f 14986/4/4 14987/4/4 15002/4/4
f 15002/4/4 14987/4/4 15003/4/4
f 14988/4/4 14989/4/4 15004/4/4
f 15004/4/4 14989/4/4 15005/4/4
f 14994/4/4 14995/4/4 15006/4/4
f 15006/4/4 14995/4/4 15007/4/4
f 14996/4/4 14997/4/4 15008/4/4
f 15008/4/4 14997/4/4 15009/4/4
f 14998/4/4 14999/4/4 15010/4/4
f 15010/4/4 14999/4/4 15011/4/4
f 15012/4/4 15013/4/4 15020/4/4
f 15020/4/4 15013/4/4 15021/4/4
f 15014/4/4 15015/4/4 15022/4/4
f 15022/4/4 15015/4/4 15023/4/4
f 15016/4/4 15017/4/4 15028/4/4
f 15028/4/4 15017/4/4 15029/4/4
f 15018/4/4 15019/4/4 15030/4/4
f 15030/4/4 15019/4/4 15031/4/4
f 15024/1/4 15025/1/4 15036/1/4
f 15036/1/4 15025/1/4 15037/1/4
f 15026/1/4 15027/1/4 15038/1/4
f 15038/1/4 15027/1/4 15039/1/4
f 15032/4/4 15033/4/4 15044/4/4
f 15044/4/4 15033/4/4 15045/4/4
f 15034/4/4 15035/4/4 15046/4/4
f 15046/4/4 15035/4/4 15047/4/4
f 15040/4/4 15041/4/4 15048/4/4
f 15048/4/4 15041/4/4 15049/4/4
f 15042/4/4 15043/4/4 15050/4/4
f 15050/4/4 15043/4/4 15051/4/4
f 15052/4/4 15053/4/4 15062/4/4
f 15062/4/4 15053/4/4 15063/4/4
f 15054/4/4 15055/4/4 15064/4/4
f 15064/4/4 15055/4/4 15065/4/4
f 15056/10/4 15057/10/4 15068/10/4
f 15068/10/4 15057/10/4 15069/10/4
f 15058/4/4 15059/4/4 15072/4/4
f 15072/4/4 15059/4/4 15073/4/4
f 15060/4/4 15061/4/4 15074/4/4
f 15074/4/4 15061/4/4 15075/4/4
f 15066/1/4 15067/1/4 15080/1/4
f 15080/1/4 15067/1/4 15081/1/4
f 15070/1/4 15071/1/4 15082/1/4
f 15082/1/4 15071/1/4 15083/1/4
f 15076/4/4 15077/4/4 15088/4/4
f 15088/4/4 15077/4/4 15089/4/4
f 15078/4/4 15079/4/4 15090/4/4
f 15090/4/4 15079/4/4 15091/4/4
f 15084/4/4 15085/4/4 15092/4/4
f 15092/4/4 15085/4/4 15093/4/4
f 15086/4/4 15087/4/4 15094/4/4
f 15094/4/4 15087/4/4 15095/4/4
f 15096/10/4 15097/10/4 15098/10/4
f 15098/10/4 15097/10/4 15099/10/4
f 15100/4/4 15101/4/4 15104/4/4
f 15104/4/4 15101/4/4 15105/4/4
f 15102/4/4 15103/4/4 15110/4/4
f 15110/4/4 15103/4/4 15111/4/4
f 15106/1/4 15107/1/4 15114/1/4
f 15114/1/4 15107/1/4 15115/1/4
f 15108/1/4 15109/1/4 15116/1/4
f 15116/1/4 15109/1/4 15117/1/4
f 15112/4/4 15113/4/4 15120/4/4
f 15120/4/4 15113/4/4 15121/4/4
f 15118/4/4 15119/4/4 15122/4/4
f 15122/4/4 15119/4/4 15123/4/4
f 15124/4/4 15125/4/4 15136/4/4
f 15136/4/4 15125/4/4 15137/4/4
f 15126/4/4 15127/4/4 15138/4/4
f 15138/4/4 15127/4/4 15139/4/4
f 15128/4/4 15129/4/4 15140/4/4
f 15140/4/4 15129/4/4 15141/4/4
f 15130/4/4 15131/4/4 15146/4/4
f 15146/4/4 15131/4/4 15147/4/4
f 15132/4/4 15133/4/4 15148/4/4
f 15148/4/4 15133/4/4 15149/4/4
f 15134/4/4 15135/4/4 15150/4/4
f 15150/4/4 15135/4/4 15151/4/4
f 15142/1/4 15143/1/4 15158/1/4
f 15158/1/4 15143/1/4 15159/1/4
f 15144/1/4 15145/1/4 15160/1/4
f 15160/1/4 15145/1/4 15161/1/4
f 15152/4/4 15153/4/4 15168/4/4
f 15168/4/4 15153/4/4 15169/4/4
f 15154/4/4 15155/4/4 15170/4/4
f 15170/4/4 15155/4/4 15171/4/4
f 15156/4/4 15157/4/4 15172/4/4
f 15172/4/4 15157/4/4 15173/4/4
f 15162/4/4 15163/4/4 15174/4/4
f 15174/4/4 15163/4/4 15175/4/4
f 15164/4/4 15165/4/4 15176/4/4
f 15176/4/4 15165/4/4 15177/4/4
f 15166/4/4 15167/4/4 15178/4/4
f 15178/4/4 15167/4/4 15179/4/4
f 15180/4/4 15181/4/4 15190/4/4
f 15190/4/4 15181/4/4 15191/4/4
f 15182/10/4 15183/10/4 15192/10/4
f 15192/10/4 15183/10/4 15193/10/4
f 15184/10/4 15185/10/4 15194/10/4
f 15194/10/4 15185/10/4 15195/10/4
f 15186/10/4 15187/10/4 15196/10/4
f 15196/10/4 15187/10/4 15197/10/4
f 15188/4/4 15189/4/4 15198/4/4
f 15198/4/4 15189/4/4 15199/4/4
f 15200/4/4 15201/4/4 15204/4/4
f 15204/4/4 15201/4/4 15205/4/4
f 15202/4/4 15203/4/4 15206/4/4
f 15206/4/4 15203/4/4 15207/4/4
f 15208/10/4 15209/10/4 15214/10/4
f 15214/10/4 15209/10/4 15215/10/4
f 15210/10/4 15211/10/4 15216/10/4
f 15216/10/4 15211/10/4 15217/10/4
f 15212/10/4 15213/10/4 15218/10/4
f 15218/10/4 15213/10/4 15219/10/4
f 15220/4/4 15221/4/4 15240/4/4
f 15240/4/4 15221/4/4 15241/4/4
f 15222/4/4 15223/4/4 15242/4/4
f 15242/4/4 15223/4/4 15243/4/4
f 15243/4/4 15223/4/4 15244/4/4
f 15224/10/4 15225/10/4 15247/10/4
f 15247/10/4 15225/10/4 15248/10/4
f 15226/10/4 15227/10/4 15249/10/4
f 15249/10/4 15227/10/4 15250/10/4
f 15228/10/4 15229/10/4 15251/10/4
f 15251/10/4 15229/10/4 15252/10/4
f 15230/10/4 15231/10/4 15253/10/4
f 15253/10/4 15231/10/4 15254/10/4
f 15232/10/4 15233/10/4 15255/10/4
f 15255/10/4 15233/10/4 15256/10/4
f 15234/10/4 15235/10/4 15257/10/4
f 15257/10/4 15235/10/4 15258/10/4
f 15236/4/4 15237/4/4 15261/4/4
f 15261/4/4 15237/4/4 15262/4/4
f 15238/4/4 15239/4/4 15263/4/4
f 15263/4/4 15239/4/4 15264/4/4
f 15245/1/4 15246/1/4 15269/1/4
f 15269/1/4 15246/1/4 15270/1/4
f 15259/1/4 15260/1/4 15271/1/4
f 15271/1/4 15260/1/4 15272/1/4
f 15265/4/4 15266/4/4 15277/4/4
f 15277/4/4 15266/4/4 15278/4/4
f 15267/4/4 15268/4/4 15279/4/4
f 15279/4/4 15268/4/4 15280/4/4
f 15273/4/4 15274/4/4 15281/4/4
f 15281/4/4 15274/4/4 15282/4/4
f 15275/4/4 15276/4/4 15283/4/4
f 15283/4/4 15276/4/4 15284/4/4
f 15252/10/4 15253/10/4 15285/10/4
f 15285/10/4 15253/10/4 15286/10/4
f 15287/10/4 15288/10/4 15294/10/4
f 15294/10/4 15288/10/4 15295/10/4
f 15289/10/4 15290/10/4 15301/10/4
f 15301/10/4 15290/10/4 15302/10/4
f 15291/10/4 15292/10/4 15303/10/4
f 15303/10/4 15292/10/4 15304/10/4
f 15293/10/4 15294/10/4 15305/10/4
f 15305/10/4 15294/10/4 15306/10/4
f 15295/10/4 15296/10/4 15307/10/4
f 15307/10/4 15296/10/4 15308/10/4
f 15297/10/4 15298/10/4 15309/10/4
f 15309/10/4 15298/10/4 15310/10/4
f 15299/10/4 15300/10/4 15311/10/4
f 15311/10/4 15300/10/4 15312/10/4
f 15313/4/4 15314/4/4 15325/4/4
f 15325/4/4 15314/4/4 15326/4/4
f 15315/10/4 15316/10/4 15327/10/4
f 15327/10/4 15316/10/4 15328/10/4
f 15317/10/4 15318/10/4 15329/10/4
f 15329/10/4 15318/10/4 15330/10/4
f 15319/10/4 15320/10/4 15333/10/4
f 15333/10/4 15320/10/4 15334/10/4
f 15321/10/4 15322/10/4 15335/10/4
f 15335/10/4 15322/10/4 15336/10/4
f 15323/4/4 15324/4/4 15337/4/4
f 15337/4/4 15324/4/4 15338/4/4
f 15339/4/4 15340/4/4 15347/4/4
f 15347/4/4 15340/4/4 15348/4/4
f 15341/3/4 15342/3/4 15349/3/4
f 15349/3/4 15342/3/4 15350/3/4
f 15343/3/4 15344/3/4 15351/3/4
f 15351/3/4 15344/3/4 15352/3/4
f 15345/4/4 15346/4/4 15353/4/4
f 15353/4/4 15346/4/4 15354/4/4
f 15330/10/4 15331/10/4 15355/10/4
f 15355/10/4 15331/10/4 15356/10/4
f 15332/10/4 15333/10/4 15357/10/4
f 15357/10/4 15333/10/4 15358/10/4
f 15356/4/4 15357/4/4 15361/4/4
f 15361/4/4 15357/4/4 15362/4/4
f 15359/3/4 15360/3/4 15365/3/4
f 15365/3/4 15360/3/4 15366/3/4
f 15356/4/4 15361/4/4 15367/4/4
f 15362/4/4 15357/4/4 15368/4/4
f 15363/3/4 15364/3/4 15369/3/4
f 15369/3/4 15364/3/4 15370/3/4
f 15356/4/4 15367/4/4 15373/4/4
f 15367/4/4 15368/4/4 15373/4/4
f 15368/4/4 15357/4/4 15374/4/4
f 15373/4/4 15368/4/4 15374/4/4
f 15371/3/4 15372/3/4 15377/3/4
f 15377/3/4 15372/3/4 15378/3/4
f 15356/4/4 15373/4/4 15379/4/4
f 15374/4/4 15357/4/4 15380/4/4
f 15375/3/4 15376/3/4 15381/3/4
f 15381/3/4 15376/3/4 15382/3/4
f 15379/4/4 15380/4/4 15384/4/4
f 15356/4/4 15379/4/4 15384/4/4
f 15380/4/4 15357/4/4 15385/4/4
f 15384/4/4 15380/4/4 15385/4/4
f 15387/3/4 15388/3/4 15391/3/4
f 15391/3/4 15388/3/4 15392/3/4
f 15389/3/4 15390/3/4 15393/3/4
f 15393/3/4 15390/3/4 15394/3/4
f 15383/10/4 15384/10/4 15398/10/4
f 15398/10/4 15384/10/4 15399/10/4
f 15385/10/4 15386/10/4 15400/10/4
f 15400/10/4 15386/10/4 15401/10/4
f 15395/10/4 15396/10/4 15405/10/4
f 15405/10/4 15396/10/4 15406/10/4
f 15397/10/4 15398/10/4 15407/10/4
f 15407/10/4 15398/10/4 15408/10/4
f 15401/10/4 15402/10/4 15409/10/4
f 15409/10/4 15402/10/4 15410/10/4
f 15403/10/4 15404/10/4 15411/10/4
f 15411/10/4 15404/10/4 15412/10/4
f 15413/10/4 15414/10/4 15421/10/4
f 15421/10/4 15414/10/4 15422/10/4
f 15415/10/4 15416/10/4 15425/10/4
f 15425/10/4 15416/10/4 15426/10/4
f 15417/4/4 15418/4/4 15429/4/4
f 15429/4/4 15418/4/4 15430/4/4
f 15419/1/4 15420/1/4 15433/1/4
f 15433/1/4 15420/1/4 15434/1/4
f 15427/1/4 15428/1/4 15435/1/4
f 15435/1/4 15428/1/4 15436/1/4
f 15431/4/4 15432/4/4 15439/4/4
f 15439/4/4 15432/4/4 15440/4/4
f 15437/4/4 15438/4/4 15443/4/4
f 15443/4/4 15438/4/4 15444/4/4
f 15440/4/4 15441/4/4 15445/4/4
f 15439/4/4 15440/4/4 15445/4/4
f 15445/4/4 15441/4/4 15446/4/4
f 15422/10/4 15423/10/4 15447/10/4
f 15447/10/4 15423/10/4 15448/10/4
f 15424/10/4 15425/10/4 15451/10/4
f 15451/10/4 15425/10/4 15452/10/4
f 15443/4/4 15444/4/4 15453/4/4
f 15442/4/4 15443/4/4 15453/4/4
f 15453/4/4 15444/4/4 15454/4/4
f 15439/4/4 15445/4/4 15455/4/4
f 15448/4/4 15449/4/4 15458/4/4
f 15458/4/4 15449/4/4 15459/4/4
f 15450/4/4 15451/4/4 15460/4/4
f 15460/4/4 15451/4/4 15461/4/4
f 15454/4/4 15444/4/4 15464/4/4
f 15455/4/4 15456/4/4 15465/4/4
f 15439/4/4 15455/4/4 15465/4/4
f 15465/4/4 15456/4/4 15466/4/4
f 15463/4/4 15464/4/4 15467/4/4
f 15464/4/4 15444/4/4 15468/4/4
f 15467/4/4 15464/4/4 15468/4/4
f 15457/10/4 15458/10/4 15470/10/4
f 15470/10/4 15458/10/4 15471/10/4
f 15461/10/4 15462/10/4 15472/10/4
f 15472/10/4 15462/10/4 15473/10/4
f 15469/10/4 15470/10/4 15475/10/4
f 15475/10/4 15470/10/4 15476/10/4
f 15473/10/4 15474/10/4 15477/10/4
f 15477/10/4 15474/10/4 15478/10/4
f 15479/4/4 15480/4/4 15487/4/4
f 15487/4/4 15480/4/4 15488/4/4
f 15481/10/4 15482/10/4 15489/10/4
f 15489/10/4 15482/10/4 15490/10/4
f 15483/10/4 15484/10/4 15493/10/4
f 15493/10/4 15484/10/4 15494/10/4
f 15485/4/4 15486/4/4 15495/4/4
f 15495/4/4 15486/4/4 15496/4/4
f 15497/4/4 15498/4/4 15501/4/4
f 15501/4/4 15498/4/4 15502/4/4
f 15499/4/4 15500/4/4 15507/4/4
f 15507/4/4 15500/4/4 15508/4/4
f 15503/4/4 15504/4/4 15509/4/4
f 15509/4/4 15504/4/4 15510/4/4
f 15490/10/4 15491/10/4 15511/10/4
f 15511/10/4 15491/10/4 15512/10/4
f 15492/10/4 15493/10/4 15515/10/4
f 15515/10/4 15493/10/4 15516/10/4
f 15505/4/4 15506/4/4 15517/4/4
f 15517/4/4 15506/4/4 15518/4/4
f 15512/4/4 15513/4/4 15522/4/4
f 15522/4/4 15513/4/4 15523/4/4
f 15514/4/4 15515/4/4 15524/4/4
f 15524/4/4 15515/4/4 15525/4/4
f 15519/4/4 15520/4/4 15529/4/4
f 15529/4/4 15520/4/4 15530/4/4
f 15527/4/4 15528/4/4 15531/4/4
f 15531/4/4 15528/4/4 15532/4/4
f 15521/10/4 15522/10/4 15534/10/4
f 15534/10/4 15522/10/4 15535/10/4
f 15525/10/4 15526/10/4 15536/10/4
f 15536/10/4 15526/10/4 15537/10/4
f 15533/10/4 15534/10/4 15539/10/4
f 15539/10/4 15534/10/4 15540/10/4
f 15537/10/4 15538/10/4 15541/10/4
f 15541/10/4 15538/10/4 15542/10/4
f 15543/10/4 15544/10/4 15547/10/4
f 15547/10/4 15544/10/4 15548/10/4
f 15545/10/4 15546/10/4 15551/10/4
f 15551/10/4 15546/10/4 15552/10/4
f 15553/4/4 15554/4/4 15557/4/4
f 15557/4/4 15554/4/4 15558/4/4
f 15548/10/4 15549/10/4 15559/10/4
f 15559/10/4 15549/10/4 15560/10/4
f 15550/10/4 15551/10/4 15563/10/4
f 15563/10/4 15551/10/4 15564/10/4
f 15555/4/4 15556/4/4 15565/4/4
f 15565/4/4 15556/4/4 15566/4/4
f 15560/4/4 15561/4/4 15567/4/4
f 15562/4/4 15563/4/4 15568/4/4
f 15560/4/4 15567/4/4 15569/4/4
f 15568/4/4 15563/4/4 15570/4/4
f 15560/4/4 15569/4/4 15571/4/4
f 15570/4/4 15563/4/4 15572/4/4
f 15560/4/4 15571/4/4 15573/4/4
f 15572/4/4 15563/4/4 15574/4/4
f 15560/4/4 15573/4/4 15578/4/4
f 15578/4/4 15573/4/4 15579/4/4
f 15574/4/4 15563/4/4 15580/4/4
f 15580/4/4 15563/4/4 15581/4/4
f 15575/4/4 15576/4/4 15585/4/4
f 15585/4/4 15576/4/4 15586/4/4
f 15583/4/4 15584/4/4 15587/4/4
f 15587/4/4 15584/4/4 15588/4/4
f 15577/10/4 15578/10/4 15590/10/4
f 15590/10/4 15578/10/4 15591/10/4
f 15581/10/4 15582/10/4 15592/10/4
f 15592/10/4 15582/10/4 15593/10/4
f 15589/10/4 15590/10/4 15595/10/4
f 15595/10/4 15590/10/4 15596/10/4
f 15593/10/4 15594/10/4 15597/10/4
f 15597/10/4 15594/10/4 15598/10/4
f 15599/10/4 15600/10/4 15603/10/4
f 15603/10/4 15600/10/4 15604/10/4
f 15601/10/4 15602/10/4 15607/10/4
f 15607/10/4 15602/10/4 15608/10/4
f 15609/4/4 15610/4/4 15613/4/4
f 15613/4/4 15610/4/4 15614/4/4
f 15604/10/4 15605/10/4 15615/10/4
f 15615/10/4 15605/10/4 15616/10/4
f 15606/10/4 15607/10/4 15619/10/4
f 15619/10/4 15607/10/4 15620/10/4
f 15611/4/4 15612/4/4 15621/4/4
f 15621/4/4 15612/4/4 15622/4/4
f 15623/4/4 15624/4/4 15627/4/4
f 15627/4/4 15624/4/4 15628/4/4
f 15625/4/4 15626/4/4 15629/4/4
f 15629/4/4 15626/4/4 15630/4/4
f 15631/4/4 15632/4/4 15635/4/4
f 15635/4/4 15632/4/4 15636/4/4
f 15633/4/4 15634/4/4 15637/4/4
f 15637/4/4 15634/4/4 15638/4/4
f 15616/4/4 15617/4/4 15642/4/4
f 15642/4/4 15617/4/4 15643/4/4
f 15618/4/4 15619/4/4 15644/4/4
f 15644/4/4 15619/4/4 15645/4/4
f 15639/4/4 15640/4/4 15649/4/4
f 15649/4/4 15640/4/4 15650/4/4
f 15647/4/4 15648/4/4 15651/4/4
f 15651/4/4 15648/4/4 15652/4/4
f 15641/10/4 15642/10/4 15654/10/4
f 15654/10/4 15642/10/4 15655/10/4
f 15645/10/4 15646/10/4 15656/10/4
f 15656/10/4 15646/10/4 15657/10/4
f 15653/10/4 15654/10/4 15659/10/4
f 15659/10/4 15654/10/4 15660/10/4
f 15657/10/4 15658/10/4 15661/10/4
f 15661/10/4 15658/10/4 15662/10/4
f 15663/4/4 15664/4/4 15667/4/4
f 15667/4/4 15664/4/4 15668/4/4
f 15665/4/4 15666/4/4 15673/4/4
f 15673/4/4 15666/4/4 15674/4/4
f 15669/1/4 15670/1/4 15677/1/4
f 15677/1/4 15670/1/4 15678/1/4
f 15671/1/4 15672/1/4 15679/1/4
f 15679/1/4 15672/1/4 15680/1/4
f 15675/4/4 15676/4/4 15683/4/4
f 15683/4/4 15676/4/4 15684/4/4
f 15681/4/4 15682/4/4 15685/4/4
f 15685/4/4 15682/4/4 15686/4/4
f 15687/4/4 15688/4/4 15691/4/4
f 15691/4/4 15688/4/4 15692/4/4
f 15689/4/4 15690/4/4 15693/4/4
f 15693/4/4 15690/4/4 15694/4/4
f 15695/4/4 15696/4/4 15699/4/4
f 15699/4/4 15696/4/4 15700/4/4
f 15697/4/4 15698/4/4 15701/4/4
f 15701/4/4 15698/4/4 15702/4/4
f 15703/10/4 15704/10/4 15707/10/4
f 15707/10/4 15704/10/4 15708/10/4
f 15705/10/4 15706/10/4 15711/10/4
f 15711/10/4 15706/10/4 15712/10/4
f 15708/10/4 15709/10/4 15713/10/4
f 15713/10/4 15709/10/4 15714/10/4
f 15710/10/4 15711/10/4 15717/10/4
f 15717/10/4 15711/10/4 15718/10/4
f 15719/4/4 15720/4/4 15723/4/4
f 15723/4/4 15720/4/4 15724/4/4
f 15721/4/4 15722/4/4 15725/4/4
f 15725/4/4 15722/4/4 15726/4/4
f 15727/4/4 15728/4/4 15731/4/4
f 15731/4/4 15728/4/4 15732/4/4
f 15729/4/4 15730/4/4 15733/4/4
f 15733/4/4 15730/4/4 15734/4/4
f 15714/4/4 15715/4/4 15736/4/4
f 15736/4/4 15715/4/4 15737/4/4
f 15716/4/4 15717/4/4 15738/4/4
f 15738/4/4 15717/4/4 15739/4/4
f 15735/10/4 15736/10/4 15742/10/4
f 15742/10/4 15736/10/4 15743/10/4
f 15739/10/4 15740/10/4 15744/10/4
f 15744/10/4 15740/10/4 15745/10/4
f 15741/10/4 15742/10/4 15747/10/4
f 15747/10/4 15742/10/4 15748/10/4
f 15745/10/4 15746/10/4 15749/10/4
f 15749/10/4 15746/10/4 15750/10/4
f 15751/3/4 15752/3/4 15753/3/4
f 15753/3/4 15752/3/4 15754/3/4
f 15755/4/4 15756/4/4 15759/4/4
f 15759/4/4 15756/4/4 15760/4/4
f 15757/4/4 15758/4/4 15761/4/4
f 15761/4/4 15758/4/4 15762/4/4
f 15763/4/4 15764/4/4 15767/4/4
f 15767/4/4 15764/4/4 15768/4/4
f 15765/4/4 15766/4/4 15769/4/4
f 15769/4/4 15766/4/4 15770/4/4
f 15771/3/4 15772/3/4 15775/3/4
f 15775/3/4 15772/3/4 15776/3/4
f 15773/3/4 15774/3/4 15777/3/4
f 15777/3/4 15774/3/4 15778/3/4
f 15779/10/4 15780/10/4 15783/10/4
f 15783/10/4 15780/10/4 15784/10/4
f 15781/10/4 15782/10/4 15785/10/4
f 15785/10/4 15782/10/4 15786/10/4
f 15787/3/4 15788/3/4 15791/3/4
f 15791/3/4 15788/3/4 15792/3/4
f 15789/3/4 15790/3/4 15793/3/4
f 15793/3/4 15790/3/4 15794/3/4
f 15795/3/4 15796/3/4 15799/3/4
f 15799/3/4 15796/3/4 15800/3/4
f 15797/3/4 15798/3/4 15801/3/4
f 15801/3/4 15798/3/4 15802/3/4
f 15803/10/4 15804/10/4 15807/10/4
f 15807/10/4 15804/10/4 15808/10/4
f 15805/10/4 15806/10/4 15809/10/4
f 15809/10/4 15806/10/4 15810/10/4
f 15811/3/4 15812/3/4 15815/3/4
f 15815/3/4 15812/3/4 15816/3/4
f 15813/3/4 15814/3/4 15817/3/4
f 15817/3/4 15814/3/4 15818/3/4
f 15819/3/4 15820/3/4 15823/3/4
f 15823/3/4 15820/3/4 15824/3/4
f 15821/3/4 15822/3/4 15825/3/4
f 15825/3/4 15822/3/4 15826/3/4
f 15827/3/4 15828/3/4 15831/3/4
f 15831/3/4 15828/3/4 15832/3/4
f 15829/3/4 15830/3/4 15833/3/4
f 15833/3/4 15830/3/4 15834/3/4
f 15835/3/4 15836/3/4 15837/3/4
f 15837/3/4 15836/3/4 15838/3/4
f 15839/10/4 15840/10/4 15843/10/4
f 15843/10/4 15840/10/4 15844/10/4
f 15841/10/4 15842/10/4 15845/10/4
f 15845/10/4 15842/10/4 15846/10/4
f 15847/4/4 15848/4/4 15851/4/4
f 15851/4/4 15848/4/4 15852/4/4
f 15849/4/4 15850/4/4 15853/4/4
f 15853/4/4 15850/4/4 15854/4/4
f 15855/4/4 15856/4/4 15859/4/4
f 15859/4/4 15856/4/4 15860/4/4
f 15857/4/4 15858/4/4 15861/4/4
f 15861/4/4 15858/4/4 15862/4/4
f 15863/4/4 15864/4/4 15867/4/4
f 15867/4/4 15864/4/4 15868/4/4
f 15865/4/4 15866/4/4 15869/4/4
f 15869/4/4 15866/4/4 15870/4/4
f 15871/4/4 15872/4/4 15875/4/4
f 15875/4/4 15872/4/4 15876/4/4
f 15873/4/4 15874/4/4 15877/4/4
f 15877/4/4 15874/4/4 15878/4/4
f 15879/3/4 15880/3/4 15883/3/4
f 15883/3/4 15880/3/4 15884/3/4
f 15881/3/4 15882/3/4 15885/3/4
f 15885/3/4 15882/3/4 15886/3/4
f 15887/3/4 15888/3/4 15891/3/4
f 15891/3/4 15888/3/4 15892/3/4
f 15889/3/4 15890/3/4 15893/3/4
f 15893/3/4 15890/3/4 15894/3/4
f 15895/10/4 15896/10/4 15897/10/4
f 15897/10/4 15896/10/4 15898/10/4
f 15895/10/4 15897/10/4 15900/10/4
f 15900/10/4 15897/10/4 15901/10/4
f 15898/10/4 15896/10/4 15902/10/4
f 15902/10/4 15896/10/4 15903/10/4
f 15905/3/4 15906/3/4 15909/3/4
f 15909/3/4 15906/3/4 15910/3/4
f 15907/3/4 15908/3/4 15911/3/4
f 15911/3/4 15908/3/4 15912/3/4
f 15899/10/4 15900/10/4 15914/10/4
f 15914/10/4 15900/10/4 15915/10/4
f 15903/10/4 15904/10/4 15916/10/4
f 15916/10/4 15904/10/4 15917/10/4
f 15919/3/4 15920/3/4 15923/3/4
f 15923/3/4 15920/3/4 15924/3/4
f 15921/3/4 15922/3/4 15925/3/4
f 15925/3/4 15922/3/4 15926/3/4
f 15913/4/4 15914/4/4 15927/4/4
f 15927/4/4 15914/4/4 15928/4/4
f 15917/4/4 15918/4/4 15931/4/4
f 15931/4/4 15918/4/4 15932/4/4
f 15933/3/4 15934/3/4 15937/3/4
f 15937/3/4 15934/3/4 15938/3/4
f 15935/3/4 15936/3/4 15939/3/4
f 15939/3/4 15936/3/4 15940/3/4
f 15928/10/4 15929/10/4 15941/10/4
f 15941/10/4 15929/10/4 15942/10/4
f 15930/10/4 15931/10/4 15943/10/4
f 15943/10/4 15931/10/4 15944/10/4
f 15941/3/4 15942/3/4 15945/3/4
f 15945/3/4 15942/3/4 15946/3/4
f 15943/3/4 15944/3/4 15947/3/4
f 15947/3/4 15944/3/4 15948/3/4
f 15949/3/4 15950/3/4 15954/3/4
f 15954/3/4 15950/3/4 15955/3/4
f 15951/3/4 15952/3/4 15956/3/4
f 15956/3/4 15952/3/4 15957/3/4
f 15953/3/4 15954/3/4 15959/3/4
f 15959/3/4 15954/3/4 15960/3/4
f 15957/3/4 15958/3/4 15961/3/4
f 15961/3/4 15958/3/4 15962/3/4
f 15963/10/4 15964/10/4 15966/10/4
f 15966/10/4 15964/10/4 15967/10/4
f 15965/10/4 15966/10/4 15974/10/4
f 15966/10/4 15967/10/4 15974/10/4
f 15967/10/4 15968/10/4 15974/10/4
f 15974/10/4 15968/10/4 15975/10/4
f 15973/4/4 15974/4/4 15977/4/4
f 15975/4/4 15976/4/4 15978/4/4
f 15969/3/4 15970/3/4 15979/3/4
f 15979/3/4 15970/3/4 15980/3/4
f 15977/4/4 15974/4/4 15981/4/4
f 15975/4/4 15978/4/4 15982/4/4
f 15971/3/4 15972/3/4 15983/3/4
f 15983/3/4 15972/3/4 15984/3/4
f 15981/4/4 15974/4/4 15987/4/4
f 15975/4/4 15982/4/4 15988/4/4
f 15987/4/4 15974/4/4 15991/4/4
f 15975/4/4 15988/4/4 15992/4/4
f 15991/4/4 15974/4/4 15993/4/4
f 15993/4/4 15974/4/4 15994/4/4
f 15975/4/4 15992/4/4 15995/4/4
f 15995/4/4 15992/4/4 15996/4/4
f 15985/3/4 15986/3/4 15997/3/4
f 15997/3/4 15986/3/4 15998/3/4
f 15989/3/4 15990/3/4 15999/3/4
f 15999/3/4 15990/3/4 16000/3/4
f 15994/10/4 15995/10/4 16001/10/4
f 16001/10/4 15995/10/4 16002/10/4
f 16002/10/4 15995/10/4 16003/10/4
f 16003/10/4 15995/10/4 16004/10/4
f 16001/3/4 16002/3/4 16006/3/4
f 16003/3/4 16004/3/4 16007/3/4
f 16005/3/4 16006/3/4 16009/3/4
f 16006/3/4 16002/3/4 16009/3/4
f 16009/3/4 16002/3/4 16010/3/4
f 16007/3/4 16008/3/4 16011/3/4
f 16003/3/4 16007/3/4 16011/3/4
f 16011/3/4 16008/3/4 16012/3/4
f 16005/3/4 16009/3/4 16014/3/4
f 16014/3/4 16009/3/4 16015/3/4
f 16012/3/4 16008/3/4 16016/3/4
f 16016/3/4 16008/3/4 16017/3/4
f 16013/3/4 16014/3/4 16019/3/4
f 16019/3/4 16014/3/4 16020/3/4
f 16017/3/4 16018/3/4 16021/3/4
f 16021/3/4 16018/3/4 16022/3/4
f 16023/4/4 16024/4/4 16027/4/4
f 16027/4/4 16024/4/4 16028/4/4
f 16025/4/4 16026/4/4 16031/4/4
f 16031/4/4 16026/4/4 16032/4/4
f 16023/4/4 16027/4/4 16033/4/4
f 16028/4/4 16024/4/4 16034/4/4
f 16029/4/4 16030/4/4 16035/4/4
f 16035/4/4 16030/4/4 16036/4/4
f 16033/4/4 16034/4/4 16039/4/4
f 16023/4/4 16033/4/4 16039/4/4
f 16034/4/4 16024/4/4 16040/4/4
f 16039/4/4 16034/4/4 16040/4/4
f 16037/4/4 16038/4/4 16043/4/4
f 16043/4/4 16038/4/4 16044/4/4
f 16023/4/4 16039/4/4 16045/4/4
f 16040/4/4 16024/4/4 16046/4/4
f 16041/4/4 16042/4/4 16047/4/4
f 16047/4/4 16042/4/4 16048/4/4
f 16045/4/4 16046/4/4 16049/4/4
f 16023/4/4 16045/4/4 16049/4/4
f 16046/4/4 16024/4/4 16050/4/4
f 16049/4/4 16046/4/4 16050/4/4
f 16051/3/4 16052/3/4 16054/3/4
f 16054/3/4 16052/3/4 16055/3/4
f 16053/3/4 16054/3/4 16057/3/4
f 16055/3/4 16056/3/4 16057/3/4
f 16054/3/4 16055/3/4 16057/3/4
f 16057/3/4 16056/3/4 16058/3/4
f 16053/3/4 16057/3/4 16060/3/4
f 16060/3/4 16057/3/4 16061/3/4
f 16058/3/4 16056/3/4 16062/3/4
f 16062/3/4 16056/3/4 16063/3/4
f 16059/3/4 16060/3/4 16066/3/4
f 16063/3/4 16064/3/4 16067/3/4
f 16065/3/4 16066/3/4 16069/3/4
f 16066/3/4 16060/3/4 16070/3/4
f 16069/3/4 16066/3/4 16070/3/4
f 16067/3/4 16068/3/4 16071/3/4
f 16063/3/4 16067/3/4 16071/3/4
f 16071/3/4 16068/3/4 16072/3/4
f 16073/10/4 16074/10/4 16078/10/4
f 16078/10/4 16074/10/4 16079/10/4
f 16075/10/4 16076/10/4 16080/10/4
f 16080/10/4 16076/10/4 16081/10/4
f 16083/4/4 16084/4/4 16087/4/4
f 16087/4/4 16084/4/4 16088/4/4
f 16085/4/4 16086/4/4 16089/4/4
f 16089/4/4 16086/4/4 16090/4/4
f 16091/4/4 16092/4/4 16095/4/4
f 16095/4/4 16092/4/4 16096/4/4
f 16093/4/4 16094/4/4 16097/4/4
f 16097/4/4 16094/4/4 16098/4/4
f 16077/10/4 16078/10/4 16099/10/4
f 16099/10/4 16078/10/4 16100/10/4
f 16081/10/4 16082/10/4 16103/10/4
f 16103/10/4 16082/10/4 16104/10/4
f 16100/10/4 16101/10/4 16105/10/4
f 16105/10/4 16101/10/4 16106/10/4
f 16102/10/4 16103/10/4 16107/10/4
f 16107/10/4 16103/10/4 16108/10/4
f 16109/3/4 16110/3/4 16112/3/4
f 16112/3/4 16110/3/4 16113/3/4
f 16111/3/4 16112/3/4 16115/3/4
f 16113/3/4 16114/3/4 16115/3/4
f 16112/3/4 16113/3/4 16115/3/4
f 16115/3/4 16114/3/4 16116/3/4
f 16117/4/4 16118/4/4 16121/4/4
f 16121/4/4 16118/4/4 16122/4/4
f 16119/4/4 16120/4/4 16123/4/4
f 16123/4/4 16120/4/4 16124/4/4
f 16125/4/4 16126/4/4 16129/4/4
f 16129/4/4 16126/4/4 16130/4/4
f 16127/4/4 16128/4/4 16131/4/4
f 16131/4/4 16128/4/4 16132/4/4
f 16133/4/4 16134/4/4 16137/4/4
f 16137/4/4 16134/4/4 16138/4/4
f 16135/4/4 16136/4/4 16139/4/4
f 16139/4/4 16136/4/4 16140/4/4
f 16141/4/4 16142/4/4 16145/4/4
f 16145/4/4 16142/4/4 16146/4/4
f 16143/4/4 16144/4/4 16147/4/4
f 16147/4/4 16144/4/4 16148/4/4
f 16149/10/4 16150/10/4 16154/10/4
f 16154/10/4 16150/10/4 16155/10/4
f 16151/10/4 16152/10/4 16156/10/4
f 16156/10/4 16152/10/4 16157/10/4
f 16153/10/4 16154/10/4 16160/10/4
f 16157/10/4 16158/10/4 16161/10/4
f 16159/4/4 16160/4/4 16163/4/4
f 16160/10/4 16154/10/4 16164/10/4
f 16163/4/4 16160/4/4 16164/4/4
f 16161/4/4 16162/4/4 16165/4/4
f 16157/10/4 16161/10/4 16165/10/4
f 16165/4/4 16162/4/4 16166/4/4
f 16167/4/4 16168/4/4 16171/4/4
f 16171/4/4 16168/4/4 16172/4/4
f 16169/4/4 16170/4/4 16173/4/4
f 16173/4/4 16170/4/4 16174/4/4
f 16175/4/4 16176/4/4 16179/4/4
f 16179/4/4 16176/4/4 16180/4/4
f 16177/4/4 16178/4/4 16181/4/4
f 16181/4/4 16178/4/4 16182/4/4
f 16164/10/4 16154/10/4 16184/10/4
f 16157/10/4 16165/10/4 16185/10/4
f 16183/4/4 16184/4/4 16187/4/4
f 16184/10/4 16154/10/4 16188/10/4
f 16187/4/4 16184/4/4 16188/4/4
f 16185/4/4 16186/4/4 16189/4/4
f 16157/10/4 16185/10/4 16189/10/4
f 16189/4/4 16186/4/4 16190/4/4
f 16188/10/4 16154/10/4 16191/10/4
f 16191/10/4 16154/10/4 16192/10/4
f 16157/10/4 16189/10/4 16195/10/4
f 16195/10/4 16189/10/4 16196/10/4
f 16192/10/4 16193/10/4 16197/10/4
f 16197/10/4 16193/10/4 16198/10/4
f 16194/10/4 16195/10/4 16199/10/4
f 16199/10/4 16195/10/4 16200/10/4
f 16201/4/4 16202/4/4 16211/4/4
f 16211/4/4 16202/4/4 16212/4/4
f 16203/10/4 16204/10/4 16213/10/4
f 16213/10/4 16204/10/4 16214/10/4
f 16205/10/4 16206/10/4 16215/10/4
f 16215/10/4 16206/10/4 16216/10/4
f 16207/4/4 16208/4/4 16217/4/4
f 16217/4/4 16208/4/4 16218/4/4
f 16209/1/4 16210/1/4 16221/1/4
f 16221/1/4 16210/1/4 16222/1/4
f 16219/1/4 16220/1/4 16227/1/4
f 16227/1/4 16220/1/4 16228/1/4
f 16223/4/4 16224/4/4 16229/4/4
f 16229/4/4 16224/4/4 16230/4/4
f 16225/4/4 16226/4/4 16235/4/4
f 16235/4/4 16226/4/4 16236/4/4
f 16231/4/4 16232/4/4 16237/4/4
f 16237/4/4 16232/4/4 16238/4/4
f 16233/4/4 16234/4/4 16239/4/4
f 16239/4/4 16234/4/4 16240/4/4
f 16241/4/4 16242/4/4 16245/4/4
f 16245/4/4 16242/4/4 16246/4/4
f 16243/4/4 16244/4/4 16247/4/4
f 16247/4/4 16244/4/4 16248/4/4
f 16249/10/4 16250/10/4 16253/10/4
f 16253/10/4 16250/10/4 16254/10/4
f 16251/10/4 16252/10/4 16255/10/4
f 16255/10/4 16252/10/4 16256/10/4
f 16257/10/4 16258/10/4 16270/10/4
f 16270/10/4 16258/10/4 16271/10/4
f 16259/10/4 16260/10/4 16272/10/4
f 16272/10/4 16260/10/4 16273/10/4
f 16261/10/4 16262/10/4 16274/10/4
f 16274/10/4 16262/10/4 16275/10/4
f 16263/10/4 16264/10/4 16276/10/4
f 16276/10/4 16264/10/4 16277/10/4
f 16265/10/4 16266/10/4 16278/10/4
f 16278/10/4 16266/10/4 16279/10/4
f 16267/10/4 16268/10/4 16280/10/4
f 16280/10/4 16268/10/4 16281/10/4
f 16283/4/4 16284/4/4 16287/4/4
f 16287/4/4 16284/4/4 16288/4/4
f 16285/4/4 16286/4/4 16289/4/4
f 16289/4/4 16286/4/4 16290/4/4
f 16291/4/4 16292/4/4 16295/4/4
f 16295/4/4 16292/4/4 16296/4/4
f 16293/4/4 16294/4/4 16297/4/4
f 16297/4/4 16294/4/4 16298/4/4
f 16269/10/4 16270/10/4 16299/10/4
f 16299/10/4 16270/10/4 16300/10/4
f 16281/10/4 16282/10/4 16311/10/4
f 16311/10/4 16282/10/4 16312/10/4
f 16300/10/4 16301/10/4 16313/10/4
f 16313/10/4 16301/10/4 16314/10/4
f 16302/10/4 16303/10/4 16315/10/4
f 16315/10/4 16303/10/4 16316/10/4
f 16304/10/4 16305/10/4 16317/10/4
f 16317/10/4 16305/10/4 16318/10/4
f 16306/10/4 16307/10/4 16319/10/4
f 16319/10/4 16307/10/4 16320/10/4
f 16308/10/4 16309/10/4 16321/10/4
f 16321/10/4 16309/10/4 16322/10/4
f 16310/10/4 16311/10/4 16323/10/4
f 16323/10/4 16311/10/4 16324/10/4
f 16325/4/4 16326/4/4 16333/4/4
f 16333/4/4 16326/4/4 16334/4/4
f 16327/10/4 16328/10/4 16335/10/4
f 16335/10/4 16328/10/4 16336/10/4
f 16329/10/4 16330/10/4 16337/10/4
f 16337/10/4 16330/10/4 16338/10/4
f 16331/4/4 16332/4/4 16339/4/4
f 16339/4/4 16332/4/4 16340/4/4
f 16341/4/4 16342/4/4 16345/4/4
f 16345/4/4 16342/4/4 16346/4/4
f 16343/4/4 16344/4/4 16353/4/4
f 16353/4/4 16344/4/4 16354/4/4
f 16347/4/4 16348/4/4 16355/4/4
f 16348/4/4 16349/4/4 16355/4/4
f 16355/4/4 16349/4/4 16356/4/4
f 16351/4/4 16352/4/4 16357/4/4
f 16350/4/4 16351/4/4 16357/4/4
f 16357/4/4 16352/4/4 16358/4/4
f 16347/4/4 16355/4/4 16359/4/4
f 16358/4/4 16352/4/4 16362/4/4
f 16359/4/4 16360/4/4 16363/4/4
f 16347/4/4 16359/4/4 16363/4/4
f 16363/4/4 16360/4/4 16364/4/4
f 16361/4/4 16362/4/4 16365/4/4
f 16362/4/4 16352/4/4 16366/4/4
f 16365/4/4 16362/4/4 16366/4/4
f 16367/10/4 16368/10/4 16371/10/4
f 16371/10/4 16368/10/4 16372/10/4
f 16369/10/4 16370/10/4 16373/10/4
f 16373/10/4 16370/10/4 16374/10/4
f 16375/4/4 16376/4/4 16383/4/4
f 16383/4/4 16376/4/4 16384/4/4
f 16377/10/4 16378/10/4 16386/10/4
f 16386/10/4 16378/10/4 16387/10/4
f 16379/10/4 16380/10/4 16388/10/4
f 16388/10/4 16380/10/4 16389/10/4
f 16381/4/4 16382/4/4 16391/4/4
f 16391/4/4 16382/4/4 16392/4/4
f 16385/10/4 16386/10/4 16396/10/4
f 16396/10/4 16386/10/4 16397/10/4
f 16389/10/4 16390/10/4 16398/10/4
f 16398/10/4 16390/10/4 16399/10/4
f 16393/4/4 16394/4/4 16403/4/4
f 16403/4/4 16394/4/4 16404/4/4
f 16395/3/4 16396/3/4 16405/3/4
f 16405/3/4 16396/3/4 16406/3/4
f 16399/3/4 16400/3/4 16409/3/4
f 16409/3/4 16400/3/4 16410/3/4
f 16401/4/4 16402/4/4 16411/4/4
f 16411/4/4 16402/4/4 16412/4/4
f 16406/10/4 16407/10/4 16414/10/4
f 16414/10/4 16407/10/4 16415/10/4
f 16408/10/4 16409/10/4 16416/10/4
f 16416/10/4 16409/10/4 16417/10/4
f 16413/3/4 16414/3/4 16419/3/4
f 16419/3/4 16414/3/4 16420/3/4
f 16417/3/4 16418/3/4 16423/3/4
f 16423/3/4 16418/3/4 16424/3/4
f 16420/10/4 16421/10/4 16426/10/4
f 16426/10/4 16421/10/4 16427/10/4
f 16422/10/4 16423/10/4 16428/10/4
f 16428/10/4 16423/10/4 16429/10/4
f 16425/3/4 16426/3/4 16431/3/4
f 16431/3/4 16426/3/4 16432/3/4
f 16429/3/4 16430/3/4 16435/3/4
f 16435/3/4 16430/3/4 16436/3/4
f 16432/10/4 16433/10/4 16438/10/4
f 16438/10/4 16433/10/4 16439/10/4
f 16434/10/4 16435/10/4 16440/10/4
f 16440/10/4 16435/10/4 16441/10/4
f 16437/3/4 16438/3/4 16443/3/4
f 16443/3/4 16438/3/4 16444/3/4
f 16441/3/4 16442/3/4 16447/3/4
f 16447/3/4 16442/3/4 16448/3/4
f 16444/10/4 16445/10/4 16449/10/4
f 16449/10/4 16445/10/4 16450/10/4
f 16446/10/4 16447/10/4 16453/10/4
f 16453/10/4 16447/10/4 16454/10/4
f 16450/10/4 16451/10/4 16455/10/4
f 16455/10/4 16451/10/4 16456/10/4
f 16452/10/4 16453/10/4 16457/10/4
f 16457/10/4 16453/10/4 16458/10/4
f 16459/4/4 16460/4/4 16471/4/4
f 16471/4/4 16460/4/4 16472/4/4
f 16461/4/4 16462/4/4 16473/4/4
f 16473/4/4 16462/4/4 16474/4/4
f 16463/10/4 16464/10/4 16476/10/4
f 16476/10/4 16464/10/4 16477/10/4
f 16465/10/4 16466/10/4 16478/10/4
f 16478/10/4 16466/10/4 16479/10/4
f 16467/4/4 16468/4/4 16481/4/4
f 16481/4/4 16468/4/4 16482/4/4
f 16469/4/4 16470/4/4 16483/4/4
f 16483/4/4 16470/4/4 16484/4/4
f 16475/10/4 16476/10/4 16490/10/4
f 16490/10/4 16476/10/4 16491/10/4
f 16479/10/4 16480/10/4 16492/10/4
f 16492/10/4 16480/10/4 16493/10/4
f 16485/4/4 16486/4/4 16499/4/4
f 16499/4/4 16486/4/4 16500/4/4
f 16487/4/4 16488/4/4 16501/4/4
f 16501/4/4 16488/4/4 16502/4/4
f 16489/3/4 16490/3/4 16503/3/4
f 16503/3/4 16490/3/4 16504/3/4
f 16493/3/4 16494/3/4 16507/3/4
f 16507/3/4 16494/3/4 16508/3/4
f 16495/4/4 16496/4/4 16509/4/4
f 16509/4/4 16496/4/4 16510/4/4
f 16497/4/4 16498/4/4 16511/4/4
f 16511/4/4 16498/4/4 16512/4/4
f 16504/10/4 16505/10/4 16514/10/4
f 16514/10/4 16505/10/4 16515/10/4
f 16506/10/4 16507/10/4 16516/10/4
f 16516/10/4 16507/10/4 16517/10/4
f 16513/3/4 16514/3/4 16519/3/4
f 16519/3/4 16514/3/4 16520/3/4
f 16517/3/4 16518/3/4 16523/3/4
f 16523/3/4 16518/3/4 16524/3/4
f 16520/10/4 16521/10/4 16526/10/4
f 16526/10/4 16521/10/4 16527/10/4
f 16522/10/4 16523/10/4 16528/10/4
f 16528/10/4 16523/10/4 16529/10/4
f 16525/3/4 16526/3/4 16531/3/4
f 16531/3/4 16526/3/4 16532/3/4
f 16529/3/4 16530/3/4 16535/3/4
f 16535/3/4 16530/3/4 16536/3/4
f 16532/10/4 16533/10/4 16538/10/4
f 16538/10/4 16533/10/4 16539/10/4
f 16534/10/4 16535/10/4 16540/10/4
f 16540/10/4 16535/10/4 16541/10/4
f 16537/3/4 16538/3/4 16543/3/4
f 16543/3/4 16538/3/4 16544/3/4
f 16541/3/4 16542/3/4 16547/3/4
f 16547/3/4 16542/3/4 16548/3/4
f 16544/10/4 16545/10/4 16549/10/4
f 16549/10/4 16545/10/4 16550/10/4
f 16546/10/4 16547/10/4 16553/10/4
f 16553/10/4 16547/10/4 16554/10/4
f 16550/10/4 16551/10/4 16555/10/4
f 16555/10/4 16551/10/4 16556/10/4
f 16552/10/4 16553/10/4 16557/10/4
f 16557/10/4 16553/10/4 16558/10/4
f 16559/4/4 16560/4/4 16569/4/4
f 16569/4/4 16560/4/4 16570/4/4
f 16561/10/4 16562/10/4 16572/10/4
f 16572/10/4 16562/10/4 16573/10/4
f 16563/10/4 16564/10/4 16574/10/4
f 16574/10/4 16564/10/4 16575/10/4
f 16565/10/4 16566/10/4 16576/10/4
f 16576/10/4 16566/10/4 16577/10/4
f 16567/4/4 16568/4/4 16579/4/4
f 16579/4/4 16568/4/4 16580/4/4
f 16571/10/4 16572/10/4 16584/10/4
f 16584/10/4 16572/10/4 16585/10/4
f 16577/10/4 16578/10/4 16586/10/4
f 16586/10/4 16578/10/4 16587/10/4
f 16581/4/4 16582/4/4 16591/4/4
f 16591/4/4 16582/4/4 16592/4/4
f 16583/3/4 16584/3/4 16593/3/4
f 16593/3/4 16584/3/4 16594/3/4
f 16587/3/4 16588/3/4 16597/3/4
f 16597/3/4 16588/3/4 16598/3/4
f 16589/4/4 16590/4/4 16599/4/4
f 16599/4/4 16590/4/4 16600/4/4
f 16594/10/4 16595/10/4 16602/10/4
f 16602/10/4 16595/10/4 16603/10/4
f 16596/10/4 16597/10/4 16604/10/4
f 16604/10/4 16597/10/4 16605/10/4
f 16601/3/4 16602/3/4 16607/3/4
f 16607/3/4 16602/3/4 16608/3/4
f 16605/3/4 16606/3/4 16611/3/4
f 16611/3/4 16606/3/4 16612/3/4
f 16608/10/4 16609/10/4 16614/10/4
f 16614/10/4 16609/10/4 16615/10/4
f 16610/10/4 16611/10/4 16616/10/4
f 16616/10/4 16611/10/4 16617/10/4
f 16613/3/4 16614/3/4 16619/3/4
f 16619/3/4 16614/3/4 16620/3/4
f 16617/3/4 16618/3/4 16623/3/4
f 16623/3/4 16618/3/4 16624/3/4
f 16620/10/4 16621/10/4 16626/10/4
f 16626/10/4 16621/10/4 16627/10/4
f 16622/10/4 16623/10/4 16628/10/4
f 16628/10/4 16623/10/4 16629/10/4
f 16625/3/4 16626/3/4 16631/3/4
f 16631/3/4 16626/3/4 16632/3/4
f 16629/3/4 16630/3/4 16635/3/4
f 16635/3/4 16630/3/4 16636/3/4
f 16632/10/4 16633/10/4 16637/10/4
f 16637/10/4 16633/10/4 16638/10/4
f 16634/10/4 16635/10/4 16643/10/4
f 16643/10/4 16635/10/4 16644/10/4
f 16638/10/4 16639/10/4 16645/10/4
f 16645/10/4 16639/10/4 16646/10/4
f 16640/10/4 16641/10/4 16647/10/4
f 16647/10/4 16641/10/4 16648/10/4
f 16642/10/4 16643/10/4 16649/10/4
f 16649/10/4 16643/10/4 16650/10/4
f 16651/4/4 16652/4/4 16669/4/4
f 16669/4/4 16652/4/4 16670/4/4
f 16653/4/4 16654/4/4 16671/4/4
f 16671/4/4 16654/4/4 16672/4/4
f 16655/4/4 16656/4/4 16673/4/4
f 16673/4/4 16656/4/4 16674/4/4
f 16657/10/4 16658/10/4 16676/10/4
f 16676/10/4 16658/10/4 16677/10/4
f 16659/10/4 16660/10/4 16678/10/4
f 16678/10/4 16660/10/4 16679/10/4
f 16661/4/4 16662/4/4 16681/4/4
f 16681/4/4 16662/4/4 16682/4/4
f 16663/4/4 16664/4/4 16683/4/4
f 16683/4/4 16664/4/4 16684/4/4
f 16665/4/4 16666/4/4 16685/4/4
f 16685/4/4 16666/4/4 16686/4/4
f 16667/1/4 16668/1/4 16689/1/4
f 16689/1/4 16668/1/4 16690/1/4
f 16675/10/4 16676/10/4 16698/10/4
f 16698/10/4 16676/10/4 16699/10/4
f 16679/10/4 16680/10/4 16700/10/4
f 16700/10/4 16680/10/4 16701/10/4
f 16687/1/4 16688/1/4 16709/1/4
f 16709/1/4 16688/1/4 16710/1/4
f 16691/4/4 16692/4/4 16711/4/4
f 16711/4/4 16692/4/4 16712/4/4
f 16693/4/4 16694/4/4 16713/4/4
f 16713/4/4 16694/4/4 16714/4/4
f 16695/4/4 16696/4/4 16715/4/4
f 16715/4/4 16696/4/4 16716/4/4
f 16697/3/4 16698/3/4 16717/3/4
f 16717/3/4 16698/3/4 16718/3/4
f 16699/10/4 16676/10/4 16719/10/4
f 16679/10/4 16700/10/4 16720/10/4
f 16701/3/4 16702/3/4 16721/3/4
f 16721/3/4 16702/3/4 16722/3/4
f 16703/4/4 16704/4/4 16723/4/4
f 16723/4/4 16704/4/4 16724/4/4
f 16705/4/4 16706/4/4 16725/4/4
f 16725/4/4 16706/4/4 16726/4/4
f 16707/4/4 16708/4/4 16727/4/4
f 16727/4/4 16708/4/4 16728/4/4
f 16718/10/4 16719/10/4 16730/10/4
f 16719/10/4 16676/10/4 16731/10/4
f 16730/10/4 16719/10/4 16731/10/4
f 16720/10/4 16721/10/4 16732/10/4
f 16679/10/4 16720/10/4 16732/10/4
f 16732/10/4 16721/10/4 16733/10/4
f 16729/3/4 16730/3/4 16735/3/4
f 16735/3/4 16730/3/4 16736/3/4
f 16731/10/4 16676/10/4 16737/10/4
f 16679/10/4 16732/10/4 16738/10/4
f 16733/3/4 16734/3/4 16739/3/4
f 16739/3/4 16734/3/4 16740/3/4
f 16736/10/4 16737/10/4 16742/10/4
f 16737/10/4 16676/10/4 16743/10/4
f 16742/10/4 16737/10/4 16743/10/4
f 16679/10/4 16738/10/4 16744/10/4
f 16738/10/4 16739/10/4 16744/10/4
f 16744/10/4 16739/10/4 16745/10/4
f 16741/3/4 16742/3/4 16747/3/4
f 16747/3/4 16742/3/4 16748/3/4
f 16743/10/4 16676/10/4 16749/10/4
f 16679/10/4 16744/10/4 16750/10/4
f 16745/3/4 16746/3/4 16751/3/4
f 16751/3/4 16746/3/4 16752/3/4
f 16748/10/4 16749/10/4 16754/10/4
f 16749/10/4 16676/10/4 16755/10/4
f 16754/10/4 16749/10/4 16755/10/4
f 16679/10/4 16750/10/4 16756/10/4
f 16750/10/4 16751/10/4 16756/10/4
f 16756/10/4 16751/10/4 16757/10/4
f 16753/3/4 16754/3/4 16759/3/4
f 16759/3/4 16754/3/4 16760/3/4
f 16755/10/4 16676/10/4 16761/10/4
f 16679/10/4 16756/10/4 16762/10/4
f 16757/3/4 16758/3/4 16763/3/4
f 16763/3/4 16758/3/4 16764/3/4
f 16760/10/4 16761/10/4 16765/10/4
f 16761/10/4 16676/10/4 16766/10/4
f 16765/10/4 16761/10/4 16766/10/4
f 16679/10/4 16762/10/4 16769/10/4
f 16762/10/4 16763/10/4 16769/10/4
f 16769/10/4 16763/10/4 16770/10/4
f 16766/10/4 16767/10/4 16771/10/4
f 16771/10/4 16767/10/4 16772/10/4
f 16768/10/4 16769/10/4 16773/10/4
f 16773/10/4 16769/10/4 16774/10/4
f 16775/4/4 16776/4/4 16787/4/4
f 16787/4/4 16776/4/4 16788/4/4
f 16777/4/4 16778/4/4 16789/4/4
f 16789/4/4 16778/4/4 16790/4/4
f 16779/10/4 16780/10/4 16792/10/4
f 16792/10/4 16780/10/4 16793/10/4
f 16781/10/4 16782/10/4 16794/10/4
f 16794/10/4 16782/10/4 16795/10/4
f 16783/4/4 16784/4/4 16797/4/4
f 16797/4/4 16784/4/4 16798/4/4
f 16785/4/4 16786/4/4 16799/4/4
f 16799/4/4 16786/4/4 16800/4/4
f 16801/4/4 16802/4/4 16813/4/4
f 16813/4/4 16802/4/4 16814/4/4
f 16803/4/4 16804/4/4 16815/4/4
f 16815/4/4 16804/4/4 16816/4/4
f 16805/3/4 16806/3/4 16817/3/4
f 16817/3/4 16806/3/4 16818/3/4
f 16807/3/4 16808/3/4 16819/3/4
f 16819/3/4 16808/3/4 16820/3/4
f 16809/4/4 16810/4/4 16821/4/4
f 16821/4/4 16810/4/4 16822/4/4
f 16811/4/4 16812/4/4 16823/4/4
f 16823/4/4 16812/4/4 16824/4/4
f 16825/3/4 16826/3/4 16829/3/4
f 16829/3/4 16826/3/4 16830/3/4
f 16827/3/4 16828/3/4 16831/3/4
f 16831/3/4 16828/3/4 16832/3/4
f 16833/3/4 16834/3/4 16837/3/4
f 16837/3/4 16834/3/4 16838/3/4
f 16835/3/4 16836/3/4 16839/3/4
f 16839/3/4 16836/3/4 16840/3/4
f 16841/3/4 16842/3/4 16845/3/4
f 16845/3/4 16842/3/4 16846/3/4
f 16843/3/4 16844/3/4 16847/3/4
f 16847/3/4 16844/3/4 16848/3/4
f 16791/10/4 16792/10/4 16849/10/4
f 16849/10/4 16792/10/4 16850/10/4
f 16795/10/4 16796/10/4 16853/10/4
f 16853/10/4 16796/10/4 16854/10/4
f 16850/10/4 16851/10/4 16855/10/4
f 16855/10/4 16851/10/4 16856/10/4
f 16852/10/4 16853/10/4 16857/10/4
f 16857/10/4 16853/10/4 16858/10/4
f 16859/4/4 16860/4/4 16865/4/4
f 16865/4/4 16860/4/4 16866/4/4
f 16861/10/4 16862/10/4 16868/10/4
f 16868/10/4 16862/10/4 16869/10/4
f 16863/4/4 16864/4/4 16871/4/4
f 16871/4/4 16864/4/4 16872/4/4
f 16873/4/4 16874/4/4 16877/4/4
f 16877/4/4 16874/4/4 16878/4/4
f 16867/10/4 16868/10/4 16879/10/4
f 16879/10/4 16868/10/4 16880/10/4
f 16869/10/4 16870/10/4 16881/10/4
f 16881/10/4 16870/10/4 16882/10/4
f 16875/4/4 16876/4/4 16883/4/4
f 16883/4/4 16876/4/4 16884/4/4
f 16880/10/4 16868/10/4 16886/10/4
f 16869/10/4 16881/10/4 16889/10/4
f 16887/2/4 16888/2/4 16891/2/4
f 16891/2/4 16888/2/4 16892/2/4
f 16885/10/4 16886/10/4 16895/10/4
f 16886/10/4 16868/10/4 16896/10/4
f 16895/10/4 16886/10/4 16896/10/4
f 16893/2/4 16894/2/4 16897/2/4
f 16897/2/4 16894/2/4 16898/2/4
f 16889/10/4 16890/10/4 16899/10/4
f 16869/10/4 16889/10/4 16899/10/4
f 16899/10/4 16890/10/4 16900/10/4
f 16896/10/4 16868/10/4 16902/10/4
f 16869/10/4 16899/10/4 16903/10/4
f 16901/10/4 16902/10/4 16905/10/4
f 16902/10/4 16868/10/4 16906/10/4
f 16905/10/4 16902/10/4 16906/10/4
f 16903/10/4 16904/10/4 16907/10/4
f 16869/10/4 16903/10/4 16907/10/4
f 16907/10/4 16904/10/4 16908/10/4
f 16906/10/4 16907/10/4 16909/10/4
f 16909/10/4 16907/10/4 16910/10/4
f 16911/4/4 16912/4/4 16923/4/4
f 16923/4/4 16912/4/4 16924/4/4
f 16913/4/4 16914/4/4 16925/4/4
f 16925/4/4 16914/4/4 16926/4/4
f 16915/4/4 16916/4/4 16927/4/4
f 16927/4/4 16916/4/4 16928/4/4
f 16917/4/4 16918/4/4 16931/4/4
f 16931/4/4 16918/4/4 16932/4/4
f 16919/4/4 16920/4/4 16933/4/4
f 16933/4/4 16920/4/4 16934/4/4
f 16921/4/4 16922/4/4 16935/4/4
f 16935/4/4 16922/4/4 16936/4/4
f 16929/10/4 16930/10/4 16943/10/4
f 16943/10/4 16930/10/4 16944/10/4
f 16937/4/4 16938/4/4 16951/4/4
f 16951/4/4 16938/4/4 16952/4/4
f 16939/4/4 16940/4/4 16953/4/4
f 16953/4/4 16940/4/4 16954/4/4
f 16941/4/4 16942/4/4 16955/4/4
f 16955/4/4 16942/4/4 16956/4/4
f 16929/10/4 16943/10/4 16957/10/4
f 16957/10/4 16943/10/4 16958/10/4
f 16944/10/4 16930/10/4 16959/10/4
f 16959/10/4 16930/10/4 16960/10/4
f 16945/4/4 16946/4/4 16961/4/4
f 16961/4/4 16946/4/4 16962/4/4
f 16947/4/4 16948/4/4 16963/4/4
f 16963/4/4 16948/4/4 16964/4/4
f 16949/4/4 16950/4/4 16965/4/4
f 16965/4/4 16950/4/4 16966/4/4
f 16958/3/4 16959/3/4 16967/3/4
f 16967/3/4 16959/3/4 16968/3/4
f 16958/3/4 16967/3/4 16969/3/4
f 16968/3/4 16959/3/4 16970/3/4
f 16929/10/4 16957/10/4 16971/10/4
f 16969/3/4 16970/3/4 16972/3/4
f 16958/3/4 16969/3/4 16972/3/4
f 16970/3/4 16959/3/4 16973/3/4
f 16972/3/4 16970/3/4 16973/3/4
f 16960/10/4 16930/10/4 16974/10/4
f 16929/10/4 16971/10/4 16975/10/4
f 16971/10/4 16972/10/4 16975/10/4
f 16975/10/4 16972/10/4 16976/10/4
f 16973/10/4 16974/10/4 16977/10/4
f 16974/10/4 16930/10/4 16978/10/4
f 16977/10/4 16974/10/4 16978/10/4
f 16976/3/4 16977/3/4 16979/3/4
f 16979/3/4 16977/3/4 16980/3/4
f 16976/3/4 16979/3/4 16981/3/4
f 16980/3/4 16977/3/4 16982/3/4
f 16929/10/4 16975/10/4 16983/10/4
f 16981/3/4 16982/3/4 16984/3/4
f 16976/3/4 16981/3/4 16984/3/4
f 16982/3/4 16977/3/4 16985/3/4
f 16984/3/4 16982/3/4 16985/3/4
f 16978/10/4 16930/10/4 16986/10/4
f 16983/10/4 16984/10/4 16987/10/4
f 16985/10/4 16986/10/4 16988/10/4
f 16983/10/4 16987/10/4 16989/10/4
f 16987/10/4 16988/10/4 16989/10/4
f 16929/10/4 16983/10/4 16989/10/4
f 16988/10/4 16986/10/4 16990/10/4
f 16989/10/4 16988/10/4 16990/10/4
f 16986/10/4 16930/10/4 16990/10/4
f 16991/4/4 16992/4/4 17001/4/4
f 17001/4/4 16992/4/4 17002/4/4
f 16993/4/4 16994/4/4 17003/4/4
f 17003/4/4 16994/4/4 17004/4/4
f 16995/4/4 16996/4/4 17005/4/4
f 17005/4/4 16996/4/4 17006/4/4
f 16997/4/4 16998/4/4 17007/4/4
f 17007/4/4 16998/4/4 17008/4/4
f 16999/1/4 17000/1/4 17011/1/4
f 17011/1/4 17000/1/4 17012/1/4
f 17009/1/4 17010/1/4 17023/1/4
f 17023/1/4 17010/1/4 17024/1/4
f 17013/4/4 17014/4/4 17025/4/4
f 17025/4/4 17014/4/4 17026/4/4
f 17015/4/4 17016/4/4 17027/4/4
f 17027/4/4 17016/4/4 17028/4/4
f 17017/3/4 17018/3/4 17032/3/4
f 17032/3/4 17018/3/4 17033/3/4
f 17019/4/4 17020/4/4 17037/4/4
f 17037/4/4 17020/4/4 17038/4/4
f 17021/4/4 17022/4/4 17039/4/4
f 17039/4/4 17022/4/4 17040/4/4
f 17029/4/4 17030/4/4 17041/4/4
f 17041/4/4 17030/4/4 17042/4/4
f 17035/4/4 17036/4/4 17043/4/4
f 17043/4/4 17036/4/4 17044/4/4
f 17031/3/4 17032/3/4 17045/3/4
f 17045/3/4 17032/3/4 17046/3/4
f 17033/3/4 17034/3/4 17047/3/4
f 17047/3/4 17034/3/4 17048/3/4
f 17046/3/4 17047/3/4 17050/3/4
f 17050/3/4 17047/3/4 17051/3/4
f 17053/4/4 17054/4/4 17057/4/4
f 17057/4/4 17054/4/4 17058/4/4
f 17049/3/4 17050/3/4 17059/3/4
f 17059/3/4 17050/3/4 17060/3/4
f 17051/3/4 17052/3/4 17061/3/4
f 17061/3/4 17052/3/4 17062/3/4
f 17055/4/4 17056/4/4 17063/4/4
f 17063/4/4 17056/4/4 17064/4/4
f 17060/3/4 17061/3/4 17065/3/4
f 17065/3/4 17061/3/4 17066/3/4
f 17067/4/4 17068/4/4 17071/4/4
f 17071/4/4 17068/4/4 17072/4/4
f 17069/4/4 17070/4/4 17073/4/4
f 17073/4/4 17070/4/4 17074/4/4
f 17075/4/4 17076/4/4 17079/4/4
f 17079/4/4 17076/4/4 17080/4/4
f 17077/4/4 17078/4/4 17081/4/4
f 17081/4/4 17078/4/4 17082/4/4
f 17083/4/4 17084/4/4 17095/4/4
f 17095/4/4 17084/4/4 17096/4/4
f 17085/4/4 17086/4/4 17097/4/4
f 17097/4/4 17086/4/4 17098/4/4
f 17087/4/4 17088/4/4 17099/4/4
f 17099/4/4 17088/4/4 17100/4/4
f 17089/4/4 17090/4/4 17101/4/4
f 17101/4/4 17090/4/4 17102/4/4
f 17091/4/4 17092/4/4 17103/4/4
f 17103/4/4 17092/4/4 17104/4/4
f 17093/4/4 17094/4/4 17105/4/4
f 17105/4/4 17094/4/4 17106/4/4
f 17107/4/4 17108/4/4 17119/4/4
f 17119/4/4 17108/4/4 17120/4/4
f 17109/4/4 17110/4/4 17121/4/4
f 17121/4/4 17110/4/4 17122/4/4
f 17111/4/4 17112/4/4 17123/4/4
f 17123/4/4 17112/4/4 17124/4/4
f 17113/4/4 17114/4/4 17129/4/4
f 17129/4/4 17114/4/4 17130/4/4
f 17115/4/4 17116/4/4 17131/4/4
f 17131/4/4 17116/4/4 17132/4/4
f 17117/4/4 17118/4/4 17133/4/4
f 17133/4/4 17118/4/4 17134/4/4
f 17125/4/4 17126/4/4 17135/4/4
f 17135/4/4 17126/4/4 17136/4/4
f 17127/4/4 17128/4/4 17137/4/4
f 17137/4/4 17128/4/4 17138/4/4
f 17139/4/4 17140/4/4 17143/4/4
f 17143/4/4 17140/4/4 17144/4/4
f 17141/4/4 17142/4/4 17145/4/4
f 17145/4/4 17142/4/4 17146/4/4
f 17147/4/4 17148/4/4 17161/4/4
f 17161/4/4 17148/4/4 17162/4/4
f 17149/4/4 17150/4/4 17163/4/4
f 17163/4/4 17150/4/4 17164/4/4
f 17151/4/4 17152/4/4 17165/4/4
f 17165/4/4 17152/4/4 17166/4/4
f 17153/4/4 17154/4/4 17167/4/4
f 17167/4/4 17154/4/4 17168/4/4
f 17155/4/4 17156/4/4 17169/4/4
f 17169/4/4 17156/4/4 17170/4/4
f 17157/4/4 17158/4/4 17171/4/4
f 17171/4/4 17158/4/4 17172/4/4
f 17159/1/4 17160/1/4 17175/1/4
f 17175/1/4 17160/1/4 17176/1/4
f 17173/1/4 17174/1/4 17189/1/4
f 17189/1/4 17174/1/4 17190/1/4
f 17177/4/4 17178/4/4 17191/4/4
f 17191/4/4 17178/4/4 17192/4/4
f 17179/4/4 17180/4/4 17193/4/4
f 17193/4/4 17180/4/4 17194/4/4
f 17181/4/4 17182/4/4 17195/4/4
f 17195/4/4 17182/4/4 17196/4/4
f 17183/4/4 17184/4/4 17197/4/4
f 17197/4/4 17184/4/4 17198/4/4
f 17185/4/4 17186/4/4 17199/4/4
f 17199/4/4 17186/4/4 17200/4/4
f 17187/4/4 17188/4/4 17201/4/4
f 17201/4/4 17188/4/4 17202/4/4
f 17203/4/4 17204/4/4 17215/4/4
f 17215/4/4 17204/4/4 17216/4/4
f 17205/4/4 17206/4/4 17217/4/4
f 17217/4/4 17206/4/4 17218/4/4
f 17207/4/4 17208/4/4 17219/4/4
f 17219/4/4 17208/4/4 17220/4/4
f 17209/4/4 17210/4/4 17221/4/4
f 17221/4/4 17210/4/4 17222/4/4
f 17211/4/4 17212/4/4 17223/4/4
f 17223/4/4 17212/4/4 17224/4/4
f 17213/4/4 17214/4/4 17225/4/4
f 17225/4/4 17214/4/4 17226/4/4
f 17227/4/4 17228/4/4 17239/4/4
f 17239/4/4 17228/4/4 17240/4/4
f 17229/4/4 17230/4/4 17241/4/4
f 17241/4/4 17230/4/4 17242/4/4
f 17231/4/4 17232/4/4 17243/4/4
f 17243/4/4 17232/4/4 17244/4/4
f 17233/4/4 17234/4/4 17249/4/4
f 17249/4/4 17234/4/4 17250/4/4
f 17235/4/4 17236/4/4 17251/4/4
f 17251/4/4 17236/4/4 17252/4/4
f 17237/4/4 17238/4/4 17253/4/4
f 17253/4/4 17238/4/4 17254/4/4
f 17245/4/4 17246/4/4 17255/4/4
f 17255/4/4 17246/4/4 17256/4/4
f 17247/4/4 17248/4/4 17257/4/4
f 17257/4/4 17248/4/4 17258/4/4
f 17259/4/4 17260/4/4 17263/4/4
f 17263/4/4 17260/4/4 17264/4/4
f 17261/4/4 17262/4/4 17265/4/4
f 17265/4/4 17262/4/4 17266/4/4
f 17267/4/4 17268/4/4 17285/4/4
f 17285/4/4 17268/4/4 17286/4/4
f 17269/4/4 17270/4/4 17287/4/4
f 17287/4/4 17270/4/4 17288/4/4
f 17271/4/4 17272/4/4 17289/4/4
f 17289/4/4 17272/4/4 17290/4/4
f 17273/4/4 17274/4/4 17291/4/4
f 17291/4/4 17274/4/4 17292/4/4
f 17275/4/4 17276/4/4 17293/4/4
f 17293/4/4 17276/4/4 17294/4/4
f 17277/4/4 17278/4/4 17295/4/4
f 17295/4/4 17278/4/4 17296/4/4
f 17279/4/4 17280/4/4 17297/4/4
f 17297/4/4 17280/4/4 17298/4/4
f 17281/4/4 17282/4/4 17299/4/4
f 17299/4/4 17282/4/4 17300/4/4
f 17283/1/4 17284/1/4 17303/1/4
f 17303/1/4 17284/1/4 17304/1/4
f 17301/1/4 17302/1/4 17321/1/4
f 17321/1/4 17302/1/4 17322/1/4
f 17305/4/4 17306/4/4 17323/4/4
f 17323/4/4 17306/4/4 17324/4/4
f 17307/4/4 17308/4/4 17325/4/4
f 17325/4/4 17308/4/4 17326/4/4
f 17309/4/4 17310/4/4 17327/4/4
f 17327/4/4 17310/4/4 17328/4/4
f 17311/4/4 17312/4/4 17329/4/4
f 17329/4/4 17312/4/4 17330/4/4
f 17313/4/4 17314/4/4 17331/4/4
f 17331/4/4 17314/4/4 17332/4/4
f 17315/4/4 17316/4/4 17333/4/4
f 17333/4/4 17316/4/4 17334/4/4
f 17317/4/4 17318/4/4 17335/4/4
f 17335/4/4 17318/4/4 17336/4/4
f 17319/4/4 17320/4/4 17337/4/4
f 17337/4/4 17320/4/4 17338/4/4
f 17339/4/4 17340/4/4 17347/4/4
f 17347/4/4 17340/4/4 17348/4/4
f 17341/4/4 17342/4/4 17349/4/4
f 17349/4/4 17342/4/4 17350/4/4
f 17343/4/4 17344/4/4 17351/4/4
f 17351/4/4 17344/4/4 17352/4/4
f 17345/4/4 17346/4/4 17353/4/4
f 17353/4/4 17346/4/4 17354/4/4
f 17355/4/4 17356/4/4 17363/4/4
f 17363/4/4 17356/4/4 17364/4/4
f 17357/4/4 17358/4/4 17365/4/4
f 17365/4/4 17358/4/4 17366/4/4
f 17359/4/4 17360/4/4 17371/4/4
f 17371/4/4 17360/4/4 17372/4/4
f 17361/4/4 17362/4/4 17373/4/4
f 17373/4/4 17362/4/4 17374/4/4
f 17367/4/4 17368/4/4 17375/4/4
f 17375/4/4 17368/4/4 17376/4/4
f 17369/4/4 17370/4/4 17377/4/4
f 17377/4/4 17370/4/4 17378/4/4
f 17379/4/4 17380/4/4 17391/4/4
f 17391/4/4 17380/4/4 17392/4/4
f 17381/4/4 17382/4/4 17393/4/4
f 17393/4/4 17382/4/4 17394/4/4
f 17383/4/4 17384/4/4 17395/4/4
f 17395/4/4 17384/4/4 17396/4/4
f 17385/4/4 17386/4/4 17397/4/4
f 17397/4/4 17386/4/4 17398/4/4
f 17387/4/4 17388/4/4 17399/4/4
f 17399/4/4 17388/4/4 17400/4/4
f 17389/4/4 17390/4/4 17401/4/4
f 17401/4/4 17390/4/4 17402/4/4
f 17403/4/4 17404/4/4 17415/4/4
f 17415/4/4 17404/4/4 17416/4/4
f 17405/4/4 17406/4/4 17417/4/4
f 17417/4/4 17406/4/4 17418/4/4
f 17407/4/4 17408/4/4 17419/4/4
f 17419/4/4 17408/4/4 17420/4/4
f 17409/4/4 17410/4/4 17421/4/4
f 17421/4/4 17410/4/4 17422/4/4
f 17411/4/4 17412/4/4 17423/4/4
f 17423/4/4 17412/4/4 17424/4/4
f 17413/4/4 17414/4/4 17425/4/4
f 17425/4/4 17414/4/4 17426/4/4
f 17427/4/4 17428/4/4 17437/4/4
f 17437/4/4 17428/4/4 17438/4/4
f 17429/4/4 17430/4/4 17439/4/4
f 17439/4/4 17430/4/4 17440/4/4
f 17431/4/4 17432/4/4 17441/4/4
f 17441/4/4 17432/4/4 17442/4/4
f 17433/4/4 17434/4/4 17443/4/4
f 17443/4/4 17434/4/4 17444/4/4
f 17435/1/4 17436/1/4 17447/1/4
f 17447/1/4 17436/1/4 17448/1/4
f 17445/1/4 17446/1/4 17457/1/4
f 17457/1/4 17446/1/4 17458/1/4
f 17449/4/4 17450/4/4 17459/4/4
f 17459/4/4 17450/4/4 17460/4/4
f 17451/4/4 17452/4/4 17461/4/4
f 17461/4/4 17452/4/4 17462/4/4
f 17453/4/4 17454/4/4 17463/4/4
f 17463/4/4 17454/4/4 17464/4/4
f 17455/4/4 17456/4/4 17465/4/4
f 17465/4/4 17456/4/4 17466/4/4
f 17467/4/4 17468/4/4 17479/4/4
f 17479/4/4 17468/4/4 17480/4/4
f 17469/4/4 17470/4/4 17481/4/4
f 17481/4/4 17470/4/4 17482/4/4
f 17471/4/4 17472/4/4 17483/4/4
f 17483/4/4 17472/4/4 17484/4/4
f 17473/4/4 17474/4/4 17485/4/4
f 17485/4/4 17474/4/4 17486/4/4
f 17475/4/4 17476/4/4 17487/4/4
f 17487/4/4 17476/4/4 17488/4/4
f 17477/4/4 17478/4/4 17489/4/4
f 17489/4/4 17478/4/4 17490/4/4
f 17491/4/4 17492/4/4 17503/4/4
f 17503/4/4 17492/4/4 17504/4/4
f 17493/4/4 17494/4/4 17505/4/4
f 17505/4/4 17494/4/4 17506/4/4
f 17495/4/4 17496/4/4 17507/4/4
f 17507/4/4 17496/4/4 17508/4/4
f 17497/4/4 17498/4/4 17509/4/4
f 17509/4/4 17498/4/4 17510/4/4
f 17499/4/4 17500/4/4 17511/4/4
f 17511/4/4 17500/4/4 17512/4/4
f 17501/4/4 17502/4/4 17513/4/4
f 17513/4/4 17502/4/4 17514/4/4
f 17515/4/4 17516/4/4 17525/4/4
f 17525/4/4 17516/4/4 17526/4/4
f 17517/4/4 17518/4/4 17527/4/4
f 17527/4/4 17518/4/4 17528/4/4
f 17519/4/4 17520/4/4 17529/4/4
f 17529/4/4 17520/4/4 17530/4/4
f 17521/4/4 17522/4/4 17531/4/4
f 17531/4/4 17522/4/4 17532/4/4
f 17523/1/4 17524/1/4 17535/1/4
f 17535/1/4 17524/1/4 17536/1/4
f 17533/1/4 17534/1/4 17545/1/4
f 17545/1/4 17534/1/4 17546/1/4
f 17537/4/4 17538/4/4 17547/4/4
f 17547/4/4 17538/4/4 17548/4/4
f 17539/4/4 17540/4/4 17549/4/4
f 17549/4/4 17540/4/4 17550/4/4
f 17541/4/4 17542/4/4 17551/4/4
f 17551/4/4 17542/4/4 17552/4/4
f 17543/4/4 17544/4/4 17553/4/4
f 17553/4/4 17544/4/4 17554/4/4
f 17555/4/4 17556/4/4 17563/4/4
f 17563/4/4 17556/4/4 17564/4/4
f 17557/4/4 17558/4/4 17565/4/4
f 17565/4/4 17558/4/4 17566/4/4
f 17559/4/4 17560/4/4 17567/4/4
f 17567/4/4 17560/4/4 17568/4/4
f 17561/4/4 17562/4/4 17569/4/4
f 17569/4/4 17562/4/4 17570/4/4
f 17571/4/4 17572/4/4 17579/4/4
f 17579/4/4 17572/4/4 17580/4/4
f 17573/4/4 17574/4/4 17581/4/4
f 17581/4/4 17574/4/4 17582/4/4
f 17575/4/4 17576/4/4 17583/4/4
f 17583/4/4 17576/4/4 17584/4/4
f 17577/4/4 17578/4/4 17585/4/4
f 17585/4/4 17578/4/4 17586/4/4
f 17587/4/4 17588/4/4 17597/4/4
f 17597/4/4 17588/4/4 17598/4/4
f 17589/4/4 17590/4/4 17599/4/4
f 17599/4/4 17590/4/4 17600/4/4
f 17591/4/4 17592/4/4 17601/4/4
f 17601/4/4 17592/4/4 17602/4/4
f 17593/4/4 17594/4/4 17603/4/4
f 17603/4/4 17594/4/4 17604/4/4
f 17595/1/4 17596/1/4 17607/1/4
f 17607/1/4 17596/1/4 17608/1/4
f 17605/1/4 17606/1/4 17617/1/4
f 17617/1/4 17606/1/4 17618/1/4
f 17609/4/4 17610/4/4 17619/4/4
f 17619/4/4 17610/4/4 17620/4/4
f 17611/4/4 17612/4/4 17621/4/4
f 17621/4/4 17612/4/4 17622/4/4
f 17613/4/4 17614/4/4 17623/4/4
f 17623/4/4 17614/4/4 17624/4/4
f 17615/4/4 17616/4/4 17625/4/4
f 17625/4/4 17616/4/4 17626/4/4
f 17627/4/4 17628/4/4 17637/4/4
f 17637/4/4 17628/4/4 17638/4/4
f 17629/4/4 17630/4/4 17639/4/4
f 17639/4/4 17630/4/4 17640/4/4
f 17631/4/4 17632/4/4 17641/4/4
f 17641/4/4 17632/4/4 17642/4/4
f 17633/4/4 17634/4/4 17643/4/4
f 17643/4/4 17634/4/4 17644/4/4
f 17635/1/4 17636/1/4 17647/1/4
f 17647/1/4 17636/1/4 17648/1/4
f 17645/1/4 17646/1/4 17657/1/4
f 17657/1/4 17646/1/4 17658/1/4
f 17649/4/4 17650/4/4 17659/4/4
f 17659/4/4 17650/4/4 17660/4/4
f 17651/4/4 17652/4/4 17661/4/4
f 17661/4/4 17652/4/4 17662/4/4
f 17653/4/4 17654/4/4 17663/4/4
f 17663/4/4 17654/4/4 17664/4/4
f 17655/4/4 17656/4/4 17665/4/4
f 17665/4/4 17656/4/4 17666/4/4
f 17667/4/4 17668/4/4 17679/4/4
f 17679/4/4 17668/4/4 17680/4/4
f 17669/4/4 17670/4/4 17681/4/4
f 17681/4/4 17670/4/4 17682/4/4
f 17671/4/4 17672/4/4 17683/4/4
f 17683/4/4 17672/4/4 17684/4/4
f 17673/4/4 17674/4/4 17685/4/4
f 17685/4/4 17674/4/4 17686/4/4
f 17675/4/4 17676/4/4 17687/4/4
f 17687/4/4 17676/4/4 17688/4/4
f 17677/4/4 17678/4/4 17689/4/4
f 17689/4/4 17678/4/4 17690/4/4
f 17691/4/4 17692/4/4 17703/4/4
f 17703/4/4 17692/4/4 17704/4/4
f 17693/4/4 17694/4/4 17705/4/4
f 17705/4/4 17694/4/4 17706/4/4
f 17695/4/4 17696/4/4 17707/4/4
f 17707/4/4 17696/4/4 17708/4/4
f 17697/4/4 17698/4/4 17709/4/4
f 17709/4/4 17698/4/4 17710/4/4
f 17699/4/4 17700/4/4 17711/4/4
f 17711/4/4 17700/4/4 17712/4/4
f 17701/4/4 17702/4/4 17713/4/4
f 17713/4/4 17702/4/4 17714/4/4
f 17715/4/4 17716/4/4 17721/4/4
f 17721/4/4 17716/4/4 17722/4/4
f 17717/4/4 17718/4/4 17723/4/4
f 17723/4/4 17718/4/4 17724/4/4
f 17719/1/4 17720/1/4 17727/1/4
f 17727/1/4 17720/1/4 17728/1/4
f 17725/1/4 17726/1/4 17733/1/4
f 17733/1/4 17726/1/4 17734/1/4
f 17729/4/4 17730/4/4 17735/4/4
f 17735/4/4 17730/4/4 17736/4/4
f 17731/4/4 17732/4/4 17737/4/4
f 17737/4/4 17732/4/4 17738/4/4
f 17739/4/4 17740/4/4 17751/4/4
f 17751/4/4 17740/4/4 17752/4/4
f 17741/4/4 17742/4/4 17753/4/4
f 17753/4/4 17742/4/4 17754/4/4
f 17743/4/4 17744/4/4 17755/4/4
f 17755/4/4 17744/4/4 17756/4/4
f 17745/4/4 17746/4/4 17757/4/4
f 17757/4/4 17746/4/4 17758/4/4
f 17747/4/4 17748/4/4 17759/4/4
f 17759/4/4 17748/4/4 17760/4/4
f 17749/4/4 17750/4/4 17761/4/4
f 17761/4/4 17750/4/4 17762/4/4
f 17763/4/4 17764/4/4 17775/4/4
f 17775/4/4 17764/4/4 17776/4/4
f 17765/4/4 17766/4/4 17777/4/4
f 17777/4/4 17766/4/4 17778/4/4
f 17767/4/4 17768/4/4 17779/4/4
f 17779/4/4 17768/4/4 17780/4/4
f 17769/4/4 17770/4/4 17781/4/4
f 17781/4/4 17770/4/4 17782/4/4
f 17771/4/4 17772/4/4 17783/4/4
f 17783/4/4 17772/4/4 17784/4/4
f 17773/4/4 17774/4/4 17785/4/4
f 17785/4/4 17774/4/4 17786/4/4
f 17787/4/4 17788/4/4 17797/4/4
f 17797/4/4 17788/4/4 17798/4/4
f 17789/4/4 17790/4/4 17799/4/4
f 17799/4/4 17790/4/4 17800/4/4
f 17791/4/4 17792/4/4 17801/4/4
f 17801/4/4 17792/4/4 17802/4/4
f 17793/4/4 17794/4/4 17803/4/4
f 17803/4/4 17794/4/4 17804/4/4
f 17795/1/4 17796/1/4 17807/1/4
f 17807/1/4 17796/1/4 17808/1/4
f 17805/1/4 17806/1/4 17817/1/4
f 17817/1/4 17806/1/4 17818/1/4
f 17809/4/4 17810/4/4 17819/4/4
f 17819/4/4 17810/4/4 17820/4/4
f 17811/4/4 17812/4/4 17821/4/4
f 17821/4/4 17812/4/4 17822/4/4
f 17813/4/4 17814/4/4 17823/4/4
f 17823/4/4 17814/4/4 17824/4/4
f 17815/4/4 17816/4/4 17825/4/4
f 17825/4/4 17816/4/4 17826/4/4
f 17827/4/4 17828/4/4 17841/4/4
f 17841/4/4 17828/4/4 17842/4/4
f 17829/4/4 17830/4/4 17843/4/4
f 17843/4/4 17830/4/4 17844/4/4
f 17831/4/4 17832/4/4 17845/4/4
f 17845/4/4 17832/4/4 17846/4/4
f 17833/4/4 17834/4/4 17847/4/4
f 17847/4/4 17834/4/4 17848/4/4
f 17835/4/4 17836/4/4 17849/4/4
f 17849/4/4 17836/4/4 17850/4/4
f 17837/4/4 17838/4/4 17851/4/4
f 17851/4/4 17838/4/4 17852/4/4
f 17839/1/4 17840/1/4 17855/1/4
f 17855/1/4 17840/1/4 17856/1/4
f 17853/1/4 17854/1/4 17869/1/4
f 17869/1/4 17854/1/4 17870/1/4
f 17857/4/4 17858/4/4 17871/4/4
f 17871/4/4 17858/4/4 17872/4/4
f 17859/4/4 17860/4/4 17873/4/4
f 17873/4/4 17860/4/4 17874/4/4
f 17861/4/4 17862/4/4 17875/4/4
f 17875/4/4 17862/4/4 17876/4/4
f 17863/4/4 17864/4/4 17877/4/4
f 17877/4/4 17864/4/4 17878/4/4
f 17865/4/4 17866/4/4 17879/4/4
f 17879/4/4 17866/4/4 17880/4/4
f 17867/4/4 17868/4/4 17881/4/4
f 17881/4/4 17868/4/4 17882/4/4
f 17883/4/4 17884/4/4 17889/4/4
f 17889/4/4 17884/4/4 17890/4/4
f 17885/4/4 17886/4/4 17891/4/4
f 17891/4/4 17886/4/4 17892/4/4
f 17887/1/4 17888/1/4 17895/1/4
f 17895/1/4 17888/1/4 17896/1/4
f 17893/1/4 17894/1/4 17901/1/4
f 17901/1/4 17894/1/4 17902/1/4
f 17897/4/4 17898/4/4 17903/4/4
f 17903/4/4 17898/4/4 17904/4/4
f 17899/4/4 17900/4/4 17905/4/4
f 17905/4/4 17900/4/4 17906/4/4
f 17907/4/4 17908/4/4 17919/4/4
f 17919/4/4 17908/4/4 17920/4/4
f 17909/4/4 17910/4/4 17921/4/4
f 17921/4/4 17910/4/4 17922/4/4
f 17911/4/4 17912/4/4 17923/4/4
f 17923/4/4 17912/4/4 17924/4/4
f 17913/4/4 17914/4/4 17925/4/4
f 17925/4/4 17914/4/4 17926/4/4
f 17915/4/4 17916/4/4 17927/4/4
f 17927/4/4 17916/4/4 17928/4/4
f 17917/4/4 17918/4/4 17929/4/4
f 17929/4/4 17918/4/4 17930/4/4
f 17931/4/4 17932/4/4 17943/4/4
f 17943/4/4 17932/4/4 17944/4/4
f 17933/4/4 17934/4/4 17945/4/4
f 17945/4/4 17934/4/4 17946/4/4
f 17935/4/4 17936/4/4 17947/4/4
f 17947/4/4 17936/4/4 17948/4/4
f 17937/4/4 17938/4/4 17949/4/4
f 17949/4/4 17938/4/4 17950/4/4
f 17939/4/4 17940/4/4 17951/4/4
f 17951/4/4 17940/4/4 17952/4/4
f 17941/4/4 17942/4/4 17953/4/4
f 17953/4/4 17942/4/4 17954/4/4
f 17955/4/4 17956/4/4 17965/4/4
f 17965/4/4 17956/4/4 17966/4/4
f 17957/4/4 17958/4/4 17967/4/4
f 17967/4/4 17958/4/4 17968/4/4
f 17959/4/4 17960/4/4 17969/4/4
f 17969/4/4 17960/4/4 17970/4/4
f 17961/4/4 17962/4/4 17971/4/4
f 17971/4/4 17962/4/4 17972/4/4
f 17963/1/4 17964/1/4 17975/1/4
f 17975/1/4 17964/1/4 17976/1/4
f 17973/1/4 17974/1/4 17985/1/4
f 17985/1/4 17974/1/4 17986/1/4
f 17977/4/4 17978/4/4 17987/4/4
f 17987/4/4 17978/4/4 17988/4/4
f 17979/4/4 17980/4/4 17989/4/4
f 17989/4/4 17980/4/4 17990/4/4
f 17981/4/4 17982/4/4 17991/4/4
f 17991/4/4 17982/4/4 17992/4/4
f 17983/4/4 17984/4/4 17993/4/4
f 17993/4/4 17984/4/4 17994/4/4
f 17995/4/4 17996/4/4 18005/4/4
f 18005/4/4 17996/4/4 18006/4/4
f 17997/4/4 17998/4/4 18007/4/4
f 18007/4/4 17998/4/4 18008/4/4
f 17999/4/4 18000/4/4 18009/4/4
f 18009/4/4 18000/4/4 18010/4/4
f 18001/4/4 18002/4/4 18011/4/4
f 18011/4/4 18002/4/4 18012/4/4
f 18003/1/4 18004/1/4 18015/1/4
f 18015/1/4 18004/1/4 18016/1/4
f 18013/1/4 18014/1/4 18025/1/4
f 18025/1/4 18014/1/4 18026/1/4
f 18017/4/4 18018/4/4 18027/4/4
f 18027/4/4 18018/4/4 18028/4/4
f 18019/4/4 18020/4/4 18029/4/4
f 18029/4/4 18020/4/4 18030/4/4
f 18021/4/4 18022/4/4 18031/4/4
f 18031/4/4 18022/4/4 18032/4/4
f 18023/4/4 18024/4/4 18033/4/4
f 18033/4/4 18024/4/4 18034/4/4
f 18035/4/4 18036/4/4 18041/4/4
f 18041/4/4 18036/4/4 18042/4/4
f 18037/4/4 18038/4/4 18043/4/4
f 18043/4/4 18038/4/4 18044/4/4
f 18039/1/4 18040/1/4 18047/1/4
f 18047/1/4 18040/1/4 18048/1/4
f 18045/1/4 18046/1/4 18053/1/4
f 18053/1/4 18046/1/4 18054/1/4
f 18049/4/4 18050/4/4 18055/4/4
f 18055/4/4 18050/4/4 18056/4/4
f 18051/4/4 18052/4/4 18057/4/4
f 18057/4/4 18052/4/4 18058/4/4
f 18059/4/4 18060/4/4 18069/4/4
f 18069/4/4 18060/4/4 18070/4/4
f 18061/4/4 18062/4/4 18071/4/4
f 18071/4/4 18062/4/4 18072/4/4
f 18063/4/4 18064/4/4 18073/4/4
f 18073/4/4 18064/4/4 18074/4/4
f 18065/4/4 18066/4/4 18075/4/4
f 18075/4/4 18066/4/4 18076/4/4
f 18067/1/4 18068/1/4 18079/1/4
f 18079/1/4 18068/1/4 18080/1/4
f 18077/1/4 18078/1/4 18089/1/4
f 18089/1/4 18078/1/4 18090/1/4
f 18081/4/4 18082/4/4 18091/4/4
f 18091/4/4 18082/4/4 18092/4/4
f 18083/4/4 18084/4/4 18093/4/4
f 18093/4/4 18084/4/4 18094/4/4
f 18085/4/4 18086/4/4 18095/4/4
f 18095/4/4 18086/4/4 18096/4/4
f 18087/4/4 18088/4/4 18097/4/4
f 18097/4/4 18088/4/4 18098/4/4
f 18099/4/4 18100/4/4 18105/4/4
f 18105/4/4 18100/4/4 18106/4/4
f 18101/4/4 18102/4/4 18107/4/4
f 18107/4/4 18102/4/4 18108/4/4
f 18103/1/4 18104/1/4 18111/1/4
f 18111/1/4 18104/1/4 18112/1/4
f 18109/1/4 18110/1/4 18117/1/4
f 18117/1/4 18110/1/4 18118/1/4
f 18113/4/4 18114/4/4 18119/4/4
f 18119/4/4 18114/4/4 18120/4/4
f 18115/4/4 18116/4/4 18121/4/4
f 18121/4/4 18116/4/4 18122/4/4
f 18123/4/4 18124/4/4 18133/4/4
f 18133/4/4 18124/4/4 18134/4/4
f 18125/4/4 18126/4/4 18135/4/4
f 18135/4/4 18126/4/4 18136/4/4
f 18127/4/4 18128/4/4 18137/4/4
f 18137/4/4 18128/4/4 18138/4/4
f 18129/4/4 18130/4/4 18139/4/4
f 18139/4/4 18130/4/4 18140/4/4
f 18131/1/4 18132/1/4 18143/1/4
f 18143/1/4 18132/1/4 18144/1/4
f 18141/1/4 18142/1/4 18153/1/4
f 18153/1/4 18142/1/4 18154/1/4
f 18145/4/4 18146/4/4 18155/4/4
f 18155/4/4 18146/4/4 18156/4/4
f 18147/4/4 18148/4/4 18157/4/4
f 18157/4/4 18148/4/4 18158/4/4
f 18149/4/4 18150/4/4 18159/4/4
f 18159/4/4 18150/4/4 18160/4/4
f 18151/4/4 18152/4/4 18161/4/4
f 18161/4/4 18152/4/4 18162/4/4
f 18163/4/4 18164/4/4 18169/4/4
f 18169/4/4 18164/4/4 18170/4/4
f 18165/4/4 18166/4/4 18171/4/4
f 18171/4/4 18166/4/4 18172/4/4
f 18167/1/4 18168/1/4 18175/1/4
f 18175/1/4 18168/1/4 18176/1/4
f 18173/1/4 18174/1/4 18181/1/4
f 18181/1/4 18174/1/4 18182/1/4
f 18177/4/4 18178/4/4 18183/4/4
f 18183/4/4 18178/4/4 18184/4/4
f 18179/4/4 18180/4/4 18185/4/4
f 18185/4/4 18180/4/4 18186/4/4
f 18187/4/4 18188/4/4 18197/4/4
f 18197/4/4 18188/4/4 18198/4/4
f 18189/4/4 18190/4/4 18199/4/4
f 18199/4/4 18190/4/4 18200/4/4
f 18191/4/4 18192/4/4 18201/4/4
f 18201/4/4 18192/4/4 18202/4/4
f 18193/4/4 18194/4/4 18203/4/4
f 18203/4/4 18194/4/4 18204/4/4
f 18195/1/4 18196/1/4 18207/1/4
f 18207/1/4 18196/1/4 18208/1/4
f 18205/1/4 18206/1/4 18217/1/4
f 18217/1/4 18206/1/4 18218/1/4
f 18209/4/4 18210/4/4 18219/4/4
f 18219/4/4 18210/4/4 18220/4/4
f 18211/4/4 18212/4/4 18221/4/4
f 18221/4/4 18212/4/4 18222/4/4
f 18213/4/4 18214/4/4 18223/4/4
f 18223/4/4 18214/4/4 18224/4/4
f 18215/4/4 18216/4/4 18225/4/4
f 18225/4/4 18216/4/4 18226/4/4
f 18227/4/4 18228/4/4 18233/4/4
f 18233/4/4 18228/4/4 18234/4/4
f 18229/4/4 18230/4/4 18235/4/4
f 18235/4/4 18230/4/4 18236/4/4
f 18231/1/4 18232/1/4 18239/1/4
f 18239/1/4 18232/1/4 18240/1/4
f 18237/1/4 18238/1/4 18245/1/4
f 18245/1/4 18238/1/4 18246/1/4
f 18241/4/4 18242/4/4 18247/4/4
f 18247/4/4 18242/4/4 18248/4/4
f 18243/4/4 18244/4/4 18249/4/4
f 18249/4/4 18244/4/4 18250/4/4
f 18251/4/4 18252/4/4 18261/4/4
f 18261/4/4 18252/4/4 18262/4/4
f 18253/4/4 18254/4/4 18263/4/4
f 18263/4/4 18254/4/4 18264/4/4
f 18255/4/4 18256/4/4 18265/4/4
f 18265/4/4 18256/4/4 18266/4/4
f 18257/4/4 18258/4/4 18267/4/4
f 18267/4/4 18258/4/4 18268/4/4
f 18259/1/4 18260/1/4 18271/1/4
f 18271/1/4 18260/1/4 18272/1/4
f 18269/1/4 18270/1/4 18281/1/4
f 18281/1/4 18270/1/4 18282/1/4
f 18273/4/4 18274/4/4 18283/4/4
f 18283/4/4 18274/4/4 18284/4/4
f 18275/4/4 18276/4/4 18285/4/4
f 18285/4/4 18276/4/4 18286/4/4
f 18277/4/4 18278/4/4 18287/4/4
f 18287/4/4 18278/4/4 18288/4/4
f 18279/4/4 18280/4/4 18289/4/4
f 18289/4/4 18280/4/4 18290/4/4
f 18291/4/4 18292/4/4 18297/4/4
f 18297/4/4 18292/4/4 18298/4/4
f 18293/4/4 18294/4/4 18299/4/4
f 18299/4/4 18294/4/4 18300/4/4
f 18295/1/4 18296/1/4 18303/1/4
f 18303/1/4 18296/1/4 18304/1/4
f 18301/1/4 18302/1/4 18309/1/4
f 18309/1/4 18302/1/4 18310/1/4
f 18305/4/4 18306/4/4 18311/4/4
f 18311/4/4 18306/4/4 18312/4/4
f 18307/4/4 18308/4/4 18313/4/4
f 18313/4/4 18308/4/4 18314/4/4
f 18315/4/4 18316/4/4 18325/4/4
f 18325/4/4 18316/4/4 18326/4/4
f 18317/4/4 18318/4/4 18327/4/4
f 18327/4/4 18318/4/4 18328/4/4
f 18319/4/4 18320/4/4 18329/4/4
f 18329/4/4 18320/4/4 18330/4/4
f 18321/4/4 18322/4/4 18331/4/4
f 18331/4/4 18322/4/4 18332/4/4
f 18323/1/4 18324/1/4 18335/1/4
f 18335/1/4 18324/1/4 18336/1/4
f 18333/1/4 18334/1/4 18345/1/4
f 18345/1/4 18334/1/4 18346/1/4
f 18337/4/4 18338/4/4 18347/4/4
f 18347/4/4 18338/4/4 18348/4/4
f 18339/4/4 18340/4/4 18349/4/4
f 18349/4/4 18340/4/4 18350/4/4
f 18341/4/4 18342/4/4 18351/4/4
f 18351/4/4 18342/4/4 18352/4/4
f 18343/4/4 18344/4/4 18353/4/4
f 18353/4/4 18344/4/4 18354/4/4
f 18355/4/4 18356/4/4 18361/4/4
f 18361/4/4 18356/4/4 18362/4/4
f 18357/4/4 18358/4/4 18363/4/4
f 18363/4/4 18358/4/4 18364/4/4
f 18359/1/4 18360/1/4 18367/1/4
f 18367/1/4 18360/1/4 18368/1/4
f 18365/1/4 18366/1/4 18373/1/4
f 18373/1/4 18366/1/4 18374/1/4
f 18369/4/4 18370/4/4 18375/4/4
f 18375/4/4 18370/4/4 18376/4/4
f 18371/4/4 18372/4/4 18377/4/4
f 18377/4/4 18372/4/4 18378/4/4
f 18379/4/4 18380/4/4 18385/4/4
f 18385/4/4 18380/4/4 18386/4/4
f 18381/4/4 18382/4/4 18387/4/4
f 18387/4/4 18382/4/4 18388/4/4
f 18383/1/4 18384/1/4 18391/1/4
f 18391/1/4 18384/1/4 18392/1/4
f 18389/1/4 18390/1/4 18397/1/4
f 18397/1/4 18390/1/4 18398/1/4
f 18393/4/4 18394/4/4 18399/4/4
f 18399/4/4 18394/4/4 18400/4/4
f 18395/4/4 18396/4/4 18401/4/4
f 18401/4/4 18396/4/4 18402/4/4
f 18403/4/4 18404/4/4 18409/4/4
f 18409/4/4 18404/4/4 18410/4/4
f 18405/4/4 18406/4/4 18411/4/4
f 18411/4/4 18406/4/4 18412/4/4
f 18407/1/4 18408/1/4 18415/1/4
f 18415/1/4 18408/1/4 18416/1/4
f 18413/1/4 18414/1/4 18421/1/4
f 18421/1/4 18414/1/4 18422/1/4
f 18417/4/4 18418/4/4 18423/4/4
f 18423/4/4 18418/4/4 18424/4/4
f 18419/4/4 18420/4/4 18425/4/4
f 18425/4/4 18420/4/4 18426/4/4
f 18427/4/4 18428/4/4 18433/4/4
f 18433/4/4 18428/4/4 18434/4/4
f 18429/4/4 18430/4/4 18435/4/4
f 18435/4/4 18430/4/4 18436/4/4
f 18431/1/4 18432/1/4 18439/1/4
f 18439/1/4 18432/1/4 18440/1/4
f 18437/1/4 18438/1/4 18445/1/4
f 18445/1/4 18438/1/4 18446/1/4
f 18441/4/4 18442/4/4 18447/4/4
f 18447/4/4 18442/4/4 18448/4/4
f 18443/4/4 18444/4/4 18449/4/4
f 18449/4/4 18444/4/4 18450/4/4
f 18451/4/4 18452/4/4 18457/4/4
f 18457/4/4 18452/4/4 18458/4/4
f 18453/4/4 18454/4/4 18459/4/4
f 18459/4/4 18454/4/4 18460/4/4
f 18455/1/4 18456/1/4 18463/1/4
f 18463/1/4 18456/1/4 18464/1/4
f 18461/1/4 18462/1/4 18469/1/4
f 18469/1/4 18462/1/4 18470/1/4
f 18465/4/4 18466/4/4 18471/4/4
f 18471/4/4 18466/4/4 18472/4/4
f 18467/4/4 18468/4/4 18473/4/4
f 18473/4/4 18468/4/4 18474/4/4
f 18475/4/4 18476/4/4 18481/4/4
f 18481/4/4 18476/4/4 18482/4/4
f 18477/4/4 18478/4/4 18483/4/4
f 18483/4/4 18478/4/4 18484/4/4
f 18479/1/4 18480/1/4 18487/1/4
f 18487/1/4 18480/1/4 18488/1/4
f 18485/1/4 18486/1/4 18493/1/4
f 18493/1/4 18486/1/4 18494/1/4
f 18489/4/4 18490/4/4 18495/4/4
f 18495/4/4 18490/4/4 18496/4/4
f 18491/4/4 18492/4/4 18497/4/4
f 18497/4/4 18492/4/4 18498/4/4
f 18499/4/4 18500/4/4 18505/4/4
f 18505/4/4 18500/4/4 18506/4/4
f 18501/4/4 18502/4/4 18507/4/4
f 18507/4/4 18502/4/4 18508/4/4
f 18503/1/4 18504/1/4 18511/1/4
f 18511/1/4 18504/1/4 18512/1/4
f 18509/1/4 18510/1/4 18517/1/4
f 18517/1/4 18510/1/4 18518/1/4
f 18513/4/4 18514/4/4 18519/4/4
f 18519/4/4 18514/4/4 18520/4/4
f 18515/4/4 18516/4/4 18521/4/4
f 18521/4/4 18516/4/4 18522/4/4
f 18523/4/4 18524/4/4 18527/4/4
f 18527/4/4 18524/4/4 18528/4/4
f 18525/1/4 18526/1/4 18531/1/4
f 18531/1/4 18526/1/4 18532/1/4
f 18529/1/4 18530/1/4 18535/1/4
f 18535/1/4 18530/1/4 18536/1/4
f 18533/4/4 18534/4/4 18537/4/4
f 18537/4/4 18534/4/4 18538/4/4
f 18539/1/4 18540/1/4 18543/1/4
f 18543/1/4 18540/1/4 18544/1/4
f 18541/1/4 18542/1/4 18545/1/4
f 18545/1/4 18542/1/4 18546/1/4
f 18547/1/4 18548/1/4 18551/1/4
f 18551/1/4 18548/1/4 18552/1/4
f 18549/1/4 18550/1/4 18553/1/4
f 18553/1/4 18550/1/4 18554/1/4
f 18555/1/4 18556/1/4 18557/1/4
f 18557/1/4 18556/1/4 18558/1/4
f 18561/1/5 18560/1/5 18559/1/5
f 18562/1/5 18560/1/5 18561/1/5
f 18565/1/5 18564/1/5 18563/1/5
f 18566/1/5 18564/1/5 18565/1/5
f 18569/1/5 18568/1/5 18567/1/5
f 18570/1/5 18568/1/5 18569/1/5
f 18573/1/5 18572/1/5 18571/1/5
f 18574/1/5 18572/1/5 18573/1/5
f 18577/1/5 18576/1/5 18575/1/5
f 18578/1/5 18576/1/5 18577/1/5
f 18581/1/5 18580/1/5 18579/1/5
f 18582/1/5 18580/1/5 18581/1/5
f 18587/4/5 18584/4/5 18583/4/5
f 18588/4/5 18584/4/5 18587/4/5
f 18589/4/5 18586/4/5 18585/4/5
f 18590/4/5 18586/4/5 18589/4/5
f 18593/1/5 18592/1/5 18591/1/5
f 18594/1/5 18592/1/5 18593/1/5
f 18597/1/5 18596/1/5 18595/1/5
f 18598/1/5 18596/1/5 18597/1/5
f 18603/4/5 18600/4/5 18599/4/5
f 18604/4/5 18600/4/5 18603/4/5
f 18605/4/5 18602/4/5 18601/4/5
f 18606/4/5 18602/4/5 18605/4/5
f 18611/4/5 18608/4/5 18607/4/5
f 18612/4/5 18608/4/5 18611/4/5
f 18613/4/5 18610/4/5 18609/4/5
f 18614/4/5 18610/4/5 18613/4/5
f 18617/1/5 18616/1/5 18615/1/5
f 18618/1/5 18616/1/5 18617/1/5
f 18621/1/5 18620/1/5 18619/1/5
f 18622/1/5 18620/1/5 18621/1/5
f 18627/4/5 18624/4/5 18623/4/5
f 18628/4/5 18624/4/5 18627/4/5
f 18629/4/5 18626/4/5 18625/4/5
f 18630/4/5 18626/4/5 18629/4/5
f 18635/4/5 18632/4/5 18631/4/5
f 18636/4/5 18632/4/5 18635/4/5
f 18637/4/5 18634/4/5 18633/4/5
f 18638/4/5 18634/4/5 18637/4/5
f 18641/1/5 18640/1/5 18639/1/5
f 18642/1/5 18640/1/5 18641/1/5
f 18645/1/5 18644/1/5 18643/1/5
f 18646/1/5 18644/1/5 18645/1/5
f 18651/4/5 18648/4/5 18647/4/5
f 18652/4/5 18648/4/5 18651/4/5
f 18653/4/5 18650/4/5 18649/4/5
f 18654/4/5 18650/4/5 18653/4/5
f 18659/4/5 18656/4/5 18655/4/5
f 18660/4/5 18656/4/5 18659/4/5
f 18661/4/5 18658/4/5 18657/4/5
f 18662/4/5 18658/4/5 18661/4/5
f 18665/1/5 18664/1/5 18663/1/5
f 18666/1/5 18664/1/5 18665/1/5
f 18669/1/5 18668/1/5 18667/1/5
f 18670/1/5 18668/1/5 18669/1/5
f 18675/4/5 18672/4/5 18671/4/5
f 18676/4/5 18672/4/5 18675/4/5
f 18677/4/5 18674/4/5 18673/4/5
f 18678/4/5 18674/4/5 18677/4/5
f 18683/4/5 18680/4/5 18679/4/5
f 18684/4/5 18680/4/5 18683/4/5
f 18685/4/5 18682/4/5 18681/4/5
f 18686/4/5 18682/4/5 18685/4/5
f 18689/1/5 18688/1/5 18687/1/5
f 18690/1/5 18688/1/5 18689/1/5
f 18693/1/5 18692/1/5 18691/1/5
f 18694/1/5 18692/1/5 18693/1/5
f 18699/4/5 18696/4/5 18695/4/5
f 18700/4/5 18696/4/5 18699/4/5
f 18701/4/5 18698/4/5 18697/4/5
f 18702/4/5 18698/4/5 18701/4/5
f 18707/4/5 18704/4/5 18703/4/5
f 18708/4/5 18704/4/5 18707/4/5
f 18709/4/5 18706/4/5 18705/4/5
f 18710/4/5 18706/4/5 18709/4/5
f 18713/1/5 18712/1/5 18711/1/5
f 18714/1/5 18712/1/5 18713/1/5
f 18717/1/5 18716/1/5 18715/1/5
f 18718/1/5 18716/1/5 18717/1/5
f 18723/4/5 18720/4/5 18719/4/5
f 18724/4/5 18720/4/5 18723/4/5
f 18725/4/5 18722/4/5 18721/4/5
f 18726/4/5 18722/4/5 18725/4/5
f 18731/4/5 18728/4/5 18727/4/5
f 18732/4/5 18728/4/5 18731/4/5
f 18733/4/5 18730/4/5 18729/4/5
f 18734/4/5 18730/4/5 18733/4/5
f 18737/1/5 18736/1/5 18735/1/5
f 18738/1/5 18736/1/5 18737/1/5
f 18741/1/5 18740/1/5 18739/1/5
f 18742/1/5 18740/1/5 18741/1/5
f 18747/4/5 18744/4/5 18743/4/5
f 18748/4/5 18744/4/5 18747/4/5
f 18749/4/5 18746/4/5 18745/4/5
f 18750/4/5 18746/4/5 18749/4/5
f 18755/4/5 18752/4/5 18751/4/5
f 18756/4/5 18752/4/5 18755/4/5
f 18757/4/5 18754/4/5 18753/4/5
f 18758/4/5 18754/4/5 18757/4/5
f 18761/1/5 18760/1/5 18759/1/5
f 18762/1/5 18760/1/5 18761/1/5
f 18765/1/5 18764/1/5 18763/1/5
f 18766/1/5 18764/1/5 18765/1/5
f 18771/4/5 18768/4/5 18767/4/5
f 18772/4/5 18768/4/5 18771/4/5
f 18773/4/5 18770/4/5 18769/4/5
f 18774/4/5 18770/4/5 18773/4/5
f 18779/4/5 18776/4/5 18775/4/5
f 18780/4/5 18776/4/5 18779/4/5
f 18781/4/5 18778/4/5 18777/4/5
f 18782/4/5 18778/4/5 18781/4/5
f 18787/4/5 18784/4/5 18783/4/5
f 18788/4/5 18784/4/5 18787/4/5
f 18789/4/5 18786/4/5 18785/4/5
f 18790/4/5 18786/4/5 18789/4/5
f 18795/4/5 18792/4/5 18791/4/5
f 18796/4/5 18792/4/5 18795/4/5
f 18797/4/5 18794/4/5 18793/4/5
f 18798/4/5 18794/4/5 18797/4/5
f 18801/1/5 18800/1/5 18799/1/5
f 18802/1/5 18800/1/5 18801/1/5
f 18805/1/5 18804/1/5 18803/1/5
f 18806/1/5 18804/1/5 18805/1/5
f 18811/4/5 18808/4/5 18807/4/5
f 18812/4/5 18808/4/5 18811/4/5
f 18813/4/5 18810/4/5 18809/4/5
f 18814/4/5 18810/4/5 18813/4/5
f 18819/4/5 18816/4/5 18815/4/5
f 18820/4/5 18816/4/5 18819/4/5
f 18821/4/5 18818/4/5 18817/4/5
f 18822/4/5 18818/4/5 18821/4/5
f 18825/1/5 18824/1/5 18823/1/5
f 18826/1/5 18824/1/5 18825/1/5
f 18829/1/5 18828/1/5 18827/1/5
f 18830/1/5 18828/1/5 18829/1/5
f 18835/4/5 18832/4/5 18831/4/5
f 18836/4/5 18832/4/5 18835/4/5
f 18837/4/5 18834/4/5 18833/4/5
f 18838/4/5 18834/4/5 18837/4/5
f 18843/4/5 18840/4/5 18839/4/5
f 18844/4/5 18840/4/5 18843/4/5
f 18845/4/5 18842/4/5 18841/4/5
f 18846/4/5 18842/4/5 18845/4/5
f 18851/4/5 18848/4/5 18847/4/5
f 18852/4/5 18848/4/5 18851/4/5
f 18853/4/5 18850/4/5 18849/4/5
f 18854/4/5 18850/4/5 18853/4/5
f 18859/4/5 18856/4/5 18855/4/5
f 18860/4/5 18856/4/5 18859/4/5
f 18861/4/5 18858/4/5 18857/4/5
f 18862/4/5 18858/4/5 18861/4/5
f 18865/1/5 18864/1/5 18863/1/5
f 18866/1/5 18864/1/5 18865/1/5
f 18869/1/5 18868/1/5 18867/1/5
f 18870/1/5 18868/1/5 18869/1/5
f 18875/4/5 18872/4/5 18871/4/5
f 18876/4/5 18872/4/5 18875/4/5
f 18877/4/5 18874/4/5 18873/4/5
f 18878/4/5 18874/4/5 18877/4/5
f 18883/4/5 18880/4/5 18879/4/5
f 18884/4/5 18880/4/5 18883/4/5
f 18885/4/5 18882/4/5 18881/4/5
f 18886/4/5 18882/4/5 18885/4/5
f 18889/1/5 18888/1/5 18887/1/5
f 18890/1/5 18888/1/5 18889/1/5
f 18893/1/5 18892/1/5 18891/1/5
f 18894/1/5 18892/1/5 18893/1/5
f 18899/4/5 18896/4/5 18895/4/5
f 18900/4/5 18896/4/5 18899/4/5
f 18901/4/5 18898/4/5 18897/4/5
f 18902/4/5 18898/4/5 18901/4/5
f 18907/4/5 18904/4/5 18903/4/5
f 18908/4/5 18904/4/5 18907/4/5
f 18909/4/5 18906/4/5 18905/4/5
f 18910/4/5 18906/4/5 18909/4/5
f 18915/4/5 18912/4/5 18911/4/5
f 18916/4/5 18912/4/5 18915/4/5
f 18917/4/5 18914/4/5 18913/4/5
f 18918/4/5 18914/4/5 18917/4/5
f 18923/4/5 18920/4/5 18919/4/5
f 18924/4/5 18920/4/5 18923/4/5
f 18925/4/5 18922/4/5 18921/4/5
f 18926/4/5 18922/4/5 18925/4/5
f 18929/1/5 18928/1/5 18927/1/5
f 18930/1/5 18928/1/5 18929/1/5
f 18933/1/5 18932/1/5 18931/1/5
f 18934/1/5 18932/1/5 18933/1/5
f 18939/4/5 18936/4/5 18935/4/5
f 18940/4/5 18936/4/5 18939/4/5
f 18941/4/5 18938/4/5 18937/4/5
f 18942/4/5 18938/4/5 18941/4/5
f 18947/4/5 18944/4/5 18943/4/5
f 18948/4/5 18944/4/5 18947/4/5
f 18949/4/5 18946/4/5 18945/4/5
f 18950/4/5 18946/4/5 18949/4/5
f 18953/1/5 18952/1/5 18951/1/5
f 18954/1/5 18952/1/5 18953/1/5
f 18957/1/5 18956/1/5 18955/1/5
f 18958/1/5 18956/1/5 18957/1/5
f 18963/4/5 18960/4/5 18959/4/5
f 18964/4/5 18960/4/5 18963/4/5
f 18965/4/5 18962/4/5 18961/4/5
f 18966/4/5 18962/4/5 18965/4/5
f 18971/4/5 18968/4/5 18967/4/5
f 18972/4/5 18968/4/5 18971/4/5
f 18973/4/5 18970/4/5 18969/4/5
f 18974/4/5 18970/4/5 18973/4/5
f 18979/4/5 18976/4/5 18975/4/5
f 18980/4/5 18976/4/5 18979/4/5
f 18981/4/5 18978/4/5 18977/4/5
f 18982/4/5 18978/4/5 18981/4/5
f 18987/4/5 18984/4/5 18983/4/5
f 18988/4/5 18984/4/5 18987/4/5
f 18989/4/5 18986/4/5 18985/4/5
f 18990/4/5 18986/4/5 18989/4/5
f 18993/1/5 18992/1/5 18991/1/5
f 18994/1/5 18992/1/5 18993/1/5
f 18997/1/5 18996/1/5 18995/1/5
f 18998/1/5 18996/1/5 18997/1/5
f 19003/4/5 19000/4/5 18999/4/5
f 19004/4/5 19000/4/5 19003/4/5
f 19005/4/5 19002/4/5 19001/4/5
f 19006/4/5 19002/4/5 19005/4/5
f 19011/4/5 19008/4/5 19007/4/5
f 19012/4/5 19008/4/5 19011/4/5
f 19013/4/5 19010/4/5 19009/4/5
f 19014/4/5 19010/4/5 19013/4/5
f 19017/1/5 19016/1/5 19015/1/5
f 19018/1/5 19016/1/5 19017/1/5
f 19021/1/5 19020/1/5 19019/1/5
f 19022/1/5 19020/1/5 19021/1/5
f 19027/4/5 19024/4/5 19023/4/5
f 19028/4/5 19024/4/5 19027/4/5
f 19029/4/5 19026/4/5 19025/4/5
f 19030/4/5 19026/4/5 19029/4/5
f 19035/4/5 19032/4/5 19031/4/5
f 19036/4/5 19032/4/5 19035/4/5
f 19037/4/5 19034/4/5 19033/4/5
f 19038/4/5 19034/4/5 19037/4/5
f 19043/4/5 19040/4/5 19039/4/5
f 19044/4/5 19040/4/5 19043/4/5
f 19045/4/5 19042/4/5 19041/4/5
f 19046/4/5 19042/4/5 19045/4/5
f 19051/4/5 19048/4/5 19047/4/5
f 19052/4/5 19048/4/5 19051/4/5
f 19053/4/5 19050/4/5 19049/4/5
f 19054/4/5 19050/4/5 19053/4/5
f 19057/1/5 19056/1/5 19055/1/5
f 19058/1/5 19056/1/5 19057/1/5
f 19061/1/5 19060/1/5 19059/1/5
f 19062/1/5 19060/1/5 19061/1/5
f 19067/4/5 19064/4/5 19063/4/5
f 19068/4/5 19064/4/5 19067/4/5
f 19069/4/5 19066/4/5 19065/4/5
f 19070/4/5 19066/4/5 19069/4/5
f 19075/4/5 19072/4/5 19071/4/5
f 19076/4/5 19072/4/5 19075/4/5
f 19077/4/5 19074/4/5 19073/4/5
f 19078/4/5 19074/4/5 19077/4/5
f 19081/1/5 19080/1/5 19079/1/5
f 19082/1/5 19080/1/5 19081/1/5
f 19085/1/5 19084/1/5 19083/1/5
f 19086/1/5 19084/1/5 19085/1/5
f 19091/4/5 19088/4/5 19087/4/5
f 19092/4/5 19088/4/5 19091/4/5
f 19093/4/5 19090/4/5 19089/4/5
f 19094/4/5 19090/4/5 19093/4/5
f 19099/4/5 19096/4/5 19095/4/5
f 19100/4/5 19096/4/5 19099/4/5
f 19101/4/5 19098/4/5 19097/4/5
f 19102/4/5 19098/4/5 19101/4/5
f 19107/4/5 19104/4/5 19103/4/5
f 19108/4/5 19104/4/5 19107/4/5
f 19109/4/5 19106/4/5 19105/4/5
f 19110/4/5 19106/4/5 19109/4/5
f 19115/4/5 19112/4/5 19111/4/5
f 19116/4/5 19112/4/5 19115/4/5
f 19117/4/5 19114/4/5 19113/4/5
f 19118/4/5 19114/4/5 19117/4/5
f 19121/1/5 19120/1/5 19119/1/5
f 19122/1/5 19120/1/5 19121/1/5
f 19125/1/5 19124/1/5 19123/1/5
f 19126/1/5 19124/1/5 19125/1/5
f 19131/4/5 19128/4/5 19127/4/5
f 19132/4/5 19128/4/5 19131/4/5
f 19133/4/5 19130/4/5 19129/4/5
f 19134/4/5 19130/4/5 19133/4/5
f 19139/4/5 19136/4/5 19135/4/5
f 19140/4/5 19136/4/5 19139/4/5
f 19141/4/5 19138/4/5 19137/4/5
f 19142/4/5 19138/4/5 19141/4/5
f 19147/4/5 19144/4/5 19143/4/5
f 19148/4/5 19144/4/5 19147/4/5
f 19149/4/5 19146/4/5 19145/4/5
f 19150/4/5 19146/4/5 19149/4/5
f 19155/4/5 19152/4/5 19151/4/5
f 19156/4/5 19152/4/5 19155/4/5
f 19157/4/5 19154/4/5 19153/4/5
f 19158/4/5 19154/4/5 19157/4/5
f 19161/1/5 19160/1/5 19159/1/5
f 19162/1/5 19160/1/5 19161/1/5
f 19167/4/5 19164/4/5 19163/4/5
f 19168/4/5 19164/4/5 19167/4/5
f 19169/4/5 19166/4/5 19165/4/5
f 19170/4/5 19166/4/5 19169/4/5
f 19175/4/5 19172/4/5 19171/4/5
f 19176/4/5 19172/4/5 19175/4/5
f 19177/4/5 19174/4/5 19173/4/5
f 19178/4/5 19174/4/5 19177/4/5
f 19183/4/5 19180/4/5 19179/4/5
f 19184/4/5 19180/4/5 19183/4/5
f 19185/4/5 19182/4/5 19181/4/5
f 19186/4/5 19182/4/5 19185/4/5
f 19191/4/5 19188/4/5 19187/4/5
f 19192/4/5 19188/4/5 19191/4/5
f 19193/4/5 19190/4/5 19189/4/5
f 19194/4/5 19190/4/5 19193/4/5
f 19199/4/5 19196/4/5 19195/4/5
f 19200/4/5 19196/4/5 19199/4/5
f 19201/4/5 19198/4/5 19197/4/5
f 19202/4/5 19198/4/5 19201/4/5
f 19207/4/5 19204/4/5 19203/4/5
f 19208/4/5 19204/4/5 19207/4/5
f 19209/4/5 19206/4/5 19205/4/5
f 19210/4/5 19206/4/5 19209/4/5
f 19213/1/5 19212/1/5 19211/1/5
f 19214/1/5 19212/1/5 19213/1/5
f 19219/4/5 19216/4/5 19215/4/5
f 19220/4/5 19216/4/5 19219/4/5
f 19221/4/5 19218/4/5 19217/4/5
f 19222/4/5 19218/4/5 19221/4/5
f 19227/4/5 19224/4/5 19223/4/5
f 19228/4/5 19224/4/5 19227/4/5
f 19229/4/5 19226/4/5 19225/4/5
f 19230/4/5 19226/4/5 19229/4/5
f 19233/1/5 19232/1/5 19231/1/5
f 19234/1/5 19232/1/5 19233/1/5
f 19237/1/5 19236/1/5 19235/1/5
f 19238/1/5 19236/1/5 19237/1/5
f 19243/4/5 19240/4/5 19239/4/5
f 19244/4/5 19240/4/5 19243/4/5
f 19245/4/5 19242/4/5 19241/4/5
f 19246/4/5 19242/4/5 19245/4/5
f 19251/4/5 19248/4/5 19247/4/5
f 19252/4/5 19248/4/5 19251/4/5
f 19253/4/5 19250/4/5 19249/4/5
f 19254/4/5 19250/4/5 19253/4/5
f 19259/4/5 19256/4/5 19255/4/5
f 19260/4/5 19256/4/5 19259/4/5
f 19261/4/5 19258/4/5 19257/4/5
f 19262/4/5 19258/4/5 19261/4/5
f 19267/4/5 19264/4/5 19263/4/5
f 19268/4/5 19264/4/5 19267/4/5
f 19269/4/5 19266/4/5 19265/4/5
f 19270/4/5 19266/4/5 19269/4/5
f 19275/4/5 19272/4/5 19271/4/5
f 19276/4/5 19272/4/5 19275/4/5
f 19277/4/5 19274/4/5 19273/4/5
f 19278/4/5 19274/4/5 19277/4/5
f 19283/4/5 19280/4/5 19279/4/5
f 19284/4/5 19280/4/5 19283/4/5
f 19285/4/5 19282/4/5 19281/4/5
f 19286/4/5 19282/4/5 19285/4/5
f 19289/1/5 19288/1/5 19287/1/5
f 19290/1/5 19288/1/5 19289/1/5
f 19293/1/5 19292/1/5 19291/1/5
f 19294/1/5 19292/1/5 19293/1/5
f 19299/4/5 19296/4/5 19295/4/5
f 19300/4/5 19296/4/5 19299/4/5
f 19301/4/5 19298/4/5 19297/4/5
f 19302/4/5 19298/4/5 19301/4/5
f 19307/4/5 19304/4/5 19303/4/5
f 19308/4/5 19304/4/5 19307/4/5
f 19309/4/5 19306/4/5 19305/4/5
f 19310/4/5 19306/4/5 19309/4/5
f 19315/4/5 19312/4/5 19311/4/5
f 19316/4/5 19312/4/5 19315/4/5
f 19317/4/5 19314/4/5 19313/4/5
f 19318/4/5 19314/4/5 19317/4/5
f 19323/4/5 19320/4/5 19319/4/5
f 19324/4/5 19320/4/5 19323/4/5
f 19325/4/5 19322/4/5 19321/4/5
f 19326/4/5 19322/4/5 19325/4/5
f 19329/1/5 19328/1/5 19327/1/5
f 19330/1/5 19328/1/5 19329/1/5
f 19335/4/5 19332/4/5 19331/4/5
f 19336/4/5 19332/4/5 19335/4/5
f 19337/4/5 19334/4/5 19333/4/5
f 19338/4/5 19334/4/5 19337/4/5
f 19343/4/5 19340/4/5 19339/4/5
f 19344/4/5 19340/4/5 19343/4/5
f 19345/4/5 19342/4/5 19341/4/5
f 19346/4/5 19342/4/5 19345/4/5
f 19351/4/5 19348/4/5 19347/4/5
f 19352/4/5 19348/4/5 19351/4/5
f 19353/4/5 19350/4/5 19349/4/5
f 19354/4/5 19350/4/5 19353/4/5
f 19359/4/5 19356/4/5 19355/4/5
f 19360/4/5 19356/4/5 19359/4/5
f 19361/4/5 19358/4/5 19357/4/5
f 19362/4/5 19358/4/5 19361/4/5
f 19367/4/5 19364/4/5 19363/4/5
f 19368/4/5 19364/4/5 19367/4/5
f 19369/4/5 19366/4/5 19365/4/5
f 19370/4/5 19366/4/5 19369/4/5
f 19375/4/5 19372/4/5 19371/4/5
f 19376/4/5 19372/4/5 19375/4/5
f 19377/4/5 19374/4/5 19373/4/5
f 19378/4/5 19374/4/5 19377/4/5
f 19381/1/5 19380/1/5 19379/1/5
f 19382/1/5 19380/1/5 19381/1/5
f 19387/4/5 19384/4/5 19383/4/5
f 19388/4/5 19384/4/5 19387/4/5
f 19389/4/5 19386/4/5 19385/4/5
f 19390/4/5 19386/4/5 19389/4/5
f 19395/4/5 19392/4/5 19391/4/5
f 19396/4/5 19392/4/5 19395/4/5
f 19397/4/5 19394/4/5 19393/4/5
f 19398/4/5 19394/4/5 19397/4/5
f 19401/1/5 19400/1/5 19399/1/5
f 19402/1/5 19400/1/5 19401/1/5
f 19407/4/5 19404/4/5 19403/4/5
f 19408/4/5 19404/4/5 19407/4/5
f 19409/4/5 19406/4/5 19405/4/5
f 19410/4/5 19406/4/5 19409/4/5
f 19415/4/5 19412/4/5 19411/4/5
f 19416/4/5 19412/4/5 19415/4/5
f 19417/4/5 19414/4/5 19413/4/5
f 19418/4/5 19414/4/5 19417/4/5
f 19423/4/5 19420/4/5 19419/4/5
f 19424/4/5 19420/4/5 19423/4/5
f 19425/4/5 19422/4/5 19421/4/5
f 19426/4/5 19422/4/5 19425/4/5
f 19431/4/5 19428/4/5 19427/4/5
f 19432/4/5 19428/4/5 19431/4/5
f 19433/4/5 19430/4/5 19429/4/5
f 19434/4/5 19430/4/5 19433/4/5
f 19439/4/5 19436/4/5 19435/4/5
f 19440/4/5 19436/4/5 19439/4/5
f 19441/4/5 19438/4/5 19437/4/5
f 19442/4/5 19438/4/5 19441/4/5
f 19447/4/5 19444/4/5 19443/4/5
f 19448/4/5 19444/4/5 19447/4/5
f 19449/4/5 19446/4/5 19445/4/5
f 19450/4/5 19446/4/5 19449/4/5
f 19453/1/5 19452/1/5 19451/1/5
f 19454/1/5 19452/1/5 19453/1/5
f 19459/4/5 19456/4/5 19455/4/5
f 19460/4/5 19456/4/5 19459/4/5
f 19461/4/5 19458/4/5 19457/4/5
f 19462/4/5 19458/4/5 19461/4/5
f 19467/4/5 19464/4/5 19463/4/5
f 19468/4/5 19464/4/5 19467/4/5
f 19469/4/5 19466/4/5 19465/4/5
f 19470/4/5 19466/4/5 19469/4/5
f 19475/4/5 19472/4/5 19471/4/5
f 19476/4/5 19472/4/5 19475/4/5
f 19477/4/5 19474/4/5 19473/4/5
f 19478/4/5 19474/4/5 19477/4/5
f 19483/4/5 19480/4/5 19479/4/5
f 19484/4/5 19480/4/5 19483/4/5
f 19485/4/5 19482/4/5 19481/4/5
f 19486/4/5 19482/4/5 19485/4/5
f 19489/1/5 19488/1/5 19487/1/5
f 19490/1/5 19488/1/5 19489/1/5
f 19493/1/5 19492/1/5 19491/1/5
f 19494/1/5 19492/1/5 19493/1/5
f 19499/4/5 19496/4/5 19495/4/5
f 19500/4/5 19496/4/5 19499/4/5
f 19501/4/5 19498/4/5 19497/4/5
f 19502/4/5 19498/4/5 19501/4/5
f 19507/4/5 19504/4/5 19503/4/5
f 19508/4/5 19504/4/5 19507/4/5
f 19509/4/5 19506/4/5 19505/4/5
f 19510/4/5 19506/4/5 19509/4/5
f 19515/4/5 19512/4/5 19511/4/5
f 19516/4/5 19512/4/5 19515/4/5
f 19517/4/5 19514/4/5 19513/4/5
f 19518/4/5 19514/4/5 19517/4/5
f 19523/4/5 19520/4/5 19519/4/5
f 19524/4/5 19520/4/5 19523/4/5
f 19525/4/5 19522/4/5 19521/4/5
f 19526/4/5 19522/4/5 19525/4/5
f 19529/1/5 19528/1/5 19527/1/5
f 19530/1/5 19528/1/5 19529/1/5
f 19535/4/5 19532/4/5 19531/4/5
f 19536/4/5 19532/4/5 19535/4/5
f 19537/4/5 19534/4/5 19533/4/5
f 19538/4/5 19534/4/5 19537/4/5
f 19543/4/5 19540/4/5 19539/4/5
f 19544/4/5 19540/4/5 19543/4/5
f 19545/4/5 19542/4/5 19541/4/5
f 19546/4/5 19542/4/5 19545/4/5
f 19551/4/5 19548/4/5 19547/4/5
f 19552/4/5 19548/4/5 19551/4/5
f 19553/4/5 19550/4/5 19549/4/5
f 19554/4/5 19550/4/5 19553/4/5
f 19559/4/5 19556/4/5 19555/4/5
f 19560/4/5 19556/4/5 19559/4/5
f 19561/4/5 19558/4/5 19557/4/5
f 19562/4/5 19558/4/5 19561/4/5
f 19565/1/5 19564/1/5 19563/1/5
f 19566/1/5 19564/1/5 19565/1/5
f 19571/4/5 19568/4/5 19567/4/5
f 19572/4/5 19568/4/5 19571/4/5
f 19573/4/5 19570/4/5 19569/4/5
f 19574/4/5 19570/4/5 19573/4/5
f 19579/4/5 19576/4/5 19575/4/5
f 19580/4/5 19576/4/5 19579/4/5
f 19581/4/5 19578/4/5 19577/4/5
f 19582/4/5 19578/4/5 19581/4/5
f 19587/4/5 19584/4/5 19583/4/5
f 19588/4/5 19584/4/5 19587/4/5
f 19589/4/5 19586/4/5 19585/4/5
f 19590/4/5 19586/4/5 19589/4/5
f 19595/4/5 19592/4/5 19591/4/5
f 19596/4/5 19592/4/5 19595/4/5
f 19597/4/5 19594/4/5 19593/4/5
f 19598/4/5 19594/4/5 19597/4/5
f 19601/1/5 19600/1/5 19599/1/5
f 19602/1/5 19600/1/5 19601/1/5
f 19607/4/5 19604/4/5 19603/4/5
f 19608/4/5 19604/4/5 19607/4/5
f 19609/4/5 19606/4/5 19605/4/5
f 19610/4/5 19606/4/5 19609/4/5
f 19615/4/5 19612/4/5 19611/4/5
f 19616/4/5 19612/4/5 19615/4/5
f 19617/4/5 19614/4/5 19613/4/5
f 19618/4/5 19614/4/5 19617/4/5
f 19623/4/5 19620/4/5 19619/4/5
f 19624/4/5 19620/4/5 19623/4/5
f 19625/4/5 19622/4/5 19621/4/5
f 19626/4/5 19622/4/5 19625/4/5
f 19631/4/5 19628/4/5 19627/4/5
f 19632/4/5 19628/4/5 19631/4/5
f 19633/4/5 19630/4/5 19629/4/5
f 19634/4/5 19630/4/5 19633/4/5
f 19639/4/5 19636/4/5 19635/4/5
f 19640/4/5 19636/4/5 19639/4/5
f 19641/4/5 19638/4/5 19637/4/5
f 19642/4/5 19638/4/5 19641/4/5
f 19647/4/5 19644/4/5 19643/4/5
f 19648/4/5 19644/4/5 19647/4/5
f 19649/4/5 19646/4/5 19645/4/5
f 19650/4/5 19646/4/5 19649/4/5
f 19653/1/5 19652/1/5 19651/1/5
f 19654/1/5 19652/1/5 19653/1/5
f 19659/4/5 19656/4/5 19655/4/5
f 19660/4/5 19656/4/5 19659/4/5
f 19661/4/5 19658/4/5 19657/4/5
f 19662/4/5 19658/4/5 19661/4/5
f 19667/4/5 19664/4/5 19663/4/5
f 19668/4/5 19664/4/5 19667/4/5
f 19669/4/5 19666/4/5 19665/4/5
f 19670/4/5 19666/4/5 19669/4/5
f 19675/4/5 19672/4/5 19671/4/5
f 19676/4/5 19672/4/5 19675/4/5
f 19677/4/5 19674/4/5 19673/4/5
f 19678/4/5 19674/4/5 19677/4/5
f 19683/4/5 19680/4/5 19679/4/5
f 19684/4/5 19680/4/5 19683/4/5
f 19685/4/5 19682/4/5 19681/4/5
f 19686/4/5 19682/4/5 19685/4/5
f 19689/1/5 19688/1/5 19687/1/5
f 19690/1/5 19688/1/5 19689/1/5
f 19695/4/5 19692/4/5 19691/4/5
f 19696/4/5 19692/4/5 19695/4/5
f 19697/4/5 19694/4/5 19693/4/5
f 19698/4/5 19694/4/5 19697/4/5
f 19703/4/5 19700/4/5 19699/4/5
f 19704/4/5 19700/4/5 19703/4/5
f 19705/4/5 19702/4/5 19701/4/5
f 19706/4/5 19702/4/5 19705/4/5
f 19711/4/5 19708/4/5 19707/4/5
f 19712/4/5 19708/4/5 19711/4/5
f 19713/4/5 19710/4/5 19709/4/5
f 19714/4/5 19710/4/5 19713/4/5
f 19719/4/5 19716/4/5 19715/4/5
f 19720/4/5 19716/4/5 19719/4/5
f 19721/4/5 19718/4/5 19717/4/5
f 19722/4/5 19718/4/5 19721/4/5
f 19727/4/5 19724/4/5 19723/4/5
f 19728/4/5 19724/4/5 19727/4/5
f 19729/4/5 19726/4/5 19725/4/5
f 19730/4/5 19726/4/5 19729/4/5
f 19735/4/5 19732/4/5 19731/4/5
f 19736/4/5 19732/4/5 19735/4/5
f 19737/4/5 19734/4/5 19733/4/5
f 19738/4/5 19734/4/5 19737/4/5
f 19743/4/5 19740/4/5 19739/4/5
f 19744/4/5 19740/4/5 19743/4/5
f 19745/4/5 19742/4/5 19741/4/5
f 19746/4/5 19742/4/5 19745/4/5
f 19751/4/5 19748/4/5 19747/4/5
f 19752/4/5 19748/4/5 19751/4/5
f 19753/4/5 19750/4/5 19749/4/5
f 19754/4/5 19750/4/5 19753/4/5
f 19757/4/5 19756/4/5 19755/4/5
f 19758/4/5 19756/4/5 19757/4/5
f 19761/4/5 19760/4/5 19759/4/5
f 19762/4/5 19760/4/5 19761/4/5
f 19767/4/5 19764/4/5 19763/4/5
f 19768/4/5 19764/4/5 19767/4/5
f 19769/4/5 19766/4/5 19765/4/5
f 19770/4/5 19766/4/5 19769/4/5
f 19775/4/5 19772/4/5 19771/4/5
f 19776/4/5 19772/4/5 19775/4/5
f 19777/4/5 19774/4/5 19773/4/5
f 19778/4/5 19774/4/5 19777/4/5
f 19781/1/5 19780/1/5 19779/1/5
f 19782/1/5 19780/1/5 19781/1/5
f 19787/4/5 19784/4/5 19783/4/5
f 19788/4/5 19784/4/5 19787/4/5
f 19789/4/5 19786/4/5 19785/4/5
f 19790/4/5 19786/4/5 19789/4/5
f 19795/4/5 19792/4/5 19791/4/5
f 19796/4/5 19792/4/5 19795/4/5
f 19797/4/5 19794/4/5 19793/4/5
f 19798/4/5 19794/4/5 19797/4/5
f 19803/4/5 19800/4/5 19799/4/5
f 19804/4/5 19800/4/5 19803/4/5
f 19805/4/5 19802/4/5 19801/4/5
f 19806/4/5 19802/4/5 19805/4/5
f 19811/4/5 19808/4/5 19807/4/5
f 19812/4/5 19808/4/5 19811/4/5
f 19813/4/5 19810/4/5 19809/4/5
f 19814/4/5 19810/4/5 19813/4/5
f 19819/4/5 19816/4/5 19815/4/5
f 19820/4/5 19816/4/5 19819/4/5
f 19821/4/5 19818/4/5 19817/4/5
f 19822/4/5 19818/4/5 19821/4/5
f 19827/4/5 19824/4/5 19823/4/5
f 19828/4/5 19824/4/5 19827/4/5
f 19829/4/5 19826/4/5 19825/4/5
f 19830/4/5 19826/4/5 19829/4/5
f 19835/4/5 19832/4/5 19831/4/5
f 19836/4/5 19832/4/5 19835/4/5
f 19837/4/5 19834/4/5 19833/4/5
f 19838/4/5 19834/4/5 19837/4/5
f 19843/4/5 19840/4/5 19839/4/5
f 19844/4/5 19840/4/5 19843/4/5
f 19845/4/5 19842/4/5 19841/4/5
f 19846/4/5 19842/4/5 19845/4/5
f 19849/1/5 19848/1/5 19847/1/5
f 19850/1/5 19848/1/5 19849/1/5
f 19855/4/5 19852/4/5 19851/4/5
f 19856/4/5 19852/4/5 19855/4/5
f 19857/4/5 19854/4/5 19853/4/5
f 19858/4/5 19854/4/5 19857/4/5
f 19863/4/5 19860/4/5 19859/4/5
f 19864/4/5 19860/4/5 19863/4/5
f 19865/4/5 19862/4/5 19861/4/5
f 19866/4/5 19862/4/5 19865/4/5
f 19871/4/5 19868/4/5 19867/4/5
f 19872/4/5 19868/4/5 19871/4/5
f 19873/4/5 19870/4/5 19869/4/5
f 19874/4/5 19870/4/5 19873/4/5
f 19879/4/5 19876/4/5 19875/4/5
f 19880/4/5 19876/4/5 19879/4/5
f 19881/4/5 19878/4/5 19877/4/5
f 19882/4/5 19878/4/5 19881/4/5
f 19887/4/5 19884/4/5 19883/4/5
f 19888/4/5 19884/4/5 19887/4/5
f 19889/4/5 19886/4/5 19885/4/5
f 19890/4/5 19886/4/5 19889/4/5
f 19895/4/5 19892/4/5 19891/4/5
f 19896/4/5 19892/4/5 19895/4/5
f 19897/4/5 19894/4/5 19893/4/5
f 19898/4/5 19894/4/5 19897/4/5
f 19903/4/5 19900/4/5 19899/4/5
f 19904/4/5 19900/4/5 19903/4/5
f 19905/4/5 19902/4/5 19901/4/5
f 19906/4/5 19902/4/5 19905/4/5
f 19911/4/5 19908/4/5 19907/4/5
f 19912/4/5 19908/4/5 19911/4/5
f 19913/4/5 19910/4/5 19909/4/5
f 19914/4/5 19910/4/5 19913/4/5
f 19917/1/5 19916/1/5 19915/1/5
f 19918/1/5 19916/1/5 19917/1/5
f 19923/4/5 19920/4/5 19919/4/5
f 19924/4/5 19920/4/5 19923/4/5
f 19925/4/5 19922/4/5 19921/4/5
f 19926/4/5 19922/4/5 19925/4/5
f 19931/4/5 19928/4/5 19927/4/5
f 19932/4/5 19928/4/5 19931/4/5
f 19933/4/5 19930/4/5 19929/4/5
f 19934/4/5 19930/4/5 19933/4/5
f 19939/4/5 19936/4/5 19935/4/5
f 19940/4/5 19936/4/5 19939/4/5
f 19941/4/5 19938/4/5 19937/4/5
f 19942/4/5 19938/4/5 19941/4/5
f 19947/4/5 19944/4/5 19943/4/5
f 19948/4/5 19944/4/5 19947/4/5
f 19949/4/5 19946/4/5 19945/4/5
f 19950/4/5 19946/4/5 19949/4/5
f 19955/4/5 19952/4/5 19951/4/5
f 19956/4/5 19952/4/5 19955/4/5
f 19957/4/5 19954/4/5 19953/4/5
f 19958/4/5 19954/4/5 19957/4/5
f 19963/4/5 19960/4/5 19959/4/5
f 19964/4/5 19960/4/5 19963/4/5
f 19965/4/5 19962/4/5 19961/4/5
f 19966/4/5 19962/4/5 19965/4/5
f 19969/1/5 19968/1/5 19967/1/5
f 19970/1/5 19968/1/5 19969/1/5
f 19975/4/5 19972/4/5 19971/4/5
f 19976/4/5 19972/4/5 19975/4/5
f 19977/4/5 19974/4/5 19973/4/5
f 19978/4/5 19974/4/5 19977/4/5
f 19983/4/5 19980/4/5 19979/4/5
f 19984/4/5 19980/4/5 19983/4/5
f 19985/4/5 19982/4/5 19981/4/5
f 19986/4/5 19982/4/5 19985/4/5
f 19991/4/5 19988/4/5 19987/4/5
f 19992/4/5 19988/4/5 19991/4/5
f 19993/4/5 19990/4/5 19989/4/5
f 19994/4/5 19990/4/5 19993/4/5
f 19999/4/5 19996/4/5 19995/4/5
f 20000/4/5 19996/4/5 19999/4/5
f 20001/4/5 19998/4/5 19997/4/5
f 20002/4/5 19998/4/5 20001/4/5
f 20007/4/5 20004/4/5 20003/4/5
f 20008/4/5 20004/4/5 20007/4/5
f 20009/4/5 20006/4/5 20005/4/5
f 20010/4/5 20006/4/5 20009/4/5
f 20015/4/5 20012/4/5 20011/4/5
f 20016/4/5 20012/4/5 20015/4/5
f 20017/4/5 20014/4/5 20013/4/5
f 20018/4/5 20014/4/5 20017/4/5
f 20023/4/5 20020/4/5 20019/4/5
f 20024/4/5 20020/4/5 20023/4/5
f 20025/4/5 20022/4/5 20021/4/5
f 20026/4/5 20022/4/5 20025/4/5
f 20031/4/5 20028/4/5 20027/4/5
f 20032/4/5 20028/4/5 20031/4/5
f 20033/4/5 20030/4/5 20029/4/5
f 20034/4/5 20030/4/5 20033/4/5
f 20039/4/5 20036/4/5 20035/4/5
f 20040/4/5 20036/4/5 20039/4/5
f 20041/4/5 20038/4/5 20037/4/5
f 20042/4/5 20038/4/5 20041/4/5
f 20047/4/5 20044/4/5 20043/4/5
f 20048/4/5 20044/4/5 20047/4/5
f 20049/4/5 20046/4/5 20045/4/5
f 20050/4/5 20046/4/5 20049/4/5
f 20053/1/5 20052/1/5 20051/1/5
f 20054/1/5 20052/1/5 20053/1/5
f 20059/4/5 20056/4/5 20055/4/5
f 20060/4/5 20056/4/5 20059/4/5
f 20061/4/5 20058/4/5 20057/4/5
f 20062/4/5 20058/4/5 20061/4/5
f 20067/4/5 20064/4/5 20063/4/5
f 20068/4/5 20064/4/5 20067/4/5
f 20069/4/5 20066/4/5 20065/4/5
f 20070/4/5 20066/4/5 20069/4/5
f 20075/4/5 20072/4/5 20071/4/5
f 20076/4/5 20072/4/5 20075/4/5
f 20077/4/5 20074/4/5 20073/4/5
f 20078/4/5 20074/4/5 20077/4/5
f 20084/3/5 20080/3/5 20079/3/5
f 20085/3/5 20080/3/5 20084/3/5
f 20086/3/5 20082/3/5 20081/3/5
f 20087/3/5 20082/3/5 20086/3/5
f 20089/3/5 20084/3/5 20083/3/5
f 20090/3/5 20084/3/5 20089/3/5
f 20091/3/5 20086/3/5 20085/3/5
f 20092/3/5 20086/3/5 20091/3/5
f 20093/3/5 20088/3/5 20087/3/5
f 20094/3/5 20088/3/5 20093/3/5
f 20095/3/5 20091/3/5 20090/3/5
f 20096/3/5 20091/3/5 20095/3/5
f 20097/3/5 20093/3/5 20092/3/5
f 20098/3/5 20093/3/5 20097/3/5
f 20103/4/5 20100/4/5 20099/4/5
f 20104/4/5 20100/4/5 20103/4/5
f 20105/4/5 20102/4/5 20101/4/5
f 20106/4/5 20102/4/5 20105/4/5
f 20111/4/5 20108/4/5 20107/4/5
f 20112/4/5 20108/4/5 20111/4/5
f 20113/4/5 20110/4/5 20109/4/5
f 20114/4/5 20110/4/5 20113/4/5
f 20119/4/5 20116/4/5 20115/4/5
f 20120/4/5 20116/4/5 20119/4/5
f 20121/4/5 20118/4/5 20117/4/5
f 20122/4/5 20118/4/5 20121/4/5
f 20125/1/5 20124/1/5 20123/1/5
f 20126/1/5 20124/1/5 20125/1/5
f 20131/4/5 20128/4/5 20127/4/5
f 20132/4/5 20128/4/5 20131/4/5
f 20133/4/5 20130/4/5 20129/4/5
f 20134/4/5 20130/4/5 20133/4/5
f 20139/4/5 20136/4/5 20135/4/5
f 20140/4/5 20136/4/5 20139/4/5
f 20141/4/5 20138/4/5 20137/4/5
f 20142/4/5 20138/4/5 20141/4/5
f 20147/4/5 20144/4/5 20143/4/5
f 20148/4/5 20144/4/5 20147/4/5
f 20149/4/5 20146/4/5 20145/4/5
f 20150/4/5 20146/4/5 20149/4/5
f 20153/10/5 20152/10/5 20151/10/5
f 20154/10/5 20152/10/5 20153/10/5
f 20155/10/5 20152/10/5 20154/10/5
f 20156/10/5 20152/10/5 20155/10/5
f 20157/10/5 20153/10/5 20151/10/5
f 20158/10/5 20153/10/5 20157/10/5
f 20159/10/5 20155/10/5 20154/10/5
f 20160/10/5 20155/10/5 20159/10/5
f 20161/10/5 20152/10/5 20156/10/5
f 20162/10/5 20152/10/5 20161/10/5
f 20163/3/5 20159/3/5 20158/3/5
f 20164/3/5 20159/3/5 20163/3/5
f 20165/3/5 20161/3/5 20160/3/5
f 20166/3/5 20161/3/5 20165/3/5
f 20167/3/5 20163/3/5 20158/3/5
f 20168/3/5 20159/3/5 20164/3/5
f 20169/3/5 20165/3/5 20160/3/5
f 20170/3/5 20161/3/5 20166/3/5
f 20171/10/5 20157/10/5 20151/10/5
f 20172/3/5 20167/3/5 20158/3/5
f 20172/3/5 20168/3/5 20167/3/5
f 20173/3/5 20159/3/5 20168/3/5
f 20173/3/5 20168/3/5 20172/3/5
f 20174/3/5 20170/3/5 20169/3/5
f 20174/3/5 20169/3/5 20160/3/5
f 20175/3/5 20161/3/5 20170/3/5
f 20175/3/5 20170/3/5 20174/3/5
f 20176/10/5 20152/10/5 20162/10/5
f 20177/10/5 20172/10/5 20171/10/5
f 20178/10/5 20174/10/5 20173/10/5
f 20179/10/5 20174/10/5 20178/10/5
f 20180/10/5 20176/10/5 20175/10/5
f 20181/10/5 20179/10/5 20178/10/5
f 20181/10/5 20180/10/5 20179/10/5
f 20181/10/5 20171/10/5 20151/10/5
f 20181/10/5 20177/10/5 20171/10/5
f 20181/10/5 20178/10/5 20177/10/5
f 20182/10/5 20176/10/5 20180/10/5
f 20182/10/5 20180/10/5 20181/10/5
f 20182/10/5 20152/10/5 20176/10/5
f 20187/4/5 20184/4/5 20183/4/5
f 20188/4/5 20184/4/5 20187/4/5
f 20189/4/5 20186/4/5 20185/4/5
f 20190/4/5 20186/4/5 20189/4/5
f 20195/4/5 20192/4/5 20191/4/5
f 20196/4/5 20192/4/5 20195/4/5
f 20197/4/5 20194/4/5 20193/4/5
f 20198/4/5 20194/4/5 20197/4/5
f 20203/4/5 20200/4/5 20199/4/5
f 20204/4/5 20200/4/5 20203/4/5
f 20205/4/5 20202/4/5 20201/4/5
f 20206/4/5 20202/4/5 20205/4/5
f 20211/4/5 20208/4/5 20207/4/5
f 20212/4/5 20208/4/5 20211/4/5
f 20213/4/5 20210/4/5 20209/4/5
f 20214/4/5 20210/4/5 20213/4/5
f 20221/10/5 20216/10/5 20215/10/5
f 20222/10/5 20218/10/5 20217/10/5
f 20223/10/5 20218/10/5 20222/10/5
f 20224/10/5 20220/10/5 20219/10/5
f 20226/10/5 20223/10/5 20222/10/5
f 20226/10/5 20224/10/5 20223/10/5
f 20226/10/5 20221/10/5 20215/10/5
f 20226/10/5 20222/10/5 20221/10/5
f 20227/10/5 20220/10/5 20224/10/5
f 20227/10/5 20224/10/5 20226/10/5
f 20233/2/5 20230/2/5 20229/2/5
f 20234/2/5 20230/2/5 20233/2/5
f 20235/2/5 20232/2/5 20231/2/5
f 20236/2/5 20232/2/5 20235/2/5
f 20237/10/5 20226/10/5 20225/10/5
f 20238/10/5 20226/10/5 20237/10/5
f 20239/10/5 20228/10/5 20227/10/5
f 20240/10/5 20228/10/5 20239/10/5
f 20241/10/5 20239/10/5 20238/10/5
f 20242/10/5 20239/10/5 20241/10/5
f 20243/10/5 20239/10/5 20242/10/5
f 20244/10/5 20239/10/5 20243/10/5
f 20245/10/5 20241/10/5 20238/10/5
f 20246/10/5 20241/10/5 20245/10/5
f 20247/10/5 20243/10/5 20242/10/5
f 20248/10/5 20243/10/5 20247/10/5
f 20249/10/5 20239/10/5 20244/10/5
f 20250/10/5 20239/10/5 20249/10/5
f 20255/4/5 20252/4/5 20251/4/5
f 20256/4/5 20252/4/5 20255/4/5
f 20257/4/5 20254/4/5 20253/4/5
f 20258/4/5 20254/4/5 20257/4/5
f 20263/4/5 20260/4/5 20259/4/5
f 20264/4/5 20260/4/5 20263/4/5
f 20265/4/5 20262/4/5 20261/4/5
f 20266/4/5 20262/4/5 20265/4/5
f 20271/4/5 20268/4/5 20267/4/5
f 20272/4/5 20268/4/5 20271/4/5
f 20273/4/5 20270/4/5 20269/4/5
f 20274/4/5 20270/4/5 20273/4/5
f 20283/3/5 20276/3/5 20275/3/5
f 20284/3/5 20276/3/5 20283/3/5
f 20285/3/5 20278/3/5 20277/3/5
f 20286/3/5 20278/3/5 20285/3/5
f 20287/3/5 20280/3/5 20279/3/5
f 20288/3/5 20280/3/5 20287/3/5
f 20289/3/5 20282/3/5 20281/3/5
f 20290/3/5 20282/3/5 20289/3/5
f 20294/10/5 20292/10/5 20291/10/5
f 20295/10/5 20292/10/5 20294/10/5
f 20297/10/5 20294/10/5 20293/10/5
f 20298/10/5 20294/10/5 20297/10/5
f 20299/10/5 20296/10/5 20295/10/5
f 20300/10/5 20296/10/5 20299/10/5
f 20305/10/5 20302/10/5 20301/10/5
f 20306/10/5 20302/10/5 20305/10/5
f 20307/10/5 20304/10/5 20303/10/5
f 20308/10/5 20304/10/5 20307/10/5
f 20309/10/5 20307/10/5 20306/10/5
f 20310/10/5 20307/10/5 20309/10/5
f 20319/3/5 20312/3/5 20311/3/5
f 20320/3/5 20312/3/5 20319/3/5
f 20321/3/5 20314/3/5 20313/3/5
f 20322/3/5 20314/3/5 20321/3/5
f 20323/3/5 20316/3/5 20315/3/5
f 20324/3/5 20316/3/5 20323/3/5
f 20325/3/5 20318/3/5 20317/3/5
f 20326/3/5 20318/3/5 20325/3/5
f 20331/4/5 20328/4/5 20327/4/5
f 20332/4/5 20328/4/5 20331/4/5
f 20333/4/5 20330/4/5 20329/4/5
f 20334/4/5 20330/4/5 20333/4/5
f 20339/4/5 20336/4/5 20335/4/5
f 20340/4/5 20336/4/5 20339/4/5
f 20341/4/5 20338/4/5 20337/4/5
f 20342/4/5 20338/4/5 20341/4/5
f 20345/1/5 20344/1/5 20343/1/5
f 20346/1/5 20344/1/5 20345/1/5
f 20351/4/5 20348/4/5 20347/4/5
f 20352/4/5 20348/4/5 20351/4/5
f 20353/4/5 20350/4/5 20349/4/5
f 20354/4/5 20350/4/5 20353/4/5
f 20359/4/5 20356/4/5 20355/4/5
f 20360/4/5 20356/4/5 20359/4/5
f 20361/4/5 20358/4/5 20357/4/5
f 20362/4/5 20358/4/5 20361/4/5
f 20367/4/5 20364/4/5 20363/4/5
f 20368/4/5 20364/4/5 20367/4/5
f 20369/4/5 20366/4/5 20365/4/5
f 20370/4/5 20366/4/5 20369/4/5
f 20380/3/5 20372/3/5 20371/3/5
f 20381/3/5 20372/3/5 20380/3/5
f 20382/3/5 20374/3/5 20373/3/5
f 20383/3/5 20374/3/5 20382/3/5
f 20384/3/5 20376/3/5 20375/3/5
f 20385/3/5 20376/3/5 20384/3/5
f 20386/3/5 20378/3/5 20377/3/5
f 20387/3/5 20378/3/5 20386/3/5
f 20389/10/5 20380/10/5 20379/10/5
f 20390/10/5 20382/10/5 20381/10/5
f 20391/10/5 20382/10/5 20390/10/5
f 20392/10/5 20384/10/5 20383/10/5
f 20393/10/5 20384/10/5 20392/10/5
f 20394/10/5 20386/10/5 20385/10/5
f 20395/10/5 20386/10/5 20394/10/5
f 20396/10/5 20388/10/5 20387/10/5
f 20398/10/5 20395/10/5 20394/10/5
f 20398/10/5 20396/10/5 20395/10/5
f 20398/10/5 20393/10/5 20392/10/5
f 20398/10/5 20391/10/5 20390/10/5
f 20398/10/5 20394/10/5 20393/10/5
f 20398/10/5 20389/10/5 20379/10/5
f 20398/10/5 20392/10/5 20391/10/5
f 20398/10/5 20390/10/5 20389/10/5
f 20399/10/5 20388/10/5 20396/10/5
f 20399/10/5 20396/10/5 20398/10/5
f 20401/10/5 20398/10/5 20397/10/5
f 20402/10/5 20398/10/5 20401/10/5
f 20403/10/5 20400/10/5 20399/10/5
f 20404/10/5 20400/10/5 20403/10/5
f 20409/10/5 20406/10/5 20405/10/5
f 20410/10/5 20406/10/5 20409/10/5
f 20411/10/5 20408/10/5 20407/10/5
f 20412/10/5 20408/10/5 20411/10/5
f 20413/10/5 20411/10/5 20410/10/5
f 20414/10/5 20411/10/5 20413/10/5
f 20415/10/5 20411/10/5 20414/10/5
f 20416/10/5 20411/10/5 20415/10/5
f 20417/10/5 20411/10/5 20416/10/5
f 20418/10/5 20411/10/5 20417/10/5
f 20419/10/5 20411/10/5 20418/10/5
f 20420/10/5 20411/10/5 20419/10/5
f 20421/10/5 20413/10/5 20410/10/5
f 20422/10/5 20413/10/5 20421/10/5
f 20423/10/5 20415/10/5 20414/10/5
f 20424/10/5 20415/10/5 20423/10/5
f 20425/10/5 20417/10/5 20416/10/5
f 20426/10/5 20417/10/5 20425/10/5
f 20427/10/5 20419/10/5 20418/10/5
f 20428/10/5 20419/10/5 20427/10/5
f 20429/10/5 20411/10/5 20420/10/5
f 20430/10/5 20411/10/5 20429/10/5
f 20431/3/5 20423/3/5 20422/3/5
f 20432/3/5 20423/3/5 20431/3/5
f 20433/3/5 20425/3/5 20424/3/5
f 20434/3/5 20425/3/5 20433/3/5
f 20435/3/5 20427/3/5 20426/3/5
f 20436/3/5 20427/3/5 20435/3/5
f 20437/3/5 20429/3/5 20428/3/5
f 20438/3/5 20429/3/5 20437/3/5
f 20443/4/5 20440/4/5 20439/4/5
f 20444/4/5 20440/4/5 20443/4/5
f 20445/4/5 20442/4/5 20441/4/5
f 20446/4/5 20442/4/5 20445/4/5
f 20451/4/5 20448/4/5 20447/4/5
f 20452/4/5 20448/4/5 20451/4/5
f 20453/4/5 20450/4/5 20449/4/5
f 20454/4/5 20450/4/5 20453/4/5
f 20459/4/5 20456/4/5 20455/4/5
f 20460/4/5 20456/4/5 20459/4/5
f 20461/4/5 20458/4/5 20457/4/5
f 20462/4/5 20458/4/5 20461/4/5
f 20465/1/5 20464/1/5 20463/1/5
f 20466/1/5 20464/1/5 20465/1/5
f 20471/4/5 20468/4/5 20467/4/5
f 20472/4/5 20468/4/5 20471/4/5
f 20473/4/5 20470/4/5 20469/4/5
f 20474/4/5 20470/4/5 20473/4/5
f 20484/3/5 20476/3/5 20475/3/5
f 20485/3/5 20476/3/5 20484/3/5
f 20486/3/5 20478/3/5 20477/3/5
f 20487/3/5 20478/3/5 20486/3/5
f 20488/3/5 20480/3/5 20479/3/5
f 20489/3/5 20480/3/5 20488/3/5
f 20490/3/5 20482/3/5 20481/3/5
f 20491/3/5 20482/3/5 20490/3/5
f 20494/10/5 20484/10/5 20483/10/5
f 20495/10/5 20484/10/5 20494/10/5
f 20496/10/5 20486/10/5 20485/10/5
f 20497/10/5 20486/10/5 20496/10/5
f 20498/10/5 20488/10/5 20487/10/5
f 20499/10/5 20488/10/5 20498/10/5
f 20500/10/5 20490/10/5 20489/10/5
f 20501/10/5 20490/10/5 20500/10/5
f 20502/10/5 20492/10/5 20491/10/5
f 20503/10/5 20492/10/5 20502/10/5
f 20505/10/5 20494/10/5 20493/10/5
f 20506/10/5 20494/10/5 20505/10/5
f 20507/10/5 20504/10/5 20503/10/5
f 20508/10/5 20504/10/5 20507/10/5
f 20513/10/5 20510/10/5 20509/10/5
f 20514/10/5 20510/10/5 20513/10/5
f 20515/10/5 20512/10/5 20511/10/5
f 20516/10/5 20512/10/5 20515/10/5
f 20521/10/5 20518/10/5 20517/10/5
f 20522/10/5 20518/10/5 20521/10/5
f 20531/10/5 20520/10/5 20519/10/5
f 20532/10/5 20520/10/5 20531/10/5
f 20533/10/5 20523/10/5 20522/10/5
f 20534/10/5 20523/10/5 20533/10/5
f 20535/10/5 20525/10/5 20524/10/5
f 20536/10/5 20525/10/5 20535/10/5
f 20537/10/5 20527/10/5 20526/10/5
f 20538/10/5 20527/10/5 20537/10/5
f 20539/10/5 20529/10/5 20528/10/5
f 20540/10/5 20529/10/5 20539/10/5
f 20541/10/5 20531/10/5 20530/10/5
f 20542/10/5 20531/10/5 20541/10/5
f 20543/3/5 20535/3/5 20534/3/5
f 20544/3/5 20535/3/5 20543/3/5
f 20545/3/5 20537/3/5 20536/3/5
f 20546/3/5 20537/3/5 20545/3/5
f 20547/3/5 20539/3/5 20538/3/5
f 20548/3/5 20539/3/5 20547/3/5
f 20549/3/5 20541/3/5 20540/3/5
f 20550/3/5 20541/3/5 20549/3/5
f 20555/4/5 20552/4/5 20551/4/5
f 20556/4/5 20552/4/5 20555/4/5
f 20557/4/5 20554/4/5 20553/4/5
f 20558/4/5 20554/4/5 20557/4/5
f 20563/4/5 20560/4/5 20559/4/5
f 20564/4/5 20560/4/5 20563/4/5
f 20565/4/5 20562/4/5 20561/4/5
f 20566/4/5 20562/4/5 20565/4/5
f 20571/4/5 20568/4/5 20567/4/5
f 20572/4/5 20568/4/5 20571/4/5
f 20573/4/5 20570/4/5 20569/4/5
f 20574/4/5 20570/4/5 20573/4/5
f 20584/3/5 20576/3/5 20575/3/5
f 20585/3/5 20576/3/5 20584/3/5
f 20586/3/5 20578/3/5 20577/3/5
f 20587/3/5 20578/3/5 20586/3/5
f 20588/3/5 20580/3/5 20579/3/5
f 20589/3/5 20580/3/5 20588/3/5
f 20590/3/5 20582/3/5 20581/3/5
f 20591/3/5 20582/3/5 20590/3/5
f 20594/10/5 20584/10/5 20583/10/5
f 20595/10/5 20584/10/5 20594/10/5
f 20596/10/5 20586/10/5 20585/10/5
f 20597/10/5 20586/10/5 20596/10/5
f 20598/10/5 20588/10/5 20587/10/5
f 20599/10/5 20588/10/5 20598/10/5
f 20600/10/5 20590/10/5 20589/10/5
f 20601/10/5 20590/10/5 20600/10/5
f 20602/10/5 20592/10/5 20591/10/5
f 20603/10/5 20592/10/5 20602/10/5
f 20605/10/5 20594/10/5 20593/10/5
f 20606/10/5 20594/10/5 20605/10/5
f 20607/10/5 20604/10/5 20603/10/5
f 20608/10/5 20604/10/5 20607/10/5
f 20613/10/5 20610/10/5 20609/10/5
f 20614/10/5 20610/10/5 20613/10/5
f 20623/10/5 20612/10/5 20611/10/5
f 20624/10/5 20612/10/5 20623/10/5
f 20625/10/5 20615/10/5 20614/10/5
f 20626/10/5 20615/10/5 20625/10/5
f 20627/10/5 20617/10/5 20616/10/5
f 20628/10/5 20617/10/5 20627/10/5
f 20629/10/5 20619/10/5 20618/10/5
f 20630/10/5 20619/10/5 20629/10/5
f 20631/10/5 20621/10/5 20620/10/5
f 20632/10/5 20621/10/5 20631/10/5
f 20633/10/5 20623/10/5 20622/10/5
f 20634/10/5 20623/10/5 20633/10/5
f 20635/3/5 20627/3/5 20626/3/5
f 20636/3/5 20627/3/5 20635/3/5
f 20637/3/5 20629/3/5 20628/3/5
f 20638/3/5 20629/3/5 20637/3/5
f 20639/3/5 20631/3/5 20630/3/5
f 20640/3/5 20631/3/5 20639/3/5
f 20641/3/5 20633/3/5 20632/3/5
f 20642/3/5 20633/3/5 20641/3/5
f 20647/4/5 20644/4/5 20643/4/5
f 20648/4/5 20644/4/5 20647/4/5
f 20649/4/5 20646/4/5 20645/4/5
f 20650/4/5 20646/4/5 20649/4/5
f 20655/4/5 20652/4/5 20651/4/5
f 20656/4/5 20652/4/5 20655/4/5
f 20657/4/5 20654/4/5 20653/4/5
f 20658/4/5 20654/4/5 20657/4/5
f 20663/4/5 20660/4/5 20659/4/5
f 20664/4/5 20660/4/5 20663/4/5
f 20665/4/5 20662/4/5 20661/4/5
f 20666/4/5 20662/4/5 20665/4/5
f 20676/3/5 20668/3/5 20667/3/5
f 20677/3/5 20668/3/5 20676/3/5
f 20678/3/5 20670/3/5 20669/3/5
f 20679/3/5 20670/3/5 20678/3/5
f 20680/3/5 20672/3/5 20671/3/5
f 20681/3/5 20672/3/5 20680/3/5
f 20682/3/5 20674/3/5 20673/3/5
f 20683/3/5 20674/3/5 20682/3/5
f 20686/10/5 20676/10/5 20675/10/5
f 20687/10/5 20676/10/5 20686/10/5
f 20688/10/5 20678/10/5 20677/10/5
f 20689/10/5 20678/10/5 20688/10/5
f 20690/10/5 20680/10/5 20679/10/5
f 20691/10/5 20680/10/5 20690/10/5
f 20692/10/5 20682/10/5 20681/10/5
f 20693/10/5 20682/10/5 20692/10/5
f 20694/10/5 20684/10/5 20683/10/5
f 20695/10/5 20684/10/5 20694/10/5
f 20697/10/5 20686/10/5 20685/10/5
f 20698/10/5 20686/10/5 20697/10/5
f 20699/10/5 20696/10/5 20695/10/5
f 20700/10/5 20696/10/5 20699/10/5
f 20705/10/5 20702/10/5 20701/10/5
f 20706/10/5 20702/10/5 20705/10/5
f 20715/10/5 20704/10/5 20703/10/5
f 20716/10/5 20704/10/5 20715/10/5
f 20717/10/5 20707/10/5 20706/10/5
f 20718/10/5 20707/10/5 20717/10/5
f 20719/10/5 20709/10/5 20708/10/5
f 20720/10/5 20709/10/5 20719/10/5
f 20721/10/5 20711/10/5 20710/10/5
f 20722/10/5 20711/10/5 20721/10/5
f 20723/10/5 20713/10/5 20712/10/5
f 20724/10/5 20713/10/5 20723/10/5
f 20725/10/5 20715/10/5 20714/10/5
f 20726/10/5 20715/10/5 20725/10/5
f 20727/3/5 20719/3/5 20718/3/5
f 20728/3/5 20719/3/5 20727/3/5
f 20729/3/5 20721/3/5 20720/3/5
f 20730/3/5 20721/3/5 20729/3/5
f 20731/3/5 20723/3/5 20722/3/5
f 20732/3/5 20723/3/5 20731/3/5
f 20733/3/5 20725/3/5 20724/3/5
f 20734/3/5 20725/3/5 20733/3/5
f 20739/4/5 20736/4/5 20735/4/5
f 20740/4/5 20736/4/5 20739/4/5
f 20741/4/5 20738/4/5 20737/4/5
f 20742/4/5 20738/4/5 20741/4/5
f 20747/4/5 20744/4/5 20743/4/5
f 20748/4/5 20744/4/5 20747/4/5
f 20749/4/5 20746/4/5 20745/4/5
f 20750/4/5 20746/4/5 20749/4/5
f 20753/4/5 20752/4/5 20751/4/5
f 20754/4/5 20752/4/5 20753/4/5
f 20755/4/5 20752/4/5 20754/4/5
f 20756/4/5 20754/4/5 20753/4/5
f 20757/4/5 20754/4/5 20756/4/5
f 20758/4/5 20752/4/5 20755/4/5
f 20759/4/5 20752/4/5 20758/4/5
f 20764/10/5 20761/10/5 20760/10/5
f 20765/10/5 20761/10/5 20764/10/5
f 20766/10/5 20763/10/5 20762/10/5
f 20767/10/5 20763/10/5 20766/10/5
f 20772/10/5 20769/10/5 20768/10/5
f 20773/10/5 20769/10/5 20772/10/5
f 20774/10/5 20771/10/5 20770/10/5
f 20775/10/5 20771/10/5 20774/10/5
f 20780/4/5 20777/4/5 20776/4/5
f 20781/4/5 20777/4/5 20780/4/5
f 20782/4/5 20779/4/5 20778/4/5
f 20783/4/5 20781/4/5 20780/4/5
f 20783/4/5 20782/4/5 20781/4/5
f 20784/4/5 20779/4/5 20782/4/5
f 20784/4/5 20782/4/5 20783/4/5
f 20789/4/5 20786/4/5 20785/4/5
f 20790/4/5 20786/4/5 20789/4/5
f 20791/4/5 20788/4/5 20787/4/5
f 20792/4/5 20788/4/5 20791/4/5
f 20797/4/5 20794/4/5 20793/4/5
f 20798/4/5 20794/4/5 20797/4/5
f 20799/4/5 20796/4/5 20795/4/5
f 20800/4/5 20796/4/5 20799/4/5
f 20804/10/5 20802/10/5 20801/10/5
f 20805/10/5 20802/10/5 20804/10/5
f 20807/10/5 20804/10/5 20803/10/5
f 20808/10/5 20804/10/5 20807/10/5
f 20809/10/5 20806/10/5 20805/10/5
f 20810/10/5 20806/10/5 20809/10/5
f 20815/10/5 20812/10/5 20811/10/5
f 20816/10/5 20812/10/5 20815/10/5
f 20817/10/5 20814/10/5 20813/10/5
f 20818/10/5 20814/10/5 20817/10/5
f 20823/10/5 20820/10/5 20819/10/5
f 20824/10/5 20820/10/5 20823/10/5
f 20825/10/5 20822/10/5 20821/10/5
f 20826/10/5 20822/10/5 20825/10/5
f 20831/10/5 20828/10/5 20827/10/5
f 20832/10/5 20828/10/5 20831/10/5
f 20833/10/5 20830/10/5 20829/10/5
f 20834/10/5 20830/10/5 20833/10/5
f 20839/10/5 20836/10/5 20835/10/5
f 20840/10/5 20836/10/5 20839/10/5
f 20841/10/5 20838/10/5 20837/10/5
f 20842/10/5 20838/10/5 20841/10/5
f 20847/10/5 20844/10/5 20843/10/5
f 20848/10/5 20844/10/5 20847/10/5
f 20849/10/5 20846/10/5 20845/10/5
f 20850/10/5 20846/10/5 20849/10/5
f 20851/10/5 20849/10/5 20848/10/5
f 20852/10/5 20849/10/5 20851/10/5
f 20857/4/5 20854/4/5 20853/4/5
f 20858/4/5 20854/4/5 20857/4/5
f 20859/4/5 20856/4/5 20855/4/5
f 20860/4/5 20856/4/5 20859/4/5
f 20863/1/5 20862/1/5 20861/1/5
f 20864/1/5 20862/1/5 20863/1/5
f 20869/4/5 20866/4/5 20865/4/5
f 20870/4/5 20866/4/5 20869/4/5
f 20871/4/5 20868/4/5 20867/4/5
f 20872/4/5 20868/4/5 20871/4/5
f 20877/4/5 20874/4/5 20873/4/5
f 20878/4/5 20874/4/5 20877/4/5
f 20879/4/5 20876/4/5 20875/4/5
f 20880/4/5 20876/4/5 20879/4/5
f 20885/10/5 20882/10/5 20881/10/5
f 20886/10/5 20882/10/5 20885/10/5
f 20887/10/5 20884/10/5 20883/10/5
f 20888/10/5 20884/10/5 20887/10/5
f 20893/10/5 20890/10/5 20889/10/5
f 20894/10/5 20890/10/5 20893/10/5
f 20895/10/5 20892/10/5 20891/10/5
f 20896/10/5 20892/10/5 20895/10/5
f 20901/4/5 20898/4/5 20897/4/5
f 20902/4/5 20898/4/5 20901/4/5
f 20903/4/5 20900/4/5 20899/4/5
f 20904/4/5 20900/4/5 20903/4/5
f 20909/4/5 20906/4/5 20905/4/5
f 20910/4/5 20906/4/5 20909/4/5
f 20911/4/5 20908/4/5 20907/4/5
f 20912/4/5 20908/4/5 20911/4/5
f 20915/1/5 20914/1/5 20913/1/5
f 20916/1/5 20914/1/5 20915/1/5
f 20922/4/5 20918/4/5 20917/4/5
f 20923/4/5 20918/4/5 20922/4/5
f 20924/4/5 20920/4/5 20919/4/5
f 20925/4/5 20920/4/5 20924/4/5
f 20928/10/5 20923/10/5 20922/10/5
f 20928/10/5 20926/10/5 20925/10/5
f 20928/10/5 20925/10/5 20924/10/5
f 20928/10/5 20924/10/5 20923/10/5
f 20928/10/5 20922/10/5 20921/10/5
f 20929/10/5 20926/10/5 20928/10/5
f 20931/10/5 20928/10/5 20927/10/5
f 20932/10/5 20928/10/5 20931/10/5
f 20933/10/5 20930/10/5 20929/10/5
f 20934/10/5 20930/10/5 20933/10/5
f 20939/4/5 20936/4/5 20935/4/5
f 20940/4/5 20936/4/5 20939/4/5
f 20941/4/5 20938/4/5 20937/4/5
f 20942/4/5 20938/4/5 20941/4/5
f 20947/4/5 20944/4/5 20943/4/5
f 20948/4/5 20944/4/5 20947/4/5
f 20949/4/5 20946/4/5 20945/4/5
f 20950/4/5 20946/4/5 20949/4/5
f 20955/10/5 20952/10/5 20951/10/5
f 20956/10/5 20952/10/5 20955/10/5
f 20957/10/5 20954/10/5 20953/10/5
f 20958/10/5 20954/10/5 20957/10/5
f 20959/10/5 20957/10/5 20956/10/5
f 20960/10/5 20957/10/5 20959/10/5
f 20961/10/5 20957/10/5 20960/10/5
f 20962/10/5 20957/10/5 20961/10/5
f 20963/10/5 20957/10/5 20962/10/5
f 20964/10/5 20957/10/5 20963/10/5
f 20965/4/5 20961/4/5 20960/4/5
f 20966/4/5 20961/4/5 20965/4/5
f 20967/4/5 20963/4/5 20962/4/5
f 20968/4/5 20963/4/5 20967/4/5
f 20973/4/5 20970/4/5 20969/4/5
f 20974/4/5 20970/4/5 20973/4/5
f 20975/4/5 20972/4/5 20971/4/5
f 20976/4/5 20972/4/5 20975/4/5
f 20981/4/5 20978/4/5 20977/4/5
f 20982/4/5 20978/4/5 20981/4/5
f 20983/4/5 20980/4/5 20979/4/5
f 20984/4/5 20980/4/5 20983/4/5
f 20989/4/5 20986/4/5 20985/4/5
f 20990/4/5 20986/4/5 20989/4/5
f 20991/4/5 20988/4/5 20987/4/5
f 20992/4/5 20988/4/5 20991/4/5
f 20997/4/5 20994/4/5 20993/4/5
f 20998/4/5 20994/4/5 20997/4/5
f 20999/4/5 20996/4/5 20995/4/5
f 21000/4/5 20996/4/5 20999/4/5
f 21004/10/5 21002/10/5 21001/10/5
f 21005/10/5 21002/10/5 21004/10/5
f 21007/10/5 21004/10/5 21003/10/5
f 21008/10/5 21004/10/5 21007/10/5
f 21009/10/5 21006/10/5 21005/10/5
f 21010/10/5 21006/10/5 21009/10/5
f 21015/4/5 21012/4/5 21011/4/5
f 21016/4/5 21012/4/5 21015/4/5
f 21017/4/5 21014/4/5 21013/4/5
f 21018/4/5 21014/4/5 21017/4/5
f 21022/3/5 21020/3/5 21019/3/5
f 21023/3/5 21022/3/5 21021/3/5
f 21024/3/5 21020/3/5 21022/3/5
f 21024/3/5 21022/3/5 21023/3/5
f 21025/3/5 21020/3/5 21024/3/5
f 21026/3/5 21020/3/5 21025/3/5
f 21031/4/5 21028/4/5 21027/4/5
f 21032/4/5 21028/4/5 21031/4/5
f 21033/4/5 21030/4/5 21029/4/5
f 21034/4/5 21030/4/5 21033/4/5
f 21039/10/5 21036/10/5 21035/10/5
f 21040/10/5 21036/10/5 21039/10/5
f 21041/10/5 21038/10/5 21037/10/5
f 21042/10/5 21038/10/5 21041/10/5
f 21043/10/5 21041/10/5 21040/10/5
f 21044/10/5 21041/10/5 21043/10/5
f 21051/4/5 21046/4/5 21045/4/5
f 21052/4/5 21046/4/5 21051/4/5
f 21053/4/5 21048/4/5 21047/4/5
f 21054/4/5 21048/4/5 21053/4/5
f 21056/3/5 21050/3/5 21049/3/5
f 21060/3/5 21056/3/5 21055/3/5
f 21061/3/5 21050/3/5 21056/3/5
f 21061/3/5 21056/3/5 21060/3/5
f 21062/4/5 21058/4/5 21057/4/5
f 21063/4/5 21058/4/5 21062/4/5
f 21064/4/5 21058/4/5 21063/4/5
f 21065/4/5 21058/4/5 21064/4/5
f 21067/3/5 21060/3/5 21059/3/5
f 21068/3/5 21060/3/5 21067/3/5
f 21069/3/5 21060/3/5 21068/3/5
f 21070/4/5 21062/4/5 21057/4/5
f 21071/4/5 21064/4/5 21063/4/5
f 21072/4/5 21064/4/5 21071/4/5
f 21073/4/5 21058/4/5 21065/4/5
f 21074/3/5 21068/3/5 21067/3/5
f 21074/3/5 21067/3/5 21066/3/5
f 21075/3/5 21068/3/5 21074/3/5
f 21076/3/5 21068/3/5 21075/3/5
f 21078/4/5 21072/4/5 21071/4/5
f 21078/4/5 21073/4/5 21072/4/5
f 21078/4/5 21070/4/5 21057/4/5
f 21078/4/5 21071/4/5 21070/4/5
f 21079/4/5 21058/4/5 21073/4/5
f 21079/4/5 21073/4/5 21078/4/5
f 21080/3/5 21077/3/5 21076/3/5
f 21080/3/5 21076/3/5 21075/3/5
f 21081/3/5 21077/3/5 21080/3/5
f 21087/3/5 21082/3/5 21081/3/5
f 21088/3/5 21082/3/5 21087/3/5
f 21089/4/5 21084/4/5 21083/4/5
f 21090/4/5 21084/4/5 21089/4/5
f 21091/4/5 21086/4/5 21085/4/5
f 21092/4/5 21086/4/5 21091/4/5
f 21093/3/5 21082/3/5 21088/3/5
f 21094/3/5 21082/3/5 21093/3/5
f 21099/3/5 21096/3/5 21095/3/5
f 21100/3/5 21096/3/5 21099/3/5
f 21101/3/5 21098/3/5 21097/3/5
f 21102/3/5 21098/3/5 21101/3/5
f 21112/3/5 21104/3/5 21103/3/5
f 21113/3/5 21104/3/5 21112/3/5
f 21115/4/5 21110/4/5 21109/4/5
f 21115/4/5 21106/4/5 21105/4/5
f 21115/4/5 21107/4/5 21106/4/5
f 21115/4/5 21108/4/5 21107/4/5
f 21115/4/5 21109/4/5 21108/4/5
f 21116/4/5 21110/4/5 21115/4/5
f 21118/3/5 21112/3/5 21111/3/5
f 21119/3/5 21112/3/5 21118/3/5
f 21120/3/5 21112/3/5 21119/3/5
f 21122/10/5 21115/10/5 21114/10/5
f 21123/10/5 21117/10/5 21116/10/5
f 21123/3/5 21119/3/5 21118/3/5
f 21123/3/5 21118/3/5 21117/3/5
f 21124/3/5 21119/3/5 21123/3/5
f 21125/10/5 21122/10/5 21121/10/5
f 21126/10/5 21115/10/5 21122/10/5
f 21126/10/5 21122/10/5 21125/10/5
f 21127/10/5 21123/10/5 21116/10/5
f 21129/10/5 21115/10/5 21126/10/5
f 21130/10/5 21115/10/5 21129/10/5
f 21131/10/5 21127/10/5 21116/10/5
f 21132/3/5 21128/3/5 21127/3/5
f 21132/10/5 21127/10/5 21131/10/5
f 21133/3/5 21128/3/5 21132/3/5
f 21134/3/5 21128/3/5 21133/3/5
f 21136/4/5 21131/4/5 21130/4/5
f 21137/4/5 21131/4/5 21136/4/5
f 21138/4/5 21131/4/5 21137/4/5
f 21139/4/5 21131/4/5 21138/4/5
f 21140/4/5 21131/4/5 21139/4/5
f 21141/4/5 21131/4/5 21140/4/5
f 21142/3/5 21134/3/5 21133/3/5
f 21142/3/5 21135/3/5 21134/3/5
f 21143/3/5 21135/3/5 21142/3/5
f 21145/3/5 21144/3/5 21143/3/5
f 21146/3/5 21144/3/5 21145/3/5
f 21151/3/5 21148/3/5 21147/3/5
f 21152/3/5 21148/3/5 21151/3/5
f 21153/3/5 21150/3/5 21149/3/5
f 21154/3/5 21150/3/5 21153/3/5
f 21161/3/5 21156/3/5 21155/3/5
f 21162/3/5 21156/3/5 21161/3/5
f 21163/3/5 21158/3/5 21157/3/5
f 21164/3/5 21158/3/5 21163/3/5
f 21165/3/5 21160/3/5 21159/3/5
f 21166/3/5 21160/3/5 21165/3/5
f 21172/3/5 21168/3/5 21167/3/5
f 21173/3/5 21168/3/5 21172/3/5
f 21175/4/5 21170/4/5 21169/4/5
f 21176/4/5 21170/4/5 21175/4/5
f 21179/3/5 21172/3/5 21171/3/5
f 21180/3/5 21172/3/5 21179/3/5
f 21182/10/5 21175/10/5 21174/10/5
f 21183/10/5 21175/10/5 21182/10/5
f 21184/10/5 21177/10/5 21176/10/5
f 21185/3/5 21178/3/5 21177/3/5
f 21185/10/5 21177/10/5 21184/10/5
f 21186/3/5 21178/3/5 21185/3/5
f 21187/10/5 21182/10/5 21181/10/5
f 21188/10/5 21182/10/5 21187/10/5
f 21189/10/5 21187/10/5 21181/10/5
f 21191/10/5 21189/10/5 21181/10/5
f 21191/10/5 21190/10/5 21189/10/5
f 21192/10/5 21190/10/5 21191/10/5
f 21197/10/5 21193/10/5 21192/10/5
f 21198/10/5 21193/10/5 21197/10/5
f 21199/10/5 21195/10/5 21194/10/5
f 21200/3/5 21196/3/5 21195/3/5
f 21200/10/5 21195/10/5 21199/10/5
f 21201/3/5 21196/3/5 21200/3/5
f 21204/4/5 21199/4/5 21198/4/5
f 21205/4/5 21199/4/5 21204/4/5
f 21206/3/5 21203/3/5 21202/3/5
f 21207/3/5 21203/3/5 21206/3/5
f 21209/3/5 21208/3/5 21207/3/5
f 21210/3/5 21208/3/5 21209/3/5
f 21217/3/5 21212/3/5 21211/3/5
f 21218/3/5 21212/3/5 21217/3/5
f 21219/3/5 21214/3/5 21213/3/5
f 21220/3/5 21214/3/5 21219/3/5
f 21221/3/5 21216/3/5 21215/3/5
f 21222/3/5 21216/3/5 21221/3/5
f 21227/4/5 21224/4/5 21223/4/5
f 21228/4/5 21224/4/5 21227/4/5
f 21229/4/5 21226/4/5 21225/4/5
f 21230/4/5 21226/4/5 21229/4/5
f 21237/4/5 21232/4/5 21231/4/5
f 21238/4/5 21232/4/5 21237/4/5
f 21239/4/5 21234/4/5 21233/4/5
f 21240/4/5 21234/4/5 21239/4/5
f 21243/3/5 21236/3/5 21235/3/5
f 21244/3/5 21236/3/5 21243/3/5
f 21247/3/5 21242/3/5 21241/3/5
f 21248/3/5 21242/3/5 21247/3/5
f 21249/10/5 21246/10/5 21245/10/5
f 21250/10/5 21246/10/5 21249/10/5
f 21253/3/5 21252/3/5 21251/3/5
f 21254/3/5 21252/3/5 21253/3/5
f 21257/10/5 21256/10/5 21255/10/5
f 21258/10/5 21256/10/5 21257/10/5
f 21265/3/5 21260/3/5 21259/3/5
f 21266/3/5 21260/3/5 21265/3/5
f 21269/3/5 21268/3/5 21267/3/5
f 21270/3/5 21268/3/5 21269/3/5
f 21271/4/5 21262/4/5 21261/4/5
f 21272/4/5 21262/4/5 21271/4/5
f 21273/4/5 21264/4/5 21263/4/5
f 21274/4/5 21264/4/5 21273/4/5
f 21279/4/5 21276/4/5 21275/4/5
f 21280/4/5 21276/4/5 21279/4/5
f 21281/4/5 21278/4/5 21277/4/5
f 21282/4/5 21278/4/5 21281/4/5
f 21287/3/5 21284/3/5 21283/3/5
f 21288/3/5 21284/3/5 21287/3/5
f 21289/3/5 21286/3/5 21285/3/5
f 21290/3/5 21286/3/5 21289/3/5
f 21295/3/5 21292/3/5 21291/3/5
f 21296/3/5 21292/3/5 21295/3/5
f 21297/3/5 21294/3/5 21293/3/5
f 21298/3/5 21294/3/5 21297/3/5
f 21303/3/5 21300/3/5 21299/3/5
f 21304/3/5 21300/3/5 21303/3/5
f 21305/3/5 21302/3/5 21301/3/5
f 21306/3/5 21302/3/5 21305/3/5
f 21311/10/5 21308/10/5 21307/10/5
f 21312/10/5 21308/10/5 21311/10/5
f 21313/10/5 21310/10/5 21309/10/5
f 21314/10/5 21310/10/5 21313/10/5
f 21317/3/5 21316/3/5 21315/3/5
f 21318/3/5 21316/3/5 21317/3/5
f 21321/3/5 21320/3/5 21319/3/5
f 21322/3/5 21320/3/5 21321/3/5
f 21327/10/5 21324/10/5 21323/10/5
f 21328/10/5 21324/10/5 21327/10/5
f 21329/10/5 21326/10/5 21325/10/5
f 21330/10/5 21326/10/5 21329/10/5
f 21335/3/5 21332/3/5 21331/3/5
f 21336/3/5 21332/3/5 21335/3/5
f 21337/3/5 21334/3/5 21333/3/5
f 21338/3/5 21334/3/5 21337/3/5
f 21343/4/5 21340/4/5 21339/4/5
f 21344/4/5 21340/4/5 21343/4/5
f 21345/4/5 21342/4/5 21341/4/5
f 21346/4/5 21342/4/5 21345/4/5
f 21349/3/5 21348/3/5 21347/3/5
f 21350/3/5 21348/3/5 21349/3/5
f 21357/3/5 21352/3/5 21351/3/5
f 21358/3/5 21352/3/5 21357/3/5
f 21359/4/5 21354/4/5 21353/4/5
f 21360/4/5 21354/4/5 21359/4/5
f 21361/4/5 21356/4/5 21355/4/5
f 21362/4/5 21356/4/5 21361/4/5
f 21367/10/5 21364/10/5 21363/10/5
f 21368/10/5 21364/10/5 21367/10/5
f 21371/10/5 21366/10/5 21365/10/5
f 21372/10/5 21366/10/5 21371/10/5
f 21373/10/5 21369/10/5 21368/10/5
f 21374/10/5 21369/10/5 21373/10/5
f 21375/10/5 21371/10/5 21370/10/5
f 21376/10/5 21371/10/5 21375/10/5
f 21377/4/5 21375/4/5 21374/4/5
f 21378/4/5 21375/4/5 21377/4/5
f 21383/4/5 21380/4/5 21379/4/5
f 21384/4/5 21380/4/5 21383/4/5
f 21385/4/5 21382/4/5 21381/4/5
f 21386/4/5 21382/4/5 21385/4/5
f 21389/3/5 21388/3/5 21387/3/5
f 21390/3/5 21388/3/5 21389/3/5
f 21395/4/5 21392/4/5 21391/4/5
f 21396/4/5 21392/4/5 21395/4/5
f 21397/4/5 21394/4/5 21393/4/5
f 21398/4/5 21394/4/5 21397/4/5
f 21402/4/5 21400/4/5 21399/4/5
f 21403/4/5 21400/4/5 21402/4/5
f 21406/10/5 21402/10/5 21401/10/5
f 21407/10/5 21402/10/5 21406/10/5
f 21408/10/5 21404/10/5 21403/10/5
f 21409/10/5 21404/10/5 21408/10/5
f 21411/10/5 21406/10/5 21405/10/5
f 21412/10/5 21406/10/5 21411/10/5
f 21413/10/5 21410/10/5 21409/10/5
f 21414/10/5 21410/10/5 21413/10/5
f 21419/4/5 21416/4/5 21415/4/5
f 21420/4/5 21416/4/5 21419/4/5
f 21421/4/5 21418/4/5 21417/4/5
f 21422/4/5 21418/4/5 21421/4/5
f 21425/1/5 21424/1/5 21423/1/5
f 21426/1/5 21424/1/5 21425/1/5
f 21431/4/5 21428/4/5 21427/4/5
f 21432/4/5 21428/4/5 21431/4/5
f 21433/4/5 21430/4/5 21429/4/5
f 21434/4/5 21430/4/5 21433/4/5
f 21439/4/5 21436/4/5 21435/4/5
f 21440/4/5 21436/4/5 21439/4/5
f 21441/4/5 21438/4/5 21437/4/5
f 21442/4/5 21438/4/5 21441/4/5
f 21445/1/5 21444/1/5 21443/1/5
f 21446/1/5 21444/1/5 21445/1/5
f 21451/4/5 21448/4/5 21447/4/5
f 21452/4/5 21448/4/5 21451/4/5
f 21453/4/5 21450/4/5 21449/4/5
f 21454/4/5 21450/4/5 21453/4/5
f 21459/4/5 21456/4/5 21455/4/5
f 21460/4/5 21456/4/5 21459/4/5
f 21461/4/5 21458/4/5 21457/4/5
f 21462/4/5 21458/4/5 21461/4/5
f 21467/10/5 21464/10/5 21463/10/5
f 21468/10/5 21464/10/5 21467/10/5
f 21471/10/5 21466/10/5 21465/10/5
f 21472/10/5 21466/10/5 21471/10/5
f 21473/10/5 21469/10/5 21468/10/5
f 21474/10/5 21469/10/5 21473/10/5
f 21475/10/5 21471/10/5 21470/10/5
f 21476/10/5 21471/10/5 21475/10/5
f 21477/4/5 21475/4/5 21474/4/5
f 21478/4/5 21475/4/5 21477/4/5
f 21483/4/5 21480/4/5 21479/4/5
f 21484/4/5 21480/4/5 21483/4/5
f 21485/4/5 21482/4/5 21481/4/5
f 21486/4/5 21482/4/5 21485/4/5
f 21491/4/5 21488/4/5 21487/4/5
f 21492/4/5 21488/4/5 21491/4/5
f 21493/4/5 21490/4/5 21489/4/5
f 21494/4/5 21490/4/5 21493/4/5
f 21498/4/5 21496/4/5 21495/4/5
f 21499/4/5 21496/4/5 21498/4/5
f 21502/10/5 21498/10/5 21497/10/5
f 21503/10/5 21498/10/5 21502/10/5
f 21504/10/5 21500/10/5 21499/10/5
f 21505/10/5 21500/10/5 21504/10/5
f 21507/10/5 21502/10/5 21501/10/5
f 21508/10/5 21502/10/5 21507/10/5
f 21509/10/5 21506/10/5 21505/10/5
f 21510/10/5 21506/10/5 21509/10/5
f 21515/4/5 21512/4/5 21511/4/5
f 21516/4/5 21512/4/5 21515/4/5
f 21517/4/5 21514/4/5 21513/4/5
f 21518/4/5 21514/4/5 21517/4/5
f 21523/4/5 21520/4/5 21519/4/5
f 21524/4/5 21520/4/5 21523/4/5
f 21525/4/5 21522/4/5 21521/4/5
f 21526/4/5 21522/4/5 21525/4/5
f 21531/10/5 21528/10/5 21527/10/5
f 21532/10/5 21528/10/5 21531/10/5
f 21535/10/5 21530/10/5 21529/10/5
f 21536/10/5 21530/10/5 21535/10/5
f 21537/10/5 21533/10/5 21532/10/5
f 21538/10/5 21533/10/5 21537/10/5
f 21539/10/5 21535/10/5 21534/10/5
f 21540/10/5 21535/10/5 21539/10/5
f 21541/4/5 21539/4/5 21538/4/5
f 21542/4/5 21539/4/5 21541/4/5
f 21543/4/5 21539/4/5 21542/4/5
f 21544/4/5 21539/4/5 21543/4/5
f 21545/4/5 21539/4/5 21544/4/5
f 21546/4/5 21539/4/5 21545/4/5
f 21554/4/5 21548/4/5 21547/4/5
f 21554/4/5 21552/4/5 21551/4/5
f 21554/4/5 21551/4/5 21550/4/5
f 21554/4/5 21550/4/5 21549/4/5
f 21554/4/5 21549/4/5 21548/4/5
f 21555/4/5 21552/4/5 21554/4/5
f 21558/10/5 21554/10/5 21553/10/5
f 21559/10/5 21554/10/5 21558/10/5
f 21560/10/5 21556/10/5 21555/10/5
f 21561/10/5 21556/10/5 21560/10/5
f 21563/10/5 21558/10/5 21557/10/5
f 21564/10/5 21558/10/5 21563/10/5
f 21565/10/5 21562/10/5 21561/10/5
f 21566/10/5 21562/10/5 21565/10/5
f 21571/4/5 21568/4/5 21567/4/5
f 21572/4/5 21568/4/5 21571/4/5
f 21573/4/5 21570/4/5 21569/4/5
f 21574/4/5 21570/4/5 21573/4/5
f 21579/4/5 21576/4/5 21575/4/5
f 21580/4/5 21576/4/5 21579/4/5
f 21581/4/5 21578/4/5 21577/4/5
f 21582/4/5 21578/4/5 21581/4/5
f 21587/4/5 21584/4/5 21583/4/5
f 21588/4/5 21584/4/5 21587/4/5
f 21589/4/5 21586/4/5 21585/4/5
f 21590/4/5 21586/4/5 21589/4/5
f 21595/10/5 21592/10/5 21591/10/5
f 21596/10/5 21592/10/5 21595/10/5
f 21599/10/5 21594/10/5 21593/10/5
f 21600/10/5 21594/10/5 21599/10/5
f 21601/10/5 21597/10/5 21596/10/5
f 21602/10/5 21597/10/5 21601/10/5
f 21603/10/5 21599/10/5 21598/10/5
f 21604/10/5 21599/10/5 21603/10/5
f 21605/4/5 21603/4/5 21602/4/5
f 21606/4/5 21603/4/5 21605/4/5
f 21610/4/5 21608/4/5 21607/4/5
f 21611/4/5 21608/4/5 21610/4/5
f 21614/10/5 21610/10/5 21609/10/5
f 21615/10/5 21610/10/5 21614/10/5
f 21616/10/5 21612/10/5 21611/10/5
f 21617/10/5 21612/10/5 21616/10/5
f 21619/10/5 21614/10/5 21613/10/5
f 21620/10/5 21614/10/5 21619/10/5
f 21621/10/5 21618/10/5 21617/10/5
f 21622/10/5 21618/10/5 21621/10/5
f 21627/4/5 21624/4/5 21623/4/5
f 21628/4/5 21624/4/5 21627/4/5
f 21629/4/5 21626/4/5 21625/4/5
f 21630/4/5 21626/4/5 21629/4/5
f 21635/4/5 21632/4/5 21631/4/5
f 21636/4/5 21632/4/5 21635/4/5
f 21637/4/5 21634/4/5 21633/4/5
f 21638/4/5 21634/4/5 21637/4/5
f 21644/4/5 21640/4/5 21639/4/5
f 21645/4/5 21640/4/5 21644/4/5
f 21646/4/5 21643/4/5 21642/4/5
f 21646/4/5 21642/4/5 21641/4/5
f 21647/4/5 21643/4/5 21646/4/5
f 21648/4/5 21643/4/5 21647/4/5
f 21649/4/5 21643/4/5 21648/4/5
f 21650/4/5 21648/4/5 21647/4/5
f 21651/4/5 21648/4/5 21650/4/5
f 21652/4/5 21643/4/5 21649/4/5
f 21653/4/5 21643/4/5 21652/4/5
f 21656/1/5 21655/1/5 21654/1/5
f 21657/1/5 21655/1/5 21656/1/5
f 21662/10/5 21659/10/5 21658/10/5
f 21663/10/5 21659/10/5 21662/10/5
f 21666/10/5 21661/10/5 21660/10/5
f 21667/10/5 21661/10/5 21666/10/5
f 21668/10/5 21664/10/5 21663/10/5
f 21669/10/5 21664/10/5 21668/10/5
f 21670/10/5 21666/10/5 21665/10/5
f 21671/10/5 21666/10/5 21670/10/5
f 21672/4/5 21670/4/5 21669/4/5
f 21673/4/5 21670/4/5 21672/4/5
f 21677/4/5 21675/4/5 21674/4/5
f 21678/4/5 21675/4/5 21677/4/5
f 21681/10/5 21677/10/5 21676/10/5
f 21682/10/5 21677/10/5 21681/10/5
f 21683/10/5 21679/10/5 21678/10/5
f 21684/10/5 21679/10/5 21683/10/5
f 21686/10/5 21681/10/5 21680/10/5
f 21687/10/5 21681/10/5 21686/10/5
f 21688/10/5 21685/10/5 21684/10/5
f 21689/10/5 21685/10/5 21688/10/5
f 21692/1/5 21691/1/5 21690/1/5
f 21693/1/5 21691/1/5 21692/1/5
f 21701/4/5 21695/4/5 21694/4/5
f 21702/4/5 21695/4/5 21701/4/5
f 21703/4/5 21697/4/5 21696/4/5
f 21704/4/5 21699/4/5 21698/4/5
f 21705/4/5 21699/4/5 21704/4/5
f 21706/4/5 21703/4/5 21702/4/5
f 21706/4/5 21702/4/5 21701/4/5
f 21706/4/5 21701/4/5 21700/4/5
f 21707/4/5 21703/4/5 21706/4/5
f 21708/4/5 21697/4/5 21703/4/5
f 21708/4/5 21703/4/5 21707/4/5
f 21713/4/5 21710/4/5 21709/4/5
f 21714/4/5 21710/4/5 21713/4/5
f 21715/4/5 21712/4/5 21711/4/5
f 21716/4/5 21712/4/5 21715/4/5
f 21725/3/5 21718/3/5 21717/3/5
f 21726/3/5 21718/3/5 21725/3/5
f 21727/3/5 21720/3/5 21719/3/5
f 21728/3/5 21720/3/5 21727/3/5
f 21729/3/5 21722/3/5 21721/3/5
f 21730/3/5 21722/3/5 21729/3/5
f 21731/3/5 21724/3/5 21723/3/5
f 21732/3/5 21724/3/5 21731/3/5
f 21737/10/5 21734/10/5 21733/10/5
f 21738/10/5 21734/10/5 21737/10/5
f 21739/10/5 21736/10/5 21735/10/5
f 21740/10/5 21736/10/5 21739/10/5
f 21745/10/5 21742/10/5 21741/10/5
f 21746/10/5 21742/10/5 21745/10/5
f 21749/10/5 21744/10/5 21743/10/5
f 21750/10/5 21744/10/5 21749/10/5
f 21751/10/5 21747/10/5 21746/10/5
f 21752/10/5 21747/10/5 21751/10/5
f 21753/10/5 21749/10/5 21748/10/5
f 21754/10/5 21749/10/5 21753/10/5
f 21755/4/5 21753/4/5 21752/4/5
f 21756/4/5 21753/4/5 21755/4/5
f 21757/4/5 21753/4/5 21756/4/5
f 21758/4/5 21753/4/5 21757/4/5
f 21759/4/5 21755/4/5 21752/4/5
f 21760/4/5 21757/4/5 21756/4/5
f 21761/4/5 21757/4/5 21760/4/5
f 21762/4/5 21753/4/5 21758/4/5
f 21764/4/5 21761/4/5 21760/4/5
f 21764/4/5 21762/4/5 21761/4/5
f 21764/4/5 21759/4/5 21752/4/5
f 21764/4/5 21760/4/5 21759/4/5
f 21765/4/5 21753/4/5 21762/4/5
f 21765/4/5 21762/4/5 21764/4/5
f 21768/10/5 21764/10/5 21763/10/5
f 21769/10/5 21764/10/5 21768/10/5
f 21770/10/5 21766/10/5 21765/10/5
f 21771/10/5 21766/10/5 21770/10/5
f 21773/10/5 21768/10/5 21767/10/5
f 21774/10/5 21768/10/5 21773/10/5
f 21775/10/5 21772/10/5 21771/10/5
f 21776/10/5 21772/10/5 21775/10/5
f 21781/10/5 21778/10/5 21777/10/5
f 21782/10/5 21778/10/5 21781/10/5
f 21783/10/5 21780/10/5 21779/10/5
f 21784/10/5 21780/10/5 21783/10/5
f 21793/3/5 21786/3/5 21785/3/5
f 21794/3/5 21786/3/5 21793/3/5
f 21795/3/5 21788/3/5 21787/3/5
f 21796/3/5 21788/3/5 21795/3/5
f 21797/3/5 21790/3/5 21789/3/5
f 21798/3/5 21790/3/5 21797/3/5
f 21799/3/5 21792/3/5 21791/3/5
f 21800/3/5 21792/3/5 21799/3/5
f 21805/4/5 21802/4/5 21801/4/5
f 21806/4/5 21802/4/5 21805/4/5
f 21807/4/5 21804/4/5 21803/4/5
f 21808/4/5 21804/4/5 21807/4/5
f 21813/4/5 21810/4/5 21809/4/5
f 21814/4/5 21810/4/5 21813/4/5
f 21815/4/5 21812/4/5 21811/4/5
f 21816/4/5 21812/4/5 21815/4/5
f 21821/4/5 21818/4/5 21817/4/5
f 21822/4/5 21818/4/5 21821/4/5
f 21823/4/5 21820/4/5 21819/4/5
f 21824/4/5 21820/4/5 21823/4/5
f 21827/1/5 21826/1/5 21825/1/5
f 21828/1/5 21826/1/5 21827/1/5
f 21833/10/5 21830/10/5 21829/10/5
f 21834/10/5 21830/10/5 21833/10/5
f 21835/10/5 21832/10/5 21831/10/5
f 21836/10/5 21832/10/5 21835/10/5
f 21841/10/5 21838/10/5 21837/10/5
f 21842/10/5 21838/10/5 21841/10/5
f 21843/10/5 21840/10/5 21839/10/5
f 21844/10/5 21840/10/5 21843/10/5
f 21849/10/5 21846/10/5 21845/10/5
f 21850/10/5 21846/10/5 21849/10/5
f 21853/10/5 21848/10/5 21847/10/5
f 21854/10/5 21848/10/5 21853/10/5
f 21856/10/5 21851/10/5 21850/10/5
f 21857/10/5 21851/10/5 21856/10/5
f 21858/10/5 21853/10/5 21852/10/5
f 21859/10/5 21853/10/5 21858/10/5
f 21861/10/5 21856/10/5 21855/10/5
f 21862/10/5 21856/10/5 21861/10/5
f 21863/10/5 21860/10/5 21859/10/5
f 21864/10/5 21860/10/5 21863/10/5
f 21869/10/5 21866/10/5 21865/10/5
f 21870/10/5 21866/10/5 21869/10/5
f 21871/10/5 21868/10/5 21867/10/5
f 21872/10/5 21868/10/5 21871/10/5
f 21877/10/5 21874/10/5 21873/10/5
f 21878/10/5 21874/10/5 21877/10/5
f 21879/10/5 21876/10/5 21875/10/5
f 21880/10/5 21876/10/5 21879/10/5
f 21883/1/5 21882/1/5 21881/1/5
f 21884/1/5 21882/1/5 21883/1/5
f 21889/4/5 21886/4/5 21885/4/5
f 21890/4/5 21886/4/5 21889/4/5
f 21891/4/5 21888/4/5 21887/4/5
f 21892/4/5 21888/4/5 21891/4/5
f 21897/4/5 21894/4/5 21893/4/5
f 21898/4/5 21894/4/5 21897/4/5
f 21899/4/5 21896/4/5 21895/4/5
f 21900/4/5 21896/4/5 21899/4/5
f 21905/4/5 21902/4/5 21901/4/5
f 21906/4/5 21902/4/5 21905/4/5
f 21907/4/5 21904/4/5 21903/4/5
f 21908/4/5 21904/4/5 21907/4/5
f 21913/10/5 21910/10/5 21909/10/5
f 21914/10/5 21910/10/5 21913/10/5
f 21915/10/5 21912/10/5 21911/10/5
f 21916/10/5 21912/10/5 21915/10/5
f 21921/10/5 21918/10/5 21917/10/5
f 21922/10/5 21918/10/5 21921/10/5
f 21923/10/5 21920/10/5 21919/10/5
f 21924/10/5 21920/10/5 21923/10/5
f 21929/10/5 21926/10/5 21925/10/5
f 21930/10/5 21926/10/5 21929/10/5
f 21931/10/5 21928/10/5 21927/10/5
f 21932/10/5 21928/10/5 21931/10/5
f 21937/4/5 21934/4/5 21933/4/5
f 21938/4/5 21934/4/5 21937/4/5
f 21939/4/5 21936/4/5 21935/4/5
f 21940/4/5 21936/4/5 21939/4/5
f 21945/4/5 21942/4/5 21941/4/5
f 21946/4/5 21942/4/5 21945/4/5
f 21947/4/5 21944/4/5 21943/4/5
f 21948/4/5 21944/4/5 21947/4/5
f 21953/4/5 21950/4/5 21949/4/5
f 21954/4/5 21950/4/5 21953/4/5
f 21955/4/5 21952/4/5 21951/4/5
f 21956/4/5 21952/4/5 21955/4/5
f 21961/4/5 21958/4/5 21957/4/5
f 21962/4/5 21958/4/5 21961/4/5
f 21963/4/5 21960/4/5 21959/4/5
f 21964/4/5 21960/4/5 21963/4/5
f 21967/1/5 21966/1/5 21965/1/5
f 21968/1/5 21966/1/5 21967/1/5
f 21971/1/5 21970/1/5 21969/1/5
f 21972/1/5 21970/1/5 21971/1/5
f 21977/4/5 21974/4/5 21973/4/5
f 21978/4/5 21974/4/5 21977/4/5
f 21979/4/5 21976/4/5 21975/4/5
f 21980/4/5 21976/4/5 21979/4/5
f 21985/4/5 21982/4/5 21981/4/5
f 21986/4/5 21982/4/5 21985/4/5
f 21987/4/5 21984/4/5 21983/4/5
f 21988/4/5 21984/4/5 21987/4/5
f 21993/4/5 21990/4/5 21989/4/5
f 21994/4/5 21990/4/5 21993/4/5
f 21995/4/5 21992/4/5 21991/4/5
f 21996/4/5 21992/4/5 21995/4/5
f 22001/4/5 21998/4/5 21997/4/5
f 22002/4/5 21998/4/5 22001/4/5
f 22003/4/5 22000/4/5 21999/4/5
f 22004/4/5 22000/4/5 22003/4/5
f 22007/1/5 22006/1/5 22005/1/5
f 22008/1/5 22006/1/5 22007/1/5
f 22011/1/5 22010/1/5 22009/1/5
f 22012/1/5 22010/1/5 22011/1/5
f 22017/4/5 22014/4/5 22013/4/5
f 22018/4/5 22014/4/5 22017/4/5
f 22019/4/5 22016/4/5 22015/4/5
f 22020/4/5 22016/4/5 22019/4/5
f 22025/4/5 22022/4/5 22021/4/5
f 22026/4/5 22022/4/5 22025/4/5
f 22027/4/5 22024/4/5 22023/4/5
f 22028/4/5 22024/4/5 22027/4/5
f 22033/4/5 22030/4/5 22029/4/5
f 22034/4/5 22030/4/5 22033/4/5
f 22035/4/5 22032/4/5 22031/4/5
f 22036/4/5 22032/4/5 22035/4/5
f 22039/1/5 22038/1/5 22037/1/5
f 22040/1/5 22038/1/5 22039/1/5
f 22045/10/5 22042/10/5 22041/10/5
f 22046/10/5 22042/10/5 22045/10/5
f 22047/10/5 22044/10/5 22043/10/5
f 22048/10/5 22044/10/5 22047/10/5
f 22051/1/5 22050/1/5 22049/1/5
f 22052/1/5 22050/1/5 22051/1/5
f 22057/4/5 22054/4/5 22053/4/5
f 22058/4/5 22054/4/5 22057/4/5
f 22059/4/5 22056/4/5 22055/4/5
f 22060/4/5 22056/4/5 22059/4/5
f 22065/4/5 22062/4/5 22061/4/5
f 22066/4/5 22062/4/5 22065/4/5
f 22067/4/5 22064/4/5 22063/4/5
f 22068/4/5 22064/4/5 22067/4/5
f 22073/4/5 22070/4/5 22069/4/5
f 22074/4/5 22070/4/5 22073/4/5
f 22075/4/5 22072/4/5 22071/4/5
f 22076/4/5 22072/4/5 22075/4/5
f 22081/4/5 22078/4/5 22077/4/5
f 22082/4/5 22078/4/5 22081/4/5
f 22083/4/5 22080/4/5 22079/4/5
f 22084/4/5 22080/4/5 22083/4/5
f 22087/1/5 22086/1/5 22085/1/5
f 22088/1/5 22086/1/5 22087/1/5
f 22091/1/5 22090/1/5 22089/1/5
f 22092/1/5 22090/1/5 22091/1/5
f 22097/4/5 22094/4/5 22093/4/5
f 22098/4/5 22094/4/5 22097/4/5
f 22099/4/5 22096/4/5 22095/4/5
f 22100/4/5 22096/4/5 22099/4/5
f 22105/4/5 22102/4/5 22101/4/5
f 22106/4/5 22102/4/5 22105/4/5
f 22107/4/5 22104/4/5 22103/4/5
f 22108/4/5 22104/4/5 22107/4/5
f 22113/4/5 22110/4/5 22109/4/5
f 22114/4/5 22110/4/5 22113/4/5
f 22115/4/5 22112/4/5 22111/4/5
f 22116/4/5 22112/4/5 22115/4/5
f 22121/4/5 22118/4/5 22117/4/5
f 22122/4/5 22118/4/5 22121/4/5
f 22123/4/5 22120/4/5 22119/4/5
f 22124/4/5 22120/4/5 22123/4/5
f 22129/4/5 22126/4/5 22125/4/5
f 22130/4/5 22126/4/5 22129/4/5
f 22131/4/5 22128/4/5 22127/4/5
f 22132/4/5 22128/4/5 22131/4/5
f 22135/1/5 22134/1/5 22133/1/5
f 22136/1/5 22134/1/5 22135/1/5
f 22139/1/5 22138/1/5 22137/1/5
f 22140/1/5 22138/1/5 22139/1/5
f 22145/4/5 22142/4/5 22141/4/5
f 22146/4/5 22142/4/5 22145/4/5
f 22147/4/5 22144/4/5 22143/4/5
f 22148/4/5 22144/4/5 22147/4/5
f 22153/4/5 22150/4/5 22149/4/5
f 22154/4/5 22150/4/5 22153/4/5
f 22155/4/5 22152/4/5 22151/4/5
f 22156/4/5 22152/4/5 22155/4/5
f 22161/4/5 22158/4/5 22157/4/5
f 22162/4/5 22158/4/5 22161/4/5
f 22163/4/5 22160/4/5 22159/4/5
f 22164/4/5 22160/4/5 22163/4/5
f 22169/4/5 22166/4/5 22165/4/5
f 22170/4/5 22166/4/5 22169/4/5
f 22171/4/5 22168/4/5 22167/4/5
f 22172/4/5 22168/4/5 22171/4/5
f 22177/4/5 22174/4/5 22173/4/5
f 22178/4/5 22174/4/5 22177/4/5
f 22179/4/5 22176/4/5 22175/4/5
f 22180/4/5 22176/4/5 22179/4/5
f 22183/1/5 22182/1/5 22181/1/5
f 22184/1/5 22182/1/5 22183/1/5
f 22189/4/5 22186/4/5 22185/4/5
f 22190/4/5 22186/4/5 22189/4/5
f 22191/4/5 22188/4/5 22187/4/5
f 22192/4/5 22188/4/5 22191/4/5
f 22197/4/5 22194/4/5 22193/4/5
f 22198/4/5 22194/4/5 22197/4/5
f 22199/4/5 22196/4/5 22195/4/5
f 22200/4/5 22196/4/5 22199/4/5
f 22203/1/5 22202/1/5 22201/1/5
f 22204/1/5 22202/1/5 22203/1/5
f 22209/4/5 22206/4/5 22205/4/5
f 22210/4/5 22206/4/5 22209/4/5
f 22211/4/5 22208/4/5 22207/4/5
f 22212/4/5 22208/4/5 22211/4/5
f 22217/4/5 22214/4/5 22213/4/5
f 22218/4/5 22214/4/5 22217/4/5
f 22219/4/5 22216/4/5 22215/4/5
f 22220/4/5 22216/4/5 22219/4/5
f 22225/4/5 22222/4/5 22221/4/5
f 22226/4/5 22222/4/5 22225/4/5
f 22227/4/5 22224/4/5 22223/4/5
f 22228/4/5 22224/4/5 22227/4/5
f 22233/4/5 22230/4/5 22229/4/5
f 22234/4/5 22230/4/5 22233/4/5
f 22235/4/5 22232/4/5 22231/4/5
f 22236/4/5 22232/4/5 22235/4/5
f 22239/1/5 22238/1/5 22237/1/5
f 22240/1/5 22238/1/5 22239/1/5
f 22243/1/5 22242/1/5 22241/1/5
f 22244/1/5 22242/1/5 22243/1/5
f 22249/4/5 22246/4/5 22245/4/5
f 22250/4/5 22246/4/5 22249/4/5
f 22251/4/5 22248/4/5 22247/4/5
f 22252/4/5 22248/4/5 22251/4/5
f 22257/4/5 22254/4/5 22253/4/5
f 22258/4/5 22254/4/5 22257/4/5
f 22259/4/5 22256/4/5 22255/4/5
f 22260/4/5 22256/4/5 22259/4/5
f 22265/4/5 22262/4/5 22261/4/5
f 22266/4/5 22262/4/5 22265/4/5
f 22267/4/5 22264/4/5 22263/4/5
f 22268/4/5 22264/4/5 22267/4/5
f 22273/4/5 22270/4/5 22269/4/5
f 22274/4/5 22270/4/5 22273/4/5
f 22275/4/5 22272/4/5 22271/4/5
f 22276/4/5 22272/4/5 22275/4/5
f 22281/4/5 22278/4/5 22277/4/5
f 22282/4/5 22278/4/5 22281/4/5
f 22283/4/5 22280/4/5 22279/4/5
f 22284/4/5 22280/4/5 22283/4/5
f 22289/4/5 22286/4/5 22285/4/5
f 22290/4/5 22286/4/5 22289/4/5
f 22291/4/5 22288/4/5 22287/4/5
f 22292/4/5 22288/4/5 22291/4/5
f 22295/1/5 22294/1/5 22293/1/5
f 22296/1/5 22294/1/5 22295/1/5
f 22301/4/5 22298/4/5 22297/4/5
f 22302/4/5 22298/4/5 22301/4/5
f 22303/4/5 22300/4/5 22299/4/5
f 22304/4/5 22300/4/5 22303/4/5
f 22311/4/5 22306/4/5 22305/4/5
f 22312/4/5 22306/4/5 22311/4/5
f 22313/4/5 22308/4/5 22307/4/5
f 22314/4/5 22308/4/5 22313/4/5
f 22315/1/5 22310/1/5 22309/1/5
f 22316/1/5 22310/1/5 22315/1/5
f 22321/4/5 22318/4/5 22317/4/5
f 22322/4/5 22318/4/5 22321/4/5
f 22323/4/5 22320/4/5 22319/4/5
f 22324/4/5 22320/4/5 22323/4/5
f 22329/4/5 22326/4/5 22325/4/5
f 22330/4/5 22326/4/5 22329/4/5
f 22331/4/5 22328/4/5 22327/4/5
f 22332/4/5 22328/4/5 22331/4/5
f 22337/4/5 22334/4/5 22333/4/5
f 22338/4/5 22334/4/5 22337/4/5
f 22339/4/5 22336/4/5 22335/4/5
f 22340/4/5 22336/4/5 22339/4/5
f 22345/4/5 22342/4/5 22341/4/5
f 22346/4/5 22342/4/5 22345/4/5
f 22347/4/5 22344/4/5 22343/4/5
f 22348/4/5 22344/4/5 22347/4/5
f 22353/4/5 22350/4/5 22349/4/5
f 22354/4/5 22350/4/5 22353/4/5
f 22355/4/5 22352/4/5 22351/4/5
f 22356/4/5 22352/4/5 22355/4/5
f 22361/4/5 22358/4/5 22357/4/5
f 22362/4/5 22358/4/5 22361/4/5
f 22363/4/5 22360/4/5 22359/4/5
f 22364/4/5 22360/4/5 22363/4/5
f 22369/4/5 22366/4/5 22365/4/5
f 22370/4/5 22366/4/5 22369/4/5
f 22371/4/5 22368/4/5 22367/4/5
f 22372/4/5 22368/4/5 22371/4/5
f 22375/1/5 22374/1/5 22373/1/5
f 22376/1/5 22374/1/5 22375/1/5
f 22379/1/5 22378/1/5 22377/1/5
f 22380/1/5 22378/1/5 22379/1/5
f 22385/4/5 22382/4/5 22381/4/5
f 22386/4/5 22382/4/5 22385/4/5
f 22387/4/5 22384/4/5 22383/4/5
f 22388/4/5 22384/4/5 22387/4/5
f 22393/4/5 22390/4/5 22389/4/5
f 22394/4/5 22390/4/5 22393/4/5
f 22395/4/5 22392/4/5 22391/4/5
f 22396/4/5 22392/4/5 22395/4/5
f 22401/4/5 22398/4/5 22397/4/5
f 22402/4/5 22398/4/5 22401/4/5
f 22403/4/5 22400/4/5 22399/4/5
f 22404/4/5 22400/4/5 22403/4/5
f 22409/4/5 22406/4/5 22405/4/5
f 22410/4/5 22406/4/5 22409/4/5
f 22411/4/5 22408/4/5 22407/4/5
f 22412/4/5 22408/4/5 22411/4/5
f 22417/4/5 22414/4/5 22413/4/5
f 22418/4/5 22414/4/5 22417/4/5
f 22419/4/5 22416/4/5 22415/4/5
f 22420/4/5 22416/4/5 22419/4/5
f 22425/4/5 22422/4/5 22421/4/5
f 22426/4/5 22422/4/5 22425/4/5
f 22427/4/5 22424/4/5 22423/4/5
f 22428/4/5 22424/4/5 22427/4/5
f 22433/4/5 22430/4/5 22429/4/5
f 22434/4/5 22430/4/5 22433/4/5
f 22435/4/5 22432/4/5 22431/4/5
f 22436/4/5 22432/4/5 22435/4/5
f 22439/1/5 22438/1/5 22437/1/5
f 22440/1/5 22438/1/5 22439/1/5
f 22445/4/5 22442/4/5 22441/4/5
f 22446/4/5 22442/4/5 22445/4/5
f 22447/4/5 22444/4/5 22443/4/5
f 22448/4/5 22444/4/5 22447/4/5
f 22453/4/5 22450/4/5 22449/4/5
f 22454/4/5 22450/4/5 22453/4/5
f 22455/4/5 22452/4/5 22451/4/5
f 22456/4/5 22452/4/5 22455/4/5
f 22461/4/5 22458/4/5 22457/4/5
f 22462/4/5 22458/4/5 22461/4/5
f 22463/4/5 22460/4/5 22459/4/5
f 22464/4/5 22460/4/5 22463/4/5
f 22469/4/5 22466/4/5 22465/4/5
f 22470/4/5 22466/4/5 22469/4/5
f 22471/4/5 22468/4/5 22467/4/5
f 22472/4/5 22468/4/5 22471/4/5
f 22477/4/5 22474/4/5 22473/4/5
f 22478/4/5 22474/4/5 22477/4/5
f 22479/4/5 22476/4/5 22475/4/5
f 22480/4/5 22476/4/5 22479/4/5
f 22485/4/5 22484/4/5 22483/4/5
f 22488/4/5 22482/4/5 22481/4/5
f 22489/4/5 22482/4/5 22488/4/5
f 22490/4/5 22485/4/5 22483/4/5
f 22491/4/5 22485/4/5 22490/4/5
f 22492/4/5 22487/4/5 22486/4/5
f 22493/4/5 22487/4/5 22492/4/5
f 22500/4/5 22497/4/5 22496/4/5
f 22501/4/5 22499/4/5 22498/4/5
f 22502/4/5 22499/4/5 22501/4/5
f 22503/4/5 22495/4/5 22494/4/5
f 22504/4/5 22495/4/5 22503/4/5
f 22505/4/5 22500/4/5 22496/4/5
f 22506/4/5 22500/4/5 22505/4/5
f 22511/4/5 22508/4/5 22507/4/5
f 22512/4/5 22508/4/5 22511/4/5
f 22513/4/5 22510/4/5 22509/4/5
f 22514/4/5 22510/4/5 22513/4/5
f 22519/4/5 22516/4/5 22515/4/5
f 22520/4/5 22516/4/5 22519/4/5
f 22521/4/5 22518/4/5 22517/4/5
f 22522/4/5 22518/4/5 22521/4/5
f 22527/4/5 22524/4/5 22523/4/5
f 22528/4/5 22524/4/5 22527/4/5
f 22529/4/5 22526/4/5 22525/4/5
f 22530/4/5 22526/4/5 22529/4/5
f 22535/4/5 22532/4/5 22531/4/5
f 22536/4/5 22532/4/5 22535/4/5
f 22537/4/5 22534/4/5 22533/4/5
f 22538/4/5 22534/4/5 22537/4/5
f 22543/4/5 22540/4/5 22539/4/5
f 22544/4/5 22540/4/5 22543/4/5
f 22545/4/5 22542/4/5 22541/4/5
f 22546/4/5 22542/4/5 22545/4/5
f 22551/4/5 22548/4/5 22547/4/5
f 22552/4/5 22548/4/5 22551/4/5
f 22553/4/5 22550/4/5 22549/4/5
f 22554/4/5 22550/4/5 22553/4/5
f 22559/4/5 22556/4/5 22555/4/5
f 22560/4/5 22556/4/5 22559/4/5
f 22561/4/5 22558/4/5 22557/4/5
f 22562/4/5 22558/4/5 22561/4/5
f 22567/4/5 22564/4/5 22563/4/5
f 22568/4/5 22564/4/5 22567/4/5
f 22569/4/5 22566/4/5 22565/4/5
f 22570/4/5 22566/4/5 22569/4/5
f 22575/4/5 22572/4/5 22571/4/5
f 22576/4/5 22572/4/5 22575/4/5
f 22577/4/5 22574/4/5 22573/4/5
f 22578/4/5 22574/4/5 22577/4/5
f 22583/4/5 22580/4/5 22579/4/5
f 22584/4/5 22580/4/5 22583/4/5
f 22585/4/5 22582/4/5 22581/4/5
f 22586/4/5 22582/4/5 22585/4/5
f 22591/4/5 22588/4/5 22587/4/5
f 22592/4/5 22588/4/5 22591/4/5
f 22593/4/5 22590/4/5 22589/4/5
f 22594/4/5 22590/4/5 22593/4/5
f 22599/4/5 22596/4/5 22595/4/5
f 22600/4/5 22596/4/5 22599/4/5
f 22601/4/5 22598/4/5 22597/4/5
f 22602/4/5 22598/4/5 22601/4/5
f 22607/4/5 22604/4/5 22603/4/5
f 22608/4/5 22604/4/5 22607/4/5
f 22609/4/5 22606/4/5 22605/4/5
f 22610/4/5 22606/4/5 22609/4/5
f 22615/4/5 22612/4/5 22611/4/5
f 22616/4/5 22612/4/5 22615/4/5
f 22617/4/5 22614/4/5 22613/4/5
f 22618/4/5 22614/4/5 22617/4/5
f 22623/4/5 22620/4/5 22619/4/5
f 22624/4/5 22620/4/5 22623/4/5
f 22625/4/5 22622/4/5 22621/4/5
f 22626/4/5 22622/4/5 22625/4/5
f 22631/4/5 22628/4/5 22627/4/5
f 22632/4/5 22628/4/5 22631/4/5
f 22633/4/5 22630/4/5 22629/4/5
f 22634/4/5 22630/4/5 22633/4/5
f 22639/4/5 22636/4/5 22635/4/5
f 22640/4/5 22636/4/5 22639/4/5
f 22641/4/5 22638/4/5 22637/4/5
f 22642/4/5 22638/4/5 22641/4/5
f 22647/4/5 22644/4/5 22643/4/5
f 22648/4/5 22644/4/5 22647/4/5
f 22649/4/5 22646/4/5 22645/4/5
f 22650/4/5 22646/4/5 22649/4/5
f 22655/4/5 22652/4/5 22651/4/5
f 22656/4/5 22652/4/5 22655/4/5
f 22657/4/5 22654/4/5 22653/4/5
f 22658/4/5 22654/4/5 22657/4/5
f 22663/4/5 22660/4/5 22659/4/5
f 22664/4/5 22660/4/5 22663/4/5
f 22665/4/5 22662/4/5 22661/4/5
f 22666/4/5 22662/4/5 22665/4/5
f 22671/4/5 22668/4/5 22667/4/5
f 22672/4/5 22668/4/5 22671/4/5
f 22673/4/5 22670/4/5 22669/4/5
f 22674/4/5 22670/4/5 22673/4/5
f 22679/4/5 22676/4/5 22675/4/5
f 22680/4/5 22676/4/5 22679/4/5
f 22681/4/5 22678/4/5 22677/4/5
f 22682/4/5 22678/4/5 22681/4/5
f 22687/4/5 22684/4/5 22683/4/5
f 22688/4/5 22684/4/5 22687/4/5
f 22689/4/5 22686/4/5 22685/4/5
f 22690/4/5 22686/4/5 22689/4/5
f 22695/4/5 22692/4/5 22691/4/5
f 22696/4/5 22692/4/5 22695/4/5
f 22697/4/5 22694/4/5 22693/4/5
f 22698/4/5 22694/4/5 22697/4/5
f 22703/4/5 22700/4/5 22699/4/5
f 22704/4/5 22700/4/5 22703/4/5
f 22705/4/5 22702/4/5 22701/4/5
f 22706/4/5 22702/4/5 22705/4/5
f 22711/4/5 22708/4/5 22707/4/5
f 22712/4/5 22708/4/5 22711/4/5
f 22713/4/5 22710/4/5 22709/4/5
f 22714/4/5 22710/4/5 22713/4/5
f 22719/4/5 22716/4/5 22715/4/5
f 22720/4/5 22716/4/5 22719/4/5
f 22721/4/5 22718/4/5 22717/4/5
f 22722/4/5 22718/4/5 22721/4/5
f 22727/4/5 22724/4/5 22723/4/5
f 22728/4/5 22724/4/5 22727/4/5
f 22729/4/5 22726/4/5 22725/4/5
f 22730/4/5 22726/4/5 22729/4/5
f 22735/4/5 22732/4/5 22731/4/5
f 22736/4/5 22732/4/5 22735/4/5
f 22737/4/5 22734/4/5 22733/4/5
f 22738/4/5 22734/4/5 22737/4/5
f 22743/4/5 22740/4/5 22739/4/5
f 22744/4/5 22740/4/5 22743/4/5
f 22745/4/5 22742/4/5 22741/4/5
f 22746/4/5 22742/4/5 22745/4/5
f 22751/4/5 22748/4/5 22747/4/5
f 22752/4/5 22748/4/5 22751/4/5
f 22753/4/5 22750/4/5 22749/4/5
f 22754/4/5 22750/4/5 22753/4/5
f 22759/4/5 22756/4/5 22755/4/5
f 22760/4/5 22756/4/5 22759/4/5
f 22761/4/5 22758/4/5 22757/4/5
f 22762/4/5 22758/4/5 22761/4/5
f 22767/4/5 22764/4/5 22763/4/5
f 22768/4/5 22764/4/5 22767/4/5
f 22769/4/5 22766/4/5 22765/4/5
f 22770/4/5 22766/4/5 22769/4/5
f 22775/4/5 22772/4/5 22771/4/5
f 22776/4/5 22772/4/5 22775/4/5
f 22777/4/5 22774/4/5 22773/4/5
f 22778/4/5 22774/4/5 22777/4/5
f 22783/4/5 22780/4/5 22779/4/5
f 22784/4/5 22780/4/5 22783/4/5
f 22785/4/5 22782/4/5 22781/4/5
f 22786/4/5 22782/4/5 22785/4/5
f 22791/4/5 22788/4/5 22787/4/5
f 22792/4/5 22788/4/5 22791/4/5
f 22793/4/5 22790/4/5 22789/4/5
f 22794/4/5 22790/4/5 22793/4/5
f 22799/4/5 22796/4/5 22795/4/5
f 22800/4/5 22796/4/5 22799/4/5
f 22801/4/5 22798/4/5 22797/4/5
f 22802/4/5 22798/4/5 22801/4/5
f 22807/4/5 22804/4/5 22803/4/5
f 22808/4/5 22804/4/5 22807/4/5
f 22809/4/5 22806/4/5 22805/4/5
f 22810/4/5 22806/4/5 22809/4/5
f 22815/4/5 22812/4/5 22811/4/5
f 22816/4/5 22812/4/5 22815/4/5
f 22817/4/5 22814/4/5 22813/4/5
f 22818/4/5 22814/4/5 22817/4/5
f 22823/4/5 22820/4/5 22819/4/5
f 22824/4/5 22820/4/5 22823/4/5
f 22825/4/5 22822/4/5 22821/4/5
f 22826/4/5 22822/4/5 22825/4/5
f 22831/4/5 22828/4/5 22827/4/5
f 22832/4/5 22828/4/5 22831/4/5
f 22833/4/5 22830/4/5 22829/4/5
f 22834/4/5 22830/4/5 22833/4/5
f 22839/4/5 22836/4/5 22835/4/5
f 22840/4/5 22836/4/5 22839/4/5
f 22841/4/5 22838/4/5 22837/4/5
f 22842/4/5 22838/4/5 22841/4/5
f 22847/4/5 22844/4/5 22843/4/5
f 22848/4/5 22844/4/5 22847/4/5
f 22849/4/5 22846/4/5 22845/4/5
f 22850/4/5 22846/4/5 22849/4/5
f 22855/4/5 22852/4/5 22851/4/5
f 22856/4/5 22852/4/5 22855/4/5
f 22857/4/5 22854/4/5 22853/4/5
f 22858/4/5 22854/4/5 22857/4/5
f 22863/4/5 22860/4/5 22859/4/5
f 22864/4/5 22860/4/5 22863/4/5
f 22865/4/5 22862/4/5 22861/4/5
f 22866/4/5 22862/4/5 22865/4/5
f 22871/4/5 22868/4/5 22867/4/5
f 22872/4/5 22868/4/5 22871/4/5
f 22873/4/5 22870/4/5 22869/4/5
f 22874/4/5 22870/4/5 22873/4/5
f 22879/4/5 22876/4/5 22875/4/5
f 22880/4/5 22876/4/5 22879/4/5
f 22881/4/5 22878/4/5 22877/4/5
f 22882/4/5 22878/4/5 22881/4/5
f 22887/4/5 22884/4/5 22883/4/5
f 22888/4/5 22884/4/5 22887/4/5
f 22889/4/5 22886/4/5 22885/4/5
f 22890/4/5 22886/4/5 22889/4/5
f 22895/4/5 22892/4/5 22891/4/5
f 22896/4/5 22892/4/5 22895/4/5
f 22897/4/5 22894/4/5 22893/4/5
f 22898/4/5 22894/4/5 22897/4/5
f 22903/4/5 22900/4/5 22899/4/5
f 22904/4/5 22900/4/5 22903/4/5
f 22905/4/5 22902/4/5 22901/4/5
f 22906/4/5 22902/4/5 22905/4/5
f 22911/4/5 22908/4/5 22907/4/5
f 22912/4/5 22908/4/5 22911/4/5
f 22913/4/5 22910/4/5 22909/4/5
f 22914/4/5 22910/4/5 22913/4/5
f 22919/4/5 22916/4/5 22915/4/5
f 22920/4/5 22916/4/5 22919/4/5
f 22921/4/5 22918/4/5 22917/4/5
f 22922/4/5 22918/4/5 22921/4/5
f 22927/4/5 22924/4/5 22923/4/5
f 22928/4/5 22924/4/5 22927/4/5
f 22929/4/5 22926/4/5 22925/4/5
f 22930/4/5 22926/4/5 22929/4/5
f 22935/4/5 22932/4/5 22931/4/5
f 22936/4/5 22932/4/5 22935/4/5
f 22937/4/5 22934/4/5 22933/4/5
f 22938/4/5 22934/4/5 22937/4/5
f 22943/4/5 22940/4/5 22939/4/5
f 22944/4/5 22940/4/5 22943/4/5
f 22945/4/5 22942/4/5 22941/4/5
f 22946/4/5 22942/4/5 22945/4/5
f 22951/4/5 22948/4/5 22947/4/5
f 22952/4/5 22948/4/5 22951/4/5
f 22953/4/5 22950/4/5 22949/4/5
f 22954/4/5 22950/4/5 22953/4/5
f 22959/4/5 22956/4/5 22955/4/5
f 22960/4/5 22956/4/5 22959/4/5
f 22961/4/5 22958/4/5 22957/4/5
f 22962/4/5 22958/4/5 22961/4/5
f 22967/4/5 22964/4/5 22963/4/5
f 22968/4/5 22964/4/5 22967/4/5
f 22969/4/5 22966/4/5 22965/4/5
f 22970/4/5 22966/4/5 22969/4/5
f 22975/4/5 22972/4/5 22971/4/5
f 22976/4/5 22972/4/5 22975/4/5
f 22977/4/5 22974/4/5 22973/4/5
f 22978/4/5 22974/4/5 22977/4/5
f 22983/4/5 22980/4/5 22979/4/5
f 22984/4/5 22980/4/5 22983/4/5
f 22985/4/5 22982/4/5 22981/4/5
f 22986/4/5 22982/4/5 22985/4/5
f 22991/4/5 22988/4/5 22987/4/5
f 22992/4/5 22988/4/5 22991/4/5
f 22993/4/5 22990/4/5 22989/4/5
f 22994/4/5 22990/4/5 22993/4/5
f 22999/4/5 22996/4/5 22995/4/5
f 23000/4/5 22996/4/5 22999/4/5
f 23001/4/5 22998/4/5 22997/4/5
f 23002/4/5 22998/4/5 23001/4/5
f 23007/4/5 23004/4/5 23003/4/5
f 23008/4/5 23004/4/5 23007/4/5
f 23009/4/5 23006/4/5 23005/4/5
f 23010/4/5 23006/4/5 23009/4/5
f 23015/4/5 23012/4/5 23011/4/5
f 23016/4/5 23012/4/5 23015/4/5
f 23017/4/5 23014/4/5 23013/4/5
f 23018/4/5 23014/4/5 23017/4/5
f 23023/4/5 23020/4/5 23019/4/5
f 23024/4/5 23020/4/5 23023/4/5
f 23025/4/5 23022/4/5 23021/4/5
f 23026/4/5 23022/4/5 23025/4/5
f 23031/4/5 23028/4/5 23027/4/5
f 23032/4/5 23028/4/5 23031/4/5
f 23033/4/5 23030/4/5 23029/4/5
f 23034/4/5 23030/4/5 23033/4/5
f 23039/4/5 23036/4/5 23035/4/5
f 23040/4/5 23036/4/5 23039/4/5
f 23041/4/5 23038/4/5 23037/4/5
f 23042/4/5 23038/4/5 23041/4/5
f 23047/4/5 23044/4/5 23043/4/5
f 23048/4/5 23044/4/5 23047/4/5
f 23049/4/5 23046/4/5 23045/4/5
f 23050/4/5 23046/4/5 23049/4/5
f 23055/4/5 23052/4/5 23051/4/5
f 23056/4/5 23052/4/5 23055/4/5
f 23057/4/5 23054/4/5 23053/4/5
f 23058/4/5 23054/4/5 23057/4/5
f 23063/4/5 23060/4/5 23059/4/5
f 23064/4/5 23060/4/5 23063/4/5
f 23065/4/5 23062/4/5 23061/4/5
f 23066/4/5 23062/4/5 23065/4/5
f 23071/4/5 23068/4/5 23067/4/5
f 23072/4/5 23068/4/5 23071/4/5
f 23073/4/5 23070/4/5 23069/4/5
f 23074/4/5 23070/4/5 23073/4/5
f 23079/4/5 23076/4/5 23075/4/5
f 23080/4/5 23076/4/5 23079/4/5
f 23081/4/5 23078/4/5 23077/4/5
f 23082/4/5 23078/4/5 23081/4/5
f 23087/4/5 23084/4/5 23083/4/5
f 23088/4/5 23084/4/5 23087/4/5
f 23089/4/5 23086/4/5 23085/4/5
f 23090/4/5 23086/4/5 23089/4/5
f 23095/4/5 23092/4/5 23091/4/5
f 23096/4/5 23092/4/5 23095/4/5
f 23097/4/5 23094/4/5 23093/4/5
f 23098/4/5 23094/4/5 23097/4/5
f 23103/4/5 23100/4/5 23099/4/5
f 23104/4/5 23100/4/5 23103/4/5
f 23105/4/5 23102/4/5 23101/4/5
f 23106/4/5 23102/4/5 23105/4/5
f 23111/4/5 23108/4/5 23107/4/5
f 23112/4/5 23108/4/5 23111/4/5
f 23113/4/5 23110/4/5 23109/4/5
f 23114/4/5 23110/4/5 23113/4/5
f 23119/4/5 23116/4/5 23115/4/5
f 23120/4/5 23116/4/5 23119/4/5
f 23121/4/5 23118/4/5 23117/4/5
f 23122/4/5 23118/4/5 23121/4/5
f 23127/4/5 23124/4/5 23123/4/5
f 23128/4/5 23124/4/5 23127/4/5
f 23129/4/5 23126/4/5 23125/4/5
f 23130/4/5 23126/4/5 23129/4/5
f 23135/4/5 23132/4/5 23131/4/5
f 23136/4/5 23132/4/5 23135/4/5
f 23137/4/5 23134/4/5 23133/4/5
f 23138/4/5 23134/4/5 23137/4/5
f 23143/4/5 23140/4/5 23139/4/5
f 23144/4/5 23140/4/5 23143/4/5
f 23145/4/5 23142/4/5 23141/4/5
f 23146/4/5 23142/4/5 23145/4/5
f 23151/4/5 23148/4/5 23147/4/5
f 23152/4/5 23148/4/5 23151/4/5
f 23153/4/5 23150/4/5 23149/4/5
f 23154/4/5 23150/4/5 23153/4/5
f 23159/4/5 23156/4/5 23155/4/5
f 23160/4/5 23156/4/5 23159/4/5
f 23161/4/5 23158/4/5 23157/4/5
f 23162/4/5 23158/4/5 23161/4/5
f 23167/4/5 23164/4/5 23163/4/5
f 23168/4/5 23164/4/5 23167/4/5
f 23169/4/5 23166/4/5 23165/4/5
f 23170/4/5 23166/4/5 23169/4/5
f 23175/4/5 23172/4/5 23171/4/5
f 23176/4/5 23172/4/5 23175/4/5
f 23177/4/5 23174/4/5 23173/4/5
f 23178/4/5 23174/4/5 23177/4/5
f 23183/4/5 23180/4/5 23179/4/5
f 23184/4/5 23180/4/5 23183/4/5
f 23185/4/5 23182/4/5 23181/4/5
f 23186/4/5 23182/4/5 23185/4/5
f 23191/4/5 23188/4/5 23187/4/5
f 23192/4/5 23188/4/5 23191/4/5
f 23193/4/5 23190/4/5 23189/4/5
f 23194/4/5 23190/4/5 23193/4/5
f 23199/4/5 23196/4/5 23195/4/5
f 23200/4/5 23196/4/5 23199/4/5
f 23201/4/5 23198/4/5 23197/4/5
f 23202/4/5 23198/4/5 23201/4/5
f 23207/4/5 23204/4/5 23203/4/5
f 23208/4/5 23204/4/5 23207/4/5
f 23209/4/5 23206/4/5 23205/4/5
f 23210/4/5 23206/4/5 23209/4/5
f 23215/4/5 23212/4/5 23211/4/5
f 23216/4/5 23212/4/5 23215/4/5
f 23217/4/5 23214/4/5 23213/4/5
f 23218/4/5 23214/4/5 23217/4/5
f 23223/4/5 23220/4/5 23219/4/5
f 23224/4/5 23220/4/5 23223/4/5
f 23225/4/5 23222/4/5 23221/4/5
f 23226/4/5 23222/4/5 23225/4/5
f 23231/4/5 23228/4/5 23227/4/5
f 23232/4/5 23228/4/5 23231/4/5
f 23233/4/5 23230/4/5 23229/4/5
f 23234/4/5 23230/4/5 23233/4/5
f 23239/4/5 23236/4/5 23235/4/5
f 23240/4/5 23236/4/5 23239/4/5
f 23241/4/5 23238/4/5 23237/4/5
f 23242/4/5 23238/4/5 23241/4/5
f 23247/4/5 23244/4/5 23243/4/5
f 23248/4/5 23244/4/5 23247/4/5
f 23249/4/5 23246/4/5 23245/4/5
f 23250/4/5 23246/4/5 23249/4/5
f 23255/4/5 23252/4/5 23251/4/5
f 23256/4/5 23252/4/5 23255/4/5
f 23257/4/5 23254/4/5 23253/4/5
f 23258/4/5 23254/4/5 23257/4/5
f 23263/4/5 23260/4/5 23259/4/5
f 23264/4/5 23260/4/5 23263/4/5
f 23265/4/5 23262/4/5 23261/4/5
f 23266/4/5 23262/4/5 23265/4/5
f 23271/4/5 23268/4/5 23267/4/5
f 23272/4/5 23268/4/5 23271/4/5
f 23273/4/5 23270/4/5 23269/4/5
f 23274/4/5 23270/4/5 23273/4/5
f 23279/4/5 23276/4/5 23275/4/5
f 23280/4/5 23276/4/5 23279/4/5
f 23281/4/5 23278/4/5 23277/4/5
f 23282/4/5 23278/4/5 23281/4/5
f 23287/4/5 23284/4/5 23283/4/5
f 23288/4/5 23284/4/5 23287/4/5
f 23289/4/5 23286/4/5 23285/4/5
f 23290/4/5 23286/4/5 23289/4/5
f 23295/4/5 23292/4/5 23291/4/5
f 23296/4/5 23292/4/5 23295/4/5
f 23297/4/5 23294/4/5 23293/4/5
f 23298/4/5 23294/4/5 23297/4/5
f 23303/4/5 23300/4/5 23299/4/5
f 23304/4/5 23300/4/5 23303/4/5
f 23305/4/5 23302/4/5 23301/4/5
f 23306/4/5 23302/4/5 23305/4/5
f 23311/4/5 23308/4/5 23307/4/5
f 23312/4/5 23308/4/5 23311/4/5
f 23313/4/5 23310/4/5 23309/4/5
f 23314/4/5 23310/4/5 23313/4/5
f 23319/4/5 23316/4/5 23315/4/5
f 23320/4/5 23316/4/5 23319/4/5
f 23321/4/5 23318/4/5 23317/4/5
f 23322/4/5 23318/4/5 23321/4/5
f 23327/4/5 23324/4/5 23323/4/5
f 23328/4/5 23324/4/5 23327/4/5
f 23329/4/5 23326/4/5 23325/4/5
f 23330/4/5 23326/4/5 23329/4/5
f 23335/4/5 23332/4/5 23331/4/5
f 23336/4/5 23332/4/5 23335/4/5
f 23337/4/5 23334/4/5 23333/4/5
f 23338/4/5 23334/4/5 23337/4/5
f 23343/4/5 23340/4/5 23339/4/5
f 23344/4/5 23340/4/5 23343/4/5
f 23345/4/5 23342/4/5 23341/4/5
f 23346/4/5 23342/4/5 23345/4/5
f 23351/4/5 23348/4/5 23347/4/5
f 23352/4/5 23348/4/5 23351/4/5
f 23353/4/5 23350/4/5 23349/4/5
f 23354/4/5 23350/4/5 23353/4/5
f 23359/4/5 23356/4/5 23355/4/5
f 23360/4/5 23356/4/5 23359/4/5
f 23361/4/5 23358/4/5 23357/4/5
f 23362/4/5 23358/4/5 23361/4/5
f 23367/4/5 23364/4/5 23363/4/5
f 23368/4/5 23364/4/5 23367/4/5
f 23369/4/5 23366/4/5 23365/4/5
f 23370/4/5 23366/4/5 23369/4/5
f 23375/4/5 23372/4/5 23371/4/5
f 23376/4/5 23372/4/5 23375/4/5
f 23377/4/5 23374/4/5 23373/4/5
f 23378/4/5 23374/4/5 23377/4/5
f 23383/4/5 23380/4/5 23379/4/5
f 23384/4/5 23380/4/5 23383/4/5
f 23385/4/5 23382/4/5 23381/4/5
f 23386/4/5 23382/4/5 23385/4/5
f 23391/4/5 23388/4/5 23387/4/5
f 23392/4/5 23388/4/5 23391/4/5
f 23393/4/5 23390/4/5 23389/4/5
f 23394/4/5 23390/4/5 23393/4/5
f 23399/4/5 23396/4/5 23395/4/5
f 23400/4/5 23396/4/5 23399/4/5
f 23401/4/5 23398/4/5 23397/4/5
f 23402/4/5 23398/4/5 23401/4/5
f 23407/4/5 23404/4/5 23403/4/5
f 23408/4/5 23404/4/5 23407/4/5
f 23409/4/5 23406/4/5 23405/4/5
f 23410/4/5 23406/4/5 23409/4/5
f 23415/4/5 23412/4/5 23411/4/5
f 23416/4/5 23412/4/5 23415/4/5
f 23417/4/5 23414/4/5 23413/4/5
f 23418/4/5 23414/4/5 23417/4/5
f 23419/4/6 23420/4/6 23423/4/6
f 23423/4/6 23420/4/6 23424/4/6
f 23421/4/6 23422/4/6 23425/4/6
f 23425/4/6 23422/4/6 23426/4/6
f 23427/4/6 23428/4/6 23431/4/6
f 23431/4/6 23428/4/6 23432/4/6
f 23429/4/6 23430/4/6 23433/4/6
f 23433/4/6 23430/4/6 23434/4/6
f 23435/4/6 23436/4/6 23439/4/6
f 23439/4/6 23436/4/6 23440/4/6
f 23437/4/6 23438/4/6 23441/4/6
f 23441/4/6 23438/4/6 23442/4/6
f 23443/4/6 23444/4/6 23447/4/6
f 23447/4/6 23444/4/6 23448/4/6
f 23445/4/6 23446/4/6 23449/4/6
f 23449/4/6 23446/4/6 23450/4/6
f 23451/4/6 23452/4/6 23455/4/6
f 23455/4/6 23452/4/6 23456/4/6
f 23453/4/6 23454/4/6 23457/4/6
f 23457/4/6 23454/4/6 23458/4/6
f 23459/4/6 23460/4/6 23463/4/6
f 23463/4/6 23460/4/6 23464/4/6
f 23461/4/6 23462/4/6 23465/4/6
f 23465/4/6 23462/4/6 23466/4/6
f 23467/4/6 23468/4/6 23471/4/6
f 23471/4/6 23468/4/6 23472/4/6
f 23469/4/6 23470/4/6 23473/4/6
f 23473/4/6 23470/4/6 23474/4/6
f 23475/4/6 23476/4/6 23479/4/6
f 23479/4/6 23476/4/6 23480/4/6
f 23477/4/6 23478/4/6 23481/4/6
f 23481/4/6 23478/4/6 23482/4/6
f 23483/4/6 23484/4/6 23487/4/6
f 23487/4/6 23484/4/6 23488/4/6
f 23485/4/6 23486/4/6 23489/4/6
f 23489/4/6 23486/4/6 23490/4/6
f 23491/4/6 23492/4/6 23495/4/6
f 23495/4/6 23492/4/6 23496/4/6
f 23493/4/6 23494/4/6 23497/4/6
f 23497/4/6 23494/4/6 23498/4/6
f 23499/4/6 23500/4/6 23503/4/6
f 23503/4/6 23500/4/6 23504/4/6
f 23501/4/6 23502/4/6 23505/4/6
f 23505/4/6 23502/4/6 23506/4/6
f 23507/4/6 23508/4/6 23511/4/6
f 23511/4/6 23508/4/6 23512/4/6
f 23509/4/6 23510/4/6 23513/4/6
f 23513/4/6 23510/4/6 23514/4/6
f 23515/4/6 23516/4/6 23519/4/6
f 23519/4/6 23516/4/6 23520/4/6
f 23517/4/6 23518/4/6 23521/4/6
f 23521/4/6 23518/4/6 23522/4/6
f 23523/4/6 23524/4/6 23527/4/6
f 23527/4/6 23524/4/6 23528/4/6
f 23525/4/6 23526/4/6 23529/4/6
f 23529/4/6 23526/4/6 23530/4/6
f 23531/4/6 23532/4/6 23535/4/6
f 23535/4/6 23532/4/6 23536/4/6
f 23533/4/6 23534/4/6 23537/4/6
f 23537/4/6 23534/4/6 23538/4/6
f 23539/4/6 23540/4/6 23543/4/6
f 23543/4/6 23540/4/6 23544/4/6
f 23541/4/6 23542/4/6 23545/4/6
f 23545/4/6 23542/4/6 23546/4/6
f 23547/4/6 23548/4/6 23551/4/6
f 23551/4/6 23548/4/6 23552/4/6
f 23549/4/6 23550/4/6 23553/4/6
f 23553/4/6 23550/4/6 23554/4/6
f 23555/4/6 23556/4/6 23559/4/6
f 23559/4/6 23556/4/6 23560/4/6
f 23557/4/6 23558/4/6 23561/4/6
f 23561/4/6 23558/4/6 23562/4/6
f 23563/4/6 23564/4/6 23567/4/6
f 23567/4/6 23564/4/6 23568/4/6
f 23565/4/6 23566/4/6 23569/4/6
f 23569/4/6 23566/4/6 23570/4/6
f 23571/4/6 23572/4/6 23575/4/6
f 23575/4/6 23572/4/6 23576/4/6
f 23573/4/6 23574/4/6 23577/4/6
f 23577/4/6 23574/4/6 23578/4/6
f 23579/4/6 23580/4/6 23583/4/6
f 23583/4/6 23580/4/6 23584/4/6
f 23581/4/6 23582/4/6 23585/4/6
f 23585/4/6 23582/4/6 23586/4/6
f 23587/4/6 23588/4/6 23591/4/6
f 23591/4/6 23588/4/6 23592/4/6
f 23589/4/6 23590/4/6 23593/4/6
f 23593/4/6 23590/4/6 23594/4/6
f 23595/4/6 23596/4/6 23599/4/6
f 23599/4/6 23596/4/6 23600/4/6
f 23597/4/6 23598/4/6 23601/4/6
f 23601/4/6 23598/4/6 23602/4/6
f 23603/4/6 23604/4/6 23607/4/6
f 23607/4/6 23604/4/6 23608/4/6
f 23605/4/6 23606/4/6 23609/4/6
f 23609/4/6 23606/4/6 23610/4/6
f 23611/4/6 23612/4/6 23615/4/6
f 23615/4/6 23612/4/6 23616/4/6
f 23613/4/6 23614/4/6 23617/4/6
f 23617/4/6 23614/4/6 23618/4/6
f 23619/4/6 23620/4/6 23623/4/6
f 23623/4/6 23620/4/6 23624/4/6
f 23621/4/6 23622/4/6 23625/4/6
f 23625/4/6 23622/4/6 23626/4/6
f 23627/4/6 23628/4/6 23631/4/6
f 23631/4/6 23628/4/6 23632/4/6
f 23629/4/6 23630/4/6 23633/4/6
f 23633/4/6 23630/4/6 23634/4/6
f 23635/4/6 23636/4/6 23639/4/6
f 23639/4/6 23636/4/6 23640/4/6
f 23637/4/6 23638/4/6 23641/4/6
f 23641/4/6 23638/4/6 23642/4/6
f 23643/4/6 23644/4/6 23647/4/6
f 23647/4/6 23644/4/6 23648/4/6
f 23645/4/6 23646/4/6 23649/4/6
f 23649/4/6 23646/4/6 23650/4/6
f 23651/4/6 23652/4/6 23655/4/6
f 23655/4/6 23652/4/6 23656/4/6
f 23653/4/6 23654/4/6 23657/4/6
f 23657/4/6 23654/4/6 23658/4/6
f 23659/4/6 23660/4/6 23663/4/6
f 23663/4/6 23660/4/6 23664/4/6
f 23661/4/6 23662/4/6 23665/4/6
f 23665/4/6 23662/4/6 23666/4/6
f 23667/4/6 23668/4/6 23671/4/6
f 23671/4/6 23668/4/6 23672/4/6
f 23669/4/6 23670/4/6 23673/4/6
f 23673/4/6 23670/4/6 23674/4/6
f 23675/4/6 23676/4/6 23679/4/6
f 23679/4/6 23676/4/6 23680/4/6
f 23677/4/6 23678/4/6 23681/4/6
f 23681/4/6 23678/4/6 23682/4/6
f 23683/4/6 23684/4/6 23687/4/6
f 23687/4/6 23684/4/6 23688/4/6
f 23685/4/6 23686/4/6 23689/4/6
f 23689/4/6 23686/4/6 23690/4/6
f 23691/4/6 23692/4/6 23695/4/6
f 23695/4/6 23692/4/6 23696/4/6
f 23693/4/6 23694/4/6 23697/4/6
f 23697/4/6 23694/4/6 23698/4/6
f 23699/4/6 23700/4/6 23703/4/6
f 23703/4/6 23700/4/6 23704/4/6
f 23701/4/6 23702/4/6 23705/4/6
f 23705/4/6 23702/4/6 23706/4/6
f 23707/4/6 23708/4/6 23711/4/6
f 23711/4/6 23708/4/6 23712/4/6
f 23709/4/6 23710/4/6 23713/4/6
f 23713/4/6 23710/4/6 23714/4/6
f 23715/4/6 23716/4/6 23719/4/6
f 23719/4/6 23716/4/6 23720/4/6
f 23717/4/6 23718/4/6 23721/4/6
f 23721/4/6 23718/4/6 23722/4/6
f 23723/4/6 23724/4/6 23727/4/6
f 23727/4/6 23724/4/6 23728/4/6
f 23725/4/6 23726/4/6 23729/4/6
f 23729/4/6 23726/4/6 23730/4/6
f 23731/4/6 23732/4/6 23735/4/6
f 23735/4/6 23732/4/6 23736/4/6
f 23733/4/6 23734/4/6 23737/4/6
f 23737/4/6 23734/4/6 23738/4/6
f 23739/4/6 23740/4/6 23743/4/6
f 23743/4/6 23740/4/6 23744/4/6
f 23741/4/6 23742/4/6 23745/4/6
f 23745/4/6 23742/4/6 23746/4/6
f 23747/4/6 23748/4/6 23751/4/6
f 23751/4/6 23748/4/6 23752/4/6
f 23749/4/6 23750/4/6 23753/4/6
f 23753/4/6 23750/4/6 23754/4/6
f 23755/4/6 23756/4/6 23759/4/6
f 23759/4/6 23756/4/6 23760/4/6
f 23757/4/6 23758/4/6 23761/4/6
f 23761/4/6 23758/4/6 23762/4/6
f 23763/4/6 23764/4/6 23767/4/6
f 23767/4/6 23764/4/6 23768/4/6
f 23765/4/6 23766/4/6 23769/4/6
f 23769/4/6 23766/4/6 23770/4/6
f 23771/4/6 23772/4/6 23775/4/6
f 23775/4/6 23772/4/6 23776/4/6
f 23773/4/6 23774/4/6 23777/4/6
f 23777/4/6 23774/4/6 23778/4/6
f 23779/4/6 23780/4/6 23783/4/6
f 23783/4/6 23780/4/6 23784/4/6
f 23781/4/6 23782/4/6 23785/4/6
f 23785/4/6 23782/4/6 23786/4/6
f 23787/4/6 23788/4/6 23791/4/6
f 23791/4/6 23788/4/6 23792/4/6
f 23789/4/6 23790/4/6 23793/4/6
f 23793/4/6 23790/4/6 23794/4/6
f 23795/4/6 23796/4/6 23799/4/6
f 23799/4/6 23796/4/6 23800/4/6
f 23797/4/6 23798/4/6 23801/4/6
f 23801/4/6 23798/4/6 23802/4/6
f 23803/4/6 23804/4/6 23807/4/6
f 23807/4/6 23804/4/6 23808/4/6
f 23805/4/6 23806/4/6 23809/4/6
f 23809/4/6 23806/4/6 23810/4/6
f 23811/4/6 23812/4/6 23815/4/6
f 23815/4/6 23812/4/6 23816/4/6
f 23813/4/6 23814/4/6 23817/4/6
f 23817/4/6 23814/4/6 23818/4/6
f 23819/4/6 23820/4/6 23823/4/6
f 23823/4/6 23820/4/6 23824/4/6
f 23821/4/6 23822/4/6 23825/4/6
f 23825/4/6 23822/4/6 23826/4/6
f 23827/4/6 23828/4/6 23831/4/6
f 23831/4/6 23828/4/6 23832/4/6
f 23829/4/6 23830/4/6 23833/4/6
f 23833/4/6 23830/4/6 23834/4/6
f 23835/4/6 23836/4/6 23839/4/6
f 23839/4/6 23836/4/6 23840/4/6
f 23837/4/6 23838/4/6 23841/4/6
f 23841/4/6 23838/4/6 23842/4/6
f 23843/4/6 23844/4/6 23847/4/6
f 23847/4/6 23844/4/6 23848/4/6
f 23845/4/6 23846/4/6 23849/4/6
f 23849/4/6 23846/4/6 23850/4/6
f 23851/4/6 23852/4/6 23855/4/6
f 23855/4/6 23852/4/6 23856/4/6
f 23853/4/6 23854/4/6 23857/4/6
f 23857/4/6 23854/4/6 23858/4/6
f 23859/4/6 23860/4/6 23863/4/6
f 23863/4/6 23860/4/6 23864/4/6
f 23861/4/6 23862/4/6 23865/4/6
f 23865/4/6 23862/4/6 23866/4/6
f 23867/4/6 23868/4/6 23871/4/6
f 23871/4/6 23868/4/6 23872/4/6
f 23869/4/6 23870/4/6 23873/4/6
f 23873/4/6 23870/4/6 23874/4/6
f 23875/4/6 23876/4/6 23879/4/6
f 23879/4/6 23876/4/6 23880/4/6
f 23877/4/6 23878/4/6 23881/4/6
f 23881/4/6 23878/4/6 23882/4/6
f 23883/4/6 23884/4/6 23887/4/6
f 23887/4/6 23884/4/6 23888/4/6
f 23885/4/6 23886/4/6 23889/4/6
f 23889/4/6 23886/4/6 23890/4/6
f 23891/4/6 23892/4/6 23895/4/6
f 23895/4/6 23892/4/6 23896/4/6
f 23893/4/6 23894/4/6 23897/4/6
f 23897/4/6 23894/4/6 23898/4/6
f 23899/4/6 23900/4/6 23903/4/6
f 23903/4/6 23900/4/6 23904/4/6
f 23901/4/6 23902/4/6 23905/4/6
f 23905/4/6 23902/4/6 23906/4/6
f 23907/4/6 23908/4/6 23911/4/6
f 23911/4/6 23908/4/6 23912/4/6
f 23909/4/6 23910/4/6 23913/4/6
f 23913/4/6 23910/4/6 23914/4/6
f 23915/4/6 23916/4/6 23919/4/6
f 23919/4/6 23916/4/6 23920/4/6
f 23917/4/6 23918/4/6 23921/4/6
f 23921/4/6 23918/4/6 23922/4/6
f 23923/4/6 23924/4/6 23927/4/6
f 23927/4/6 23924/4/6 23928/4/6
f 23925/4/6 23926/4/6 23929/4/6
f 23929/4/6 23926/4/6 23930/4/6
f 23931/4/6 23932/4/6 23935/4/6
f 23935/4/6 23932/4/6 23936/4/6
f 23933/4/6 23934/4/6 23937/4/6
f 23937/4/6 23934/4/6 23938/4/6
f 23939/4/6 23940/4/6 23943/4/6
f 23943/4/6 23940/4/6 23944/4/6
f 23941/4/6 23942/4/6 23945/4/6
f 23945/4/6 23942/4/6 23946/4/6
f 23947/4/6 23948/4/6 23951/4/6
f 23951/4/6 23948/4/6 23952/4/6
f 23949/4/6 23950/4/6 23953/4/6
f 23953/4/6 23950/4/6 23954/4/6
f 23955/4/6 23956/4/6 23959/4/6
f 23959/4/6 23956/4/6 23960/4/6
f 23957/4/6 23958/4/6 23961/4/6
f 23961/4/6 23958/4/6 23962/4/6
f 23963/4/6 23964/4/6 23967/4/6
f 23967/4/6 23964/4/6 23968/4/6
f 23965/4/6 23966/4/6 23969/4/6
f 23969/4/6 23966/4/6 23970/4/6
f 23971/4/6 23972/4/6 23975/4/6
f 23975/4/6 23972/4/6 23976/4/6
f 23973/4/6 23974/4/6 23977/4/6
f 23977/4/6 23974/4/6 23978/4/6
f 23979/4/6 23980/4/6 23983/4/6
f 23983/4/6 23980/4/6 23984/4/6
f 23981/4/6 23982/4/6 23985/4/6
f 23985/4/6 23982/4/6 23986/4/6
f 23987/4/6 23988/4/6 23991/4/6
f 23991/4/6 23988/4/6 23992/4/6
f 23989/4/6 23990/4/6 23993/4/6
f 23993/4/6 23990/4/6 23994/4/6
f 23995/4/6 23996/4/6 23999/4/6
f 23999/4/6 23996/4/6 24000/4/6
f 23997/4/6 23998/4/6 24001/4/6
f 24001/4/6 23998/4/6 24002/4/6
f 24003/4/6 24004/4/6 24007/4/6
f 24007/4/6 24004/4/6 24008/4/6
f 24005/4/6 24006/4/6 24009/4/6
f 24009/4/6 24006/4/6 24010/4/6
f 24011/4/6 24012/4/6 24015/4/6
f 24015/4/6 24012/4/6 24016/4/6
f 24013/4/6 24014/4/6 24017/4/6
f 24017/4/6 24014/4/6 24018/4/6
f 24019/4/6 24020/4/6 24023/4/6
f 24023/4/6 24020/4/6 24024/4/6
f 24021/4/6 24022/4/6 24025/4/6
f 24025/4/6 24022/4/6 24026/4/6
f 24027/4/6 24028/4/6 24031/4/6
f 24031/4/6 24028/4/6 24032/4/6
f 24029/4/6 24030/4/6 24033/4/6
f 24033/4/6 24030/4/6 24034/4/6
f 24035/4/6 24036/4/6 24039/4/6
f 24039/4/6 24036/4/6 24040/4/6
f 24037/4/6 24038/4/6 24041/4/6
f 24041/4/6 24038/4/6 24042/4/6
f 24043/4/6 24044/4/6 24047/4/6
f 24047/4/6 24044/4/6 24048/4/6
f 24045/4/6 24046/4/6 24049/4/6
f 24049/4/6 24046/4/6 24050/4/6
f 24051/4/6 24052/4/6 24055/4/6
f 24055/4/6 24052/4/6 24056/4/6
f 24053/4/6 24054/4/6 24057/4/6
f 24057/4/6 24054/4/6 24058/4/6
f 24059/4/6 24060/4/6 24063/4/6
f 24063/4/6 24060/4/6 24064/4/6
f 24061/4/6 24062/4/6 24065/4/6
f 24065/4/6 24062/4/6 24066/4/6
f 24067/4/6 24068/4/6 24071/4/6
f 24071/4/6 24068/4/6 24072/4/6
f 24069/4/6 24070/4/6 24073/4/6
f 24073/4/6 24070/4/6 24074/4/6
f 24075/4/6 24076/4/6 24079/4/6
f 24079/4/6 24076/4/6 24080/4/6
f 24077/4/6 24078/4/6 24081/4/6
f 24081/4/6 24078/4/6 24082/4/6
f 24083/4/6 24084/4/6 24087/4/6
f 24087/4/6 24084/4/6 24088/4/6
f 24085/4/6 24086/4/6 24089/4/6
f 24089/4/6 24086/4/6 24090/4/6
f 24091/4/6 24092/4/6 24095/4/6
f 24095/4/6 24092/4/6 24096/4/6
f 24093/4/6 24094/4/6 24097/4/6
f 24097/4/6 24094/4/6 24098/4/6
f 24099/4/6 24100/4/6 24103/4/6
f 24103/4/6 24100/4/6 24104/4/6
f 24101/4/6 24102/4/6 24105/4/6
f 24105/4/6 24102/4/6 24106/4/6
f 24107/4/6 24108/4/6 24111/4/6
f 24111/4/6 24108/4/6 24112/4/6
f 24109/4/6 24110/4/6 24113/4/6
f 24113/4/6 24110/4/6 24114/4/6
f 24115/4/6 24116/4/6 24119/4/6
f 24119/4/6 24116/4/6 24120/4/6
f 24117/4/6 24118/4/6 24121/4/6
f 24121/4/6 24118/4/6 24122/4/6
f 24123/4/6 24124/4/6 24127/4/6
f 24127/4/6 24124/4/6 24128/4/6
f 24125/4/6 24126/4/6 24129/4/6
f 24129/4/6 24126/4/6 24130/4/6
f 24131/4/6 24132/4/6 24135/4/6
f 24135/4/6 24132/4/6 24136/4/6
f 24133/4/6 24134/4/6 24137/4/6
f 24137/4/6 24134/4/6 24138/4/6
f 24139/4/6 24140/4/6 24143/4/6
f 24143/4/6 24140/4/6 24144/4/6
f 24141/4/6 24142/4/6 24145/4/6
f 24145/4/6 24142/4/6 24146/4/6
f 24147/4/6 24148/4/6 24151/4/6
f 24151/4/6 24148/4/6 24152/4/6
f 24149/4/6 24150/4/6 24153/4/6
f 24153/4/6 24150/4/6 24154/4/6
f 24155/4/6 24156/4/6 24159/4/6
f 24159/4/6 24156/4/6 24160/4/6
f 24157/4/6 24158/4/6 24161/4/6
f 24161/4/6 24158/4/6 24162/4/6
f 24163/4/6 24164/4/6 24167/4/6
f 24167/4/6 24164/4/6 24168/4/6
f 24165/4/6 24166/4/6 24169/4/6
f 24169/4/6 24166/4/6 24170/4/6
f 24171/4/6 24172/4/6 24175/4/6
f 24175/4/6 24172/4/6 24176/4/6
f 24173/4/6 24174/4/6 24177/4/6
f 24177/4/6 24174/4/6 24178/4/6
f 24179/4/6 24180/4/6 24183/4/6
f 24183/4/6 24180/4/6 24184/4/6
f 24181/4/6 24182/4/6 24185/4/6
f 24185/4/6 24182/4/6 24186/4/6
f 24187/4/6 24188/4/6 24191/4/6
f 24191/4/6 24188/4/6 24192/4/6
f 24189/4/6 24190/4/6 24193/4/6
f 24193/4/6 24190/4/6 24194/4/6
f 24195/4/6 24196/4/6 24199/4/6
f 24199/4/6 24196/4/6 24200/4/6
f 24197/4/6 24198/4/6 24201/4/6
f 24201/4/6 24198/4/6 24202/4/6
f 24203/4/6 24204/4/6 24207/4/6
f 24207/4/6 24204/4/6 24208/4/6
f 24205/4/6 24206/4/6 24209/4/6
f 24209/4/6 24206/4/6 24210/4/6
f 24211/4/6 24212/4/6 24215/4/6
f 24215/4/6 24212/4/6 24216/4/6
f 24213/4/6 24214/4/6 24217/4/6
f 24217/4/6 24214/4/6 24218/4/6
f 24219/4/6 24220/4/6 24223/4/6
f 24223/4/6 24220/4/6 24224/4/6
f 24221/4/6 24222/4/6 24225/4/6
f 24225/4/6 24222/4/6 24226/4/6
f 24227/4/6 24228/4/6 24231/4/6
f 24231/4/6 24228/4/6 24232/4/6
f 24229/4/6 24230/4/6 24233/4/6
f 24233/4/6 24230/4/6 24234/4/6
f 24235/4/6 24236/4/6 24239/4/6
f 24239/4/6 24236/4/6 24240/4/6
f 24237/4/6 24238/4/6 24241/4/6
f 24241/4/6 24238/4/6 24242/4/6
f 24243/4/6 24244/4/6 24247/4/6
f 24247/4/6 24244/4/6 24248/4/6
f 24245/4/6 24246/4/6 24249/4/6
f 24249/4/6 24246/4/6 24250/4/6
f 24251/4/6 24252/4/6 24255/4/6
f 24255/4/6 24252/4/6 24256/4/6
f 24253/4/6 24254/4/6 24257/4/6
f 24257/4/6 24254/4/6 24258/4/6
f 24259/4/6 24260/4/6 24263/4/6
f 24263/4/6 24260/4/6 24264/4/6
f 24261/4/6 24262/4/6 24265/4/6
f 24265/4/6 24262/4/6 24266/4/6
f 24267/4/6 24268/4/6 24271/4/6
f 24271/4/6 24268/4/6 24272/4/6
f 24269/4/6 24270/4/6 24273/4/6
f 24273/4/6 24270/4/6 24274/4/6
f 24275/4/6 24276/4/6 24279/4/6
f 24279/4/6 24276/4/6 24280/4/6
f 24277/4/6 24278/4/6 24281/4/6
f 24281/4/6 24278/4/6 24282/4/6
f 24283/4/6 24284/4/6 24287/4/6
f 24287/4/6 24284/4/6 24288/4/6
f 24285/4/6 24286/4/6 24289/4/6
f 24289/4/6 24286/4/6 24290/4/6
f 24291/4/6 24292/4/6 24295/4/6
f 24295/4/6 24292/4/6 24296/4/6
f 24293/4/6 24294/4/6 24297/4/6
f 24297/4/6 24294/4/6 24298/4/6
f 24299/4/6 24300/4/6 24301/4/6
f 24299/4/6 24301/4/6 24304/4/6
f 24304/4/6 24301/4/6 24305/4/6
f 24302/4/6 24303/4/6 24306/4/6
f 24306/4/6 24303/4/6 24307/4/6
f 24308/4/6 24309/4/6 24312/4/6
f 24310/4/6 24311/4/6 24313/4/6
f 24313/4/6 24311/4/6 24314/4/6
f 24308/4/6 24312/4/6 24315/4/6
f 24315/4/6 24312/4/6 24316/4/6
f 24317/4/6 24318/4/6 24321/4/6
f 24321/4/6 24318/4/6 24322/4/6
f 24319/4/6 24320/4/6 24323/4/6
f 24323/4/6 24320/4/6 24324/4/6
f 24325/4/6 24326/4/6 24329/4/6
f 24329/4/6 24326/4/6 24330/4/6
f 24327/4/6 24328/4/6 24331/4/6
f 24331/4/6 24328/4/6 24332/4/6
f 24333/4/6 24334/4/6 24335/4/6
f 24333/4/6 24335/4/6 24338/4/6
f 24338/4/6 24335/4/6 24339/4/6
f 24336/4/6 24337/4/6 24340/4/6
f 24340/4/6 24337/4/6 24341/4/6
f 24342/4/6 24343/4/6 24346/4/6
f 24344/4/6 24345/4/6 24347/4/6
f 24347/4/6 24345/4/6 24348/4/6
f 24342/4/6 24346/4/6 24349/4/6
f 24349/4/6 24346/4/6 24350/4/6
f 24351/4/6 24352/4/6 24355/4/6
f 24355/4/6 24352/4/6 24356/4/6
f 24353/4/6 24354/4/6 24357/4/6
f 24357/4/6 24354/4/6 24358/4/6
f 24359/4/6 24360/4/6 24363/4/6
f 24363/4/6 24360/4/6 24364/4/6
f 24361/4/6 24362/4/6 24365/4/6
f 24365/4/6 24362/4/6 24366/4/6
f 24367/4/6 24368/4/6 24371/4/6
f 24371/4/6 24368/4/6 24372/4/6
f 24369/4/6 24370/4/6 24373/4/6
f 24373/4/6 24370/4/6 24374/4/6
f 24375/4/6 24376/4/6 24379/4/6
f 24379/4/6 24376/4/6 24380/4/6
f 24377/4/6 24378/4/6 24381/4/6
f 24381/4/6 24378/4/6 24382/4/6
f 24383/4/6 24384/4/6 24387/4/6
f 24387/4/6 24384/4/6 24388/4/6
f 24385/4/6 24386/4/6 24389/4/6
f 24389/4/6 24386/4/6 24390/4/6
f 24391/1/6 24392/1/6 24393/1/6
f 24393/1/6 24392/1/6 24394/1/6
f 24395/4/6 24396/4/6 24399/4/6
f 24399/4/6 24396/4/6 24400/4/6
f 24397/4/6 24398/4/6 24401/4/6
f 24401/4/6 24398/4/6 24402/4/6
f 24403/4/6 24404/4/6 24407/4/6
f 24407/4/6 24404/4/6 24408/4/6
f 24405/4/6 24406/4/6 24409/4/6
f 24409/4/6 24406/4/6 24410/4/6
f 24411/4/6 24412/4/6 24415/4/6
f 24415/4/6 24412/4/6 24416/4/6
f 24413/4/6 24414/4/6 24417/4/6
f 24417/4/6 24414/4/6 24418/4/6
f 24419/4/6 24420/4/6 24423/4/6
f 24423/4/6 24420/4/6 24424/4/6
f 24421/4/6 24422/4/6 24425/4/6
f 24425/4/6 24422/4/6 24426/4/6
f 24427/4/6 24428/4/6 24431/4/6
f 24431/4/6 24428/4/6 24432/4/6
f 24429/4/6 24430/4/6 24433/4/6
f 24433/4/6 24430/4/6 24434/4/6
f 24435/4/6 24436/4/6 24439/4/6
f 24439/4/6 24436/4/6 24440/4/6
f 24437/4/6 24438/4/6 24441/4/6
f 24441/4/6 24438/4/6 24442/4/6
f 24443/4/6 24444/4/6 24447/4/6
f 24447/4/6 24444/4/6 24448/4/6
f 24445/4/6 24446/4/6 24449/4/6
f 24449/4/6 24446/4/6 24450/4/6
f 24451/1/6 24452/1/6 24453/1/6
f 24453/1/6 24452/1/6 24454/1/6
f 24455/1/6 24456/1/6 24457/1/6
f 24457/1/6 24456/1/6 24458/1/6
f 24459/4/6 24460/4/6 24463/4/6
f 24463/4/6 24460/4/6 24464/4/6
f 24461/4/6 24462/4/6 24465/4/6
f 24465/4/6 24462/4/6 24466/4/6
f 24467/4/6 24468/4/6 24471/4/6
f 24471/4/6 24468/4/6 24472/4/6
f 24469/4/6 24470/4/6 24473/4/6
f 24473/4/6 24470/4/6 24474/4/6
f 24475/4/6 24476/4/6 24479/4/6
f 24479/4/6 24476/4/6 24480/4/6
f 24477/4/6 24478/4/6 24481/4/6
f 24481/4/6 24478/4/6 24482/4/6
f 24483/4/6 24484/4/6 24487/4/6
f 24487/4/6 24484/4/6 24488/4/6
f 24485/4/6 24486/4/6 24489/4/6
f 24489/4/6 24486/4/6 24490/4/6
f 24491/4/6 24492/4/6 24495/4/6
f 24495/4/6 24492/4/6 24496/4/6
f 24493/4/6 24494/4/6 24497/4/6
f 24497/4/6 24494/4/6 24498/4/6
f 24499/4/6 24500/4/6 24503/4/6
f 24503/4/6 24500/4/6 24504/4/6
f 24501/4/6 24502/4/6 24505/4/6
f 24505/4/6 24502/4/6 24506/4/6
f 24507/4/6 24508/4/6 24511/4/6
f 24511/4/6 24508/4/6 24512/4/6
f 24509/4/6 24510/4/6 24513/4/6
f 24513/4/6 24510/4/6 24514/4/6
f 24515/1/6 24516/1/6 24517/1/6
f 24517/1/6 24516/1/6 24518/1/6
f 24519/4/6 24520/4/6 24523/4/6
f 24523/4/6 24520/4/6 24524/4/6
f 24521/4/6 24522/4/6 24525/4/6
f 24525/4/6 24522/4/6 24526/4/6
f 24527/4/6 24528/4/6 24533/4/6
f 24533/4/6 24528/4/6 24534/4/6
f 24529/4/6 24530/4/6 24535/4/6
f 24535/4/6 24530/4/6 24536/4/6
f 24531/1/6 24532/1/6 24537/1/6
f 24537/1/6 24532/1/6 24538/1/6
f 24539/4/6 24540/4/6 24543/4/6
f 24543/4/6 24540/4/6 24544/4/6
f 24541/4/6 24542/4/6 24545/4/6
f 24545/4/6 24542/4/6 24546/4/6
f 24547/4/6 24548/4/6 24551/4/6
f 24551/4/6 24548/4/6 24552/4/6
f 24549/4/6 24550/4/6 24553/4/6
f 24553/4/6 24550/4/6 24554/4/6
f 24555/4/6 24556/4/6 24559/4/6
f 24559/4/6 24556/4/6 24560/4/6
f 24557/4/6 24558/4/6 24561/4/6
f 24561/4/6 24558/4/6 24562/4/6
f 24563/4/6 24564/4/6 24567/4/6
f 24567/4/6 24564/4/6 24568/4/6
f 24565/4/6 24566/4/6 24569/4/6
f 24569/4/6 24566/4/6 24570/4/6
f 24571/4/6 24572/4/6 24575/4/6
f 24575/4/6 24572/4/6 24576/4/6
f 24573/4/6 24574/4/6 24577/4/6
f 24577/4/6 24574/4/6 24578/4/6
f 24579/4/6 24580/4/6 24583/4/6
f 24583/4/6 24580/4/6 24584/4/6
f 24581/4/6 24582/4/6 24585/4/6
f 24585/4/6 24582/4/6 24586/4/6
f 24587/1/6 24588/1/6 24589/1/6
f 24589/1/6 24588/1/6 24590/1/6
f 24591/1/6 24592/1/6 24593/1/6
f 24593/1/6 24592/1/6 24594/1/6
f 24595/4/6 24596/4/6 24599/4/6
f 24599/4/6 24596/4/6 24600/4/6
f 24597/4/6 24598/4/6 24601/4/6
f 24601/4/6 24598/4/6 24602/4/6
f 24603/4/6 24604/4/6 24607/4/6
f 24607/4/6 24604/4/6 24608/4/6
f 24605/4/6 24606/4/6 24609/4/6
f 24609/4/6 24606/4/6 24610/4/6
f 24611/4/6 24612/4/6 24615/4/6
f 24615/4/6 24612/4/6 24616/4/6
f 24613/4/6 24614/4/6 24617/4/6
f 24617/4/6 24614/4/6 24618/4/6
f 24619/4/6 24620/4/6 24623/4/6
f 24623/4/6 24620/4/6 24624/4/6
f 24621/4/6 24622/4/6 24625/4/6
f 24625/4/6 24622/4/6 24626/4/6
f 24627/1/6 24628/1/6 24629/1/6
f 24629/1/6 24628/1/6 24630/1/6
f 24631/4/6 24632/4/6 24635/4/6
f 24635/4/6 24632/4/6 24636/4/6
f 24633/4/6 24634/4/6 24637/4/6
f 24637/4/6 24634/4/6 24638/4/6
f 24639/4/6 24640/4/6 24643/4/6
f 24643/4/6 24640/4/6 24644/4/6
f 24641/4/6 24642/4/6 24645/4/6
f 24645/4/6 24642/4/6 24646/4/6
f 24647/1/6 24648/1/6 24649/1/6
f 24649/1/6 24648/1/6 24650/1/6
f 24651/4/6 24652/4/6 24655/4/6
f 24655/4/6 24652/4/6 24656/4/6
f 24653/4/6 24654/4/6 24657/4/6
f 24657/4/6 24654/4/6 24658/4/6
f 24659/4/6 24660/4/6 24663/4/6
f 24663/4/6 24660/4/6 24664/4/6
f 24661/4/6 24662/4/6 24665/4/6
f 24665/4/6 24662/4/6 24666/4/6
f 24667/4/6 24668/4/6 24671/4/6
f 24671/4/6 24668/4/6 24672/4/6
f 24669/4/6 24670/4/6 24673/4/6
f 24673/4/6 24670/4/6 24674/4/6
f 24675/4/6 24676/4/6 24679/4/6
f 24679/4/6 24676/4/6 24680/4/6
f 24677/4/6 24678/4/6 24681/4/6
f 24681/4/6 24678/4/6 24682/4/6
f 24683/4/6 24684/4/6 24687/4/6
f 24687/4/6 24684/4/6 24688/4/6
f 24685/4/6 24686/4/6 24689/4/6
f 24689/4/6 24686/4/6 24690/4/6
f 24691/1/6 24692/1/6 24693/1/6
f 24693/1/6 24692/1/6 24694/1/6
f 24695/1/6 24696/1/6 24697/1/6
f 24697/1/6 24696/1/6 24698/1/6
f 24699/4/6 24700/4/6 24703/4/6
f 24703/4/6 24700/4/6 24704/4/6
f 24701/4/6 24702/4/6 24705/4/6
f 24705/4/6 24702/4/6 24706/4/6
f 24707/4/6 24708/4/6 24711/4/6
f 24711/4/6 24708/4/6 24712/4/6
f 24709/4/6 24710/4/6 24713/4/6
f 24713/4/6 24710/4/6 24714/4/6
f 24715/4/6 24716/4/6 24719/4/6
f 24719/4/6 24716/4/6 24720/4/6
f 24717/4/6 24718/4/6 24721/4/6
f 24721/4/6 24718/4/6 24722/4/6
f 24723/4/6 24724/4/6 24727/4/6
f 24727/4/6 24724/4/6 24728/4/6
f 24725/4/6 24726/4/6 24729/4/6
f 24729/4/6 24726/4/6 24730/4/6
f 24731/4/6 24732/4/6 24735/4/6
f 24735/4/6 24732/4/6 24736/4/6
f 24733/4/6 24734/4/6 24737/4/6
f 24737/4/6 24734/4/6 24738/4/6
f 24739/1/6 24740/1/6 24741/1/6
f 24741/1/6 24740/1/6 24742/1/6
f 24743/1/6 24744/1/6 24745/1/6
f 24745/1/6 24744/1/6 24746/1/6
f 24747/4/6 24748/4/6 24751/4/6
f 24751/4/6 24748/4/6 24752/4/6
f 24749/4/6 24750/4/6 24753/4/6
f 24753/4/6 24750/4/6 24754/4/6
f 24755/4/6 24756/4/6 24759/4/6
f 24759/4/6 24756/4/6 24760/4/6
f 24757/4/6 24758/4/6 24761/4/6
f 24761/4/6 24758/4/6 24762/4/6
f 24763/4/6 24764/4/6 24767/4/6
f 24767/4/6 24764/4/6 24768/4/6
f 24765/4/6 24766/4/6 24769/4/6
f 24769/4/6 24766/4/6 24770/4/6
f 24771/4/6 24772/4/6 24775/4/6
f 24775/4/6 24772/4/6 24776/4/6
f 24773/4/6 24774/4/6 24777/4/6
f 24777/4/6 24774/4/6 24778/4/6
f 24779/1/6 24780/1/6 24781/1/6
f 24781/1/6 24780/1/6 24782/1/6
f 24783/10/6 24784/10/6 24787/10/6
f 24787/10/6 24784/10/6 24788/10/6
f 24785/10/6 24786/10/6 24789/10/6
f 24789/10/6 24786/10/6 24790/10/6
f 24791/1/6 24792/1/6 24793/1/6
f 24793/1/6 24792/1/6 24794/1/6
f 24795/4/6 24796/4/6 24799/4/6
f 24799/4/6 24796/4/6 24800/4/6
f 24797/4/6 24798/4/6 24801/4/6
f 24801/4/6 24798/4/6 24802/4/6
f 24803/4/6 24804/4/6 24807/4/6
f 24807/4/6 24804/4/6 24808/4/6
f 24805/4/6 24806/4/6 24809/4/6
f 24809/4/6 24806/4/6 24810/4/6
f 24811/4/6 24812/4/6 24815/4/6
f 24815/4/6 24812/4/6 24816/4/6
f 24813/4/6 24814/4/6 24817/4/6
f 24817/4/6 24814/4/6 24818/4/6
f 24819/1/6 24820/1/6 24821/1/6
f 24821/1/6 24820/1/6 24822/1/6
f 24823/1/6 24824/1/6 24825/1/6
f 24825/1/6 24824/1/6 24826/1/6
f 24827/4/6 24828/4/6 24831/4/6
f 24831/4/6 24828/4/6 24832/4/6
f 24829/4/6 24830/4/6 24833/4/6
f 24833/4/6 24830/4/6 24834/4/6
f 24835/4/6 24836/4/6 24839/4/6
f 24839/4/6 24836/4/6 24840/4/6
f 24837/4/6 24838/4/6 24841/4/6
f 24841/4/6 24838/4/6 24842/4/6
f 24843/4/6 24844/4/6 24847/4/6
f 24847/4/6 24844/4/6 24848/4/6
f 24845/4/6 24846/4/6 24849/4/6
f 24849/4/6 24846/4/6 24850/4/6
f 24851/4/6 24852/4/6 24855/4/6
f 24855/4/6 24852/4/6 24856/4/6
f 24853/4/6 24854/4/6 24857/4/6
f 24857/4/6 24854/4/6 24858/4/6
f 24859/1/6 24860/1/6 24861/1/6
f 24861/1/6 24860/1/6 24862/1/6
f 24863/1/6 24864/1/6 24865/1/6
f 24865/1/6 24864/1/6 24866/1/6
f 24867/4/6 24868/4/6 24871/4/6
f 24871/4/6 24868/4/6 24872/4/6
f 24869/4/6 24870/4/6 24873/4/6
f 24873/4/6 24870/4/6 24874/4/6
f 24875/4/6 24876/4/6 24879/4/6
f 24879/4/6 24876/4/6 24880/4/6
f 24877/4/6 24878/4/6 24881/4/6
f 24881/4/6 24878/4/6 24882/4/6
f 24883/4/6 24884/4/6 24887/4/6
f 24887/4/6 24884/4/6 24888/4/6
f 24885/4/6 24886/4/6 24889/4/6
f 24889/4/6 24886/4/6 24890/4/6
f 24891/4/6 24892/4/6 24895/4/6
f 24895/4/6 24892/4/6 24896/4/6
f 24893/4/6 24894/4/6 24897/4/6
f 24897/4/6 24894/4/6 24898/4/6
f 24899/10/6 24900/10/6 24903/10/6
f 24903/10/6 24900/10/6 24904/10/6
f 24901/10/6 24902/10/6 24905/10/6
f 24905/10/6 24902/10/6 24906/10/6
f 24907/10/6 24908/10/6 24911/10/6
f 24911/10/6 24908/10/6 24912/10/6
f 24909/10/6 24910/10/6 24913/10/6
f 24913/10/6 24910/10/6 24914/10/6
f 24915/10/6 24916/10/6 24919/10/6
f 24919/10/6 24916/10/6 24920/10/6
f 24917/10/6 24918/10/6 24921/10/6
f 24921/10/6 24918/10/6 24922/10/6
f 24923/4/6 24924/4/6 24927/4/6
f 24927/4/6 24924/4/6 24928/4/6
f 24925/4/6 24926/4/6 24929/4/6
f 24929/4/6 24926/4/6 24930/4/6
f 24931/4/6 24932/4/6 24935/4/6
f 24935/4/6 24932/4/6 24936/4/6
f 24933/4/6 24934/4/6 24937/4/6
f 24937/4/6 24934/4/6 24938/4/6
f 24939/4/6 24940/4/6 24943/4/6
f 24943/4/6 24940/4/6 24944/4/6
f 24941/4/6 24942/4/6 24945/4/6
f 24945/4/6 24942/4/6 24946/4/6
f 24947/1/6 24948/1/6 24949/1/6
f 24949/1/6 24948/1/6 24950/1/6
f 24951/10/6 24952/10/6 24955/10/6
f 24955/10/6 24952/10/6 24956/10/6
f 24953/10/6 24954/10/6 24957/10/6
f 24957/10/6 24954/10/6 24958/10/6
f 24959/10/6 24960/10/6 24963/10/6
f 24963/10/6 24960/10/6 24964/10/6
f 24961/10/6 24962/10/6 24965/10/6
f 24965/10/6 24962/10/6 24966/10/6
f 24967/10/6 24968/10/6 24971/10/6
f 24971/10/6 24968/10/6 24972/10/6
f 24969/10/6 24970/10/6 24975/10/6
f 24975/10/6 24970/10/6 24976/10/6
f 24972/10/6 24973/10/6 24978/10/6
f 24978/10/6 24973/10/6 24979/10/6
f 24974/10/6 24975/10/6 24980/10/6
f 24980/10/6 24975/10/6 24981/10/6
f 24977/10/6 24978/10/6 24983/10/6
f 24983/10/6 24978/10/6 24984/10/6
f 24981/10/6 24982/10/6 24985/10/6
f 24985/10/6 24982/10/6 24986/10/6
f 24987/10/6 24988/10/6 24991/10/6
f 24991/10/6 24988/10/6 24992/10/6
f 24989/10/6 24990/10/6 24993/10/6
f 24993/10/6 24990/10/6 24994/10/6
f 24995/10/6 24996/10/6 24999/10/6
f 24999/10/6 24996/10/6 25000/10/6
f 24997/10/6 24998/10/6 25001/10/6
f 25001/10/6 24998/10/6 25002/10/6
f 25003/1/6 25004/1/6 25005/1/6
f 25005/1/6 25004/1/6 25006/1/6
f 25007/4/6 25008/4/6 25011/4/6
f 25011/4/6 25008/4/6 25012/4/6
f 25009/4/6 25010/4/6 25013/4/6
f 25013/4/6 25010/4/6 25014/4/6
f 25015/4/6 25016/4/6 25019/4/6
f 25019/4/6 25016/4/6 25020/4/6
f 25017/4/6 25018/4/6 25021/4/6
f 25021/4/6 25018/4/6 25022/4/6
f 25023/4/6 25024/4/6 25027/4/6
f 25027/4/6 25024/4/6 25028/4/6
f 25025/4/6 25026/4/6 25029/4/6
f 25029/4/6 25026/4/6 25030/4/6
f 25031/4/6 25032/4/6 25033/4/6
f 25033/4/6 25032/4/6 25034/4/6
f 25035/3/6 25036/3/6 25043/3/6
f 25043/3/6 25036/3/6 25044/3/6
f 25037/3/6 25038/3/6 25045/3/6
f 25045/3/6 25038/3/6 25046/3/6
f 25039/3/6 25040/3/6 25047/3/6
f 25047/3/6 25040/3/6 25048/3/6
f 25041/3/6 25042/3/6 25049/3/6
f 25049/3/6 25042/3/6 25050/3/6
f 25051/10/6 25052/10/6 25055/10/6
f 25055/10/6 25052/10/6 25056/10/6
f 25053/10/6 25054/10/6 25057/10/6
f 25057/10/6 25054/10/6 25058/10/6
f 25059/10/6 25060/10/6 25063/10/6
f 25063/10/6 25060/10/6 25064/10/6
f 25061/10/6 25062/10/6 25067/10/6
f 25067/10/6 25062/10/6 25068/10/6
f 25064/10/6 25065/10/6 25069/10/6
f 25069/10/6 25065/10/6 25070/10/6
f 25066/10/6 25067/10/6 25071/10/6
f 25071/10/6 25067/10/6 25072/10/6
f 25070/4/6 25071/4/6 25073/4/6
f 25073/4/6 25071/4/6 25074/4/6
f 25074/4/6 25071/4/6 25075/4/6
f 25075/4/6 25071/4/6 25076/4/6
f 25070/4/6 25073/4/6 25077/4/6
f 25074/4/6 25075/4/6 25078/4/6
f 25078/4/6 25075/4/6 25079/4/6
f 25076/4/6 25071/4/6 25080/4/6
f 25078/4/6 25079/4/6 25082/4/6
f 25079/4/6 25080/4/6 25082/4/6
f 25070/4/6 25077/4/6 25082/4/6
f 25077/4/6 25078/4/6 25082/4/6
f 25080/4/6 25071/4/6 25083/4/6
f 25082/4/6 25080/4/6 25083/4/6
f 25081/10/6 25082/10/6 25086/10/6
f 25086/10/6 25082/10/6 25087/10/6
f 25083/10/6 25084/10/6 25088/10/6
f 25088/10/6 25084/10/6 25089/10/6
f 25085/10/6 25086/10/6 25091/10/6
f 25091/10/6 25086/10/6 25092/10/6
f 25089/10/6 25090/10/6 25093/10/6
f 25093/10/6 25090/10/6 25094/10/6
f 25095/10/6 25096/10/6 25099/10/6
f 25099/10/6 25096/10/6 25100/10/6
f 25097/10/6 25098/10/6 25101/10/6
f 25101/10/6 25098/10/6 25102/10/6
f 25103/3/6 25104/3/6 25111/3/6
f 25111/3/6 25104/3/6 25112/3/6
f 25105/3/6 25106/3/6 25113/3/6
f 25113/3/6 25106/3/6 25114/3/6
f 25107/3/6 25108/3/6 25115/3/6
f 25115/3/6 25108/3/6 25116/3/6
f 25109/3/6 25110/3/6 25117/3/6
f 25117/3/6 25110/3/6 25118/3/6
f 25119/4/6 25120/4/6 25121/4/6
f 25121/4/6 25120/4/6 25122/4/6
f 25123/4/6 25124/4/6 25127/4/6
f 25127/4/6 25124/4/6 25128/4/6
f 25125/4/6 25126/4/6 25129/4/6
f 25129/4/6 25126/4/6 25130/4/6
f 25131/4/6 25132/4/6 25134/4/6
f 25132/4/6 25133/4/6 25134/4/6
f 25134/4/6 25133/4/6 25135/4/6
f 25135/4/6 25133/4/6 25136/4/6
f 25136/4/6 25133/4/6 25137/4/6
f 25135/4/6 25136/4/6 25138/4/6
f 25138/4/6 25136/4/6 25139/4/6
f 25137/4/6 25133/4/6 25140/4/6
f 25140/4/6 25133/4/6 25141/4/6
f 25142/1/6 25143/1/6 25144/1/6
f 25144/1/6 25143/1/6 25145/1/6
f 25146/10/6 25147/10/6 25150/10/6
f 25150/10/6 25147/10/6 25151/10/6
f 25148/10/6 25149/10/6 25154/10/6
f 25154/10/6 25149/10/6 25155/10/6
f 25151/10/6 25152/10/6 25156/10/6
f 25156/10/6 25152/10/6 25157/10/6
f 25153/10/6 25154/10/6 25158/10/6
f 25158/10/6 25154/10/6 25159/10/6
f 25157/4/6 25158/4/6 25160/4/6
f 25160/4/6 25158/4/6 25161/4/6
f 25162/4/6 25163/4/6 25165/4/6
f 25165/4/6 25163/4/6 25166/4/6
f 25164/10/6 25165/10/6 25169/10/6
f 25169/10/6 25165/10/6 25170/10/6
f 25166/10/6 25167/10/6 25171/10/6
f 25171/10/6 25167/10/6 25172/10/6
f 25168/10/6 25169/10/6 25174/10/6
f 25174/10/6 25169/10/6 25175/10/6
f 25172/10/6 25173/10/6 25176/10/6
f 25176/10/6 25173/10/6 25177/10/6
f 25178/1/6 25179/1/6 25180/1/6
f 25180/1/6 25179/1/6 25181/1/6
f 25182/4/6 25183/4/6 25187/4/6
f 25187/4/6 25183/4/6 25188/4/6
f 25184/4/6 25185/4/6 25189/4/6
f 25187/4/6 25188/4/6 25190/4/6
f 25188/4/6 25189/4/6 25190/4/6
f 25186/4/6 25187/4/6 25190/4/6
f 25190/4/6 25189/4/6 25191/4/6
f 25189/4/6 25185/4/6 25192/4/6
f 25191/4/6 25189/4/6 25192/4/6
f 25193/4/6 25194/4/6 25197/4/6
f 25197/4/6 25194/4/6 25198/4/6
f 25195/4/6 25196/4/6 25199/4/6
f 25199/4/6 25196/4/6 25200/4/6
f 25201/4/6 25202/4/6 25205/4/6
f 25205/4/6 25202/4/6 25206/4/6
f 25203/4/6 25204/4/6 25207/4/6
f 25207/4/6 25204/4/6 25208/4/6
f 25209/10/6 25210/10/6 25213/10/6
f 25213/10/6 25210/10/6 25214/10/6
f 25211/10/6 25212/10/6 25217/10/6
f 25217/10/6 25212/10/6 25218/10/6
f 25214/10/6 25215/10/6 25219/10/6
f 25219/10/6 25215/10/6 25220/10/6
f 25216/10/6 25217/10/6 25221/10/6
f 25221/10/6 25217/10/6 25222/10/6
f 25220/4/6 25221/4/6 25223/4/6
f 25223/4/6 25221/4/6 25224/4/6
f 25225/4/6 25226/4/6 25228/4/6
f 25228/4/6 25226/4/6 25229/4/6
f 25227/10/6 25228/10/6 25232/10/6
f 25232/10/6 25228/10/6 25233/10/6
f 25229/10/6 25230/10/6 25234/10/6
f 25234/10/6 25230/10/6 25235/10/6
f 25231/10/6 25232/10/6 25237/10/6
f 25237/10/6 25232/10/6 25238/10/6
f 25235/10/6 25236/10/6 25239/10/6
f 25239/10/6 25236/10/6 25240/10/6
f 25241/4/6 25242/4/6 25245/4/6
f 25245/4/6 25242/4/6 25246/4/6
f 25243/4/6 25244/4/6 25247/4/6
f 25247/4/6 25244/4/6 25248/4/6
f 25249/4/6 25250/4/6 25253/4/6
f 25253/4/6 25250/4/6 25254/4/6
f 25251/4/6 25252/4/6 25255/4/6
f 25255/4/6 25252/4/6 25256/4/6
f 25257/4/6 25258/4/6 25261/4/6
f 25261/4/6 25258/4/6 25262/4/6
f 25259/4/6 25260/4/6 25263/4/6
f 25263/4/6 25260/4/6 25264/4/6
f 25265/10/6 25266/10/6 25269/10/6
f 25269/10/6 25266/10/6 25270/10/6
f 25267/10/6 25268/10/6 25273/10/6
f 25273/10/6 25268/10/6 25274/10/6
f 25270/10/6 25271/10/6 25275/10/6
f 25275/10/6 25271/10/6 25276/10/6
f 25272/10/6 25273/10/6 25277/10/6
f 25277/10/6 25273/10/6 25278/10/6
f 25276/4/6 25277/4/6 25279/4/6
f 25279/4/6 25277/4/6 25280/4/6
f 25280/4/6 25277/4/6 25281/4/6
f 25281/4/6 25277/4/6 25282/4/6
f 25282/4/6 25277/4/6 25283/4/6
f 25283/4/6 25277/4/6 25284/4/6
f 25285/4/6 25286/4/6 25292/4/6
f 25289/4/6 25290/4/6 25292/4/6
f 25288/4/6 25289/4/6 25292/4/6
f 25287/4/6 25288/4/6 25292/4/6
f 25286/4/6 25287/4/6 25292/4/6
f 25292/4/6 25290/4/6 25293/4/6
f 25291/10/6 25292/10/6 25296/10/6
f 25296/10/6 25292/10/6 25297/10/6
f 25293/10/6 25294/10/6 25298/10/6
f 25298/10/6 25294/10/6 25299/10/6
f 25295/10/6 25296/10/6 25301/10/6
f 25301/10/6 25296/10/6 25302/10/6
f 25299/10/6 25300/10/6 25303/10/6
f 25303/10/6 25300/10/6 25304/10/6
f 25305/4/6 25306/4/6 25309/4/6
f 25309/4/6 25306/4/6 25310/4/6
f 25307/4/6 25308/4/6 25311/4/6
f 25311/4/6 25308/4/6 25312/4/6
f 25313/4/6 25314/4/6 25317/4/6
f 25317/4/6 25314/4/6 25318/4/6
f 25315/4/6 25316/4/6 25319/4/6
f 25319/4/6 25316/4/6 25320/4/6
f 25321/10/6 25322/10/6 25325/10/6
f 25325/10/6 25322/10/6 25326/10/6
f 25323/10/6 25324/10/6 25329/10/6
f 25329/10/6 25324/10/6 25330/10/6
f 25326/10/6 25327/10/6 25331/10/6
f 25331/10/6 25327/10/6 25332/10/6
f 25328/10/6 25329/10/6 25333/10/6
f 25333/10/6 25329/10/6 25334/10/6
f 25332/4/6 25333/4/6 25335/4/6
f 25335/4/6 25333/4/6 25336/4/6
f 25337/4/6 25338/4/6 25341/4/6
f 25341/4/6 25338/4/6 25342/4/6
f 25339/4/6 25340/4/6 25343/4/6
f 25343/4/6 25340/4/6 25344/4/6
f 25345/4/6 25346/4/6 25349/4/6
f 25349/4/6 25346/4/6 25350/4/6
f 25347/4/6 25348/4/6 25351/4/6
f 25351/4/6 25348/4/6 25352/4/6
f 25353/4/6 25354/4/6 25356/4/6
f 25356/4/6 25354/4/6 25357/4/6
f 25355/10/6 25356/10/6 25360/10/6
f 25360/10/6 25356/10/6 25361/10/6
f 25357/10/6 25358/10/6 25362/10/6
f 25362/10/6 25358/10/6 25363/10/6
f 25359/10/6 25360/10/6 25365/10/6
f 25365/10/6 25360/10/6 25366/10/6
f 25363/10/6 25364/10/6 25367/10/6
f 25367/10/6 25364/10/6 25368/10/6
f 25369/4/6 25370/4/6 25373/4/6
f 25373/4/6 25370/4/6 25374/4/6
f 25371/4/6 25372/4/6 25375/4/6
f 25375/4/6 25372/4/6 25376/4/6
f 25377/4/6 25378/4/6 25381/4/6
f 25381/4/6 25378/4/6 25382/4/6
f 25379/4/6 25380/4/6 25383/4/6
f 25383/4/6 25380/4/6 25384/4/6
f 25385/1/6 25386/1/6 25387/1/6
f 25387/1/6 25386/1/6 25388/1/6
f 25389/4/6 25390/4/6 25393/4/6
f 25393/4/6 25390/4/6 25394/4/6
f 25391/4/6 25392/4/6 25395/4/6
f 25395/4/6 25392/4/6 25396/4/6
f 25397/4/6 25398/4/6 25401/4/6
f 25401/4/6 25398/4/6 25402/4/6
f 25399/4/6 25400/4/6 25403/4/6
f 25403/4/6 25400/4/6 25404/4/6
f 25405/1/6 25406/1/6 25407/1/6
f 25407/1/6 25406/1/6 25408/1/6
f 25409/4/6 25410/4/6 25413/4/6
f 25413/4/6 25410/4/6 25414/4/6
f 25411/4/6 25412/4/6 25415/4/6
f 25415/4/6 25412/4/6 25416/4/6
f 25417/10/6 25418/10/6 25421/10/6
f 25421/10/6 25418/10/6 25422/10/6
f 25419/10/6 25420/10/6 25425/10/6
f 25425/10/6 25420/10/6 25426/10/6
f 25422/10/6 25423/10/6 25427/10/6
f 25427/10/6 25423/10/6 25428/10/6
f 25424/10/6 25425/10/6 25429/10/6
f 25429/10/6 25425/10/6 25430/10/6
f 25428/4/6 25429/4/6 25431/4/6
f 25431/4/6 25429/4/6 25432/4/6
f 25433/4/6 25434/4/6 25437/4/6
f 25437/4/6 25434/4/6 25438/4/6
f 25435/4/6 25436/4/6 25439/4/6
f 25439/4/6 25436/4/6 25440/4/6
f 25441/3/6 25442/3/6 25443/3/6
f 25443/3/6 25442/3/6 25444/3/6
f 25445/4/6 25446/4/6 25449/4/6
f 25449/4/6 25446/4/6 25450/4/6
f 25447/4/6 25448/4/6 25451/4/6
f 25451/4/6 25448/4/6 25452/4/6
f 25453/4/6 25454/4/6 25456/4/6
f 25456/4/6 25454/4/6 25457/4/6
f 25455/10/6 25456/10/6 25460/10/6
f 25460/10/6 25456/10/6 25461/10/6
f 25457/10/6 25458/10/6 25462/10/6
f 25462/10/6 25458/10/6 25463/10/6
f 25459/10/6 25460/10/6 25465/10/6
f 25465/10/6 25460/10/6 25466/10/6
f 25463/10/6 25464/10/6 25467/10/6
f 25467/10/6 25464/10/6 25468/10/6
f 25469/4/6 25470/4/6 25473/4/6
f 25473/4/6 25470/4/6 25474/4/6
f 25471/4/6 25472/4/6 25475/4/6
f 25475/4/6 25472/4/6 25476/4/6
f 25477/3/6 25478/3/6 25479/3/6
f 25479/3/6 25478/3/6 25480/3/6
f 25481/3/6 25482/3/6 25487/3/6
f 25487/3/6 25482/3/6 25488/3/6
f 25483/4/6 25484/4/6 25489/4/6
f 25489/4/6 25484/4/6 25490/4/6
f 25485/4/6 25486/4/6 25491/4/6
f 25491/4/6 25486/4/6 25492/4/6
f 25493/3/6 25494/3/6 25497/3/6
f 25497/3/6 25494/3/6 25498/3/6
f 25495/3/6 25496/3/6 25499/3/6
f 25499/3/6 25496/3/6 25500/3/6
f 25501/10/6 25502/10/6 25505/10/6
f 25505/10/6 25502/10/6 25506/10/6
f 25503/10/6 25504/10/6 25507/10/6
f 25507/10/6 25504/10/6 25508/10/6
f 25509/3/6 25510/3/6 25511/3/6
f 25511/3/6 25510/3/6 25512/3/6
f 25513/3/6 25514/3/6 25515/3/6
f 25515/3/6 25514/3/6 25516/3/6
f 25517/10/6 25518/10/6 25521/10/6
f 25521/10/6 25518/10/6 25522/10/6
f 25519/10/6 25520/10/6 25523/10/6
f 25523/10/6 25520/10/6 25524/10/6
f 25525/3/6 25526/3/6 25529/3/6
f 25529/3/6 25526/3/6 25530/3/6
f 25527/3/6 25528/3/6 25531/3/6
f 25531/3/6 25528/3/6 25532/3/6
f 25533/3/6 25534/3/6 25537/3/6
f 25537/3/6 25534/3/6 25538/3/6
f 25535/3/6 25536/3/6 25539/3/6
f 25539/3/6 25536/3/6 25540/3/6
f 25541/3/6 25542/3/6 25545/3/6
f 25545/3/6 25542/3/6 25546/3/6
f 25543/3/6 25544/3/6 25547/3/6
f 25547/3/6 25544/3/6 25548/3/6
f 25549/4/6 25550/4/6 25553/4/6
f 25553/4/6 25550/4/6 25554/4/6
f 25551/4/6 25552/4/6 25555/4/6
f 25555/4/6 25552/4/6 25556/4/6
f 25557/4/6 25558/4/6 25563/4/6
f 25563/4/6 25558/4/6 25564/4/6
f 25559/4/6 25560/4/6 25565/4/6
f 25565/4/6 25560/4/6 25566/4/6
f 25561/3/6 25562/3/6 25569/3/6
f 25569/3/6 25562/3/6 25570/3/6
f 25567/3/6 25568/3/6 25573/3/6
f 25573/3/6 25568/3/6 25574/3/6
f 25571/10/6 25572/10/6 25575/10/6
f 25575/10/6 25572/10/6 25576/10/6
f 25577/3/6 25578/3/6 25579/3/6
f 25579/3/6 25578/3/6 25580/3/6
f 25581/10/6 25582/10/6 25583/10/6
f 25583/10/6 25582/10/6 25584/10/6
f 25585/3/6 25586/3/6 25591/3/6
f 25591/3/6 25586/3/6 25592/3/6
f 25593/3/6 25594/3/6 25595/3/6
f 25595/3/6 25594/3/6 25596/3/6
f 25587/4/6 25588/4/6 25597/4/6
f 25597/4/6 25588/4/6 25598/4/6
f 25589/4/6 25590/4/6 25599/4/6
f 25599/4/6 25590/4/6 25600/4/6
f 25601/4/6 25602/4/6 25605/4/6
f 25605/4/6 25602/4/6 25606/4/6
f 25603/4/6 25604/4/6 25607/4/6
f 25607/4/6 25604/4/6 25608/4/6
f 25609/3/6 25610/3/6 25615/3/6
f 25615/3/6 25610/3/6 25616/3/6
f 25611/3/6 25612/3/6 25617/3/6
f 25617/3/6 25612/3/6 25618/3/6
f 25613/3/6 25614/3/6 25619/3/6
f 25619/3/6 25614/3/6 25620/3/6
f 25621/3/6 25622/3/6 25626/3/6
f 25626/3/6 25622/3/6 25627/3/6
f 25623/4/6 25624/4/6 25629/4/6
f 25629/4/6 25624/4/6 25630/4/6
f 25625/3/6 25626/3/6 25633/3/6
f 25633/3/6 25626/3/6 25634/3/6
f 25628/10/6 25629/10/6 25636/10/6
f 25636/10/6 25629/10/6 25637/10/6
f 25630/10/6 25631/10/6 25638/10/6
f 25631/3/6 25632/3/6 25639/3/6
f 25638/10/6 25631/10/6 25639/10/6
f 25639/3/6 25632/3/6 25640/3/6
f 25635/10/6 25636/10/6 25641/10/6
f 25641/10/6 25636/10/6 25642/10/6
f 25635/10/6 25641/10/6 25643/10/6
f 25635/10/6 25643/10/6 25645/10/6
f 25643/10/6 25644/10/6 25645/10/6
f 25645/10/6 25644/10/6 25646/10/6
f 25646/10/6 25647/10/6 25651/10/6
f 25651/10/6 25647/10/6 25652/10/6
f 25648/10/6 25649/10/6 25653/10/6
f 25649/3/6 25650/3/6 25654/3/6
f 25653/10/6 25649/10/6 25654/10/6
f 25654/3/6 25650/3/6 25655/3/6
f 25652/4/6 25653/4/6 25658/4/6
f 25658/4/6 25653/4/6 25659/4/6
f 25656/3/6 25657/3/6 25660/3/6
f 25660/3/6 25657/3/6 25661/3/6
f 25661/3/6 25662/3/6 25663/3/6
f 25663/3/6 25662/3/6 25664/3/6
f 25665/3/6 25666/3/6 25671/3/6
f 25671/3/6 25666/3/6 25672/3/6
f 25667/3/6 25668/3/6 25673/3/6
f 25673/3/6 25668/3/6 25674/3/6
f 25669/3/6 25670/3/6 25675/3/6
f 25675/3/6 25670/3/6 25676/3/6
f 25677/3/6 25678/3/6 25681/3/6
f 25681/3/6 25678/3/6 25682/3/6
f 25679/3/6 25680/3/6 25683/3/6
f 25683/3/6 25680/3/6 25684/3/6
f 25685/3/6 25686/3/6 25694/3/6
f 25694/3/6 25686/3/6 25695/3/6
f 25691/4/6 25692/4/6 25697/4/6
f 25687/4/6 25688/4/6 25697/4/6
f 25688/4/6 25689/4/6 25697/4/6
f 25689/4/6 25690/4/6 25697/4/6
f 25690/4/6 25691/4/6 25697/4/6
f 25697/4/6 25692/4/6 25698/4/6
f 25693/3/6 25694/3/6 25700/3/6
f 25700/3/6 25694/3/6 25701/3/6
f 25701/3/6 25694/3/6 25702/3/6
f 25696/10/6 25697/10/6 25704/10/6
f 25698/10/6 25699/10/6 25705/10/6
f 25700/3/6 25701/3/6 25705/3/6
f 25699/3/6 25700/3/6 25705/3/6
f 25705/3/6 25701/3/6 25706/3/6
f 25703/10/6 25704/10/6 25707/10/6
f 25704/10/6 25697/10/6 25708/10/6
f 25707/10/6 25704/10/6 25708/10/6
f 25698/10/6 25705/10/6 25709/10/6
f 25708/10/6 25697/10/6 25711/10/6
f 25711/10/6 25697/10/6 25712/10/6
f 25698/10/6 25709/10/6 25713/10/6
f 25709/3/6 25710/3/6 25714/3/6
f 25713/10/6 25709/10/6 25714/10/6
f 25714/3/6 25710/3/6 25715/3/6
f 25715/3/6 25710/3/6 25716/3/6
f 25712/4/6 25713/4/6 25718/4/6
f 25718/4/6 25713/4/6 25719/4/6
f 25719/4/6 25713/4/6 25720/4/6
f 25720/4/6 25713/4/6 25721/4/6
f 25721/4/6 25713/4/6 25722/4/6
f 25722/4/6 25713/4/6 25723/4/6
f 25715/3/6 25716/3/6 25724/3/6
f 25716/3/6 25717/3/6 25724/3/6
f 25724/3/6 25717/3/6 25725/3/6
f 25725/3/6 25726/3/6 25727/3/6
f 25727/3/6 25726/3/6 25728/3/6
f 25729/3/6 25730/3/6 25733/3/6
f 25733/3/6 25730/3/6 25734/3/6
f 25731/3/6 25732/3/6 25735/3/6
f 25735/3/6 25732/3/6 25736/3/6
f 25737/4/6 25738/4/6 25743/4/6
f 25743/4/6 25738/4/6 25744/4/6
f 25739/4/6 25740/4/6 25745/4/6
f 25745/4/6 25740/4/6 25746/4/6
f 25741/3/6 25742/3/6 25748/3/6
f 25747/3/6 25748/3/6 25752/3/6
f 25748/3/6 25742/3/6 25753/3/6
f 25752/3/6 25748/3/6 25753/3/6
f 25749/4/6 25750/4/6 25754/4/6
f 25754/4/6 25750/4/6 25755/4/6
f 25755/4/6 25750/4/6 25756/4/6
f 25756/4/6 25750/4/6 25757/4/6
f 25751/3/6 25752/3/6 25759/3/6
f 25759/3/6 25752/3/6 25760/3/6
f 25760/3/6 25752/3/6 25761/3/6
f 25749/4/6 25754/4/6 25762/4/6
f 25755/4/6 25756/4/6 25763/4/6
f 25763/4/6 25756/4/6 25764/4/6
f 25757/4/6 25750/4/6 25765/4/6
f 25759/3/6 25760/3/6 25766/3/6
f 25758/3/6 25759/3/6 25766/3/6
f 25766/3/6 25760/3/6 25767/3/6
f 25767/3/6 25760/3/6 25768/3/6
f 25763/4/6 25764/4/6 25770/4/6
f 25764/4/6 25765/4/6 25770/4/6
f 25749/4/6 25762/4/6 25770/4/6
f 25762/4/6 25763/4/6 25770/4/6
f 25765/4/6 25750/4/6 25771/4/6
f 25770/4/6 25765/4/6 25771/4/6
f 25768/3/6 25769/3/6 25772/3/6
f 25767/3/6 25768/3/6 25772/3/6
f 25772/3/6 25769/3/6 25773/3/6
f 25773/3/6 25774/3/6 25779/3/6
f 25779/3/6 25774/3/6 25780/3/6
f 25775/4/6 25776/4/6 25781/4/6
f 25781/4/6 25776/4/6 25782/4/6
f 25777/4/6 25778/4/6 25783/4/6
f 25783/4/6 25778/4/6 25784/4/6
f 25780/3/6 25774/3/6 25785/3/6
f 25785/3/6 25774/3/6 25786/3/6
f 25787/10/6 25788/10/6 25790/10/6
f 25790/10/6 25788/10/6 25791/10/6
f 25789/10/6 25790/10/6 25793/10/6
f 25793/10/6 25790/10/6 25794/10/6
f 25791/10/6 25792/10/6 25795/10/6
f 25795/10/6 25792/10/6 25796/10/6
f 25797/4/6 25798/4/6 25801/4/6
f 25801/4/6 25798/4/6 25802/4/6
f 25799/4/6 25800/4/6 25803/4/6
f 25803/4/6 25800/4/6 25804/4/6
f 25805/3/6 25806/3/6 25808/3/6
f 25807/3/6 25808/3/6 25809/3/6
f 25808/3/6 25806/3/6 25810/3/6
f 25809/3/6 25808/3/6 25810/3/6
f 25810/3/6 25806/3/6 25811/3/6
f 25811/3/6 25806/3/6 25812/3/6
f 25813/4/6 25814/4/6 25817/4/6
f 25817/4/6 25814/4/6 25818/4/6
f 25815/4/6 25816/4/6 25819/4/6
f 25819/4/6 25816/4/6 25820/4/6
f 25821/10/6 25822/10/6 25825/10/6
f 25825/10/6 25822/10/6 25826/10/6
f 25823/10/6 25824/10/6 25827/10/6
f 25827/10/6 25824/10/6 25828/10/6
f 25826/10/6 25827/10/6 25829/10/6
f 25829/10/6 25827/10/6 25830/10/6
f 25831/4/6 25832/4/6 25835/4/6
f 25835/4/6 25832/4/6 25836/4/6
f 25833/4/6 25834/4/6 25837/4/6
f 25837/4/6 25834/4/6 25838/4/6
f 25839/4/6 25840/4/6 25843/4/6
f 25843/4/6 25840/4/6 25844/4/6
f 25841/4/6 25842/4/6 25845/4/6
f 25845/4/6 25842/4/6 25846/4/6
f 25847/4/6 25848/4/6 25851/4/6
f 25851/4/6 25848/4/6 25852/4/6
f 25849/4/6 25850/4/6 25853/4/6
f 25853/4/6 25850/4/6 25854/4/6
f 25855/4/6 25856/4/6 25859/4/6
f 25859/4/6 25856/4/6 25860/4/6
f 25857/4/6 25858/4/6 25861/4/6
f 25861/4/6 25858/4/6 25862/4/6
f 25863/4/6 25864/4/6 25868/4/6
f 25868/4/6 25864/4/6 25869/4/6
f 25865/4/6 25866/4/6 25870/4/6
f 25870/4/6 25866/4/6 25871/4/6
f 25868/10/6 25869/10/6 25874/10/6
f 25871/10/6 25872/10/6 25874/10/6
f 25870/10/6 25871/10/6 25874/10/6
f 25869/10/6 25870/10/6 25874/10/6
f 25867/10/6 25868/10/6 25874/10/6
f 25874/10/6 25872/10/6 25875/10/6
f 25873/10/6 25874/10/6 25877/10/6
f 25877/10/6 25874/10/6 25878/10/6
f 25875/10/6 25876/10/6 25879/10/6
f 25879/10/6 25876/10/6 25880/10/6
f 25881/4/6 25882/4/6 25885/4/6
f 25885/4/6 25882/4/6 25886/4/6
f 25883/4/6 25884/4/6 25887/4/6
f 25887/4/6 25884/4/6 25888/4/6
f 25889/4/6 25890/4/6 25893/4/6
f 25893/4/6 25890/4/6 25894/4/6
f 25891/4/6 25892/4/6 25895/4/6
f 25895/4/6 25892/4/6 25896/4/6
f 25897/10/6 25898/10/6 25901/10/6
f 25901/10/6 25898/10/6 25902/10/6
f 25899/10/6 25900/10/6 25903/10/6
f 25903/10/6 25900/10/6 25904/10/6
f 25902/10/6 25903/10/6 25905/10/6
f 25905/10/6 25903/10/6 25906/10/6
f 25906/10/6 25903/10/6 25907/10/6
f 25907/10/6 25903/10/6 25908/10/6
f 25908/10/6 25903/10/6 25909/10/6
f 25909/10/6 25903/10/6 25910/10/6
f 25906/4/6 25907/4/6 25911/4/6
f 25911/4/6 25907/4/6 25912/4/6
f 25908/4/6 25909/4/6 25913/4/6
f 25913/4/6 25909/4/6 25914/4/6
f 25915/1/6 25916/1/6 25917/1/6
f 25917/1/6 25916/1/6 25918/1/6
f 25919/4/6 25920/4/6 25923/4/6
f 25923/4/6 25920/4/6 25924/4/6
f 25921/4/6 25922/4/6 25925/4/6
f 25925/4/6 25922/4/6 25926/4/6
f 25927/4/6 25928/4/6 25931/4/6
f 25931/4/6 25928/4/6 25932/4/6
f 25929/4/6 25930/4/6 25933/4/6
f 25933/4/6 25930/4/6 25934/4/6
f 25935/10/6 25936/10/6 25939/10/6
f 25939/10/6 25936/10/6 25940/10/6
f 25937/10/6 25938/10/6 25941/10/6
f 25941/10/6 25938/10/6 25942/10/6
f 25943/10/6 25944/10/6 25947/10/6
f 25947/10/6 25944/10/6 25948/10/6
f 25945/10/6 25946/10/6 25949/10/6
f 25949/10/6 25946/10/6 25950/10/6
f 25951/4/6 25952/4/6 25955/4/6
f 25955/4/6 25952/4/6 25956/4/6
f 25953/4/6 25954/4/6 25957/4/6
f 25957/4/6 25954/4/6 25958/4/6
f 25959/4/6 25960/4/6 25963/4/6
f 25963/4/6 25960/4/6 25964/4/6
f 25961/4/6 25962/4/6 25965/4/6
f 25965/4/6 25962/4/6 25966/4/6
f 25967/1/6 25968/1/6 25969/1/6
f 25969/1/6 25968/1/6 25970/1/6
f 25971/4/6 25972/4/6 25975/4/6
f 25975/4/6 25972/4/6 25976/4/6
f 25973/4/6 25974/4/6 25977/4/6
f 25977/4/6 25974/4/6 25978/4/6
f 25979/10/6 25980/10/6 25982/10/6
f 25982/10/6 25980/10/6 25983/10/6
f 25981/10/6 25982/10/6 25985/10/6
f 25985/10/6 25982/10/6 25986/10/6
f 25983/10/6 25984/10/6 25987/10/6
f 25987/10/6 25984/10/6 25988/10/6
f 25989/10/6 25990/10/6 25993/10/6
f 25993/10/6 25990/10/6 25994/10/6
f 25991/10/6 25992/10/6 25995/10/6
f 25995/10/6 25992/10/6 25996/10/6
f 25997/10/6 25998/10/6 26001/10/6
f 26001/10/6 25998/10/6 26002/10/6
f 25999/10/6 26000/10/6 26003/10/6
f 26003/10/6 26000/10/6 26004/10/6
f 26005/10/6 26006/10/6 26009/10/6
f 26009/10/6 26006/10/6 26010/10/6
f 26007/10/6 26008/10/6 26011/10/6
f 26011/10/6 26008/10/6 26012/10/6
f 26013/10/6 26014/10/6 26017/10/6
f 26017/10/6 26014/10/6 26018/10/6
f 26015/10/6 26016/10/6 26019/10/6
f 26019/10/6 26016/10/6 26020/10/6
f 26021/10/6 26022/10/6 26025/10/6
f 26025/10/6 26022/10/6 26026/10/6
f 26023/10/6 26024/10/6 26027/10/6
f 26027/10/6 26024/10/6 26028/10/6
f 26026/10/6 26027/10/6 26029/10/6
f 26029/10/6 26027/10/6 26030/10/6
f 26031/4/6 26032/4/6 26035/4/6
f 26035/4/6 26032/4/6 26036/4/6
f 26033/4/6 26034/4/6 26037/4/6
f 26037/4/6 26034/4/6 26038/4/6
f 26039/4/6 26040/4/6 26043/4/6
f 26043/4/6 26040/4/6 26044/4/6
f 26041/4/6 26042/4/6 26045/4/6
f 26045/4/6 26042/4/6 26046/4/6
f 26047/4/6 26048/4/6 26049/4/6
f 26049/4/6 26048/4/6 26050/4/6
f 26050/4/6 26048/4/6 26051/4/6
f 26049/4/6 26050/4/6 26052/4/6
f 26052/4/6 26050/4/6 26053/4/6
f 26051/4/6 26048/4/6 26054/4/6
f 26054/4/6 26048/4/6 26055/4/6
f 26056/10/6 26057/10/6 26060/10/6
f 26060/10/6 26057/10/6 26061/10/6
f 26058/10/6 26059/10/6 26062/10/6
f 26062/10/6 26059/10/6 26063/10/6
f 26064/10/6 26065/10/6 26068/10/6
f 26068/10/6 26065/10/6 26069/10/6
f 26066/10/6 26067/10/6 26070/10/6
f 26070/10/6 26067/10/6 26071/10/6
f 26072/4/6 26073/4/6 26076/4/6
f 26076/4/6 26073/4/6 26077/4/6
f 26074/4/6 26075/4/6 26078/4/6
f 26076/4/6 26077/4/6 26079/4/6
f 26077/4/6 26078/4/6 26079/4/6
f 26078/4/6 26075/4/6 26080/4/6
f 26079/4/6 26078/4/6 26080/4/6
f 26081/4/6 26082/4/6 26085/4/6
f 26085/4/6 26082/4/6 26086/4/6
f 26083/4/6 26084/4/6 26087/4/6
f 26087/4/6 26084/4/6 26088/4/6
f 26089/4/6 26090/4/6 26093/4/6
f 26093/4/6 26090/4/6 26094/4/6
f 26091/4/6 26092/4/6 26095/4/6
f 26095/4/6 26092/4/6 26096/4/6
f 26097/3/6 26098/3/6 26106/3/6
f 26106/3/6 26098/3/6 26107/3/6
f 26099/3/6 26100/3/6 26108/3/6
f 26108/3/6 26100/3/6 26109/3/6
f 26101/3/6 26102/3/6 26110/3/6
f 26110/3/6 26102/3/6 26111/3/6
f 26103/3/6 26104/3/6 26112/3/6
f 26112/3/6 26104/3/6 26113/3/6
f 26105/10/6 26106/10/6 26116/10/6
f 26116/10/6 26106/10/6 26117/10/6
f 26107/10/6 26108/10/6 26118/10/6
f 26118/10/6 26108/10/6 26119/10/6
f 26109/10/6 26110/10/6 26120/10/6
f 26120/10/6 26110/10/6 26121/10/6
f 26111/10/6 26112/10/6 26122/10/6
f 26122/10/6 26112/10/6 26123/10/6
f 26113/10/6 26114/10/6 26124/10/6
f 26124/10/6 26114/10/6 26125/10/6
f 26115/10/6 26116/10/6 26127/10/6
f 26127/10/6 26116/10/6 26128/10/6
f 26125/10/6 26126/10/6 26129/10/6
f 26129/10/6 26126/10/6 26130/10/6
f 26131/10/6 26132/10/6 26135/10/6
f 26135/10/6 26132/10/6 26136/10/6
f 26133/10/6 26134/10/6 26145/10/6
f 26145/10/6 26134/10/6 26146/10/6
f 26136/10/6 26137/10/6 26147/10/6
f 26147/10/6 26137/10/6 26148/10/6
f 26138/10/6 26139/10/6 26149/10/6
f 26149/10/6 26139/10/6 26150/10/6
f 26140/10/6 26141/10/6 26151/10/6
f 26151/10/6 26141/10/6 26152/10/6
f 26142/10/6 26143/10/6 26153/10/6
f 26153/10/6 26143/10/6 26154/10/6
f 26144/10/6 26145/10/6 26155/10/6
f 26155/10/6 26145/10/6 26156/10/6
f 26148/3/6 26149/3/6 26157/3/6
f 26157/3/6 26149/3/6 26158/3/6
f 26150/3/6 26151/3/6 26159/3/6
f 26159/3/6 26151/3/6 26160/3/6
f 26152/3/6 26153/3/6 26161/3/6
f 26161/3/6 26153/3/6 26162/3/6
f 26154/3/6 26155/3/6 26163/3/6
f 26163/3/6 26155/3/6 26164/3/6
f 26165/4/6 26166/4/6 26169/4/6
f 26169/4/6 26166/4/6 26170/4/6
f 26167/4/6 26168/4/6 26171/4/6
f 26171/4/6 26168/4/6 26172/4/6
f 26173/4/6 26174/4/6 26177/4/6
f 26177/4/6 26174/4/6 26178/4/6
f 26175/4/6 26176/4/6 26179/4/6
f 26179/4/6 26176/4/6 26180/4/6
f 26181/4/6 26182/4/6 26185/4/6
f 26185/4/6 26182/4/6 26186/4/6
f 26183/4/6 26184/4/6 26187/4/6
f 26187/4/6 26184/4/6 26188/4/6
f 26189/3/6 26190/3/6 26198/3/6
f 26198/3/6 26190/3/6 26199/3/6
f 26191/3/6 26192/3/6 26200/3/6
f 26200/3/6 26192/3/6 26201/3/6
f 26193/3/6 26194/3/6 26202/3/6
f 26202/3/6 26194/3/6 26203/3/6
f 26195/3/6 26196/3/6 26204/3/6
f 26204/3/6 26196/3/6 26205/3/6
f 26197/10/6 26198/10/6 26208/10/6
f 26208/10/6 26198/10/6 26209/10/6
f 26199/10/6 26200/10/6 26210/10/6
f 26210/10/6 26200/10/6 26211/10/6
f 26201/10/6 26202/10/6 26212/10/6
f 26212/10/6 26202/10/6 26213/10/6
f 26203/10/6 26204/10/6 26214/10/6
f 26214/10/6 26204/10/6 26215/10/6
f 26205/10/6 26206/10/6 26216/10/6
f 26216/10/6 26206/10/6 26217/10/6
f 26207/10/6 26208/10/6 26219/10/6
f 26219/10/6 26208/10/6 26220/10/6
f 26217/10/6 26218/10/6 26221/10/6
f 26221/10/6 26218/10/6 26222/10/6
f 26223/10/6 26224/10/6 26227/10/6
f 26227/10/6 26224/10/6 26228/10/6
f 26225/10/6 26226/10/6 26237/10/6
f 26237/10/6 26226/10/6 26238/10/6
f 26228/10/6 26229/10/6 26239/10/6
f 26239/10/6 26229/10/6 26240/10/6
f 26230/10/6 26231/10/6 26241/10/6
f 26241/10/6 26231/10/6 26242/10/6
f 26232/10/6 26233/10/6 26243/10/6
f 26243/10/6 26233/10/6 26244/10/6
f 26234/10/6 26235/10/6 26245/10/6
f 26245/10/6 26235/10/6 26246/10/6
f 26236/10/6 26237/10/6 26247/10/6
f 26247/10/6 26237/10/6 26248/10/6
f 26240/3/6 26241/3/6 26249/3/6
f 26249/3/6 26241/3/6 26250/3/6
f 26242/3/6 26243/3/6 26251/3/6
f 26251/3/6 26243/3/6 26252/3/6
f 26244/3/6 26245/3/6 26253/3/6
f 26253/3/6 26245/3/6 26254/3/6
f 26246/3/6 26247/3/6 26255/3/6
f 26255/3/6 26247/3/6 26256/3/6
f 26257/4/6 26258/4/6 26261/4/6
f 26261/4/6 26258/4/6 26262/4/6
f 26259/4/6 26260/4/6 26263/4/6
f 26263/4/6 26260/4/6 26264/4/6
f 26265/4/6 26266/4/6 26269/4/6
f 26269/4/6 26266/4/6 26270/4/6
f 26267/4/6 26268/4/6 26271/4/6
f 26271/4/6 26268/4/6 26272/4/6
f 26273/4/6 26274/4/6 26277/4/6
f 26277/4/6 26274/4/6 26278/4/6
f 26275/4/6 26276/4/6 26279/4/6
f 26279/4/6 26276/4/6 26280/4/6
f 26281/3/6 26282/3/6 26290/3/6
f 26290/3/6 26282/3/6 26291/3/6
f 26283/3/6 26284/3/6 26292/3/6
f 26292/3/6 26284/3/6 26293/3/6
f 26285/3/6 26286/3/6 26294/3/6
f 26294/3/6 26286/3/6 26295/3/6
f 26287/3/6 26288/3/6 26296/3/6
f 26296/3/6 26288/3/6 26297/3/6
f 26289/10/6 26290/10/6 26300/10/6
f 26300/10/6 26290/10/6 26301/10/6
f 26291/10/6 26292/10/6 26302/10/6
f 26302/10/6 26292/10/6 26303/10/6
f 26293/10/6 26294/10/6 26304/10/6
f 26304/10/6 26294/10/6 26305/10/6
f 26295/10/6 26296/10/6 26306/10/6
f 26306/10/6 26296/10/6 26307/10/6
f 26297/10/6 26298/10/6 26308/10/6
f 26308/10/6 26298/10/6 26309/10/6
f 26299/10/6 26300/10/6 26311/10/6
f 26311/10/6 26300/10/6 26312/10/6
f 26309/10/6 26310/10/6 26313/10/6
f 26313/10/6 26310/10/6 26314/10/6
f 26315/10/6 26316/10/6 26319/10/6
f 26319/10/6 26316/10/6 26320/10/6
f 26317/10/6 26318/10/6 26321/10/6
f 26321/10/6 26318/10/6 26322/10/6
f 26323/10/6 26324/10/6 26327/10/6
f 26327/10/6 26324/10/6 26328/10/6
f 26325/10/6 26326/10/6 26337/10/6
f 26337/10/6 26326/10/6 26338/10/6
f 26328/10/6 26329/10/6 26339/10/6
f 26339/10/6 26329/10/6 26340/10/6
f 26330/10/6 26331/10/6 26341/10/6
f 26341/10/6 26331/10/6 26342/10/6
f 26332/10/6 26333/10/6 26343/10/6
f 26343/10/6 26333/10/6 26344/10/6
f 26334/10/6 26335/10/6 26345/10/6
f 26345/10/6 26335/10/6 26346/10/6
f 26336/10/6 26337/10/6 26347/10/6
f 26347/10/6 26337/10/6 26348/10/6
f 26340/3/6 26341/3/6 26349/3/6
f 26349/3/6 26341/3/6 26350/3/6
f 26342/3/6 26343/3/6 26351/3/6
f 26351/3/6 26343/3/6 26352/3/6
f 26344/3/6 26345/3/6 26353/3/6
f 26353/3/6 26345/3/6 26354/3/6
f 26346/3/6 26347/3/6 26355/3/6
f 26355/3/6 26347/3/6 26356/3/6
f 26357/4/6 26358/4/6 26361/4/6
f 26361/4/6 26358/4/6 26362/4/6
f 26359/4/6 26360/4/6 26363/4/6
f 26363/4/6 26360/4/6 26364/4/6
f 26365/1/6 26366/1/6 26367/1/6
f 26367/1/6 26366/1/6 26368/1/6
f 26369/4/6 26370/4/6 26373/4/6
f 26373/4/6 26370/4/6 26374/4/6
f 26371/4/6 26372/4/6 26375/4/6
f 26375/4/6 26372/4/6 26376/4/6
f 26377/4/6 26378/4/6 26381/4/6
f 26381/4/6 26378/4/6 26382/4/6
f 26379/4/6 26380/4/6 26383/4/6
f 26383/4/6 26380/4/6 26384/4/6
f 26385/4/6 26386/4/6 26389/4/6
f 26389/4/6 26386/4/6 26390/4/6
f 26387/4/6 26388/4/6 26391/4/6
f 26391/4/6 26388/4/6 26392/4/6
f 26393/3/6 26394/3/6 26402/3/6
f 26402/3/6 26394/3/6 26403/3/6
f 26395/3/6 26396/3/6 26404/3/6
f 26404/3/6 26396/3/6 26405/3/6
f 26397/3/6 26398/3/6 26406/3/6
f 26406/3/6 26398/3/6 26407/3/6
f 26399/3/6 26400/3/6 26408/3/6
f 26408/3/6 26400/3/6 26409/3/6
f 26401/10/6 26402/10/6 26411/10/6
f 26403/10/6 26404/10/6 26412/10/6
f 26412/10/6 26404/10/6 26413/10/6
f 26405/10/6 26406/10/6 26414/10/6
f 26414/10/6 26406/10/6 26415/10/6
f 26407/10/6 26408/10/6 26416/10/6
f 26416/10/6 26408/10/6 26417/10/6
f 26409/10/6 26410/10/6 26418/10/6
f 26416/10/6 26417/10/6 26420/10/6
f 26417/10/6 26418/10/6 26420/10/6
f 26414/10/6 26415/10/6 26420/10/6
f 26412/10/6 26413/10/6 26420/10/6
f 26415/10/6 26416/10/6 26420/10/6
f 26401/10/6 26411/10/6 26420/10/6
f 26413/10/6 26414/10/6 26420/10/6
f 26411/10/6 26412/10/6 26420/10/6
f 26418/10/6 26410/10/6 26421/10/6
f 26420/10/6 26418/10/6 26421/10/6
f 26419/10/6 26420/10/6 26423/10/6
f 26423/10/6 26420/10/6 26424/10/6
f 26421/10/6 26422/10/6 26425/10/6
f 26425/10/6 26422/10/6 26426/10/6
f 26427/10/6 26428/10/6 26431/10/6
f 26431/10/6 26428/10/6 26432/10/6
f 26429/10/6 26430/10/6 26433/10/6
f 26433/10/6 26430/10/6 26434/10/6
f 26432/10/6 26433/10/6 26435/10/6
f 26435/10/6 26433/10/6 26436/10/6
f 26436/10/6 26433/10/6 26437/10/6
f 26437/10/6 26433/10/6 26438/10/6
f 26438/10/6 26433/10/6 26439/10/6
f 26439/10/6 26433/10/6 26440/10/6
f 26440/10/6 26433/10/6 26441/10/6
f 26441/10/6 26433/10/6 26442/10/6
f 26432/10/6 26435/10/6 26443/10/6
f 26443/10/6 26435/10/6 26444/10/6
f 26436/10/6 26437/10/6 26445/10/6
f 26445/10/6 26437/10/6 26446/10/6
f 26438/10/6 26439/10/6 26447/10/6
f 26447/10/6 26439/10/6 26448/10/6
f 26440/10/6 26441/10/6 26449/10/6
f 26449/10/6 26441/10/6 26450/10/6
f 26442/10/6 26433/10/6 26451/10/6
f 26451/10/6 26433/10/6 26452/10/6
f 26444/3/6 26445/3/6 26453/3/6
f 26453/3/6 26445/3/6 26454/3/6
f 26446/3/6 26447/3/6 26455/3/6
f 26455/3/6 26447/3/6 26456/3/6
f 26448/3/6 26449/3/6 26457/3/6
f 26457/3/6 26449/3/6 26458/3/6
f 26450/3/6 26451/3/6 26459/3/6
f 26459/3/6 26451/3/6 26460/3/6
f 26461/4/6 26462/4/6 26465/4/6
f 26465/4/6 26462/4/6 26466/4/6
f 26463/4/6 26464/4/6 26467/4/6
f 26467/4/6 26464/4/6 26468/4/6
f 26469/4/6 26470/4/6 26473/4/6
f 26473/4/6 26470/4/6 26474/4/6
f 26471/4/6 26472/4/6 26475/4/6
f 26475/4/6 26472/4/6 26476/4/6
f 26477/4/6 26478/4/6 26481/4/6
f 26481/4/6 26478/4/6 26482/4/6
f 26479/4/6 26480/4/6 26483/4/6
f 26483/4/6 26480/4/6 26484/4/6
f 26485/1/6 26486/1/6 26487/1/6
f 26487/1/6 26486/1/6 26488/1/6
f 26489/4/6 26490/4/6 26493/4/6
f 26493/4/6 26490/4/6 26494/4/6
f 26491/4/6 26492/4/6 26495/4/6
f 26495/4/6 26492/4/6 26496/4/6
f 26497/4/6 26498/4/6 26501/4/6
f 26501/4/6 26498/4/6 26502/4/6
f 26499/4/6 26500/4/6 26503/4/6
f 26503/4/6 26500/4/6 26504/4/6
f 26505/3/6 26506/3/6 26513/3/6
f 26513/3/6 26506/3/6 26514/3/6
f 26507/3/6 26508/3/6 26515/3/6
f 26515/3/6 26508/3/6 26516/3/6
f 26509/3/6 26510/3/6 26517/3/6
f 26517/3/6 26510/3/6 26518/3/6
f 26511/3/6 26512/3/6 26519/3/6
f 26519/3/6 26512/3/6 26520/3/6
f 26521/10/6 26522/10/6 26524/10/6
f 26524/10/6 26522/10/6 26525/10/6
f 26523/10/6 26524/10/6 26527/10/6
f 26527/10/6 26524/10/6 26528/10/6
f 26525/10/6 26526/10/6 26529/10/6
f 26529/10/6 26526/10/6 26530/10/6
f 26531/10/6 26532/10/6 26535/10/6
f 26535/10/6 26532/10/6 26536/10/6
f 26533/10/6 26534/10/6 26537/10/6
f 26537/10/6 26534/10/6 26538/10/6
f 26536/10/6 26537/10/6 26539/10/6
f 26539/10/6 26537/10/6 26540/10/6
f 26541/3/6 26542/3/6 26549/3/6
f 26549/3/6 26542/3/6 26550/3/6
f 26543/3/6 26544/3/6 26551/3/6
f 26551/3/6 26544/3/6 26552/3/6
f 26545/3/6 26546/3/6 26553/3/6
f 26553/3/6 26546/3/6 26554/3/6
f 26547/3/6 26548/3/6 26555/3/6
f 26555/3/6 26548/3/6 26556/3/6
f 26557/4/6 26558/4/6 26561/4/6
f 26561/4/6 26558/4/6 26562/4/6
f 26559/4/6 26560/4/6 26563/4/6
f 26563/4/6 26560/4/6 26564/4/6
f 26565/4/6 26566/4/6 26569/4/6
f 26569/4/6 26566/4/6 26570/4/6
f 26567/4/6 26568/4/6 26571/4/6
f 26571/4/6 26568/4/6 26572/4/6
f 26573/4/6 26574/4/6 26577/4/6
f 26577/4/6 26574/4/6 26578/4/6
f 26575/4/6 26576/4/6 26579/4/6
f 26579/4/6 26576/4/6 26580/4/6
f 26581/10/6 26582/10/6 26587/10/6
f 26583/10/6 26584/10/6 26588/10/6
f 26588/10/6 26584/10/6 26589/10/6
f 26585/10/6 26586/10/6 26590/10/6
f 26588/10/6 26589/10/6 26592/10/6
f 26589/10/6 26590/10/6 26592/10/6
f 26581/10/6 26587/10/6 26592/10/6
f 26587/10/6 26588/10/6 26592/10/6
f 26590/10/6 26586/10/6 26593/10/6
f 26592/10/6 26590/10/6 26593/10/6
f 26595/2/6 26596/2/6 26599/2/6
f 26599/2/6 26596/2/6 26600/2/6
f 26597/2/6 26598/2/6 26601/2/6
f 26601/2/6 26598/2/6 26602/2/6
f 26591/10/6 26592/10/6 26603/10/6
f 26603/10/6 26592/10/6 26604/10/6
f 26593/10/6 26594/10/6 26605/10/6
f 26605/10/6 26594/10/6 26606/10/6
f 26604/10/6 26605/10/6 26607/10/6
f 26607/10/6 26605/10/6 26608/10/6
f 26608/10/6 26605/10/6 26609/10/6
f 26609/10/6 26605/10/6 26610/10/6
f 26604/10/6 26607/10/6 26611/10/6
f 26611/10/6 26607/10/6 26612/10/6
f 26608/10/6 26609/10/6 26613/10/6
f 26613/10/6 26609/10/6 26614/10/6
f 26610/10/6 26605/10/6 26615/10/6
f 26615/10/6 26605/10/6 26616/10/6
f 26617/4/6 26618/4/6 26621/4/6
f 26621/4/6 26618/4/6 26622/4/6
f 26619/4/6 26620/4/6 26623/4/6
f 26623/4/6 26620/4/6 26624/4/6
f 26625/4/6 26626/4/6 26629/4/6
f 26629/4/6 26626/4/6 26630/4/6
f 26627/4/6 26628/4/6 26631/4/6
f 26631/4/6 26628/4/6 26632/4/6
f 26633/4/6 26634/4/6 26637/4/6
f 26637/4/6 26634/4/6 26638/4/6
f 26635/4/6 26636/4/6 26639/4/6
f 26639/4/6 26636/4/6 26640/4/6
f 26641/4/6 26642/4/6 26645/4/6
f 26645/4/6 26642/4/6 26646/4/6
f 26643/4/6 26644/4/6 26647/4/6
f 26647/4/6 26644/4/6 26648/4/6
f 26649/10/6 26650/10/6 26651/10/6
f 26651/10/6 26650/10/6 26652/10/6
f 26652/10/6 26650/10/6 26653/10/6
f 26653/10/6 26650/10/6 26654/10/6
f 26649/10/6 26651/10/6 26655/10/6
f 26655/10/6 26651/10/6 26656/10/6
f 26652/10/6 26653/10/6 26657/10/6
f 26657/10/6 26653/10/6 26658/10/6
f 26654/10/6 26650/10/6 26659/10/6
f 26659/10/6 26650/10/6 26660/10/6
f 26656/3/6 26657/3/6 26661/3/6
f 26661/3/6 26657/3/6 26662/3/6
f 26658/3/6 26659/3/6 26663/3/6
f 26663/3/6 26659/3/6 26664/3/6
f 26656/3/6 26661/3/6 26665/3/6
f 26662/3/6 26657/3/6 26666/3/6
f 26658/3/6 26663/3/6 26667/3/6
f 26664/3/6 26659/3/6 26668/3/6
f 26649/10/6 26655/10/6 26669/10/6
f 26656/3/6 26665/3/6 26670/3/6
f 26665/3/6 26666/3/6 26670/3/6
f 26666/3/6 26657/3/6 26671/3/6
f 26670/3/6 26666/3/6 26671/3/6
f 26667/3/6 26668/3/6 26672/3/6
f 26658/3/6 26667/3/6 26672/3/6
f 26668/3/6 26659/3/6 26673/3/6
f 26672/3/6 26668/3/6 26673/3/6
f 26660/10/6 26650/10/6 26674/10/6
f 26669/10/6 26670/10/6 26675/10/6
f 26671/10/6 26672/10/6 26676/10/6
f 26676/10/6 26672/10/6 26677/10/6
f 26673/10/6 26674/10/6 26678/10/6
f 26676/10/6 26677/10/6 26679/10/6
f 26677/10/6 26678/10/6 26679/10/6
f 26649/10/6 26669/10/6 26679/10/6
f 26669/10/6 26675/10/6 26679/10/6
f 26675/10/6 26676/10/6 26679/10/6
f 26678/10/6 26674/10/6 26680/10/6
f 26679/10/6 26678/10/6 26680/10/6
f 26674/10/6 26650/10/6 26680/10/6
f 26681/4/6 26682/4/6 26685/4/6
f 26685/4/6 26682/4/6 26686/4/6
f 26683/4/6 26684/4/6 26687/4/6
f 26687/4/6 26684/4/6 26688/4/6
f 26689/4/6 26690/4/6 26693/4/6
f 26693/4/6 26690/4/6 26694/4/6
f 26691/4/6 26692/4/6 26695/4/6
f 26695/4/6 26692/4/6 26696/4/6
f 26697/4/6 26698/4/6 26701/4/6
f 26701/4/6 26698/4/6 26702/4/6
f 26699/4/6 26700/4/6 26703/4/6
f 26703/4/6 26700/4/6 26704/4/6
f 26705/1/6 26706/1/6 26707/1/6
f 26707/1/6 26706/1/6 26708/1/6
f 26709/4/6 26710/4/6 26713/4/6
f 26713/4/6 26710/4/6 26714/4/6
f 26711/4/6 26712/4/6 26715/4/6
f 26715/4/6 26712/4/6 26716/4/6
f 26717/4/6 26718/4/6 26721/4/6
f 26721/4/6 26718/4/6 26722/4/6
f 26719/4/6 26720/4/6 26723/4/6
f 26723/4/6 26720/4/6 26724/4/6
f 26725/4/6 26726/4/6 26729/4/6
f 26729/4/6 26726/4/6 26730/4/6
f 26727/4/6 26728/4/6 26731/4/6
f 26731/4/6 26728/4/6 26732/4/6
f 26733/3/6 26734/3/6 26738/3/6
f 26738/3/6 26734/3/6 26739/3/6
f 26735/3/6 26736/3/6 26740/3/6
f 26740/3/6 26736/3/6 26741/3/6
f 26737/3/6 26738/3/6 26743/3/6
f 26743/3/6 26738/3/6 26744/3/6
f 26739/3/6 26740/3/6 26745/3/6
f 26745/3/6 26740/3/6 26746/3/6
f 26741/3/6 26742/3/6 26747/3/6
f 26747/3/6 26742/3/6 26748/3/6
f 26744/3/6 26745/3/6 26749/3/6
f 26749/3/6 26745/3/6 26750/3/6
f 26746/3/6 26747/3/6 26751/3/6
f 26751/3/6 26747/3/6 26752/3/6
f 26753/4/6 26754/4/6 26757/4/6
f 26757/4/6 26754/4/6 26758/4/6
f 26755/4/6 26756/4/6 26759/4/6
f 26759/4/6 26756/4/6 26760/4/6
f 26761/4/6 26762/4/6 26765/4/6
f 26765/4/6 26762/4/6 26766/4/6
f 26763/4/6 26764/4/6 26767/4/6
f 26767/4/6 26764/4/6 26768/4/6
f 26769/4/6 26770/4/6 26773/4/6
f 26773/4/6 26770/4/6 26774/4/6
f 26771/4/6 26772/4/6 26775/4/6
f 26775/4/6 26772/4/6 26776/4/6
f 26777/1/6 26778/1/6 26779/1/6
f 26779/1/6 26778/1/6 26780/1/6
f 26781/4/6 26782/4/6 26785/4/6
f 26785/4/6 26782/4/6 26786/4/6
f 26783/4/6 26784/4/6 26787/4/6
f 26787/4/6 26784/4/6 26788/4/6
f 26789/4/6 26790/4/6 26793/4/6
f 26793/4/6 26790/4/6 26794/4/6
f 26791/4/6 26792/4/6 26795/4/6
f 26795/4/6 26792/4/6 26796/4/6
f 26797/4/6 26798/4/6 26801/4/6
f 26801/4/6 26798/4/6 26802/4/6
f 26799/4/6 26800/4/6 26803/4/6
f 26803/4/6 26800/4/6 26804/4/6
f 26805/4/6 26806/4/6 26809/4/6
f 26809/4/6 26806/4/6 26810/4/6
f 26807/4/6 26808/4/6 26811/4/6
f 26811/4/6 26808/4/6 26812/4/6
f 26813/4/6 26814/4/6 26817/4/6
f 26817/4/6 26814/4/6 26818/4/6
f 26815/4/6 26816/4/6 26819/4/6
f 26819/4/6 26816/4/6 26820/4/6
f 26821/4/6 26822/4/6 26825/4/6
f 26825/4/6 26822/4/6 26826/4/6
f 26823/4/6 26824/4/6 26827/4/6
f 26827/4/6 26824/4/6 26828/4/6
f 26829/4/6 26830/4/6 26833/4/6
f 26833/4/6 26830/4/6 26834/4/6
f 26831/4/6 26832/4/6 26835/4/6
f 26835/4/6 26832/4/6 26836/4/6
f 26837/4/6 26838/4/6 26841/4/6
f 26841/4/6 26838/4/6 26842/4/6
f 26839/4/6 26840/4/6 26843/4/6
f 26843/4/6 26840/4/6 26844/4/6
f 26845/4/6 26846/4/6 26849/4/6
f 26849/4/6 26846/4/6 26850/4/6
f 26847/4/6 26848/4/6 26851/4/6
f 26851/4/6 26848/4/6 26852/4/6
f 26853/4/6 26854/4/6 26857/4/6
f 26857/4/6 26854/4/6 26858/4/6
f 26855/4/6 26856/4/6 26859/4/6
f 26859/4/6 26856/4/6 26860/4/6
f 26861/1/6 26862/1/6 26863/1/6
f 26863/1/6 26862/1/6 26864/1/6
f 26865/4/6 26866/4/6 26869/4/6
f 26869/4/6 26866/4/6 26870/4/6
f 26867/4/6 26868/4/6 26871/4/6
f 26871/4/6 26868/4/6 26872/4/6
f 26873/4/6 26874/4/6 26877/4/6
f 26877/4/6 26874/4/6 26878/4/6
f 26875/4/6 26876/4/6 26879/4/6
f 26879/4/6 26876/4/6 26880/4/6
f 26881/4/6 26882/4/6 26885/4/6
f 26885/4/6 26882/4/6 26886/4/6
f 26883/4/6 26884/4/6 26887/4/6
f 26887/4/6 26884/4/6 26888/4/6
f 26889/4/6 26890/4/6 26893/4/6
f 26893/4/6 26890/4/6 26894/4/6
f 26891/4/6 26892/4/6 26895/4/6
f 26895/4/6 26892/4/6 26896/4/6
f 26897/4/6 26898/4/6 26901/4/6
f 26901/4/6 26898/4/6 26902/4/6
f 26899/4/6 26900/4/6 26903/4/6
f 26903/4/6 26900/4/6 26904/4/6
f 26905/4/6 26906/4/6 26909/4/6
f 26909/4/6 26906/4/6 26910/4/6
f 26907/4/6 26908/4/6 26911/4/6
f 26911/4/6 26908/4/6 26912/4/6
f 26913/1/6 26914/1/6 26915/1/6
f 26915/1/6 26914/1/6 26916/1/6
f 26917/4/6 26918/4/6 26921/4/6
f 26921/4/6 26918/4/6 26922/4/6
f 26919/4/6 26920/4/6 26923/4/6
f 26923/4/6 26920/4/6 26924/4/6
f 26925/4/6 26926/4/6 26929/4/6
f 26929/4/6 26926/4/6 26930/4/6
f 26927/4/6 26928/4/6 26931/4/6
f 26931/4/6 26928/4/6 26932/4/6
f 26933/4/6 26934/4/6 26937/4/6
f 26937/4/6 26934/4/6 26938/4/6
f 26935/4/6 26936/4/6 26939/4/6
f 26939/4/6 26936/4/6 26940/4/6
f 26941/4/6 26942/4/6 26945/4/6
f 26945/4/6 26942/4/6 26946/4/6
f 26943/4/6 26944/4/6 26947/4/6
f 26947/4/6 26944/4/6 26948/4/6
f 26949/4/6 26950/4/6 26953/4/6
f 26953/4/6 26950/4/6 26954/4/6
f 26951/4/6 26952/4/6 26955/4/6
f 26955/4/6 26952/4/6 26956/4/6
f 26957/4/6 26958/4/6 26961/4/6
f 26961/4/6 26958/4/6 26962/4/6
f 26959/4/6 26960/4/6 26963/4/6
f 26963/4/6 26960/4/6 26964/4/6
f 26965/4/6 26966/4/6 26969/4/6
f 26969/4/6 26966/4/6 26970/4/6
f 26967/4/6 26968/4/6 26971/4/6
f 26971/4/6 26968/4/6 26972/4/6
f 26973/4/6 26974/4/6 26977/4/6
f 26977/4/6 26974/4/6 26978/4/6
f 26975/4/6 26976/4/6 26979/4/6
f 26979/4/6 26976/4/6 26980/4/6
f 26981/1/6 26982/1/6 26983/1/6
f 26983/1/6 26982/1/6 26984/1/6
f 26985/4/6 26986/4/6 26989/4/6
f 26989/4/6 26986/4/6 26990/4/6
f 26987/4/6 26988/4/6 26991/4/6
f 26991/4/6 26988/4/6 26992/4/6
f 26993/4/6 26994/4/6 26997/4/6
f 26997/4/6 26994/4/6 26998/4/6
f 26995/4/6 26996/4/6 26999/4/6
f 26999/4/6 26996/4/6 27000/4/6
f 27001/4/6 27002/4/6 27005/4/6
f 27005/4/6 27002/4/6 27006/4/6
f 27003/4/6 27004/4/6 27007/4/6
f 27007/4/6 27004/4/6 27008/4/6
f 27009/4/6 27010/4/6 27013/4/6
f 27013/4/6 27010/4/6 27014/4/6
f 27011/4/6 27012/4/6 27015/4/6
f 27015/4/6 27012/4/6 27016/4/6
f 27017/4/6 27018/4/6 27021/4/6
f 27021/4/6 27018/4/6 27022/4/6
f 27019/4/6 27020/4/6 27023/4/6
f 27023/4/6 27020/4/6 27024/4/6
f 27025/4/6 27026/4/6 27029/4/6
f 27029/4/6 27026/4/6 27030/4/6
f 27027/4/6 27028/4/6 27031/4/6
f 27031/4/6 27028/4/6 27032/4/6
f 27033/4/6 27034/4/6 27037/4/6
f 27037/4/6 27034/4/6 27038/4/6
f 27035/4/6 27036/4/6 27039/4/6
f 27039/4/6 27036/4/6 27040/4/6
f 27041/4/6 27042/4/6 27045/4/6
f 27045/4/6 27042/4/6 27046/4/6
f 27043/4/6 27044/4/6 27047/4/6
f 27047/4/6 27044/4/6 27048/4/6
f 27049/1/6 27050/1/6 27051/1/6
f 27051/1/6 27050/1/6 27052/1/6
f 27053/4/6 27054/4/6 27057/4/6
f 27057/4/6 27054/4/6 27058/4/6
f 27055/4/6 27056/4/6 27059/4/6
f 27059/4/6 27056/4/6 27060/4/6
f 27061/4/6 27062/4/6 27065/4/6
f 27065/4/6 27062/4/6 27066/4/6
f 27063/4/6 27064/4/6 27067/4/6
f 27067/4/6 27064/4/6 27068/4/6
f 27069/4/6 27070/4/6 27071/4/6
f 27071/4/6 27070/4/6 27072/4/6
f 27073/4/6 27074/4/6 27075/4/6
f 27075/4/6 27074/4/6 27076/4/6
f 27077/4/6 27078/4/6 27081/4/6
f 27081/4/6 27078/4/6 27082/4/6
f 27079/4/6 27080/4/6 27083/4/6
f 27083/4/6 27080/4/6 27084/4/6
f 27085/4/6 27086/4/6 27089/4/6
f 27089/4/6 27086/4/6 27090/4/6
f 27087/4/6 27088/4/6 27091/4/6
f 27091/4/6 27088/4/6 27092/4/6
f 27093/4/6 27094/4/6 27097/4/6
f 27097/4/6 27094/4/6 27098/4/6
f 27095/4/6 27096/4/6 27099/4/6
f 27099/4/6 27096/4/6 27100/4/6
f 27101/4/6 27102/4/6 27105/4/6
f 27105/4/6 27102/4/6 27106/4/6
f 27103/4/6 27104/4/6 27107/4/6
f 27107/4/6 27104/4/6 27108/4/6
f 27109/4/6 27110/4/6 27113/4/6
f 27113/4/6 27110/4/6 27114/4/6
f 27111/4/6 27112/4/6 27115/4/6
f 27115/4/6 27112/4/6 27116/4/6
f 27117/4/6 27118/4/6 27121/4/6
f 27121/4/6 27118/4/6 27122/4/6
f 27119/4/6 27120/4/6 27123/4/6
f 27123/4/6 27120/4/6 27124/4/6
f 27125/4/6 27126/4/6 27129/4/6
f 27129/4/6 27126/4/6 27130/4/6
f 27127/4/6 27128/4/6 27131/4/6
f 27131/4/6 27128/4/6 27132/4/6
f 27133/4/6 27134/4/6 27137/4/6
f 27137/4/6 27134/4/6 27138/4/6
f 27135/4/6 27136/4/6 27139/4/6
f 27139/4/6 27136/4/6 27140/4/6
f 27141/1/6 27142/1/6 27143/1/6
f 27143/1/6 27142/1/6 27144/1/6
f 27145/4/6 27146/4/6 27149/4/6
f 27149/4/6 27146/4/6 27150/4/6
f 27147/4/6 27148/4/6 27151/4/6
f 27151/4/6 27148/4/6 27152/4/6
f 27153/4/6 27154/4/6 27157/4/6
f 27157/4/6 27154/4/6 27158/4/6
f 27155/4/6 27156/4/6 27159/4/6
f 27159/4/6 27156/4/6 27160/4/6
f 27161/4/6 27162/4/6 27165/4/6
f 27165/4/6 27162/4/6 27166/4/6
f 27163/4/6 27164/4/6 27167/4/6
f 27167/4/6 27164/4/6 27168/4/6
f 27169/4/6 27170/4/6 27173/4/6
f 27173/4/6 27170/4/6 27174/4/6
f 27171/4/6 27172/4/6 27175/4/6
f 27175/4/6 27172/4/6 27176/4/6
f 27177/1/6 27178/1/6 27179/1/6
f 27179/1/6 27178/1/6 27180/1/6
f 27181/4/6 27182/4/6 27185/4/6
f 27185/4/6 27182/4/6 27186/4/6
f 27183/4/6 27184/4/6 27187/4/6
f 27187/4/6 27184/4/6 27188/4/6
f 27189/4/6 27190/4/6 27193/4/6
f 27193/4/6 27190/4/6 27194/4/6
f 27191/4/6 27192/4/6 27195/4/6
f 27195/4/6 27192/4/6 27196/4/6
f 27197/4/6 27198/4/6 27201/4/6
f 27201/4/6 27198/4/6 27202/4/6
f 27199/4/6 27200/4/6 27203/4/6
f 27203/4/6 27200/4/6 27204/4/6
f 27205/4/6 27206/4/6 27209/4/6
f 27209/4/6 27206/4/6 27210/4/6
f 27207/4/6 27208/4/6 27211/4/6
f 27211/4/6 27208/4/6 27212/4/6
f 27213/4/6 27214/4/6 27217/4/6
f 27217/4/6 27214/4/6 27218/4/6
f 27215/4/6 27216/4/6 27219/4/6
f 27219/4/6 27216/4/6 27220/4/6
f 27221/4/6 27222/4/6 27225/4/6
f 27225/4/6 27222/4/6 27226/4/6
f 27223/4/6 27224/4/6 27227/4/6
f 27227/4/6 27224/4/6 27228/4/6
f 27229/1/6 27230/1/6 27231/1/6
f 27231/1/6 27230/1/6 27232/1/6
f 27233/4/6 27234/4/6 27237/4/6
f 27237/4/6 27234/4/6 27238/4/6
f 27235/4/6 27236/4/6 27239/4/6
f 27239/4/6 27236/4/6 27240/4/6
f 27241/4/6 27242/4/6 27245/4/6
f 27245/4/6 27242/4/6 27246/4/6
f 27243/4/6 27244/4/6 27247/4/6
f 27247/4/6 27244/4/6 27248/4/6
f 27249/4/6 27250/4/6 27253/4/6
f 27253/4/6 27250/4/6 27254/4/6
f 27251/4/6 27252/4/6 27255/4/6
f 27255/4/6 27252/4/6 27256/4/6
f 27257/4/6 27258/4/6 27261/4/6
f 27261/4/6 27258/4/6 27262/4/6
f 27259/4/6 27260/4/6 27263/4/6
f 27263/4/6 27260/4/6 27264/4/6
f 27265/1/6 27266/1/6 27267/1/6
f 27267/1/6 27266/1/6 27268/1/6
f 27269/4/6 27270/4/6 27273/4/6
f 27273/4/6 27270/4/6 27274/4/6
f 27271/4/6 27272/4/6 27275/4/6
f 27275/4/6 27272/4/6 27276/4/6
f 27277/4/6 27278/4/6 27281/4/6
f 27281/4/6 27278/4/6 27282/4/6
f 27279/4/6 27280/4/6 27283/4/6
f 27283/4/6 27280/4/6 27284/4/6
f 27285/4/6 27286/4/6 27289/4/6
f 27289/4/6 27286/4/6 27290/4/6
f 27287/4/6 27288/4/6 27291/4/6
f 27291/4/6 27288/4/6 27292/4/6
f 27293/4/6 27294/4/6 27297/4/6
f 27297/4/6 27294/4/6 27298/4/6
f 27295/4/6 27296/4/6 27299/4/6
f 27299/4/6 27296/4/6 27300/4/6
f 27301/1/6 27302/1/6 27303/1/6
f 27303/1/6 27302/1/6 27304/1/6
f 27305/4/6 27306/4/6 27309/4/6
f 27309/4/6 27306/4/6 27310/4/6
f 27307/4/6 27308/4/6 27311/4/6
f 27311/4/6 27308/4/6 27312/4/6
f 27313/4/6 27314/4/6 27317/4/6
f 27317/4/6 27314/4/6 27318/4/6
f 27315/4/6 27316/4/6 27319/4/6
f 27319/4/6 27316/4/6 27320/4/6
f 27321/4/6 27322/4/6 27325/4/6
f 27325/4/6 27322/4/6 27326/4/6
f 27323/4/6 27324/4/6 27327/4/6
f 27327/4/6 27324/4/6 27328/4/6
f 27329/4/6 27330/4/6 27333/4/6
f 27333/4/6 27330/4/6 27334/4/6
f 27331/4/6 27332/4/6 27335/4/6
f 27335/4/6 27332/4/6 27336/4/6
f 27337/1/6 27338/1/6 27339/1/6
f 27339/1/6 27338/1/6 27340/1/6
f 27341/1/6 27342/1/6 27343/1/6
f 27343/1/6 27342/1/6 27344/1/6
f 27345/4/6 27346/4/6 27349/4/6
f 27349/4/6 27346/4/6 27350/4/6
f 27347/4/6 27348/4/6 27351/4/6
f 27351/4/6 27348/4/6 27352/4/6
f 27353/4/6 27354/4/6 27357/4/6
f 27357/4/6 27354/4/6 27358/4/6
f 27355/4/6 27356/4/6 27359/4/6
f 27359/4/6 27356/4/6 27360/4/6
f 27361/4/6 27362/4/6 27365/4/6
f 27365/4/6 27362/4/6 27366/4/6
f 27363/4/6 27364/4/6 27367/4/6
f 27367/4/6 27364/4/6 27368/4/6
f 27369/4/6 27370/4/6 27373/4/6
f 27373/4/6 27370/4/6 27374/4/6
f 27371/4/6 27372/4/6 27375/4/6
f 27375/4/6 27372/4/6 27376/4/6
f 27377/1/6 27378/1/6 27379/1/6
f 27379/1/6 27378/1/6 27380/1/6
f 27381/4/6 27382/4/6 27385/4/6
f 27385/4/6 27382/4/6 27386/4/6
f 27383/4/6 27384/4/6 27387/4/6
f 27387/4/6 27384/4/6 27388/4/6
f 27389/4/6 27390/4/6 27393/4/6
f 27393/4/6 27390/4/6 27394/4/6
f 27391/4/6 27392/4/6 27395/4/6
f 27395/4/6 27392/4/6 27396/4/6
f 27397/4/6 27398/4/6 27401/4/6
f 27401/4/6 27398/4/6 27402/4/6
f 27399/4/6 27400/4/6 27403/4/6
f 27403/4/6 27400/4/6 27404/4/6
f 27405/4/6 27406/4/6 27409/4/6
f 27409/4/6 27406/4/6 27410/4/6
f 27407/4/6 27408/4/6 27411/4/6
f 27411/4/6 27408/4/6 27412/4/6
f 27413/4/6 27414/4/6 27417/4/6
f 27417/4/6 27414/4/6 27418/4/6
f 27415/4/6 27416/4/6 27419/4/6
f 27419/4/6 27416/4/6 27420/4/6
f 27421/4/6 27422/4/6 27425/4/6
f 27425/4/6 27422/4/6 27426/4/6
f 27423/4/6 27424/4/6 27427/4/6
f 27427/4/6 27424/4/6 27428/4/6
f 27429/1/6 27430/1/6 27431/1/6
f 27431/1/6 27430/1/6 27432/1/6
f 27433/4/6 27434/4/6 27437/4/6
f 27437/4/6 27434/4/6 27438/4/6
f 27435/4/6 27436/4/6 27439/4/6
f 27439/4/6 27436/4/6 27440/4/6
f 27441/4/6 27442/4/6 27445/4/6
f 27445/4/6 27442/4/6 27446/4/6
f 27443/4/6 27444/4/6 27447/4/6
f 27447/4/6 27444/4/6 27448/4/6
f 27449/1/6 27450/1/6 27451/1/6
f 27451/1/6 27450/1/6 27452/1/6
f 27453/4/6 27454/4/6 27457/4/6
f 27457/4/6 27454/4/6 27458/4/6
f 27455/4/6 27456/4/6 27459/4/6
f 27459/4/6 27456/4/6 27460/4/6
f 27461/4/6 27462/4/6 27465/4/6
f 27465/4/6 27462/4/6 27466/4/6
f 27463/4/6 27464/4/6 27467/4/6
f 27467/4/6 27464/4/6 27468/4/6
f 27469/4/6 27470/4/6 27473/4/6
f 27473/4/6 27470/4/6 27474/4/6
f 27471/4/6 27472/4/6 27475/4/6
f 27475/4/6 27472/4/6 27476/4/6
f 27477/4/6 27478/4/6 27481/4/6
f 27481/4/6 27478/4/6 27482/4/6
f 27479/4/6 27480/4/6 27483/4/6
f 27483/4/6 27480/4/6 27484/4/6
f 27485/4/6 27486/4/6 27489/4/6
f 27489/4/6 27486/4/6 27490/4/6
f 27487/4/6 27488/4/6 27491/4/6
f 27491/4/6 27488/4/6 27492/4/6
f 27493/4/6 27494/4/6 27497/4/6
f 27497/4/6 27494/4/6 27498/4/6
f 27495/4/6 27496/4/6 27499/4/6
f 27499/4/6 27496/4/6 27500/4/6
f 27501/1/6 27502/1/6 27503/1/6
f 27503/1/6 27502/1/6 27504/1/6
f 27505/4/6 27506/4/6 27509/4/6
f 27509/4/6 27506/4/6 27510/4/6
f 27507/4/6 27508/4/6 27511/4/6
f 27511/4/6 27508/4/6 27512/4/6
f 27513/4/6 27514/4/6 27517/4/6
f 27517/4/6 27514/4/6 27518/4/6
f 27515/4/6 27516/4/6 27519/4/6
f 27519/4/6 27516/4/6 27520/4/6
f 27521/4/6 27522/4/6 27525/4/6
f 27525/4/6 27522/4/6 27526/4/6
f 27523/4/6 27524/4/6 27527/4/6
f 27527/4/6 27524/4/6 27528/4/6
f 27529/4/6 27530/4/6 27533/4/6
f 27533/4/6 27530/4/6 27534/4/6
f 27531/4/6 27532/4/6 27535/4/6
f 27535/4/6 27532/4/6 27536/4/6
f 27537/1/6 27538/1/6 27539/1/6
f 27539/1/6 27538/1/6 27540/1/6
f 27541/1/6 27542/1/6 27543/1/6
f 27543/1/6 27542/1/6 27544/1/6
f 27545/4/6 27546/4/6 27549/4/6
f 27549/4/6 27546/4/6 27550/4/6
f 27547/4/6 27548/4/6 27551/4/6
f 27551/4/6 27548/4/6 27552/4/6
f 27553/4/6 27554/4/6 27557/4/6
f 27557/4/6 27554/4/6 27558/4/6
f 27555/4/6 27556/4/6 27559/4/6
f 27559/4/6 27556/4/6 27560/4/6
f 27561/4/6 27562/4/6 27565/4/6
f 27565/4/6 27562/4/6 27566/4/6
f 27563/4/6 27564/4/6 27567/4/6
f 27567/4/6 27564/4/6 27568/4/6
f 27569/4/6 27570/4/6 27573/4/6
f 27573/4/6 27570/4/6 27574/4/6
f 27571/4/6 27572/4/6 27575/4/6
f 27575/4/6 27572/4/6 27576/4/6
f 27577/4/6 27578/4/6 27581/4/6
f 27581/4/6 27578/4/6 27582/4/6
f 27579/4/6 27580/4/6 27583/4/6
f 27583/4/6 27580/4/6 27584/4/6
f 27585/4/6 27586/4/6 27589/4/6
f 27589/4/6 27586/4/6 27590/4/6
f 27587/4/6 27588/4/6 27591/4/6
f 27591/4/6 27588/4/6 27592/4/6
f 27593/1/6 27594/1/6 27595/1/6
f 27595/1/6 27594/1/6 27596/1/6
f 27597/1/6 27598/1/6 27599/1/6
f 27599/1/6 27598/1/6 27600/1/6
f 27601/4/6 27602/4/6 27605/4/6
f 27605/4/6 27602/4/6 27606/4/6
f 27603/4/6 27604/4/6 27607/4/6
f 27607/4/6 27604/4/6 27608/4/6
f 27609/4/6 27610/4/6 27613/4/6
f 27613/4/6 27610/4/6 27614/4/6
f 27611/4/6 27612/4/6 27615/4/6
f 27615/4/6 27612/4/6 27616/4/6
f 27617/1/6 27618/1/6 27619/1/6
f 27619/1/6 27618/1/6 27620/1/6
f 27621/4/6 27622/4/6 27625/4/6
f 27625/4/6 27622/4/6 27626/4/6
f 27623/4/6 27624/4/6 27627/4/6
f 27627/4/6 27624/4/6 27628/4/6
f 27629/4/6 27630/4/6 27633/4/6
f 27633/4/6 27630/4/6 27634/4/6
f 27631/4/6 27632/4/6 27635/4/6
f 27635/4/6 27632/4/6 27636/4/6
f 27637/4/6 27638/4/6 27641/4/6
f 27641/4/6 27638/4/6 27642/4/6
f 27639/4/6 27640/4/6 27643/4/6
f 27643/4/6 27640/4/6 27644/4/6
f 27645/4/6 27646/4/6 27649/4/6
f 27649/4/6 27646/4/6 27650/4/6
f 27647/4/6 27648/4/6 27651/4/6
f 27651/4/6 27648/4/6 27652/4/6
f 27653/4/6 27654/4/6 27657/4/6
f 27657/4/6 27654/4/6 27658/4/6
f 27655/4/6 27656/4/6 27659/4/6
f 27659/4/6 27656/4/6 27660/4/6
f 27661/4/6 27662/4/6 27665/4/6
f 27665/4/6 27662/4/6 27666/4/6
f 27663/4/6 27664/4/6 27667/4/6
f 27667/4/6 27664/4/6 27668/4/6
f 27669/1/6 27670/1/6 27671/1/6
f 27671/1/6 27670/1/6 27672/1/6
f 27673/4/6 27674/4/6 27677/4/6
f 27677/4/6 27674/4/6 27678/4/6
f 27675/4/6 27676/4/6 27679/4/6
f 27679/4/6 27676/4/6 27680/4/6
f 27681/4/6 27682/4/6 27685/4/6
f 27685/4/6 27682/4/6 27686/4/6
f 27683/4/6 27684/4/6 27687/4/6
f 27687/4/6 27684/4/6 27688/4/6
f 27689/4/6 27690/4/6 27693/4/6
f 27693/4/6 27690/4/6 27694/4/6
f 27691/4/6 27692/4/6 27695/4/6
f 27695/4/6 27692/4/6 27696/4/6
f 27697/4/6 27698/4/6 27701/4/6
f 27701/4/6 27698/4/6 27702/4/6
f 27699/4/6 27700/4/6 27703/4/6
f 27703/4/6 27700/4/6 27704/4/6
f 27705/1/6 27706/1/6 27707/1/6
f 27707/1/6 27706/1/6 27708/1/6
f 27709/1/6 27710/1/6 27711/1/6
f 27711/1/6 27710/1/6 27712/1/6
f 27713/4/6 27714/4/6 27717/4/6
f 27717/4/6 27714/4/6 27718/4/6
f 27715/4/6 27716/4/6 27719/4/6
f 27719/4/6 27716/4/6 27720/4/6
f 27721/4/6 27722/4/6 27725/4/6
f 27725/4/6 27722/4/6 27726/4/6
f 27723/4/6 27724/4/6 27727/4/6
f 27727/4/6 27724/4/6 27728/4/6
f 27729/4/6 27730/4/6 27733/4/6
f 27733/4/6 27730/4/6 27734/4/6
f 27731/4/6 27732/4/6 27735/4/6
f 27735/4/6 27732/4/6 27736/4/6
f 27737/4/6 27738/4/6 27741/4/6
f 27741/4/6 27738/4/6 27742/4/6
f 27739/4/6 27740/4/6 27743/4/6
f 27743/4/6 27740/4/6 27744/4/6
f 27745/1/6 27746/1/6 27747/1/6
f 27747/1/6 27746/1/6 27748/1/6
f 27749/1/6 27750/1/6 27751/1/6
f 27751/1/6 27750/1/6 27752/1/6
f 27753/4/6 27754/4/6 27757/4/6
f 27757/4/6 27754/4/6 27758/4/6
f 27755/4/6 27756/4/6 27759/4/6
f 27759/4/6 27756/4/6 27760/4/6
f 27761/4/6 27762/4/6 27765/4/6
f 27765/4/6 27762/4/6 27766/4/6
f 27763/4/6 27764/4/6 27767/4/6
f 27767/4/6 27764/4/6 27768/4/6
f 27769/1/6 27770/1/6 27771/1/6
f 27771/1/6 27770/1/6 27772/1/6
f 27773/1/6 27774/1/6 27775/1/6
f 27775/1/6 27774/1/6 27776/1/6
f 27777/4/6 27778/4/6 27781/4/6
f 27781/4/6 27778/4/6 27782/4/6
f 27779/4/6 27780/4/6 27783/4/6
f 27783/4/6 27780/4/6 27784/4/6
f 27785/4/6 27786/4/6 27789/4/6
f 27789/4/6 27786/4/6 27790/4/6
f 27787/4/6 27788/4/6 27791/4/6
f 27791/4/6 27788/4/6 27792/4/6
f 27793/4/6 27794/4/6 27797/4/6
f 27797/4/6 27794/4/6 27798/4/6
f 27795/4/6 27796/4/6 27799/4/6
f 27799/4/6 27796/4/6 27800/4/6
f 27801/4/6 27802/4/6 27805/4/6
f 27805/4/6 27802/4/6 27806/4/6
f 27803/4/6 27804/4/6 27807/4/6
f 27807/4/6 27804/4/6 27808/4/6
f 27809/1/6 27810/1/6 27811/1/6
f 27811/1/6 27810/1/6 27812/1/6
f 27813/1/6 27814/1/6 27815/1/6
f 27815/1/6 27814/1/6 27816/1/6
f 27817/4/6 27818/4/6 27821/4/6
f 27821/4/6 27818/4/6 27822/4/6
f 27819/4/6 27820/4/6 27823/4/6
f 27823/4/6 27820/4/6 27824/4/6
f 27825/4/6 27826/4/6 27829/4/6
f 27829/4/6 27826/4/6 27830/4/6
f 27827/4/6 27828/4/6 27831/4/6
f 27831/4/6 27828/4/6 27832/4/6
f 27833/1/6 27834/1/6 27835/1/6
f 27835/1/6 27834/1/6 27836/1/6
f 27837/1/6 27838/1/6 27839/1/6
f 27839/1/6 27838/1/6 27840/1/6
f 27841/4/6 27842/4/6 27845/4/6
f 27845/4/6 27842/4/6 27846/4/6
f 27843/4/6 27844/4/6 27847/4/6
f 27847/4/6 27844/4/6 27848/4/6
f 27849/4/6 27850/4/6 27853/4/6
f 27853/4/6 27850/4/6 27854/4/6
f 27851/4/6 27852/4/6 27855/4/6
f 27855/4/6 27852/4/6 27856/4/6
f 27857/4/6 27858/4/6 27861/4/6
f 27861/4/6 27858/4/6 27862/4/6
f 27859/4/6 27860/4/6 27863/4/6
f 27863/4/6 27860/4/6 27864/4/6
f 27865/4/6 27866/4/6 27869/4/6
f 27869/4/6 27866/4/6 27870/4/6
f 27867/4/6 27868/4/6 27871/4/6
f 27871/4/6 27868/4/6 27872/4/6
f 27873/1/6 27874/1/6 27875/1/6
f 27875/1/6 27874/1/6 27876/1/6
f 27877/1/6 27878/1/6 27879/1/6
f 27879/1/6 27878/1/6 27880/1/6
f 27881/4/6 27882/4/6 27885/4/6
f 27885/4/6 27882/4/6 27886/4/6
f 27883/4/6 27884/4/6 27887/4/6
f 27887/4/6 27884/4/6 27888/4/6
f 27889/4/6 27890/4/6 27893/4/6
f 27893/4/6 27890/4/6 27894/4/6
f 27891/4/6 27892/4/6 27895/4/6
f 27895/4/6 27892/4/6 27896/4/6
f 27897/1/6 27898/1/6 27899/1/6
f 27899/1/6 27898/1/6 27900/1/6
f 27901/1/6 27902/1/6 27903/1/6
f 27903/1/6 27902/1/6 27904/1/6
f 27905/4/6 27906/4/6 27909/4/6
f 27909/4/6 27906/4/6 27910/4/6
f 27907/4/6 27908/4/6 27911/4/6
f 27911/4/6 27908/4/6 27912/4/6
f 27913/4/6 27914/4/6 27917/4/6
f 27917/4/6 27914/4/6 27918/4/6
f 27915/4/6 27916/4/6 27919/4/6
f 27919/4/6 27916/4/6 27920/4/6
f 27921/4/6 27922/4/6 27925/4/6
f 27925/4/6 27922/4/6 27926/4/6
f 27923/4/6 27924/4/6 27927/4/6
f 27927/4/6 27924/4/6 27928/4/6
f 27929/4/6 27930/4/6 27933/4/6
f 27933/4/6 27930/4/6 27934/4/6
f 27931/4/6 27932/4/6 27935/4/6
f 27935/4/6 27932/4/6 27936/4/6
f 27937/1/6 27938/1/6 27939/1/6
f 27939/1/6 27938/1/6 27940/1/6
f 27941/1/6 27942/1/6 27943/1/6
f 27943/1/6 27942/1/6 27944/1/6
f 27945/4/6 27946/4/6 27949/4/6
f 27949/4/6 27946/4/6 27950/4/6
f 27947/4/6 27948/4/6 27951/4/6
f 27951/4/6 27948/4/6 27952/4/6
f 27953/4/6 27954/4/6 27957/4/6
f 27957/4/6 27954/4/6 27958/4/6
f 27955/4/6 27956/4/6 27959/4/6
f 27959/4/6 27956/4/6 27960/4/6
f 27961/1/6 27962/1/6 27963/1/6
f 27963/1/6 27962/1/6 27964/1/6
f 27965/1/6 27966/1/6 27967/1/6
f 27967/1/6 27966/1/6 27968/1/6
f 27969/4/6 27970/4/6 27973/4/6
f 27973/4/6 27970/4/6 27974/4/6
f 27971/4/6 27972/4/6 27975/4/6
f 27975/4/6 27972/4/6 27976/4/6
f 27977/4/6 27978/4/6 27981/4/6
f 27981/4/6 27978/4/6 27982/4/6
f 27979/4/6 27980/4/6 27983/4/6
f 27983/4/6 27980/4/6 27984/4/6
f 27985/4/6 27986/4/6 27989/4/6
f 27989/4/6 27986/4/6 27990/4/6
f 27987/4/6 27988/4/6 27991/4/6
f 27991/4/6 27988/4/6 27992/4/6
f 27993/4/6 27994/4/6 27997/4/6
f 27997/4/6 27994/4/6 27998/4/6
f 27995/4/6 27996/4/6 27999/4/6
f 27999/4/6 27996/4/6 28000/4/6
f 28001/1/6 28002/1/6 28003/1/6
f 28003/1/6 28002/1/6 28004/1/6
f 28005/1/6 28006/1/6 28007/1/6
f 28007/1/6 28006/1/6 28008/1/6
f 28009/4/6 28010/4/6 28013/4/6
f 28013/4/6 28010/4/6 28014/4/6
f 28011/4/6 28012/4/6 28015/4/6
f 28015/4/6 28012/4/6 28016/4/6
f 28017/4/6 28018/4/6 28021/4/6
f 28021/4/6 28018/4/6 28022/4/6
f 28019/4/6 28020/4/6 28023/4/6
f 28023/4/6 28020/4/6 28024/4/6
f 28025/1/6 28026/1/6 28027/1/6
f 28027/1/6 28026/1/6 28028/1/6
f 28029/1/6 28030/1/6 28031/1/6
f 28031/1/6 28030/1/6 28032/1/6
f 28033/4/6 28034/4/6 28037/4/6
f 28037/4/6 28034/4/6 28038/4/6
f 28035/4/6 28036/4/6 28039/4/6
f 28039/4/6 28036/4/6 28040/4/6
f 28041/4/6 28042/4/6 28045/4/6
f 28045/4/6 28042/4/6 28046/4/6
f 28043/4/6 28044/4/6 28047/4/6
f 28047/4/6 28044/4/6 28048/4/6
f 28049/4/6 28050/4/6 28053/4/6
f 28053/4/6 28050/4/6 28054/4/6
f 28051/4/6 28052/4/6 28055/4/6
f 28055/4/6 28052/4/6 28056/4/6
f 28057/4/6 28058/4/6 28061/4/6
f 28061/4/6 28058/4/6 28062/4/6
f 28059/4/6 28060/4/6 28063/4/6
f 28063/4/6 28060/4/6 28064/4/6
f 28065/1/6 28066/1/6 28067/1/6
f 28067/1/6 28066/1/6 28068/1/6
f 28069/1/6 28070/1/6 28071/1/6
f 28071/1/6 28070/1/6 28072/1/6
f 28073/4/6 28074/4/6 28077/4/6
f 28077/4/6 28074/4/6 28078/4/6
f 28075/4/6 28076/4/6 28079/4/6
f 28079/4/6 28076/4/6 28080/4/6
f 28081/4/6 28082/4/6 28085/4/6
f 28085/4/6 28082/4/6 28086/4/6
f 28083/4/6 28084/4/6 28087/4/6
f 28087/4/6 28084/4/6 28088/4/6
f 28089/1/6 28090/1/6 28091/1/6
f 28091/1/6 28090/1/6 28092/1/6
f 28093/1/6 28094/1/6 28095/1/6
f 28095/1/6 28094/1/6 28096/1/6
f 28097/4/6 28098/4/6 28101/4/6
f 28101/4/6 28098/4/6 28102/4/6
f 28099/4/6 28100/4/6 28103/4/6
f 28103/4/6 28100/4/6 28104/4/6
f 28105/4/6 28106/4/6 28109/4/6
f 28109/4/6 28106/4/6 28110/4/6
f 28107/4/6 28108/4/6 28111/4/6
f 28111/4/6 28108/4/6 28112/4/6
f 28113/1/6 28114/1/6 28115/1/6
f 28115/1/6 28114/1/6 28116/1/6
f 28117/1/6 28118/1/6 28119/1/6
f 28119/1/6 28118/1/6 28120/1/6
f 28121/4/6 28122/4/6 28125/4/6
f 28125/4/6 28122/4/6 28126/4/6
f 28123/4/6 28124/4/6 28127/4/6
f 28127/4/6 28124/4/6 28128/4/6
f 28129/4/6 28130/4/6 28133/4/6
f 28133/4/6 28130/4/6 28134/4/6
f 28131/4/6 28132/4/6 28135/4/6
f 28135/4/6 28132/4/6 28136/4/6
f 28137/1/6 28138/1/6 28139/1/6
f 28139/1/6 28138/1/6 28140/1/6
f 28141/1/6 28142/1/6 28143/1/6
f 28143/1/6 28142/1/6 28144/1/6
f 28145/4/6 28146/4/6 28149/4/6
f 28149/4/6 28146/4/6 28150/4/6
f 28147/4/6 28148/4/6 28151/4/6
f 28151/4/6 28148/4/6 28152/4/6
f 28153/4/6 28154/4/6 28157/4/6
f 28157/4/6 28154/4/6 28158/4/6
f 28155/4/6 28156/4/6 28159/4/6
f 28159/4/6 28156/4/6 28160/4/6
f 28161/1/6 28162/1/6 28163/1/6
f 28163/1/6 28162/1/6 28164/1/6
f 28165/1/6 28166/1/6 28167/1/6
f 28167/1/6 28166/1/6 28168/1/6
f 28169/4/6 28170/4/6 28173/4/6
f 28173/4/6 28170/4/6 28174/4/6
f 28171/4/6 28172/4/6 28175/4/6
f 28175/4/6 28172/4/6 28176/4/6
f 28177/4/6 28178/4/6 28181/4/6
f 28181/4/6 28178/4/6 28182/4/6
f 28179/4/6 28180/4/6 28183/4/6
f 28183/4/6 28180/4/6 28184/4/6
f 28185/1/6 28186/1/6 28187/1/6
f 28187/1/6 28186/1/6 28188/1/6
f 28189/1/6 28190/1/6 28191/1/6
f 28191/1/6 28190/1/6 28192/1/6
f 28193/4/6 28194/4/6 28197/4/6
f 28197/4/6 28194/4/6 28198/4/6
f 28195/4/6 28196/4/6 28199/4/6
f 28199/4/6 28196/4/6 28200/4/6
f 28201/4/6 28202/4/6 28205/4/6
f 28205/4/6 28202/4/6 28206/4/6
f 28203/4/6 28204/4/6 28207/4/6
f 28207/4/6 28204/4/6 28208/4/6
f 28209/1/6 28210/1/6 28211/1/6
f 28211/1/6 28210/1/6 28212/1/6
f 28213/1/6 28214/1/6 28215/1/6
f 28215/1/6 28214/1/6 28216/1/6
f 28217/4/6 28218/4/6 28221/4/6
f 28221/4/6 28218/4/6 28222/4/6
f 28219/4/6 28220/4/6 28223/4/6
f 28223/4/6 28220/4/6 28224/4/6
f 28225/4/6 28226/4/6 28229/4/6
f 28229/4/6 28226/4/6 28230/4/6
f 28227/4/6 28228/4/6 28231/4/6
f 28231/4/6 28228/4/6 28232/4/6
f 28233/1/6 28234/1/6 28235/1/6
f 28235/1/6 28234/1/6 28236/1/6
f 28237/1/6 28238/1/6 28239/1/6
f 28239/1/6 28238/1/6 28240/1/6
f 28241/4/6 28242/4/6 28245/4/6
f 28245/4/6 28242/4/6 28246/4/6
f 28243/4/6 28244/4/6 28247/4/6
f 28247/4/6 28244/4/6 28248/4/6
f 28249/1/6 28250/1/6 28251/1/6
f 28251/1/6 28250/1/6 28252/1/6
f 28253/1/6 28254/1/6 28255/1/6
f 28255/1/6 28254/1/6 28256/1/6
f 28257/1/6 28258/1/6 28259/1/6
f 28259/1/6 28258/1/6 28260/1/6
f 28261/1/6 28262/1/6 28263/1/6
f 28263/1/6 28262/1/6 28264/1/6
f 28265/1/6 28266/1/6 28267/1/6
f 28267/1/6 28266/1/6 28268/1/6
f 28269/1/6 28270/1/6 28271/1/6
f 28271/1/6 28270/1/6 28272/1/6
