# Blender 4.2.0
# www.blender.org
o Untitled
v -1.699998 -0.373319 0.156711
v -1.699998 -0.373319 -0.443289
v -1.699998 -0.073319 0.156711
v -1.699998 -0.073319 -0.443289
v -1.599998 -0.473319 0.256711
v -1.599998 -0.473319 -0.543289
v -1.599998 -0.373319 0.156711
v -1.599998 -0.373319 -0.443289
v -1.599998 -0.073319 0.156711
v -1.599998 -0.073319 -0.443289
v -1.599998 0.026681 0.256711
v -1.599998 0.026681 -0.543289
v -1.499998 -0.573319 0.256711
v -1.499998 -0.573319 -0.543289
v -1.499998 -0.473319 0.456711
v -1.499998 -0.473319 0.256711
v -1.499998 -0.473319 -0.543289
v -1.499998 -0.473319 -0.743289
v -1.499998 0.026681 0.256711
v -1.499998 0.026681 -0.543289
v -1.499998 0.126681 0.456711
v -1.499998 0.126681 0.256711
v -1.499998 0.126681 -0.743289
v -1.499998 0.526681 -0.543289
v -1.499998 0.526681 -0.943289
v -1.499998 0.626681 -0.543289
v -1.499998 0.626681 -0.643289
v -1.499998 0.626681 -0.943289
v -1.499998 0.626681 -1.043289
v -1.499998 0.726681 -0.643289
v -1.499998 0.726681 -0.743289
v -1.499998 0.726681 -1.043289
v -1.499998 0.726681 -1.143289
v -1.499998 0.826681 -0.743289
v -1.499998 0.826681 -1.143289
v -1.399998 0.126681 0.456711
v -1.399998 0.126681 0.256711
v -1.399998 0.126681 -0.343289
v -1.399998 0.226681 0.456711
v -1.399998 0.226681 0.256711
v -1.399998 0.226681 -0.343289
v -1.399998 0.326681 -0.343289
v -1.399998 0.326681 -0.743289
v -1.399998 0.426681 -0.343289
v -1.399998 0.426681 -0.443289
v -1.399998 0.426681 -0.743289
v -1.399998 0.426681 -0.843289
v -1.399998 0.526681 -0.443289
v -1.399998 0.526681 -0.543289
v -1.399998 0.526681 -0.843289
v -1.299998 -0.773319 -0.143289
v -1.299998 -0.773319 -0.243289
v -1.299998 -0.673319 -0.143289
v -1.299998 -0.673319 -0.243289
v -1.299998 -0.473319 0.556711
v -1.299998 -0.473319 0.456711
v -1.299998 -0.473319 -0.743289
v -1.299998 -0.473319 -0.943289
v -1.299998 -0.373319 0.456711
v -1.299998 -0.373319 0.156711
v -1.299998 -0.273319 -0.943289
v -1.299998 -0.273319 -1.043289
v -1.299998 -0.073319 0.556711
v -1.299998 -0.073319 0.356711
v -1.299998 -0.073319 0.156711
v -1.299998 0.026681 0.356711
v -1.299998 0.026681 0.156711
v -1.299998 0.126681 -0.343289
v -1.299998 0.126681 -0.443289
v -1.299998 0.126681 -0.643289
v -1.299998 0.126681 -0.743289
v -1.299998 0.126681 -0.943289
v -1.299998 0.126681 -1.043289
v -1.299998 0.226681 0.056711
v -1.299998 0.226681 -0.343289
v -1.299998 0.226681 -0.743289
v -1.299998 0.326681 0.056711
v -1.299998 0.326681 -0.343289
v -1.299998 0.326681 -0.743289
v -1.199998 -0.773319 0.056711
v -1.199998 -0.773319 -0.143289
v -1.199998 -0.673319 0.056711
v -1.199998 -0.673319 -0.043289
v -1.199998 -0.673319 -0.143289
v -1.199998 -0.673319 -0.243289
v -1.199998 -0.573319 -0.043289
v -1.199998 -0.573319 -0.243289
v -1.199998 -0.373319 -0.943289
v -1.199998 -0.373319 -1.143289
v -1.199998 -0.273319 -0.943289
v -1.199998 -0.273319 -1.043289
v -1.199998 -0.273319 -1.143289
v -1.199998 -0.273319 -1.343289
v -1.199998 -0.073319 -1.143289
v -1.199998 -0.073319 -1.343289
v -1.199998 0.026681 -1.043289
v -1.199998 0.026681 -1.143289
v -1.099998 -0.473319 0.556711
v -1.099998 -0.473319 0.456711
v -1.099998 -0.373319 0.456711
v -1.099998 -0.373319 0.156711
v -1.099998 -0.373319 -1.143289
v -1.099998 -0.373319 -1.343289
v -1.099998 -0.273319 -1.143289
v -1.099998 -0.273319 -1.343289
v -1.099998 -0.073319 0.556711
v -1.099998 -0.073319 0.356711
v -1.099998 -0.073319 0.156711
v -1.099998 -0.073319 -1.143289
v -1.099998 -0.073319 -1.343289
v -1.099998 0.026681 -1.143289
v -1.099998 0.026681 -1.343289
v -0.899998 -0.473319 0.556711
v -0.899998 -0.473319 0.456711
v -0.899998 -0.373319 0.456711
v -0.899998 -0.373319 0.156711
v -0.899998 -0.073319 0.556711
v -0.899998 -0.073319 0.356711
v -0.899998 -0.073319 0.256711
v -0.899998 -0.073319 0.156711
v -0.899998 0.126681 0.356711
v -0.899998 0.126681 0.256711
v -0.699998 -0.373319 0.456711
v -0.699998 -0.373319 0.156711
v -0.699998 -0.073319 0.356711
v -0.699998 -0.073319 0.156711
v -0.699998 0.026681 0.456711
v -0.699998 0.026681 0.356711
v -0.699998 0.126681 0.456711
v -0.699998 0.126681 0.356711
v -0.599998 -0.473319 0.556711
v -0.599998 -0.473319 0.456711
v -0.599998 -0.373319 0.556711
v -0.599998 -0.373319 0.456711
v -0.599998 -0.273319 -0.943289
v -0.599998 -0.273319 -1.043289
v -0.599998 0.026681 0.556711
v -0.599998 0.026681 0.456711
v -0.599998 0.026681 -0.943289
v -0.599998 0.126681 0.556711
v -0.599998 0.126681 0.456711
v -0.599998 0.126681 -0.243289
v -0.599998 0.126681 -0.343289
v -0.599998 0.126681 -0.943289
v -0.599998 0.126681 -1.043289
v -0.599998 0.126681 -1.143289
v -0.599998 0.226681 -0.243289
v -0.599998 0.226681 -0.643289
v -0.599998 0.326681 -0.643289
v -0.599998 0.326681 -0.743289
v -0.599998 0.326681 -1.143289
v -0.599998 0.326681 -1.343289
v -0.599998 0.426681 -0.743289
v -0.599998 0.426681 -1.343289
v -0.499998 -0.373319 0.656711
v -0.499998 -0.373319 0.556711
v -0.499998 -0.273319 0.656711
v -0.499998 -0.273319 0.556711
v -0.499998 -0.073319 -1.043289
v -0.499998 -0.073319 -1.143289
v -0.499998 0.026681 0.656711
v -0.499998 0.026681 0.556711
v -0.499998 0.126681 0.656711
v -0.499998 0.126681 0.556711
v -0.499998 0.126681 0.456711
v -0.499998 0.126681 0.356711
v -0.499998 0.126681 -0.043289
v -0.499998 0.126681 -0.143289
v -0.499998 0.126681 -1.043289
v -0.499998 0.126681 -1.143289
v -0.499998 0.226681 0.456711
v -0.499998 0.226681 -0.043289
v -0.499998 0.226681 -0.143289
v -0.399998 -0.473319 -0.743289
v -0.399998 -0.473319 -1.143289
v -0.399998 -0.373319 -0.643289
v -0.399998 -0.373319 -0.743289
v -0.399998 -0.373319 -1.043289
v -0.399998 -0.373319 -1.143289
v -0.399998 -0.273319 0.856711
v -0.399998 -0.273319 0.756711
v -0.399998 -0.273319 0.656711
v -0.399998 -0.273319 -0.643289
v -0.399998 -0.273319 -0.843289
v -0.399998 -0.273319 -0.943289
v -0.399998 -0.273319 -1.043289
v -0.399998 -0.173319 -0.943289
v -0.399998 -0.173319 -1.043289
v -0.399998 -0.073319 0.956711
v -0.399998 -0.073319 0.856711
v -0.399998 -0.073319 0.756711
v -0.399998 -0.073319 -0.943289
v -0.399998 -0.073319 -1.043289
v -0.399998 0.026681 1.156711
v -0.399998 0.026681 0.956711
v -0.399998 0.026681 0.856711
v -0.399998 0.026681 0.656711
v -0.399998 0.126681 1.156711
v -0.399998 0.126681 0.656711
v -0.399998 0.226681 0.456711
v -0.399998 0.226681 -0.043289
v -0.399998 0.226681 -0.143289
v -0.399998 0.326681 0.456711
v -0.399998 0.326681 -0.043289
v -0.399998 0.326681 -0.143289
v -0.299998 -0.173319 2.656711
v -0.299998 -0.173319 2.156711
v -0.299998 -0.173319 1.656711
v -0.299998 -0.173319 1.456711
v -0.299998 -0.173319 0.856711
v -0.299998 -0.073319 3.656711
v -0.299998 -0.073319 3.256711
v -0.299998 -0.073319 2.656711
v -0.299998 -0.073319 2.556711
v -0.299998 -0.073319 2.156711
v -0.299998 -0.073319 1.956711
v -0.299998 -0.073319 1.656711
v -0.299998 -0.073319 1.456711
v -0.299998 -0.073319 0.956711
v -0.299998 -0.073319 0.856711
v -0.299998 0.026681 3.656711
v -0.299998 0.026681 3.256711
v -0.299998 0.026681 2.856711
v -0.299998 0.026681 2.556711
v -0.299998 0.026681 2.256711
v -0.299998 0.026681 1.956711
v -0.299998 0.026681 1.156711
v -0.299998 0.026681 0.956711
v -0.299998 0.126681 3.656711
v -0.299998 0.126681 2.856711
v -0.299998 0.126681 2.256711
v -0.299998 0.126681 1.456711
v -0.299998 0.126681 1.156711
v -0.299998 0.126681 0.456711
v -0.299998 0.126681 -0.143289
v -0.299998 0.126681 -0.843289
v -0.299998 0.226681 1.456711
v -0.299998 0.226681 0.656711
v -0.299998 0.226681 0.556711
v -0.299998 0.226681 -0.143289
v -0.299998 0.226681 -0.443289
v -0.299998 0.226681 -0.543289
v -0.299998 0.226681 -0.743289
v -0.299998 0.226681 -0.843289
v -0.299998 0.326681 0.556711
v -0.299998 0.326681 0.456711
v -0.299998 0.326681 -0.043289
v -0.299998 0.326681 -0.143289
v -0.299998 0.326681 -0.343289
v -0.299998 0.326681 -0.443289
v -0.299998 0.326681 -0.543289
v -0.299998 0.326681 -0.743289
v -0.299998 0.426681 0.656711
v -0.299998 0.426681 0.556711
v -0.299998 0.426681 0.456711
v -0.299998 0.426681 -0.043289
v -0.299998 0.426681 -0.143289
v -0.299998 0.426681 -0.343289
v -0.299998 0.526681 0.556711
v -0.299998 0.526681 0.456711
v -0.199998 -0.273319 2.656711
v -0.199998 -0.273319 0.856711
v -0.199998 -0.173319 3.656711
v -0.199998 -0.173319 2.656711
v -0.199998 -0.173319 2.156711
v -0.199998 -0.173319 1.656711
v -0.199998 -0.173319 1.456711
v -0.199998 -0.173319 0.856711
v -0.199998 -0.073319 3.756711
v -0.199998 -0.073319 3.656711
v -0.199998 -0.073319 3.256711
v -0.199998 -0.073319 2.656711
v -0.199998 0.026681 3.756711
v -0.199998 0.026681 3.656711
v -0.199998 0.126681 3.756711
v -0.199998 0.126681 3.656711
v -0.199998 0.126681 2.956711
v -0.199998 0.126681 2.856711
v -0.199998 0.126681 2.556711
v -0.199998 0.126681 2.256711
v -0.199998 0.126681 1.456711
v -0.199998 0.126681 -0.843289
v -0.199998 0.126681 -0.943289
v -0.199998 0.226681 3.656711
v -0.199998 0.226681 2.956711
v -0.199998 0.226681 2.556711
v -0.199998 0.226681 1.456711
v -0.199998 0.226681 0.956711
v -0.199998 0.226681 0.656711
v -0.199998 0.226681 -0.743289
v -0.199998 0.226681 -0.843289
v -0.199998 0.226681 -0.943289
v -0.199998 0.326681 1.456711
v -0.199998 0.326681 0.956711
v -0.199998 0.326681 0.856711
v -0.199998 0.326681 0.656711
v -0.199998 0.326681 -0.343289
v -0.199998 0.326681 -0.443289
v -0.199998 0.326681 -0.543289
v -0.199998 0.326681 -0.643289
v -0.199998 0.326681 -0.743289
v -0.199998 0.326681 -0.843289
v -0.199998 0.426681 0.856711
v -0.199998 0.426681 0.656711
v -0.199998 0.426681 0.456711
v -0.199998 0.426681 0.356711
v -0.199998 0.426681 -0.043289
v -0.199998 0.426681 -0.143289
v -0.199998 0.426681 -0.343289
v -0.199998 0.426681 -0.443289
v -0.199998 0.426681 -0.543289
v -0.199998 0.426681 -0.643289
v -0.199998 0.526681 0.556711
v -0.199998 0.526681 0.456711
v -0.199998 0.526681 0.356711
v -0.199998 0.526681 0.056711
v -0.199998 0.526681 -0.043289
v -0.199998 0.526681 -0.143289
v -0.199998 0.526681 -0.343289
v -0.199998 0.626681 0.556711
v -0.199998 0.626681 0.056711
v -0.099998 -0.173319 3.756711
v -0.099998 -0.173319 3.656711
v -0.099998 -0.073319 3.856711
v -0.099998 -0.073319 3.756711
v -0.099998 -0.073319 3.656711
v -0.099998 0.026681 3.856711
v -0.099998 0.026681 3.756711
v -0.099998 0.126681 3.856711
v -0.099998 0.126681 3.756711
v -0.099998 0.126681 3.656711
v -0.099998 0.226681 3.756711
v -0.099998 0.226681 3.656711
v -0.099998 0.226681 1.656711
v -0.099998 0.226681 1.456711
v -0.099998 0.326681 1.656711
v -0.099998 0.326681 1.456711
v -0.099998 0.326681 0.956711
v -0.099998 0.326681 0.856711
v -0.099998 0.426681 0.956711
v -0.099998 0.426681 0.856711
v -0.099998 0.426681 0.656711
v -0.099998 0.426681 0.556711
v -0.099998 0.526681 0.656711
v -0.099998 0.526681 0.556711
v 0.100002 0.526681 0.456711
v 0.100002 0.526681 0.256711
v 0.100002 0.526681 0.056711
v 0.100002 0.626681 0.456711
v 0.100002 0.626681 0.056711
v 0.300002 -0.473319 0.556711
v 0.300002 -0.473319 0.056711
v 0.300002 -0.473319 -0.743289
v 0.300002 -0.473319 -1.143289
v 0.300002 -0.373319 0.656711
v 0.300002 -0.373319 0.556711
v 0.300002 -0.373319 -0.643289
v 0.300002 -0.373319 -0.743289
v 0.300002 -0.373319 -1.043289
v 0.300002 -0.373319 -1.143289
v 0.300002 -0.273319 0.656711
v 0.300002 -0.273319 0.056711
v 0.300002 -0.273319 -0.643289
v 0.300002 -0.273319 -0.843289
v 0.300002 -0.273319 -0.943289
v 0.300002 -0.273319 -1.043289
v 0.500002 -0.473319 0.056711
v 0.500002 -0.473319 -0.543289
v 0.500002 -0.273319 0.056711
v 0.500002 -0.273319 -0.343289
v 0.500002 -0.273319 -0.543289
v 0.500002 -0.273319 -0.943289
v 0.500002 -0.273319 -1.043289
v 0.500002 -0.073319 -0.943289
v 0.500002 -0.073319 -1.043289
v 0.500002 0.126681 -0.243289
v 0.500002 0.126681 -0.943289
v 0.500002 0.126681 -1.143289
v 0.500002 0.226681 -0.243289
v 0.500002 0.226681 -0.643289
v 0.500002 0.326681 -0.643289
v 0.500002 0.326681 -0.743289
v 0.500002 0.326681 -1.143289
v 0.500002 0.326681 -1.343289
v 0.500002 0.426681 -0.743289
v 0.500002 0.426681 -1.343289
v 0.700002 -0.573319 0.256711
v 0.700002 -0.573319 -0.543289
v 0.700002 -0.473319 0.256711
v 0.700002 -0.473319 -0.543289
v 0.700002 -0.473319 -0.943289
v 0.700002 -0.273319 -0.543289
v 0.700002 -0.273319 -0.943289
v 0.700002 -0.273319 -1.043289
v 0.700002 0.026681 -0.943289
v 0.700002 0.126681 0.456711
v 0.700002 0.126681 0.256711
v 0.700002 0.126681 -0.143289
v 0.700002 0.126681 -0.943289
v 0.700002 0.126681 -1.043289
v 0.700002 0.226681 0.456711
v 0.700002 0.226681 0.256711
v 0.700002 0.226681 -0.143289
v 0.800002 -0.473319 0.556711
v 0.800002 -0.473319 0.456711
v 0.800002 -0.373319 0.456711
v 0.800002 -0.373319 0.156711
v 0.800002 -0.373319 -0.943289
v 0.800002 -0.373319 -1.143289
v 0.800002 -0.273319 -0.943289
v 0.800002 -0.273319 -1.043289
v 0.800002 -0.273319 -1.143289
v 0.800002 -0.273319 -1.343289
v 0.800002 -0.073319 0.556711
v 0.800002 -0.073319 0.356711
v 0.800002 -0.073319 0.156711
v 0.800002 -0.073319 -1.143289
v 0.800002 -0.073319 -1.343289
v 0.800002 0.026681 -1.043289
v 0.800002 0.026681 -1.143289
v 0.900002 -0.373319 -1.143289
v 0.900002 -0.373319 -1.343289
v 0.900002 -0.273319 -1.143289
v 0.900002 -0.273319 -1.343289
v 0.900002 -0.073319 -1.143289
v 0.900002 -0.073319 -1.343289
v 0.900002 0.026681 -1.143289
v 0.900002 0.026681 -1.343289
v 0.900002 0.126681 -0.143289
v 0.900002 0.126681 -0.343289
v 0.900002 0.226681 -0.143289
v 0.900002 0.226681 -0.343289
v 1.000002 -0.773319 -0.143289
v 1.000002 -0.773319 -0.243289
v 1.000002 -0.673319 -0.143289
v 1.000002 -0.673319 -0.243289
v 1.000002 -0.473319 0.556711
v 1.000002 -0.473319 0.456711
v 1.000002 -0.373319 0.456711
v 1.000002 -0.373319 0.156711
v 1.000002 -0.073319 0.556711
v 1.000002 -0.073319 0.356711
v 1.000002 -0.073319 0.256711
v 1.000002 -0.073319 0.156711
v 1.000002 0.126681 0.356711
v 1.000002 0.126681 0.256711
v 1.100002 -0.773319 0.056711
v 1.100002 -0.773319 -0.143289
v 1.100002 -0.673319 0.056711
v 1.100002 -0.673319 -0.043289
v 1.100002 -0.673319 -0.143289
v 1.100002 -0.673319 -0.243289
v 1.100002 -0.573319 -0.043289
v 1.100002 -0.573319 -0.243289
v 1.100002 0.126681 -0.343289
v 1.100002 0.126681 -0.743289
v 1.100002 0.226681 -0.343289
v 1.100002 0.226681 -0.743289
v 1.200002 -0.473319 0.556711
v 1.200002 -0.473319 0.456711
v 1.200002 -0.373319 0.456711
v 1.200002 -0.373319 0.156711
v 1.200002 -0.073319 0.556711
v 1.200002 -0.073319 0.356711
v 1.200002 -0.073319 0.156711
v 1.200002 0.226681 0.056711
v 1.200002 0.226681 -0.743289
v 1.200002 0.326681 0.056711
v 1.200002 0.326681 -0.743289
v 1.300002 0.326681 -0.343289
v 1.300002 0.326681 -0.743289
v 1.300002 0.426681 -0.343289
v 1.300002 0.426681 -0.443289
v 1.300002 0.426681 -0.743289
v 1.300002 0.426681 -0.843289
v 1.300002 0.526681 -0.443289
v 1.300002 0.526681 -0.843289
v 1.400002 -0.373319 0.456711
v 1.400002 -0.373319 0.256711
v 1.400002 -0.373319 0.156711
v 1.400002 -0.073319 0.156711
v 1.400002 0.026681 0.356711
v 1.400002 0.026681 0.256711
v 1.400002 0.026681 0.156711
v 1.400002 0.126681 0.456711
v 1.400002 0.126681 0.356711
v 1.400002 0.526681 -0.543289
v 1.400002 0.526681 -0.843289
v 1.400002 0.526681 -0.943289
v 1.400002 0.626681 -0.543289
v 1.400002 0.626681 -0.643289
v 1.400002 0.626681 -0.943289
v 1.400002 0.626681 -1.043289
v 1.400002 0.726681 -0.643289
v 1.400002 0.726681 -0.743289
v 1.400002 0.726681 -1.043289
v 1.400002 0.726681 -1.143289
v 1.400002 0.826681 -0.743289
v 1.400002 0.826681 -1.143289
v -1.399998 -0.373319 0.456711
v -1.399998 -0.373319 0.256711
v -1.399998 -0.373319 0.156711
v -1.399998 -0.073319 0.156711
v -1.399998 0.026681 0.356711
v -1.399998 0.026681 0.256711
v -1.399998 0.026681 0.156711
v -1.399998 0.126681 0.456711
v -1.399998 0.126681 0.356711
v -1.399998 0.526681 -0.543289
v -1.399998 0.526681 -0.843289
v -1.399998 0.526681 -0.943289
v -1.399998 0.626681 -0.543289
v -1.399998 0.626681 -0.643289
v -1.399998 0.626681 -0.943289
v -1.399998 0.626681 -1.043289
v -1.399998 0.726681 -0.643289
v -1.399998 0.726681 -0.743289
v -1.399998 0.726681 -1.043289
v -1.399998 0.726681 -1.143289
v -1.399998 0.826681 -0.743289
v -1.399998 0.826681 -1.143289
v -1.299998 0.326681 -0.343289
v -1.299998 0.326681 -0.743289
v -1.299998 0.426681 -0.343289
v -1.299998 0.426681 -0.443289
v -1.299998 0.426681 -0.743289
v -1.299998 0.426681 -0.843289
v -1.299998 0.526681 -0.443289
v -1.299998 0.526681 -0.843289
v -1.199998 -0.473319 0.556711
v -1.199998 -0.473319 0.456711
v -1.199998 -0.373319 0.456711
v -1.199998 -0.373319 0.156711
v -1.199998 -0.073319 0.556711
v -1.199998 -0.073319 0.356711
v -1.199998 -0.073319 0.156711
v -1.199998 0.226681 0.056711
v -1.199998 0.226681 -0.743289
v -1.199998 0.326681 0.056711
v -1.199998 0.326681 -0.743289
v -1.099998 -0.773319 0.056711
v -1.099998 -0.773319 -0.143289
v -1.099998 -0.673319 0.056711
v -1.099998 -0.673319 -0.043289
v -1.099998 -0.673319 -0.143289
v -1.099998 -0.673319 -0.243289
v -1.099998 -0.573319 -0.043289
v -1.099998 -0.573319 -0.243289
v -1.099998 0.126681 -0.343289
v -1.099998 0.126681 -0.743289
v -1.099998 0.226681 -0.343289
v -1.099998 0.226681 -0.743289
v -0.999998 -0.773319 -0.143289
v -0.999998 -0.773319 -0.243289
v -0.999998 -0.673319 -0.143289
v -0.999998 -0.673319 -0.243289
v -0.999998 -0.473319 0.556711
v -0.999998 -0.473319 0.456711
v -0.999998 -0.373319 0.456711
v -0.999998 -0.373319 0.156711
v -0.999998 -0.073319 0.556711
v -0.999998 -0.073319 0.356711
v -0.999998 -0.073319 0.256711
v -0.999998 -0.073319 0.156711
v -0.999998 0.126681 0.356711
v -0.999998 0.126681 0.256711
v -0.899998 -0.373319 -1.143289
v -0.899998 -0.373319 -1.343289
v -0.899998 -0.273319 -1.143289
v -0.899998 -0.273319 -1.343289
v -0.899998 -0.073319 -1.143289
v -0.899998 -0.073319 -1.343289
v -0.899998 0.026681 -1.143289
v -0.899998 0.026681 -1.343289
v -0.899998 0.126681 -0.143289
v -0.899998 0.126681 -0.343289
v -0.899998 0.226681 -0.143289
v -0.899998 0.226681 -0.343289
v -0.799998 -0.473319 0.556711
v -0.799998 -0.473319 0.456711
v -0.799998 -0.373319 0.456711
v -0.799998 -0.373319 0.156711
v -0.799998 -0.373319 -0.943289
v -0.799998 -0.373319 -1.143289
v -0.799998 -0.273319 -0.943289
v -0.799998 -0.273319 -1.043289
v -0.799998 -0.273319 -1.143289
v -0.799998 -0.273319 -1.343289
v -0.799998 -0.073319 0.556711
v -0.799998 -0.073319 0.356711
v -0.799998 -0.073319 0.156711
v -0.799998 -0.073319 -1.143289
v -0.799998 -0.073319 -1.343289
v -0.799998 0.026681 -1.043289
v -0.799998 0.026681 -1.143289
v -0.699998 -0.573319 0.256711
v -0.699998 -0.573319 -0.543289
v -0.699998 -0.473319 0.256711
v -0.699998 -0.473319 -0.543289
v -0.699998 -0.473319 -0.943289
v -0.699998 -0.273319 -0.543289
v -0.699998 -0.273319 -0.943289
v -0.699998 -0.273319 -1.043289
v -0.699998 0.026681 -0.943289
v -0.699998 0.126681 0.456711
v -0.699998 0.126681 0.256711
v -0.699998 0.126681 -0.143289
v -0.699998 0.126681 -0.943289
v -0.699998 0.126681 -1.043289
v -0.699998 0.226681 0.456711
v -0.699998 0.226681 0.256711
v -0.699998 0.226681 -0.143289
v -0.499998 -0.473319 0.056711
v -0.499998 -0.473319 -0.543289
v -0.499998 -0.273319 0.056711
v -0.499998 -0.273319 -0.343289
v -0.499998 -0.273319 -0.543289
v -0.499998 -0.273319 -0.943289
v -0.499998 -0.273319 -1.043289
v -0.499998 -0.073319 -0.943289
v -0.499998 -0.073319 -1.043289
v -0.499998 0.126681 -0.243289
v -0.499998 0.126681 -0.943289
v -0.499998 0.126681 -1.143289
v -0.499998 0.226681 -0.243289
v -0.499998 0.226681 -0.643289
v -0.499998 0.326681 -0.643289
v -0.499998 0.326681 -0.743289
v -0.499998 0.326681 -1.143289
v -0.499998 0.326681 -1.343289
v -0.499998 0.426681 -0.743289
v -0.499998 0.426681 -1.343289
v -0.299998 -0.473319 0.556711
v -0.299998 -0.473319 0.056711
v -0.299998 -0.473319 -0.743289
v -0.299998 -0.473319 -1.143289
v -0.299998 -0.373319 0.656711
v -0.299998 -0.373319 0.556711
v -0.299998 -0.373319 -0.643289
v -0.299998 -0.373319 -0.743289
v -0.299998 -0.373319 -1.043289
v -0.299998 -0.373319 -1.143289
v -0.299998 -0.273319 0.656711
v -0.299998 -0.273319 0.056711
v -0.299998 -0.273319 -0.643289
v -0.299998 -0.273319 -0.843289
v -0.299998 -0.273319 -0.943289
v -0.299998 -0.273319 -1.043289
v -0.099998 0.526681 0.456711
v -0.099998 0.526681 0.256711
v -0.099998 0.526681 0.056711
v -0.099998 0.626681 0.456711
v -0.099998 0.626681 0.056711
v 0.100002 -0.173319 3.756711
v 0.100002 -0.173319 3.656711
v 0.100002 -0.073319 3.856711
v 0.100002 -0.073319 3.756711
v 0.100002 -0.073319 3.656711
v 0.100002 0.026681 3.856711
v 0.100002 0.026681 3.756711
v 0.100002 0.126681 3.856711
v 0.100002 0.126681 3.756711
v 0.100002 0.126681 3.656711
v 0.100002 0.226681 3.756711
v 0.100002 0.226681 3.656711
v 0.100002 0.226681 1.656711
v 0.100002 0.226681 1.456711
v 0.100002 0.326681 1.656711
v 0.100002 0.326681 1.456711
v 0.100002 0.326681 0.956711
v 0.100002 0.326681 0.856711
v 0.100002 0.426681 0.956711
v 0.100002 0.426681 0.856711
v 0.100002 0.426681 0.656711
v 0.100002 0.426681 0.556711
v 0.100002 0.526681 0.656711
v 0.100002 0.526681 0.556711
v 0.200002 -0.273319 2.656711
v 0.200002 -0.273319 0.856711
v 0.200002 -0.173319 3.656711
v 0.200002 -0.173319 2.656711
v 0.200002 -0.173319 2.156711
v 0.200002 -0.173319 1.656711
v 0.200002 -0.173319 1.456711
v 0.200002 -0.173319 0.856711
v 0.200002 -0.073319 3.756711
v 0.200002 -0.073319 3.656711
v 0.200002 -0.073319 3.256711
v 0.200002 -0.073319 2.656711
v 0.200002 0.026681 3.756711
v 0.200002 0.026681 3.656711
v 0.200002 0.126681 3.756711
v 0.200002 0.126681 3.656711
v 0.200002 0.126681 2.956711
v 0.200002 0.126681 2.856711
v 0.200002 0.126681 2.556711
v 0.200002 0.126681 2.256711
v 0.200002 0.126681 1.456711
v 0.200002 0.126681 -0.843289
v 0.200002 0.126681 -0.943289
v 0.200002 0.226681 3.656711
v 0.200002 0.226681 2.956711
v 0.200002 0.226681 2.556711
v 0.200002 0.226681 1.456711
v 0.200002 0.226681 0.956711
v 0.200002 0.226681 0.656711
v 0.200002 0.226681 -0.743289
v 0.200002 0.226681 -0.843289
v 0.200002 0.226681 -0.943289
v 0.200002 0.326681 1.456711
v 0.200002 0.326681 0.956711
v 0.200002 0.326681 0.856711
v 0.200002 0.326681 0.656711
v 0.200002 0.326681 -0.343289
v 0.200002 0.326681 -0.443289
v 0.200002 0.326681 -0.543289
v 0.200002 0.326681 -0.643289
v 0.200002 0.326681 -0.743289
v 0.200002 0.326681 -0.843289
v 0.200002 0.426681 0.856711
v 0.200002 0.426681 0.656711
v 0.200002 0.426681 0.456711
v 0.200002 0.426681 0.356711
v 0.200002 0.426681 -0.043289
v 0.200002 0.426681 -0.143289
v 0.200002 0.426681 -0.343289
v 0.200002 0.426681 -0.443289
v 0.200002 0.426681 -0.543289
v 0.200002 0.426681 -0.643289
v 0.200002 0.526681 0.556711
v 0.200002 0.526681 0.456711
v 0.200002 0.526681 0.356711
v 0.200002 0.526681 0.056711
v 0.200002 0.526681 -0.043289
v 0.200002 0.526681 -0.143289
v 0.200002 0.526681 -0.343289
v 0.200002 0.626681 0.556711
v 0.200002 0.626681 0.056711
v 0.300002 -0.173319 2.656711
v 0.300002 -0.173319 2.156711
v 0.300002 -0.173319 1.656711
v 0.300002 -0.173319 1.456711
v 0.300002 -0.173319 0.856711
v 0.300002 -0.073319 3.656711
v 0.300002 -0.073319 3.256711
v 0.300002 -0.073319 2.656711
v 0.300002 -0.073319 2.556711
v 0.300002 -0.073319 2.156711
v 0.300002 -0.073319 1.956711
v 0.300002 -0.073319 1.656711
v 0.300002 -0.073319 1.456711
v 0.300002 -0.073319 0.956711
v 0.300002 -0.073319 0.856711
v 0.300002 0.026681 3.656711
v 0.300002 0.026681 3.256711
v 0.300002 0.026681 2.856711
v 0.300002 0.026681 2.556711
v 0.300002 0.026681 2.256711
v 0.300002 0.026681 1.956711
v 0.300002 0.026681 1.156711
v 0.300002 0.026681 0.956711
v 0.300002 0.126681 3.656711
v 0.300002 0.126681 2.856711
v 0.300002 0.126681 2.256711
v 0.300002 0.126681 1.456711
v 0.300002 0.126681 1.156711
v 0.300002 0.126681 0.456711
v 0.300002 0.126681 -0.143289
v 0.300002 0.126681 -0.843289
v 0.300002 0.226681 1.456711
v 0.300002 0.226681 0.656711
v 0.300002 0.226681 0.556711
v 0.300002 0.226681 -0.143289
v 0.300002 0.226681 -0.443289
v 0.300002 0.226681 -0.543289
v 0.300002 0.226681 -0.743289
v 0.300002 0.226681 -0.843289
v 0.300002 0.326681 0.556711
v 0.300002 0.326681 0.456711
v 0.300002 0.326681 -0.043289
v 0.300002 0.326681 -0.143289
v 0.300002 0.326681 -0.343289
v 0.300002 0.326681 -0.443289
v 0.300002 0.326681 -0.543289
v 0.300002 0.326681 -0.743289
v 0.300002 0.426681 0.656711
v 0.300002 0.426681 0.556711
v 0.300002 0.426681 0.456711
v 0.300002 0.426681 -0.043289
v 0.300002 0.426681 -0.143289
v 0.300002 0.426681 -0.343289
v 0.300002 0.526681 0.556711
v 0.300002 0.526681 0.456711
v 0.400002 -0.473319 -0.743289
v 0.400002 -0.473319 -1.143289
v 0.400002 -0.373319 -0.643289
v 0.400002 -0.373319 -0.743289
v 0.400002 -0.373319 -1.043289
v 0.400002 -0.373319 -1.143289
v 0.400002 -0.273319 0.856711
v 0.400002 -0.273319 0.756711
v 0.400002 -0.273319 0.656711
v 0.400002 -0.273319 -0.643289
v 0.400002 -0.273319 -0.843289
v 0.400002 -0.273319 -0.943289
v 0.400002 -0.273319 -1.043289
v 0.400002 -0.173319 -0.943289
v 0.400002 -0.173319 -1.043289
v 0.400002 -0.073319 0.956711
v 0.400002 -0.073319 0.856711
v 0.400002 -0.073319 0.756711
v 0.400002 -0.073319 -0.943289
v 0.400002 -0.073319 -1.043289
v 0.400002 0.026681 1.156711
v 0.400002 0.026681 0.956711
v 0.400002 0.026681 0.856711
v 0.400002 0.026681 0.656711
v 0.400002 0.126681 1.156711
v 0.400002 0.126681 0.656711
v 0.400002 0.226681 0.456711
v 0.400002 0.226681 -0.043289
v 0.400002 0.226681 -0.143289
v 0.400002 0.326681 0.456711
v 0.400002 0.326681 -0.043289
v 0.400002 0.326681 -0.143289
v 0.500002 -0.373319 0.656711
v 0.500002 -0.373319 0.556711
v 0.500002 -0.273319 0.656711
v 0.500002 -0.273319 0.556711
v 0.500002 -0.073319 -1.043289
v 0.500002 -0.073319 -1.143289
v 0.500002 0.026681 0.656711
v 0.500002 0.026681 0.556711
v 0.500002 0.126681 0.656711
v 0.500002 0.126681 0.556711
v 0.500002 0.126681 0.456711
v 0.500002 0.126681 0.356711
v 0.500002 0.126681 -0.043289
v 0.500002 0.126681 -0.143289
v 0.500002 0.126681 -1.043289
v 0.500002 0.126681 -1.143289
v 0.500002 0.226681 0.456711
v 0.500002 0.226681 -0.043289
v 0.500002 0.226681 -0.143289
v 0.600002 -0.473319 0.556711
v 0.600002 -0.473319 0.456711
v 0.600002 -0.373319 0.556711
v 0.600002 -0.373319 0.456711
v 0.600002 -0.273319 -0.943289
v 0.600002 -0.273319 -1.043289
v 0.600002 0.026681 0.556711
v 0.600002 0.026681 0.456711
v 0.600002 0.026681 -0.943289
v 0.600002 0.126681 0.556711
v 0.600002 0.126681 0.456711
v 0.600002 0.126681 -0.243289
v 0.600002 0.126681 -0.343289
v 0.600002 0.126681 -0.943289
v 0.600002 0.126681 -1.043289
v 0.600002 0.126681 -1.143289
v 0.600002 0.226681 -0.243289
v 0.600002 0.226681 -0.643289
v 0.600002 0.326681 -0.643289
v 0.600002 0.326681 -0.743289
v 0.600002 0.326681 -1.143289
v 0.600002 0.326681 -1.343289
v 0.600002 0.426681 -0.743289
v 0.600002 0.426681 -1.343289
v 0.700002 -0.373319 0.456711
v 0.700002 -0.373319 0.156711
v 0.700002 -0.073319 0.356711
v 0.700002 -0.073319 0.156711
v 0.700002 0.026681 0.456711
v 0.700002 0.026681 0.356711
v 0.700002 0.126681 0.456711
v 0.700002 0.126681 0.356711
v 0.900002 -0.473319 0.556711
v 0.900002 -0.473319 0.456711
v 0.900002 -0.373319 0.456711
v 0.900002 -0.373319 0.156711
v 0.900002 -0.073319 0.556711
v 0.900002 -0.073319 0.356711
v 0.900002 -0.073319 0.256711
v 0.900002 -0.073319 0.156711
v 0.900002 0.126681 0.356711
v 0.900002 0.126681 0.256711
v 1.100002 -0.473319 0.556711
v 1.100002 -0.473319 0.456711
v 1.100002 -0.373319 0.456711
v 1.100002 -0.373319 0.156711
v 1.100002 -0.373319 -1.143289
v 1.100002 -0.373319 -1.343289
v 1.100002 -0.273319 -1.143289
v 1.100002 -0.273319 -1.343289
v 1.100002 -0.073319 0.556711
v 1.100002 -0.073319 0.356711
v 1.100002 -0.073319 0.156711
v 1.100002 -0.073319 -1.143289
v 1.100002 -0.073319 -1.343289
v 1.100002 0.026681 -1.143289
v 1.100002 0.026681 -1.343289
v 1.200002 -0.773319 0.056711
v 1.200002 -0.773319 -0.143289
v 1.200002 -0.673319 0.056711
v 1.200002 -0.673319 -0.043289
v 1.200002 -0.673319 -0.143289
v 1.200002 -0.673319 -0.243289
v 1.200002 -0.573319 -0.043289
v 1.200002 -0.573319 -0.243289
v 1.200002 -0.373319 -0.943289
v 1.200002 -0.373319 -1.143289
v 1.200002 -0.273319 -0.943289
v 1.200002 -0.273319 -1.043289
v 1.200002 -0.273319 -1.143289
v 1.200002 -0.273319 -1.343289
v 1.200002 -0.073319 -1.143289
v 1.200002 -0.073319 -1.343289
v 1.200002 0.026681 -1.043289
v 1.200002 0.026681 -1.143289
v 1.300002 -0.773319 -0.143289
v 1.300002 -0.773319 -0.243289
v 1.300002 -0.673319 -0.143289
v 1.300002 -0.673319 -0.243289
v 1.300002 -0.473319 0.556711
v 1.300002 -0.473319 0.456711
v 1.300002 -0.473319 -0.743289
v 1.300002 -0.473319 -0.943289
v 1.300002 -0.373319 0.456711
v 1.300002 -0.373319 0.156711
v 1.300002 -0.273319 -0.943289
v 1.300002 -0.273319 -1.043289
v 1.300002 -0.073319 0.556711
v 1.300002 -0.073319 0.356711
v 1.300002 -0.073319 0.156711
v 1.300002 0.026681 0.356711
v 1.300002 0.026681 0.156711
v 1.300002 0.126681 -0.343289
v 1.300002 0.126681 -0.443289
v 1.300002 0.126681 -0.643289
v 1.300002 0.126681 -0.743289
v 1.300002 0.126681 -0.943289
v 1.300002 0.126681 -1.043289
v 1.300002 0.226681 0.056711
v 1.300002 0.226681 -0.343289
v 1.300002 0.226681 -0.743289
v 1.300002 0.326681 0.056711
v 1.300002 0.326681 -0.343289
v 1.300002 0.326681 -0.743289
v 1.400002 0.126681 0.456711
v 1.400002 0.126681 0.256711
v 1.400002 0.126681 -0.343289
v 1.400002 0.226681 0.456711
v 1.400002 0.226681 0.256711
v 1.400002 0.226681 -0.343289
v 1.400002 0.326681 -0.343289
v 1.400002 0.326681 -0.743289
v 1.400002 0.426681 -0.343289
v 1.400002 0.426681 -0.443289
v 1.400002 0.426681 -0.743289
v 1.400002 0.426681 -0.843289
v 1.400002 0.526681 -0.443289
v 1.400002 0.526681 -0.543289
v 1.400002 0.526681 -0.843289
v 1.500002 -0.573319 0.256711
v 1.500002 -0.573319 -0.543289
v 1.500002 -0.473319 0.456711
v 1.500002 -0.473319 0.256711
v 1.500002 -0.473319 -0.543289
v 1.500002 -0.473319 -0.743289
v 1.500002 0.026681 0.256711
v 1.500002 0.026681 -0.543289
v 1.500002 0.126681 0.456711
v 1.500002 0.126681 0.256711
v 1.500002 0.126681 -0.743289
v 1.500002 0.526681 -0.543289
v 1.500002 0.526681 -0.943289
v 1.500002 0.626681 -0.543289
v 1.500002 0.626681 -0.643289
v 1.500002 0.626681 -0.943289
v 1.500002 0.626681 -1.043289
v 1.500002 0.726681 -0.643289
v 1.500002 0.726681 -0.743289
v 1.500002 0.726681 -1.043289
v 1.500002 0.726681 -1.143289
v 1.500002 0.826681 -0.743289
v 1.500002 0.826681 -1.143289
v 1.600002 -0.473319 0.256711
v 1.600002 -0.473319 -0.543289
v 1.600002 -0.373319 0.156711
v 1.600002 -0.373319 -0.443289
v 1.600002 -0.073319 0.156711
v 1.600002 -0.073319 -0.443289
v 1.600002 0.026681 0.256711
v 1.600002 0.026681 -0.543289
v 1.700002 -0.373319 0.156711
v 1.700002 -0.373319 -0.443289
v 1.700002 -0.073319 0.156711
v 1.700002 -0.073319 -0.443289
v -0.099998 -0.073319 3.856711
v -0.099998 0.026681 3.856711
v -0.099998 0.126681 3.856711
v 0.100002 -0.073319 3.856711
v 0.100002 0.026681 3.856711
v 0.100002 0.126681 3.856711
v -0.199998 -0.073319 3.756711
v -0.199998 0.026681 3.756711
v -0.199998 0.126681 3.756711
v -0.099998 -0.173319 3.756711
v -0.099998 -0.073319 3.756711
v -0.099998 0.026681 3.756711
v -0.099998 0.126681 3.756711
v -0.099998 0.226681 3.756711
v 0.100002 -0.173319 3.756711
v 0.100002 -0.073319 3.756711
v 0.100002 0.026681 3.756711
v 0.100002 0.126681 3.756711
v 0.100002 0.226681 3.756711
v 0.200002 -0.073319 3.756711
v 0.200002 0.026681 3.756711
v 0.200002 0.126681 3.756711
v -0.299998 -0.073319 3.656711
v -0.299998 0.026681 3.656711
v -0.299998 0.126681 3.656711
v -0.199998 -0.173319 3.656711
v -0.199998 -0.073319 3.656711
v -0.199998 0.026681 3.656711
v -0.199998 0.126681 3.656711
v -0.199998 0.226681 3.656711
v -0.099998 -0.173319 3.656711
v -0.099998 -0.073319 3.656711
v -0.099998 0.126681 3.656711
v -0.099998 0.226681 3.656711
v 0.100002 -0.173319 3.656711
v 0.100002 -0.073319 3.656711
v 0.100002 0.126681 3.656711
v 0.100002 0.226681 3.656711
v 0.200002 -0.173319 3.656711
v 0.200002 -0.073319 3.656711
v 0.200002 0.026681 3.656711
v 0.200002 0.126681 3.656711
v 0.200002 0.226681 3.656711
v 0.300002 -0.073319 3.656711
v 0.300002 0.026681 3.656711
v 0.300002 0.126681 3.656711
v -0.299998 -0.173319 2.656711
v -0.299998 -0.073319 2.656711
v -0.199998 -0.273319 2.656711
v -0.199998 -0.173319 2.656711
v -0.199998 -0.073319 2.656711
v 0.200002 -0.273319 2.656711
v 0.200002 -0.173319 2.656711
v 0.200002 -0.073319 2.656711
v 0.300002 -0.173319 2.656711
v 0.300002 -0.073319 2.656711
v -0.099998 0.226681 1.656711
v -0.099998 0.326681 1.656711
v 0.100002 0.226681 1.656711
v 0.100002 0.326681 1.656711
v -0.299998 0.126681 1.456711
v -0.299998 0.226681 1.456711
v -0.199998 0.126681 1.456711
v -0.199998 0.226681 1.456711
v -0.199998 0.326681 1.456711
v -0.099998 0.226681 1.456711
v -0.099998 0.326681 1.456711
v 0.100002 0.226681 1.456711
v 0.100002 0.326681 1.456711
v 0.200002 0.126681 1.456711
v 0.200002 0.226681 1.456711
v 0.200002 0.326681 1.456711
v 0.300002 0.126681 1.456711
v 0.300002 0.226681 1.456711
v -0.399998 0.026681 1.156711
v -0.399998 0.126681 1.156711
v -0.299998 0.026681 1.156711
v -0.299998 0.126681 1.156711
v 0.300002 0.026681 1.156711
v 0.300002 0.126681 1.156711
v 0.400002 0.026681 1.156711
v 0.400002 0.126681 1.156711
v -0.399998 -0.073319 0.956711
v -0.399998 0.026681 0.956711
v -0.299998 -0.073319 0.956711
v -0.299998 0.026681 0.956711
v -0.099998 0.326681 0.956711
v -0.099998 0.426681 0.956711
v 0.100002 0.326681 0.956711
v 0.100002 0.426681 0.956711
v 0.300002 -0.073319 0.956711
v 0.300002 0.026681 0.956711
v 0.400002 -0.073319 0.956711
v 0.400002 0.026681 0.956711
v -0.399998 -0.273319 0.856711
v -0.399998 -0.073319 0.856711
v -0.299998 -0.273319 0.856711
v -0.299998 -0.173319 0.856711
v -0.299998 -0.073319 0.856711
v -0.199998 -0.273319 0.856711
v -0.199998 -0.173319 0.856711
v -0.199998 0.326681 0.856711
v -0.199998 0.426681 0.856711
v -0.099998 0.326681 0.856711
v -0.099998 0.426681 0.856711
v 0.100002 0.326681 0.856711
v 0.100002 0.426681 0.856711
v 0.200002 -0.273319 0.856711
v 0.200002 -0.173319 0.856711
v 0.200002 0.326681 0.856711
v 0.200002 0.426681 0.856711
v 0.300002 -0.273319 0.856711
v 0.300002 -0.173319 0.856711
v 0.300002 -0.073319 0.856711
v 0.400002 -0.273319 0.856711
v 0.400002 -0.073319 0.856711
v -0.499998 -0.373319 0.656711
v -0.499998 -0.273319 0.656711
v -0.499998 0.026681 0.656711
v -0.499998 0.126681 0.656711
v -0.399998 -0.273319 0.656711
v -0.399998 0.026681 0.656711
v -0.399998 0.126681 0.656711
v -0.299998 -0.373319 0.656711
v -0.299998 -0.273319 0.656711
v -0.299998 0.226681 0.656711
v -0.299998 0.426681 0.656711
v -0.199998 0.226681 0.656711
v -0.199998 0.326681 0.656711
v -0.199998 0.426681 0.656711
v -0.099998 0.426681 0.656711
v -0.099998 0.526681 0.656711
v 0.100002 0.426681 0.656711
v 0.100002 0.526681 0.656711
v 0.200002 0.226681 0.656711
v 0.200002 0.326681 0.656711
v 0.200002 0.426681 0.656711
v 0.300002 -0.373319 0.656711
v 0.300002 -0.273319 0.656711
v 0.300002 0.226681 0.656711
v 0.300002 0.426681 0.656711
v 0.400002 -0.273319 0.656711
v 0.400002 0.026681 0.656711
v 0.400002 0.126681 0.656711
v 0.500002 -0.373319 0.656711
v 0.500002 -0.273319 0.656711
v 0.500002 0.026681 0.656711
v 0.500002 0.126681 0.656711
v -1.299998 -0.473319 0.556711
v -1.299998 -0.073319 0.556711
v -1.199998 -0.473319 0.556711
v -1.199998 -0.073319 0.556711
v -1.099998 -0.473319 0.556711
v -1.099998 -0.073319 0.556711
v -0.999998 -0.473319 0.556711
v -0.999998 -0.073319 0.556711
v -0.899998 -0.473319 0.556711
v -0.899998 -0.073319 0.556711
v -0.799998 -0.473319 0.556711
v -0.799998 -0.073319 0.556711
v -0.599998 -0.473319 0.556711
v -0.599998 -0.373319 0.556711
v -0.599998 0.026681 0.556711
v -0.599998 0.126681 0.556711
v -0.499998 -0.373319 0.556711
v -0.499998 -0.273319 0.556711
v -0.499998 0.026681 0.556711
v -0.499998 0.126681 0.556711
v -0.299998 -0.473319 0.556711
v -0.299998 -0.373319 0.556711
v -0.299998 0.426681 0.556711
v -0.299998 0.526681 0.556711
v -0.199998 0.426681 0.556711
v -0.199998 0.526681 0.556711
v -0.199998 0.626681 0.556711
v -0.099998 0.426681 0.556711
v -0.099998 0.526681 0.556711
v 0.100002 0.426681 0.556711
v 0.100002 0.526681 0.556711
v 0.200002 0.426681 0.556711
v 0.200002 0.526681 0.556711
v 0.200002 0.626681 0.556711
v 0.300002 -0.473319 0.556711
v 0.300002 -0.373319 0.556711
v 0.300002 0.426681 0.556711
v 0.300002 0.526681 0.556711
v 0.500002 -0.373319 0.556711
v 0.500002 -0.273319 0.556711
v 0.500002 0.026681 0.556711
v 0.500002 0.126681 0.556711
v 0.600002 -0.473319 0.556711
v 0.600002 -0.373319 0.556711
v 0.600002 0.026681 0.556711
v 0.600002 0.126681 0.556711
v 0.800002 -0.473319 0.556711
v 0.800002 -0.073319 0.556711
v 0.900002 -0.473319 0.556711
v 0.900002 -0.073319 0.556711
v 1.000002 -0.473319 0.556711
v 1.000002 -0.073319 0.556711
v 1.100002 -0.473319 0.556711
v 1.100002 -0.073319 0.556711
v 1.200002 -0.473319 0.556711
v 1.200002 -0.073319 0.556711
v 1.300002 -0.473319 0.556711
v 1.300002 -0.073319 0.556711
v -1.499998 -0.473319 0.456711
v -1.499998 0.126681 0.456711
v -1.399998 -0.473319 0.456711
v -1.399998 -0.373319 0.456711
v -1.399998 0.126681 0.456711
v -1.399998 0.226681 0.456711
v -1.299998 -0.473319 0.456711
v -1.299998 -0.373319 0.456711
v -1.199998 -0.473319 0.456711
v -1.199998 -0.373319 0.456711
v -1.099998 -0.473319 0.456711
v -1.099998 -0.373319 0.456711
v -0.999998 -0.473319 0.456711
v -0.999998 -0.373319 0.456711
v -0.899998 -0.473319 0.456711
v -0.899998 -0.373319 0.456711
v -0.799998 -0.473319 0.456711
v -0.799998 -0.373319 0.456711
v -0.699998 -0.373319 0.456711
v -0.699998 0.026681 0.456711
v -0.699998 0.126681 0.456711
v -0.699998 0.226681 0.456711
v -0.599998 -0.473319 0.456711
v -0.599998 -0.373319 0.456711
v -0.599998 0.026681 0.456711
v -0.599998 0.126681 0.456711
v -0.499998 0.126681 0.456711
v -0.499998 0.226681 0.456711
v -0.399998 0.226681 0.456711
v -0.399998 0.326681 0.456711
v -0.299998 0.126681 0.456711
v -0.299998 0.326681 0.456711
v 0.300002 0.126681 0.456711
v 0.300002 0.326681 0.456711
v 0.400002 0.226681 0.456711
v 0.400002 0.326681 0.456711
v 0.500002 0.126681 0.456711
v 0.500002 0.226681 0.456711
v 0.600002 -0.473319 0.456711
v 0.600002 -0.373319 0.456711
v 0.600002 0.026681 0.456711
v 0.600002 0.126681 0.456711
v 0.700002 -0.373319 0.456711
v 0.700002 0.026681 0.456711
v 0.700002 0.126681 0.456711
v 0.700002 0.226681 0.456711
v 0.800002 -0.473319 0.456711
v 0.800002 -0.373319 0.456711
v 0.900002 -0.473319 0.456711
v 0.900002 -0.373319 0.456711
v 1.000002 -0.473319 0.456711
v 1.000002 -0.373319 0.456711
v 1.100002 -0.473319 0.456711
v 1.100002 -0.373319 0.456711
v 1.200002 -0.473319 0.456711
v 1.200002 -0.373319 0.456711
v 1.300002 -0.473319 0.456711
v 1.300002 -0.373319 0.456711
v 1.400002 -0.473319 0.456711
v 1.400002 -0.373319 0.456711
v 1.400002 0.126681 0.456711
v 1.400002 0.226681 0.456711
v 1.500002 -0.473319 0.456711
v 1.500002 0.126681 0.456711
v -1.399998 0.026681 0.356711
v -1.399998 0.126681 0.356711
v -1.299998 -0.073319 0.356711
v -1.299998 0.026681 0.356711
v -1.199998 -0.073319 0.356711
v -1.199998 0.026681 0.356711
v -1.099998 -0.073319 0.356711
v -0.999998 -0.073319 0.356711
v -0.999998 0.126681 0.356711
v -0.899998 -0.073319 0.356711
v -0.899998 0.126681 0.356711
v -0.799998 -0.073319 0.356711
v -0.799998 0.126681 0.356711
v -0.699998 -0.073319 0.356711
v -0.699998 0.026681 0.356711
v -0.699998 0.126681 0.356711
v 0.700002 -0.073319 0.356711
v 0.700002 0.026681 0.356711
v 0.700002 0.126681 0.356711
v 0.800002 -0.073319 0.356711
v 0.800002 0.126681 0.356711
v 0.900002 -0.073319 0.356711
v 0.900002 0.126681 0.356711
v 1.000002 -0.073319 0.356711
v 1.000002 0.126681 0.356711
v 1.100002 -0.073319 0.356711
v 1.200002 -0.073319 0.356711
v 1.200002 0.026681 0.356711
v 1.300002 -0.073319 0.356711
v 1.300002 0.026681 0.356711
v 1.400002 0.026681 0.356711
v 1.400002 0.126681 0.356711
v -1.599998 -0.473319 0.256711
v -1.599998 0.026681 0.256711
v -1.499998 -0.573319 0.256711
v -1.499998 -0.473319 0.256711
v -1.499998 0.026681 0.256711
v -1.399998 -0.473319 0.256711
v -0.999998 -0.073319 0.256711
v -0.999998 0.126681 0.256711
v -0.899998 -0.073319 0.256711
v -0.899998 0.126681 0.256711
v -0.699998 -0.573319 0.256711
v -0.699998 -0.473319 0.256711
v 0.700002 -0.573319 0.256711
v 0.700002 -0.473319 0.256711
v 0.900002 -0.073319 0.256711
v 0.900002 0.126681 0.256711
v 1.000002 -0.073319 0.256711
v 1.000002 0.126681 0.256711
v 1.400002 -0.473319 0.256711
v 1.500002 -0.573319 0.256711
v 1.500002 -0.473319 0.256711
v 1.500002 0.026681 0.256711
v 1.600002 -0.473319 0.256711
v 1.600002 0.026681 0.256711
v -1.699998 -0.373319 0.156711
v -1.699998 -0.073319 0.156711
v -1.599998 -0.373319 0.156711
v -1.599998 -0.073319 0.156711
v -1.399998 -0.373319 0.156711
v -1.399998 -0.073319 0.156711
v -1.399998 0.026681 0.156711
v -1.299998 -0.373319 0.156711
v -1.299998 -0.073319 0.156711
v -1.299998 0.026681 0.156711
v -1.199998 -0.373319 0.156711
v -1.199998 -0.073319 0.156711
v -1.099998 -0.373319 0.156711
v -1.099998 -0.073319 0.156711
v -0.999998 -0.373319 0.156711
v -0.999998 -0.073319 0.156711
v -0.899998 -0.373319 0.156711
v -0.899998 -0.073319 0.156711
v -0.799998 -0.373319 0.156711
v -0.799998 -0.073319 0.156711
v -0.699998 -0.373319 0.156711
v -0.699998 -0.073319 0.156711
v 0.700002 -0.373319 0.156711
v 0.700002 -0.073319 0.156711
v 0.800002 -0.373319 0.156711
v 0.800002 -0.073319 0.156711
v 0.900002 -0.373319 0.156711
v 0.900002 -0.073319 0.156711
v 1.000002 -0.373319 0.156711
v 1.000002 -0.073319 0.156711
v 1.100002 -0.373319 0.156711
v 1.100002 -0.073319 0.156711
v 1.200002 -0.373319 0.156711
v 1.200002 -0.073319 0.156711
v 1.300002 -0.373319 0.156711
v 1.300002 -0.073319 0.156711
v 1.300002 0.026681 0.156711
v 1.400002 -0.373319 0.156711
v 1.400002 -0.073319 0.156711
v 1.400002 0.026681 0.156711
v 1.600002 -0.373319 0.156711
v 1.600002 -0.073319 0.156711
v 1.700002 -0.373319 0.156711
v 1.700002 -0.073319 0.156711
v -1.299998 0.226681 0.056711
v -1.299998 0.326681 0.056711
v -1.199998 -0.773319 0.056711
v -1.199998 -0.673319 0.056711
v -1.199998 0.226681 0.056711
v -1.199998 0.326681 0.056711
v -1.099998 -0.773319 0.056711
v -1.099998 -0.673319 0.056711
v 1.100002 -0.773319 0.056711
v 1.100002 -0.673319 0.056711
v 1.200002 -0.773319 0.056711
v 1.200002 -0.673319 0.056711
v 1.200002 0.226681 0.056711
v 1.200002 0.326681 0.056711
v 1.300002 0.226681 0.056711
v 1.300002 0.326681 0.056711
v -1.199998 -0.673319 -0.043289
v -1.199998 -0.573319 -0.043289
v -1.099998 -0.673319 -0.043289
v -1.099998 -0.573319 -0.043289
v 1.100002 -0.673319 -0.043289
v 1.100002 -0.573319 -0.043289
v 1.200002 -0.673319 -0.043289
v 1.200002 -0.573319 -0.043289
v -1.299998 -0.773319 -0.143289
v -1.299998 -0.673319 -0.143289
v -1.199998 -0.773319 -0.143289
v -1.199998 -0.673319 -0.143289
v -1.099998 -0.773319 -0.143289
v -1.099998 -0.673319 -0.143289
v -0.999998 -0.773319 -0.143289
v -0.999998 -0.673319 -0.143289
v 1.000002 -0.773319 -0.143289
v 1.000002 -0.673319 -0.143289
v 1.100002 -0.773319 -0.143289
v 1.100002 -0.673319 -0.143289
v 1.200002 -0.773319 -0.143289
v 1.200002 -0.673319 -0.143289
v 1.300002 -0.773319 -0.143289
v 1.300002 -0.673319 -0.143289
v -0.599998 0.126681 -0.243289
v -0.599998 0.226681 -0.243289
v -0.499998 0.126681 -0.243289
v -0.499998 0.226681 -0.243289
v 0.500002 0.126681 -0.243289
v 0.500002 0.226681 -0.243289
v 0.600002 0.126681 -0.243289
v 0.600002 0.226681 -0.243289
v -1.399998 0.326681 -0.343289
v -1.399998 0.426681 -0.343289
v -1.299998 0.326681 -0.343289
v -1.299998 0.426681 -0.343289
v 1.300002 0.326681 -0.343289
v 1.300002 0.426681 -0.343289
v 1.400002 0.326681 -0.343289
v 1.400002 0.426681 -0.343289
v -1.399998 0.426681 -0.443289
v -1.399998 0.526681 -0.443289
v -1.299998 0.426681 -0.443289
v -1.299998 0.526681 -0.443289
v 1.300002 0.426681 -0.443289
v 1.300002 0.526681 -0.443289
v 1.400002 0.426681 -0.443289
v 1.400002 0.526681 -0.443289
v -1.499998 0.526681 -0.543289
v -1.499998 0.626681 -0.543289
v -1.399998 0.526681 -0.543289
v -1.399998 0.626681 -0.543289
v 1.400002 0.526681 -0.543289
v 1.400002 0.626681 -0.543289
v 1.500002 0.526681 -0.543289
v 1.500002 0.626681 -0.543289
v -1.499998 0.626681 -0.643289
v -1.499998 0.726681 -0.643289
v -1.399998 0.626681 -0.643289
v -1.399998 0.726681 -0.643289
v -0.599998 0.226681 -0.643289
v -0.599998 0.326681 -0.643289
v -0.499998 0.226681 -0.643289
v -0.499998 0.326681 -0.643289
v -0.399998 -0.373319 -0.643289
v -0.399998 -0.273319 -0.643289
v -0.299998 -0.373319 -0.643289
v -0.299998 -0.273319 -0.643289
v 0.300002 -0.373319 -0.643289
v 0.300002 -0.273319 -0.643289
v 0.400002 -0.373319 -0.643289
v 0.400002 -0.273319 -0.643289
v 0.500002 0.226681 -0.643289
v 0.500002 0.326681 -0.643289
v 0.600002 0.226681 -0.643289
v 0.600002 0.326681 -0.643289
v 1.400002 0.626681 -0.643289
v 1.400002 0.726681 -0.643289
v 1.500002 0.626681 -0.643289
v 1.500002 0.726681 -0.643289
v -1.499998 0.726681 -0.743289
v -1.499998 0.826681 -0.743289
v -1.399998 0.726681 -0.743289
v -1.399998 0.826681 -0.743289
v -0.599998 0.326681 -0.743289
v -0.599998 0.426681 -0.743289
v -0.499998 0.326681 -0.743289
v -0.499998 0.426681 -0.743289
v -0.399998 -0.473319 -0.743289
v -0.399998 -0.373319 -0.743289
v -0.299998 -0.473319 -0.743289
v -0.299998 -0.373319 -0.743289
v 0.300002 -0.473319 -0.743289
v 0.300002 -0.373319 -0.743289
v 0.400002 -0.473319 -0.743289
v 0.400002 -0.373319 -0.743289
v 0.500002 0.326681 -0.743289
v 0.500002 0.426681 -0.743289
v 0.600002 0.326681 -0.743289
v 0.600002 0.426681 -0.743289
v 1.400002 0.726681 -0.743289
v 1.400002 0.826681 -0.743289
v 1.500002 0.726681 -0.743289
v 1.500002 0.826681 -0.743289
v -0.299998 0.426681 0.456711
v -0.299998 0.526681 0.456711
v -0.199998 0.426681 0.456711
v -0.199998 0.526681 0.456711
v -0.099998 0.526681 0.456711
v -0.099998 0.626681 0.456711
v 0.100002 0.526681 0.456711
v 0.100002 0.626681 0.456711
v 0.200002 0.426681 0.456711
v 0.200002 0.526681 0.456711
v 0.300002 0.426681 0.456711
v 0.300002 0.526681 0.456711
v -0.499998 -0.473319 0.056711
v -0.499998 -0.273319 0.056711
v -0.299998 -0.473319 0.056711
v -0.299998 -0.273319 0.056711
v -0.199998 0.526681 0.056711
v -0.199998 0.626681 0.056711
v -0.099998 0.526681 0.056711
v -0.099998 0.626681 0.056711
v 0.100002 0.526681 0.056711
v 0.100002 0.626681 0.056711
v 0.200002 0.526681 0.056711
v 0.200002 0.626681 0.056711
v 0.300002 -0.473319 0.056711
v 0.300002 -0.273319 0.056711
v 0.500002 -0.473319 0.056711
v 0.500002 -0.273319 0.056711
v -0.899998 0.126681 -0.143289
v -0.899998 0.226681 -0.143289
v -0.699998 0.126681 -0.143289
v -0.699998 0.226681 -0.143289
v -0.499998 0.126681 -0.143289
v -0.499998 0.226681 -0.143289
v -0.399998 0.126681 -0.143289
v -0.399998 0.226681 -0.143289
v -0.399998 0.326681 -0.143289
v -0.299998 0.126681 -0.143289
v -0.299998 0.226681 -0.143289
v -0.299998 0.326681 -0.143289
v 0.300002 0.126681 -0.143289
v 0.300002 0.226681 -0.143289
v 0.300002 0.326681 -0.143289
v 0.400002 0.126681 -0.143289
v 0.400002 0.226681 -0.143289
v 0.400002 0.326681 -0.143289
v 0.500002 0.126681 -0.143289
v 0.500002 0.226681 -0.143289
v 0.700002 0.126681 -0.143289
v 0.700002 0.226681 -0.143289
v 0.900002 0.126681 -0.143289
v 0.900002 0.226681 -0.143289
v -1.299998 -0.773319 -0.243289
v -1.299998 -0.673319 -0.243289
v -1.199998 -0.673319 -0.243289
v -1.199998 -0.573319 -0.243289
v -1.099998 -0.673319 -0.243289
v -1.099998 -0.573319 -0.243289
v -0.999998 -0.773319 -0.243289
v -0.999998 -0.673319 -0.243289
v 1.000002 -0.773319 -0.243289
v 1.000002 -0.673319 -0.243289
v 1.100002 -0.673319 -0.243289
v 1.100002 -0.573319 -0.243289
v 1.200002 -0.673319 -0.243289
v 1.200002 -0.573319 -0.243289
v 1.300002 -0.773319 -0.243289
v 1.300002 -0.673319 -0.243289
v -1.399998 0.126681 -0.343289
v -1.399998 0.226681 -0.343289
v -1.299998 0.126681 -0.343289
v -1.299998 0.226681 -0.343289
v -1.099998 0.126681 -0.343289
v -1.099998 0.226681 -0.343289
v -0.899998 0.126681 -0.343289
v -0.899998 0.226681 -0.343289
v -0.299998 0.326681 -0.343289
v -0.299998 0.426681 -0.343289
v -0.199998 0.326681 -0.343289
v -0.199998 0.426681 -0.343289
v -0.199998 0.526681 -0.343289
v 0.200002 0.326681 -0.343289
v 0.200002 0.426681 -0.343289
v 0.200002 0.526681 -0.343289
v 0.300002 0.326681 -0.343289
v 0.300002 0.426681 -0.343289
v 0.900002 0.126681 -0.343289
v 0.900002 0.226681 -0.343289
v 1.100002 0.126681 -0.343289
v 1.100002 0.226681 -0.343289
v 1.300002 0.126681 -0.343289
v 1.300002 0.226681 -0.343289
v 1.400002 0.126681 -0.343289
v 1.400002 0.226681 -0.343289
v -1.699998 -0.373319 -0.443289
v -1.699998 -0.073319 -0.443289
v -1.599998 -0.373319 -0.443289
v -1.599998 -0.073319 -0.443289
v 1.600002 -0.373319 -0.443289
v 1.600002 -0.073319 -0.443289
v 1.700002 -0.373319 -0.443289
v 1.700002 -0.073319 -0.443289
v -1.599998 -0.473319 -0.543289
v -1.599998 0.026681 -0.543289
v -1.499998 -0.573319 -0.543289
v -1.499998 -0.473319 -0.543289
v -1.499998 0.026681 -0.543289
v -0.699998 -0.573319 -0.543289
v -0.699998 -0.473319 -0.543289
v -0.699998 -0.273319 -0.543289
v -0.499998 -0.473319 -0.543289
v -0.499998 -0.273319 -0.543289
v 0.500002 -0.473319 -0.543289
v 0.500002 -0.273319 -0.543289
v 0.700002 -0.573319 -0.543289
v 0.700002 -0.473319 -0.543289
v 0.700002 -0.273319 -0.543289
v 1.500002 -0.573319 -0.543289
v 1.500002 -0.473319 -0.543289
v 1.500002 0.026681 -0.543289
v 1.600002 -0.473319 -0.543289
v 1.600002 0.026681 -0.543289
v -0.199998 0.326681 -0.643289
v -0.199998 0.426681 -0.643289
v 0.200002 0.326681 -0.643289
v 0.200002 0.426681 -0.643289
v -1.499998 -0.473319 -0.743289
v -1.499998 0.126681 -0.743289
v -1.399998 0.326681 -0.743289
v -1.399998 0.426681 -0.743289
v -1.299998 -0.473319 -0.743289
v -1.299998 0.126681 -0.743289
v -1.299998 0.226681 -0.743289
v -1.299998 0.326681 -0.743289
v -1.299998 0.426681 -0.743289
v -1.199998 0.126681 -0.743289
v -1.199998 0.226681 -0.743289
v -1.199998 0.326681 -0.743289
v -1.099998 0.126681 -0.743289
v -1.099998 0.226681 -0.743289
v -0.299998 0.226681 -0.743289
v -0.299998 0.326681 -0.743289
v -0.199998 0.226681 -0.743289
v -0.199998 0.326681 -0.743289
v 0.200002 0.226681 -0.743289
v 0.200002 0.326681 -0.743289
v 0.300002 0.226681 -0.743289
v 0.300002 0.326681 -0.743289
v 1.100002 0.126681 -0.743289
v 1.100002 0.226681 -0.743289
v 1.200002 0.126681 -0.743289
v 1.200002 0.226681 -0.743289
v 1.200002 0.326681 -0.743289
v 1.300002 -0.473319 -0.743289
v 1.300002 0.126681 -0.743289
v 1.300002 0.226681 -0.743289
v 1.300002 0.326681 -0.743289
v 1.300002 0.426681 -0.743289
v 1.400002 0.326681 -0.743289
v 1.400002 0.426681 -0.743289
v 1.500002 -0.473319 -0.743289
v 1.500002 0.126681 -0.743289
v -1.399998 0.426681 -0.843289
v -1.399998 0.526681 -0.843289
v -1.299998 0.426681 -0.843289
v -1.299998 0.526681 -0.843289
v -0.299998 0.126681 -0.843289
v -0.299998 0.226681 -0.843289
v -0.199998 0.126681 -0.843289
v -0.199998 0.226681 -0.843289
v -0.199998 0.326681 -0.843289
v 0.200002 0.126681 -0.843289
v 0.200002 0.226681 -0.843289
v 0.200002 0.326681 -0.843289
v 0.300002 0.126681 -0.843289
v 0.300002 0.226681 -0.843289
v 1.300002 0.426681 -0.843289
v 1.300002 0.526681 -0.843289
v 1.400002 0.426681 -0.843289
v 1.400002 0.526681 -0.843289
v -1.499998 0.526681 -0.943289
v -1.499998 0.626681 -0.943289
v -1.399998 0.526681 -0.943289
v -1.399998 0.626681 -0.943289
v -1.299998 -0.473319 -0.943289
v -1.299998 -0.273319 -0.943289
v -1.199998 -0.373319 -0.943289
v -1.199998 -0.273319 -0.943289
v -0.799998 -0.373319 -0.943289
v -0.799998 -0.273319 -0.943289
v -0.699998 -0.473319 -0.943289
v -0.699998 -0.273319 -0.943289
v -0.699998 0.026681 -0.943289
v -0.699998 0.126681 -0.943289
v -0.599998 -0.273319 -0.943289
v -0.599998 0.026681 -0.943289
v -0.599998 0.126681 -0.943289
v -0.499998 -0.273319 -0.943289
v -0.499998 -0.073319 -0.943289
v -0.399998 -0.273319 -0.943289
v -0.399998 -0.173319 -0.943289
v -0.399998 -0.073319 -0.943289
v -0.299998 -0.273319 -0.943289
v -0.199998 0.126681 -0.943289
v -0.199998 0.226681 -0.943289
v 0.200002 0.126681 -0.943289
v 0.200002 0.226681 -0.943289
v 0.300002 -0.273319 -0.943289
v 0.400002 -0.273319 -0.943289
v 0.400002 -0.173319 -0.943289
v 0.400002 -0.073319 -0.943289
v 0.500002 -0.273319 -0.943289
v 0.500002 -0.073319 -0.943289
v 0.600002 -0.273319 -0.943289
v 0.600002 0.026681 -0.943289
v 0.600002 0.126681 -0.943289
v 0.700002 -0.473319 -0.943289
v 0.700002 -0.273319 -0.943289
v 0.700002 0.026681 -0.943289
v 0.700002 0.126681 -0.943289
v 0.800002 -0.373319 -0.943289
v 0.800002 -0.273319 -0.943289
v 1.200002 -0.373319 -0.943289
v 1.200002 -0.273319 -0.943289
v 1.300002 -0.473319 -0.943289
v 1.300002 -0.273319 -0.943289
v 1.400002 0.526681 -0.943289
v 1.400002 0.626681 -0.943289
v 1.500002 0.526681 -0.943289
v 1.500002 0.626681 -0.943289
v -1.499998 0.626681 -1.043289
v -1.499998 0.726681 -1.043289
v -1.399998 0.626681 -1.043289
v -1.399998 0.726681 -1.043289
v -1.299998 -0.273319 -1.043289
v -1.299998 0.126681 -1.043289
v -1.199998 -0.273319 -1.043289
v -1.199998 0.026681 -1.043289
v -0.799998 -0.273319 -1.043289
v -0.799998 0.026681 -1.043289
v -0.699998 -0.273319 -1.043289
v -0.699998 0.126681 -1.043289
v -0.599998 -0.273319 -1.043289
v -0.599998 0.126681 -1.043289
v -0.499998 -0.273319 -1.043289
v -0.499998 -0.073319 -1.043289
v -0.499998 0.126681 -1.043289
v -0.399998 -0.373319 -1.043289
v -0.399998 -0.273319 -1.043289
v -0.399998 -0.173319 -1.043289
v -0.399998 -0.073319 -1.043289
v -0.299998 -0.373319 -1.043289
v -0.299998 -0.273319 -1.043289
v 0.300002 -0.373319 -1.043289
v 0.300002 -0.273319 -1.043289
v 0.400002 -0.373319 -1.043289
v 0.400002 -0.273319 -1.043289
v 0.400002 -0.173319 -1.043289
v 0.400002 -0.073319 -1.043289
v 0.500002 -0.273319 -1.043289
v 0.500002 -0.073319 -1.043289
v 0.500002 0.126681 -1.043289
v 0.600002 -0.273319 -1.043289
v 0.600002 0.126681 -1.043289
v 0.700002 -0.273319 -1.043289
v 0.700002 0.126681 -1.043289
v 0.800002 -0.273319 -1.043289
v 0.800002 0.026681 -1.043289
v 1.200002 -0.273319 -1.043289
v 1.200002 0.026681 -1.043289
v 1.300002 -0.273319 -1.043289
v 1.300002 0.126681 -1.043289
v 1.400002 0.626681 -1.043289
v 1.400002 0.726681 -1.043289
v 1.500002 0.626681 -1.043289
v 1.500002 0.726681 -1.043289
v -1.499998 0.726681 -1.143289
v -1.499998 0.826681 -1.143289
v -1.399998 0.726681 -1.143289
v -1.399998 0.826681 -1.143289
v -1.199998 -0.373319 -1.143289
v -1.199998 -0.273319 -1.143289
v -1.199998 -0.073319 -1.143289
v -1.199998 0.026681 -1.143289
v -1.099998 -0.373319 -1.143289
v -1.099998 -0.273319 -1.143289
v -1.099998 -0.073319 -1.143289
v -1.099998 0.026681 -1.143289
v -0.899998 -0.373319 -1.143289
v -0.899998 -0.273319 -1.143289
v -0.899998 -0.073319 -1.143289
v -0.899998 0.026681 -1.143289
v -0.799998 -0.373319 -1.143289
v -0.799998 -0.273319 -1.143289
v -0.799998 -0.073319 -1.143289
v -0.799998 0.026681 -1.143289
v -0.599998 0.126681 -1.143289
v -0.599998 0.326681 -1.143289
v -0.499998 -0.073319 -1.143289
v -0.499998 0.126681 -1.143289
v -0.499998 0.326681 -1.143289
v -0.399998 -0.473319 -1.143289
v -0.399998 -0.373319 -1.143289
v -0.399998 -0.073319 -1.143289
v -0.399998 0.026681 -1.143289
v -0.299998 -0.473319 -1.143289
v -0.299998 -0.373319 -1.143289
v 0.300002 -0.473319 -1.143289
v 0.300002 -0.373319 -1.143289
v 0.400002 -0.473319 -1.143289
v 0.400002 -0.373319 -1.143289
v 0.400002 -0.073319 -1.143289
v 0.400002 0.026681 -1.143289
v 0.500002 -0.073319 -1.143289
v 0.500002 0.126681 -1.143289
v 0.500002 0.326681 -1.143289
v 0.600002 0.126681 -1.143289
v 0.600002 0.326681 -1.143289
v 0.800002 -0.373319 -1.143289
v 0.800002 -0.273319 -1.143289
v 0.800002 -0.073319 -1.143289
v 0.800002 0.026681 -1.143289
v 0.900002 -0.373319 -1.143289
v 0.900002 -0.273319 -1.143289
v 0.900002 -0.073319 -1.143289
v 0.900002 0.026681 -1.143289
v 1.100002 -0.373319 -1.143289
v 1.100002 -0.273319 -1.143289
v 1.100002 -0.073319 -1.143289
v 1.100002 0.026681 -1.143289
v 1.200002 -0.373319 -1.143289
v 1.200002 -0.273319 -1.143289
v 1.200002 -0.073319 -1.143289
v 1.200002 0.026681 -1.143289
v 1.400002 0.726681 -1.143289
v 1.400002 0.826681 -1.143289
v 1.500002 0.726681 -1.143289
v 1.500002 0.826681 -1.143289
v -1.199998 -0.273319 -1.343289
v -1.199998 -0.073319 -1.343289
v -1.099998 -0.373319 -1.343289
v -1.099998 -0.273319 -1.343289
v -1.099998 -0.073319 -1.343289
v -1.099998 0.026681 -1.343289
v -0.899998 -0.373319 -1.343289
v -0.899998 -0.273319 -1.343289
v -0.899998 -0.073319 -1.343289
v -0.899998 0.026681 -1.343289
v -0.799998 -0.273319 -1.343289
v -0.799998 -0.073319 -1.343289
v -0.599998 0.326681 -1.343289
v -0.599998 0.426681 -1.343289
v -0.499998 0.326681 -1.343289
v -0.499998 0.426681 -1.343289
v 0.500002 0.326681 -1.343289
v 0.500002 0.426681 -1.343289
v 0.600002 0.326681 -1.343289
v 0.600002 0.426681 -1.343289
v 0.800002 -0.273319 -1.343289
v 0.800002 -0.073319 -1.343289
v 0.900002 -0.373319 -1.343289
v 0.900002 -0.273319 -1.343289
v 0.900002 -0.073319 -1.343289
v 0.900002 0.026681 -1.343289
v 1.100002 -0.373319 -1.343289
v 1.100002 -0.273319 -1.343289
v 1.100002 -0.073319 -1.343289
v 1.100002 0.026681 -1.343289
v 1.200002 -0.273319 -1.343289
v 1.200002 -0.073319 -1.343289
v -1.199998 -0.773319 0.056711
v -1.099998 -0.773319 0.056711
v 1.100002 -0.773319 0.056711
v 1.200002 -0.773319 0.056711
v -1.299998 -0.773319 -0.143289
v -1.199998 -0.773319 -0.143289
v -1.099998 -0.773319 -0.143289
v -0.999998 -0.773319 -0.143289
v 1.000002 -0.773319 -0.143289
v 1.100002 -0.773319 -0.143289
v 1.200002 -0.773319 -0.143289
v 1.300002 -0.773319 -0.143289
v -1.299998 -0.773319 -0.243289
v -0.999998 -0.773319 -0.243289
v 1.000002 -0.773319 -0.243289
v 1.300002 -0.773319 -0.243289
v -1.499998 -0.573319 0.256711
v -0.699998 -0.573319 0.256711
v 0.700002 -0.573319 0.256711
v 1.500002 -0.573319 0.256711
v -1.299998 -0.573319 0.156711
v -0.999998 -0.573319 0.156711
v 1.000002 -0.573319 0.156711
v 1.300002 -0.573319 0.156711
v -1.199998 -0.573319 -0.043289
v -1.099998 -0.573319 -0.043289
v 1.100002 -0.573319 -0.043289
v 1.200002 -0.573319 -0.043289
v -1.199998 -0.573319 -0.243289
v -1.099998 -0.573319 -0.243289
v 1.100002 -0.573319 -0.243289
v 1.200002 -0.573319 -0.243289
v -1.299998 -0.573319 -0.443289
v -0.999998 -0.573319 -0.443289
v 1.000002 -0.573319 -0.443289
v 1.300002 -0.573319 -0.443289
v -1.499998 -0.573319 -0.543289
v -0.699998 -0.573319 -0.543289
v 0.700002 -0.573319 -0.543289
v 1.500002 -0.573319 -0.543289
v -1.299998 -0.473319 0.556711
v -1.199998 -0.473319 0.556711
v -1.099998 -0.473319 0.556711
v -0.999998 -0.473319 0.556711
v -0.899998 -0.473319 0.556711
v -0.799998 -0.473319 0.556711
v -0.599998 -0.473319 0.556711
v -0.299998 -0.473319 0.556711
v 0.300002 -0.473319 0.556711
v 0.600002 -0.473319 0.556711
v 0.800002 -0.473319 0.556711
v 0.900002 -0.473319 0.556711
v 1.000002 -0.473319 0.556711
v 1.100002 -0.473319 0.556711
v 1.200002 -0.473319 0.556711
v 1.300002 -0.473319 0.556711
v -1.499998 -0.473319 0.456711
v -1.399998 -0.473319 0.456711
v -1.299998 -0.473319 0.456711
v -1.199998 -0.473319 0.456711
v -1.099998 -0.473319 0.456711
v -0.999998 -0.473319 0.456711
v -0.899998 -0.473319 0.456711
v -0.799998 -0.473319 0.456711
v -0.599998 -0.473319 0.456711
v 0.600002 -0.473319 0.456711
v 0.800002 -0.473319 0.456711
v 0.900002 -0.473319 0.456711
v 1.000002 -0.473319 0.456711
v 1.100002 -0.473319 0.456711
v 1.200002 -0.473319 0.456711
v 1.300002 -0.473319 0.456711
v 1.400002 -0.473319 0.456711
v 1.500002 -0.473319 0.456711
v -1.599998 -0.473319 0.256711
v -1.499998 -0.473319 0.256711
v -1.399998 -0.473319 0.256711
v -0.699998 -0.473319 0.256711
v 0.700002 -0.473319 0.256711
v 1.400002 -0.473319 0.256711
v 1.500002 -0.473319 0.256711
v 1.600002 -0.473319 0.256711
v -0.499998 -0.473319 0.056711
v -0.299998 -0.473319 0.056711
v 0.300002 -0.473319 0.056711
v 0.500002 -0.473319 0.056711
v -1.599998 -0.473319 -0.543289
v -1.499998 -0.473319 -0.543289
v -0.699998 -0.473319 -0.543289
v -0.499998 -0.473319 -0.543289
v 0.500002 -0.473319 -0.543289
v 0.700002 -0.473319 -0.543289
v 1.500002 -0.473319 -0.543289
v 1.600002 -0.473319 -0.543289
v -1.499998 -0.473319 -0.743289
v -1.299998 -0.473319 -0.743289
v -0.399998 -0.473319 -0.743289
v -0.299998 -0.473319 -0.743289
v 0.300002 -0.473319 -0.743289
v 0.400002 -0.473319 -0.743289
v 1.300002 -0.473319 -0.743289
v 1.500002 -0.473319 -0.743289
v -1.299998 -0.473319 -0.943289
v -0.699998 -0.473319 -0.943289
v 0.700002 -0.473319 -0.943289
v 1.300002 -0.473319 -0.943289
v -0.399998 -0.473319 -1.143289
v -0.299998 -0.473319 -1.143289
v 0.300002 -0.473319 -1.143289
v 0.400002 -0.473319 -1.143289
v -0.499998 -0.373319 0.656711
v -0.299998 -0.373319 0.656711
v 0.300002 -0.373319 0.656711
v 0.500002 -0.373319 0.656711
v -0.499998 -0.373319 0.556711
v -0.299998 -0.373319 0.556711
v 0.300002 -0.373319 0.556711
v 0.500002 -0.373319 0.556711
v -1.699998 -0.373319 0.156711
v -1.599998 -0.373319 0.156711
v 1.600002 -0.373319 0.156711
v 1.700002 -0.373319 0.156711
v -1.699998 -0.373319 -0.443289
v -1.599998 -0.373319 -0.443289
v 1.600002 -0.373319 -0.443289
v 1.700002 -0.373319 -0.443289
v -0.399998 -0.373319 -0.643289
v -0.299998 -0.373319 -0.643289
v 0.300002 -0.373319 -0.643289
v 0.400002 -0.373319 -0.643289
v -0.399998 -0.373319 -0.743289
v -0.299998 -0.373319 -0.743289
v 0.300002 -0.373319 -0.743289
v 0.400002 -0.373319 -0.743289
v -1.199998 -0.373319 -0.943289
v -0.799998 -0.373319 -0.943289
v 0.800002 -0.373319 -0.943289
v 1.200002 -0.373319 -0.943289
v -1.199998 -0.373319 -1.143289
v -1.099998 -0.373319 -1.143289
v -0.899998 -0.373319 -1.143289
v -0.799998 -0.373319 -1.143289
v 0.800002 -0.373319 -1.143289
v 0.900002 -0.373319 -1.143289
v 1.100002 -0.373319 -1.143289
v 1.200002 -0.373319 -1.143289
v -1.099998 -0.373319 -1.343289
v -0.899998 -0.373319 -1.343289
v 0.900002 -0.373319 -1.343289
v 1.100002 -0.373319 -1.343289
v -0.199998 -0.273319 2.656711
v 0.200002 -0.273319 2.656711
v -0.099998 -0.273319 2.456711
v 0.100002 -0.273319 2.456711
v -0.099998 -0.273319 2.356711
v 0.100002 -0.273319 2.356711
v -0.399998 -0.273319 0.856711
v -0.299998 -0.273319 0.856711
v -0.199998 -0.273319 0.856711
v 0.200002 -0.273319 0.856711
v 0.300002 -0.273319 0.856711
v 0.400002 -0.273319 0.856711
v -0.399998 -0.273319 0.756711
v -0.299998 -0.273319 0.756711
v 0.300002 -0.273319 0.756711
v 0.400002 -0.273319 0.756711
v -0.399998 -0.273319 0.656711
v -0.299998 -0.273319 0.656711
v 0.300002 -0.273319 0.656711
v 0.400002 -0.273319 0.656711
v -0.499998 -0.273319 0.056711
v -0.299998 -0.273319 0.056711
v -0.099998 -0.273319 0.056711
v 0.100002 -0.273319 0.056711
v 0.300002 -0.273319 0.056711
v 0.500002 -0.273319 0.056711
v -0.199998 -0.273319 -0.043289
v -0.099998 -0.273319 -0.043289
v 0.100002 -0.273319 -0.043289
v 0.200002 -0.273319 -0.043289
v -0.299998 -0.273319 -0.143289
v -0.199998 -0.273319 -0.143289
v 0.200002 -0.273319 -0.143289
v 0.300002 -0.273319 -0.143289
v -0.399998 -0.273319 -0.243289
v -0.299998 -0.273319 -0.243289
v 0.300002 -0.273319 -0.243289
v 0.400002 -0.273319 -0.243289
v -0.499998 -0.273319 -0.343289
v -0.399998 -0.273319 -0.343289
v 0.400002 -0.273319 -0.343289
v 0.500002 -0.273319 -0.343289
v -0.699998 -0.273319 -0.543289
v -0.499998 -0.273319 -0.543289
v 0.500002 -0.273319 -0.543289
v 0.700002 -0.273319 -0.543289
v -0.399998 -0.273319 -0.643289
v -0.299998 -0.273319 -0.643289
v 0.300002 -0.273319 -0.643289
v 0.400002 -0.273319 -0.643289
v -0.499998 -0.273319 -0.843289
v -0.399998 -0.273319 -0.843289
v -0.299998 -0.273319 -0.843289
v 0.300002 -0.273319 -0.843289
v 0.400002 -0.273319 -0.843289
v 0.500002 -0.273319 -0.843289
v -1.299998 -0.273319 -0.943289
v -1.199998 -0.273319 -0.943289
v -0.799998 -0.273319 -0.943289
v -0.699998 -0.273319 -0.943289
v -0.599998 -0.273319 -0.943289
v -0.499998 -0.273319 -0.943289
v -0.399998 -0.273319 -0.943289
v -0.299998 -0.273319 -0.943289
v 0.300002 -0.273319 -0.943289
v 0.400002 -0.273319 -0.943289
v 0.500002 -0.273319 -0.943289
v 0.600002 -0.273319 -0.943289
v 0.700002 -0.273319 -0.943289
v 0.800002 -0.273319 -0.943289
v 1.200002 -0.273319 -0.943289
v 1.300002 -0.273319 -0.943289
v -1.299998 -0.273319 -1.043289
v -1.199998 -0.273319 -1.043289
v -0.799998 -0.273319 -1.043289
v -0.699998 -0.273319 -1.043289
v -0.599998 -0.273319 -1.043289
v -0.499998 -0.273319 -1.043289
v 0.500002 -0.273319 -1.043289
v 0.600002 -0.273319 -1.043289
v 0.700002 -0.273319 -1.043289
v 0.800002 -0.273319 -1.043289
v 1.200002 -0.273319 -1.043289
v 1.300002 -0.273319 -1.043289
v -1.199998 -0.273319 -1.143289
v -1.099998 -0.273319 -1.143289
v -0.899998 -0.273319 -1.143289
v -0.799998 -0.273319 -1.143289
v 0.800002 -0.273319 -1.143289
v 0.900002 -0.273319 -1.143289
v 1.100002 -0.273319 -1.143289
v 1.200002 -0.273319 -1.143289
v -1.199998 -0.273319 -1.343289
v -1.099998 -0.273319 -1.343289
v -0.899998 -0.273319 -1.343289
v -0.799998 -0.273319 -1.343289
v 0.800002 -0.273319 -1.343289
v 0.900002 -0.273319 -1.343289
v 1.100002 -0.273319 -1.343289
v 1.200002 -0.273319 -1.343289
v -0.099998 -0.173319 3.756711
v 0.100002 -0.173319 3.756711
v -0.199998 -0.173319 3.656711
v -0.099998 -0.173319 3.656711
v 0.100002 -0.173319 3.656711
v 0.200002 -0.173319 3.656711
v -0.299998 -0.173319 2.656711
v -0.199998 -0.173319 2.656711
v 0.200002 -0.173319 2.656711
v 0.300002 -0.173319 2.656711
v -0.299998 -0.173319 2.156711
v -0.199998 -0.173319 2.156711
v 0.200002 -0.173319 2.156711
v 0.300002 -0.173319 2.156711
v -0.299998 -0.173319 1.656711
v -0.199998 -0.173319 1.656711
v 0.200002 -0.173319 1.656711
v 0.300002 -0.173319 1.656711
v -0.299998 -0.173319 1.456711
v -0.199998 -0.173319 1.456711
v 0.200002 -0.173319 1.456711
v 0.300002 -0.173319 1.456711
v -0.299998 -0.173319 0.856711
v -0.199998 -0.173319 0.856711
v 0.200002 -0.173319 0.856711
v 0.300002 -0.173319 0.856711
v -0.399998 -0.173319 -0.943289
v 0.400002 -0.173319 -0.943289
v -0.399998 -0.173319 -1.043289
v 0.400002 -0.173319 -1.043289
v -0.099998 -0.073319 3.856711
v 0.100002 -0.073319 3.856711
v -0.199998 -0.073319 3.756711
v -0.099998 -0.073319 3.756711
v 0.100002 -0.073319 3.756711
v 0.200002 -0.073319 3.756711
v -0.299998 -0.073319 3.656711
v -0.199998 -0.073319 3.656711
v -0.099998 -0.073319 3.656711
v 0.100002 -0.073319 3.656711
v 0.200002 -0.073319 3.656711
v 0.300002 -0.073319 3.656711
v -0.299998 -0.073319 3.256711
v -0.199998 -0.073319 3.256711
v 0.200002 -0.073319 3.256711
v 0.300002 -0.073319 3.256711
v -0.299998 -0.073319 2.656711
v -0.199998 -0.073319 2.656711
v 0.200002 -0.073319 2.656711
v 0.300002 -0.073319 2.656711
v -0.399998 -0.073319 0.956711
v -0.299998 -0.073319 0.956711
v 0.300002 -0.073319 0.956711
v 0.400002 -0.073319 0.956711
v -0.399998 -0.073319 0.856711
v -0.299998 -0.073319 0.856711
v 0.300002 -0.073319 0.856711
v 0.400002 -0.073319 0.856711
v -1.199998 -0.073319 0.356711
v -1.099998 -0.073319 0.356711
v -0.799998 -0.073319 0.356711
v -0.699998 -0.073319 0.356711
v 0.700002 -0.073319 0.356711
v 0.800002 -0.073319 0.356711
v 1.100002 -0.073319 0.356711
v 1.200002 -0.073319 0.356711
v -0.999998 -0.073319 0.256711
v -0.899998 -0.073319 0.256711
v 0.900002 -0.073319 0.256711
v 1.000002 -0.073319 0.256711
v -1.199998 -0.073319 0.156711
v -1.099998 -0.073319 0.156711
v -0.999998 -0.073319 0.156711
v -0.899998 -0.073319 0.156711
v -0.799998 -0.073319 0.156711
v -0.699998 -0.073319 0.156711
v 0.700002 -0.073319 0.156711
v 0.800002 -0.073319 0.156711
v 0.900002 -0.073319 0.156711
v 1.000002 -0.073319 0.156711
v 1.100002 -0.073319 0.156711
v 1.200002 -0.073319 0.156711
v -0.499998 -0.073319 -0.943289
v -0.399998 -0.073319 -0.943289
v 0.400002 -0.073319 -0.943289
v 0.500002 -0.073319 -0.943289
v -0.499998 -0.073319 -1.043289
v -0.399998 -0.073319 -1.043289
v 0.400002 -0.073319 -1.043289
v 0.500002 -0.073319 -1.043289
v -0.499998 -0.073319 -1.143289
v -0.399998 -0.073319 -1.143289
v 0.400002 -0.073319 -1.143289
v 0.500002 -0.073319 -1.143289
v -0.399998 0.026681 1.156711
v -0.299998 0.026681 1.156711
v 0.300002 0.026681 1.156711
v 0.400002 0.026681 1.156711
v -0.399998 0.026681 0.956711
v -0.299998 0.026681 0.956711
v 0.300002 0.026681 0.956711
v 0.400002 0.026681 0.956711
v -1.399998 0.026681 0.356711
v -1.299998 0.026681 0.356711
v 1.300002 0.026681 0.356711
v 1.400002 0.026681 0.356711
v -1.399998 0.026681 0.256711
v 1.400002 0.026681 0.256711
v -1.399998 0.026681 0.156711
v -1.299998 0.026681 0.156711
v 1.300002 0.026681 0.156711
v 1.400002 0.026681 0.156711
v -1.399998 0.126681 0.456711
v -0.699998 0.126681 0.456711
v 0.700002 0.126681 0.456711
v 1.400002 0.126681 0.456711
v -1.399998 0.126681 0.356711
v -0.999998 0.126681 0.356711
v -0.899998 0.126681 0.356711
v -0.799998 0.126681 0.356711
v -0.699998 0.126681 0.356711
v 0.700002 0.126681 0.356711
v 0.800002 0.126681 0.356711
v 0.900002 0.126681 0.356711
v 1.000002 0.126681 0.356711
v 1.400002 0.126681 0.356711
v -0.999998 0.126681 0.256711
v -0.899998 0.126681 0.256711
v 0.900002 0.126681 0.256711
v 1.000002 0.126681 0.256711
v -0.599998 0.126681 -1.043289
v -0.499998 0.126681 -1.043289
v 0.500002 0.126681 -1.043289
v 0.600002 0.126681 -1.043289
v -0.599998 0.126681 -1.143289
v -0.499998 0.126681 -1.143289
v 0.500002 0.126681 -1.143289
v 0.600002 0.126681 -1.143289
v -1.399998 0.326681 -0.343289
v -1.299998 0.326681 -0.343289
v 1.300002 0.326681 -0.343289
v 1.400002 0.326681 -0.343289
v -1.399998 0.326681 -0.743289
v -1.299998 0.326681 -0.743289
v 1.300002 0.326681 -0.743289
v 1.400002 0.326681 -0.743289
v -0.599998 0.326681 -1.143289
v -0.499998 0.326681 -1.143289
v 0.500002 0.326681 -1.143289
v 0.600002 0.326681 -1.143289
v -0.599998 0.326681 -1.343289
v -0.499998 0.326681 -1.343289
v 0.500002 0.326681 -1.343289
v 0.600002 0.326681 -1.343289
v -1.399998 0.426681 -0.743289
v -1.299998 0.426681 -0.743289
v 1.300002 0.426681 -0.743289
v 1.400002 0.426681 -0.743289
v -1.399998 0.426681 -0.843289
v -1.299998 0.426681 -0.843289
v 1.300002 0.426681 -0.843289
v 1.400002 0.426681 -0.843289
v -1.499998 0.526681 -0.543289
v -1.399998 0.526681 -0.543289
v 1.400002 0.526681 -0.543289
v 1.500002 0.526681 -0.543289
v -1.399998 0.526681 -0.843289
v 1.400002 0.526681 -0.843289
v -1.499998 0.526681 -0.943289
v -1.399998 0.526681 -0.943289
v 1.400002 0.526681 -0.943289
v 1.500002 0.526681 -0.943289
v -1.499998 0.626681 -0.943289
v -1.399998 0.626681 -0.943289
v 1.400002 0.626681 -0.943289
v 1.500002 0.626681 -0.943289
v -1.499998 0.626681 -1.043289
v -1.399998 0.626681 -1.043289
v 1.400002 0.626681 -1.043289
v 1.500002 0.626681 -1.043289
v -1.499998 0.726681 -1.043289
v -1.399998 0.726681 -1.043289
v 1.400002 0.726681 -1.043289
v 1.500002 0.726681 -1.043289
v -1.499998 0.726681 -1.143289
v -1.399998 0.726681 -1.143289
v 1.400002 0.726681 -1.143289
v 1.500002 0.726681 -1.143289
v -1.199998 -0.673319 0.056711
v -1.099998 -0.673319 0.056711
v 1.100002 -0.673319 0.056711
v 1.200002 -0.673319 0.056711
v -1.199998 -0.673319 -0.043289
v -1.099998 -0.673319 -0.043289
v 1.100002 -0.673319 -0.043289
v 1.200002 -0.673319 -0.043289
v -1.299998 -0.673319 -0.143289
v -1.199998 -0.673319 -0.143289
v -1.099998 -0.673319 -0.143289
v -0.999998 -0.673319 -0.143289
v 1.000002 -0.673319 -0.143289
v 1.100002 -0.673319 -0.143289
v 1.200002 -0.673319 -0.143289
v 1.300002 -0.673319 -0.143289
v -1.299998 -0.673319 -0.243289
v -1.199998 -0.673319 -0.243289
v -1.099998 -0.673319 -0.243289
v -0.999998 -0.673319 -0.243289
v 1.000002 -0.673319 -0.243289
v 1.100002 -0.673319 -0.243289
v 1.200002 -0.673319 -0.243289
v 1.300002 -0.673319 -0.243289
v -1.399998 -0.373319 0.456711
v -1.299998 -0.373319 0.456711
v -1.199998 -0.373319 0.456711
v -1.099998 -0.373319 0.456711
v -0.999998 -0.373319 0.456711
v -0.899998 -0.373319 0.456711
v -0.799998 -0.373319 0.456711
v -0.699998 -0.373319 0.456711
v 0.700002 -0.373319 0.456711
v 0.800002 -0.373319 0.456711
v 0.900002 -0.373319 0.456711
v 1.000002 -0.373319 0.456711
v 1.100002 -0.373319 0.456711
v 1.200002 -0.373319 0.456711
v 1.300002 -0.373319 0.456711
v 1.400002 -0.373319 0.456711
v -1.399998 -0.373319 0.256711
v 1.400002 -0.373319 0.256711
v -1.399998 -0.373319 0.156711
v -1.299998 -0.373319 0.156711
v -1.199998 -0.373319 0.156711
v -1.099998 -0.373319 0.156711
v -0.999998 -0.373319 0.156711
v -0.899998 -0.373319 0.156711
v -0.799998 -0.373319 0.156711
v -0.699998 -0.373319 0.156711
v 0.700002 -0.373319 0.156711
v 0.800002 -0.373319 0.156711
v 0.900002 -0.373319 0.156711
v 1.000002 -0.373319 0.156711
v 1.100002 -0.373319 0.156711
v 1.200002 -0.373319 0.156711
v 1.300002 -0.373319 0.156711
v 1.400002 -0.373319 0.156711
v -0.399998 -0.373319 -1.043289
v -0.299998 -0.373319 -1.043289
v 0.300002 -0.373319 -1.043289
v 0.400002 -0.373319 -1.043289
v -0.399998 -0.373319 -1.143289
v -0.299998 -0.373319 -1.143289
v 0.300002 -0.373319 -1.143289
v 0.400002 -0.373319 -1.143289
v -0.399998 -0.273319 -0.943289
v -0.299998 -0.273319 -0.943289
v 0.300002 -0.273319 -0.943289
v 0.400002 -0.273319 -0.943289
v -0.399998 -0.273319 -1.043289
v -0.299998 -0.273319 -1.043289
v 0.300002 -0.273319 -1.043289
v 0.400002 -0.273319 -1.043289
v -1.299998 -0.073319 0.556711
v -1.199998 -0.073319 0.556711
v -1.099998 -0.073319 0.556711
v -0.999998 -0.073319 0.556711
v -0.899998 -0.073319 0.556711
v -0.799998 -0.073319 0.556711
v 0.800002 -0.073319 0.556711
v 0.900002 -0.073319 0.556711
v 1.000002 -0.073319 0.556711
v 1.100002 -0.073319 0.556711
v 1.200002 -0.073319 0.556711
v 1.300002 -0.073319 0.556711
v -1.299998 -0.073319 0.356711
v -1.199998 -0.073319 0.356711
v -1.099998 -0.073319 0.356711
v -0.999998 -0.073319 0.356711
v -0.899998 -0.073319 0.356711
v -0.799998 -0.073319 0.356711
v 0.800002 -0.073319 0.356711
v 0.900002 -0.073319 0.356711
v 1.000002 -0.073319 0.356711
v 1.100002 -0.073319 0.356711
v 1.200002 -0.073319 0.356711
v 1.300002 -0.073319 0.356711
v -1.699998 -0.073319 0.156711
v -1.599998 -0.073319 0.156711
v 1.600002 -0.073319 0.156711
v 1.700002 -0.073319 0.156711
v -1.699998 -0.073319 -0.443289
v -1.599998 -0.073319 -0.443289
v 1.600002 -0.073319 -0.443289
v 1.700002 -0.073319 -0.443289
v -1.199998 -0.073319 -1.143289
v -1.099998 -0.073319 -1.143289
v -0.899998 -0.073319 -1.143289
v -0.799998 -0.073319 -1.143289
v 0.800002 -0.073319 -1.143289
v 0.900002 -0.073319 -1.143289
v 1.100002 -0.073319 -1.143289
v 1.200002 -0.073319 -1.143289
v -1.199998 -0.073319 -1.343289
v -1.099998 -0.073319 -1.343289
v -0.899998 -0.073319 -1.343289
v -0.799998 -0.073319 -1.343289
v 0.800002 -0.073319 -1.343289
v 0.900002 -0.073319 -1.343289
v 1.100002 -0.073319 -1.343289
v 1.200002 -0.073319 -1.343289
v -1.599998 0.026681 0.256711
v -1.499998 0.026681 0.256711
v 1.500002 0.026681 0.256711
v 1.600002 0.026681 0.256711
v -1.599998 0.026681 -0.543289
v -1.499998 0.026681 -0.543289
v 1.500002 0.026681 -0.543289
v 1.600002 0.026681 -0.543289
v -1.199998 0.026681 -1.043289
v -0.799998 0.026681 -1.043289
v 0.800002 0.026681 -1.043289
v 1.200002 0.026681 -1.043289
v -1.199998 0.026681 -1.143289
v -1.099998 0.026681 -1.143289
v -0.899998 0.026681 -1.143289
v -0.799998 0.026681 -1.143289
v 0.800002 0.026681 -1.143289
v 0.900002 0.026681 -1.143289
v 1.100002 0.026681 -1.143289
v 1.200002 0.026681 -1.143289
v -1.099998 0.026681 -1.343289
v -0.899998 0.026681 -1.343289
v 0.900002 0.026681 -1.343289
v 1.100002 0.026681 -1.343289
v -0.099998 0.126681 3.856711
v 0.100002 0.126681 3.856711
v -0.199998 0.126681 3.756711
v -0.099998 0.126681 3.756711
v 0.100002 0.126681 3.756711
v 0.200002 0.126681 3.756711
v -0.299998 0.126681 3.656711
v -0.199998 0.126681 3.656711
v -0.099998 0.126681 3.656711
v 0.100002 0.126681 3.656711
v 0.200002 0.126681 3.656711
v 0.300002 0.126681 3.656711
v -0.199998 0.126681 2.956711
v 0.200002 0.126681 2.956711
v -0.299998 0.126681 2.856711
v -0.199998 0.126681 2.856711
v 0.200002 0.126681 2.856711
v 0.300002 0.126681 2.856711
v -0.199998 0.126681 2.556711
v 0.200002 0.126681 2.556711
v -0.299998 0.126681 2.256711
v -0.199998 0.126681 2.256711
v 0.200002 0.126681 2.256711
v 0.300002 0.126681 2.256711
v -0.299998 0.126681 1.456711
v -0.199998 0.126681 1.456711
v 0.200002 0.126681 1.456711
v 0.300002 0.126681 1.456711
v -0.399998 0.126681 1.156711
v -0.299998 0.126681 1.156711
v 0.300002 0.126681 1.156711
v 0.400002 0.126681 1.156711
v -0.499998 0.126681 0.656711
v -0.399998 0.126681 0.656711
v 0.400002 0.126681 0.656711
v 0.500002 0.126681 0.656711
v -0.599998 0.126681 0.556711
v -0.499998 0.126681 0.556711
v 0.500002 0.126681 0.556711
v 0.600002 0.126681 0.556711
v -1.499998 0.126681 0.456711
v -1.399998 0.126681 0.456711
v -0.699998 0.126681 0.456711
v -0.599998 0.126681 0.456711
v -0.499998 0.126681 0.456711
v -0.299998 0.126681 0.456711
v 0.300002 0.126681 0.456711
v 0.500002 0.126681 0.456711
v 0.600002 0.126681 0.456711
v 0.700002 0.126681 0.456711
v 1.400002 0.126681 0.456711
v 1.500002 0.126681 0.456711
v -0.599998 0.126681 0.356711
v -0.499998 0.126681 0.356711
v 0.500002 0.126681 0.356711
v 0.600002 0.126681 0.356711
v -1.499998 0.126681 0.256711
v -1.399998 0.126681 0.256711
v -0.699998 0.126681 0.256711
v -0.599998 0.126681 0.256711
v 0.600002 0.126681 0.256711
v 0.700002 0.126681 0.256711
v 1.400002 0.126681 0.256711
v 1.500002 0.126681 0.256711
v -0.499998 0.126681 -0.043289
v 0.500002 0.126681 -0.043289
v -0.899998 0.126681 -0.143289
v -0.699998 0.126681 -0.143289
v -0.499998 0.126681 -0.143289
v -0.399998 0.126681 -0.143289
v -0.299998 0.126681 -0.143289
v 0.300002 0.126681 -0.143289
v 0.400002 0.126681 -0.143289
v 0.500002 0.126681 -0.143289
v 0.700002 0.126681 -0.143289
v 0.900002 0.126681 -0.143289
v -0.599998 0.126681 -0.243289
v -0.499998 0.126681 -0.243289
v 0.500002 0.126681 -0.243289
v 0.600002 0.126681 -0.243289
v -1.399998 0.126681 -0.343289
v -1.299998 0.126681 -0.343289
v -1.099998 0.126681 -0.343289
v -0.899998 0.126681 -0.343289
v -0.699998 0.126681 -0.343289
v -0.599998 0.126681 -0.343289
v 0.600002 0.126681 -0.343289
v 0.700002 0.126681 -0.343289
v 0.900002 0.126681 -0.343289
v 1.100002 0.126681 -0.343289
v 1.300002 0.126681 -0.343289
v 1.400002 0.126681 -0.343289
v -1.399998 0.126681 -0.443289
v -1.299998 0.126681 -0.443289
v -0.799998 0.126681 -0.443289
v -0.699998 0.126681 -0.443289
v 0.700002 0.126681 -0.443289
v 0.800002 0.126681 -0.443289
v 1.300002 0.126681 -0.443289
v 1.400002 0.126681 -0.443289
v -0.899998 0.126681 -0.543289
v -0.799998 0.126681 -0.543289
v 0.800002 0.126681 -0.543289
v 0.900002 0.126681 -0.543289
v -1.399998 0.126681 -0.643289
v -1.299998 0.126681 -0.643289
v -0.999998 0.126681 -0.643289
v -0.899998 0.126681 -0.643289
v 0.900002 0.126681 -0.643289
v 1.000002 0.126681 -0.643289
v 1.300002 0.126681 -0.643289
v 1.400002 0.126681 -0.643289
v -1.499998 0.126681 -0.743289
v -1.299998 0.126681 -0.743289
v -1.199998 0.126681 -0.743289
v -1.099998 0.126681 -0.743289
v -0.999998 0.126681 -0.743289
v 1.000002 0.126681 -0.743289
v 1.100002 0.126681 -0.743289
v 1.200002 0.126681 -0.743289
v 1.300002 0.126681 -0.743289
v 1.500002 0.126681 -0.743289
v -1.199998 0.126681 -0.843289
v -1.099998 0.126681 -0.843289
v -0.299998 0.126681 -0.843289
v -0.199998 0.126681 -0.843289
v 0.200002 0.126681 -0.843289
v 0.300002 0.126681 -0.843289
v 1.100002 0.126681 -0.843289
v 1.200002 0.126681 -0.843289
v -1.299998 0.126681 -0.943289
v -1.199998 0.126681 -0.943289
v -0.699998 0.126681 -0.943289
v -0.599998 0.126681 -0.943289
v -0.499998 0.126681 -0.943289
v -0.199998 0.126681 -0.943289
v 0.200002 0.126681 -0.943289
v 0.500002 0.126681 -0.943289
v 0.600002 0.126681 -0.943289
v 0.700002 0.126681 -0.943289
v 1.200002 0.126681 -0.943289
v 1.300002 0.126681 -0.943289
v -1.299998 0.126681 -1.043289
v -0.699998 0.126681 -1.043289
v 0.700002 0.126681 -1.043289
v 1.300002 0.126681 -1.043289
v -0.499998 0.126681 -1.143289
v 0.500002 0.126681 -1.143289
v -0.099998 0.226681 3.756711
v 0.100002 0.226681 3.756711
v -0.199998 0.226681 3.656711
v -0.099998 0.226681 3.656711
v 0.100002 0.226681 3.656711
v 0.200002 0.226681 3.656711
v -0.099998 0.226681 3.156711
v 0.100002 0.226681 3.156711
v -0.199998 0.226681 2.956711
v -0.099998 0.226681 2.956711
v 0.100002 0.226681 2.956711
v 0.200002 0.226681 2.956711
v -0.099998 0.226681 2.756711
v 0.100002 0.226681 2.756711
v -0.199998 0.226681 2.556711
v -0.099998 0.226681 2.556711
v 0.100002 0.226681 2.556711
v 0.200002 0.226681 2.556711
v -0.099998 0.226681 2.156711
v 0.100002 0.226681 2.156711
v -0.099998 0.226681 1.656711
v 0.100002 0.226681 1.656711
v -0.299998 0.226681 1.456711
v -0.199998 0.226681 1.456711
v -0.099998 0.226681 1.456711
v 0.100002 0.226681 1.456711
v 0.200002 0.226681 1.456711
v 0.300002 0.226681 1.456711
v -0.199998 0.226681 0.956711
v 0.200002 0.226681 0.956711
v -0.299998 0.226681 0.656711
v -0.199998 0.226681 0.656711
v 0.200002 0.226681 0.656711
v 0.300002 0.226681 0.656711
v -1.399998 0.226681 0.456711
v -0.699998 0.226681 0.456711
v -0.499998 0.226681 0.456711
v -0.399998 0.226681 0.456711
v 0.400002 0.226681 0.456711
v 0.500002 0.226681 0.456711
v 0.700002 0.226681 0.456711
v 1.400002 0.226681 0.456711
v -1.399998 0.226681 0.256711
v -0.699998 0.226681 0.256711
v 0.700002 0.226681 0.256711
v 1.400002 0.226681 0.256711
v -1.299998 0.226681 0.056711
v -1.199998 0.226681 0.056711
v 1.200002 0.226681 0.056711
v 1.300002 0.226681 0.056711
v -0.499998 0.226681 -0.043289
v -0.399998 0.226681 -0.043289
v 0.400002 0.226681 -0.043289
v 0.500002 0.226681 -0.043289
v -0.899998 0.226681 -0.143289
v -0.699998 0.226681 -0.143289
v -0.499998 0.226681 -0.143289
v -0.399998 0.226681 -0.143289
v 0.400002 0.226681 -0.143289
v 0.500002 0.226681 -0.143289
v 0.700002 0.226681 -0.143289
v 0.900002 0.226681 -0.143289
v -0.599998 0.226681 -0.243289
v -0.499998 0.226681 -0.243289
v 0.500002 0.226681 -0.243289
v 0.600002 0.226681 -0.243289
v -1.399998 0.226681 -0.343289
v -1.299998 0.226681 -0.343289
v -1.099998 0.226681 -0.343289
v -0.899998 0.226681 -0.343289
v 0.900002 0.226681 -0.343289
v 1.100002 0.226681 -0.343289
v 1.300002 0.226681 -0.343289
v 1.400002 0.226681 -0.343289
v -0.599998 0.226681 -0.643289
v -0.499998 0.226681 -0.643289
v 0.500002 0.226681 -0.643289
v 0.600002 0.226681 -0.643289
v -1.199998 0.226681 -0.743289
v -1.099998 0.226681 -0.743289
v -0.299998 0.226681 -0.743289
v -0.199998 0.226681 -0.743289
v 0.200002 0.226681 -0.743289
v 0.300002 0.226681 -0.743289
v 1.100002 0.226681 -0.743289
v 1.200002 0.226681 -0.743289
v -0.299998 0.226681 -0.843289
v -0.199998 0.226681 -0.843289
v 0.200002 0.226681 -0.843289
v 0.300002 0.226681 -0.843289
v -0.199998 0.226681 -0.943289
v 0.200002 0.226681 -0.943289
v -0.099998 0.326681 1.656711
v 0.100002 0.326681 1.656711
v -0.199998 0.326681 1.456711
v -0.099998 0.326681 1.456711
v 0.100002 0.326681 1.456711
v 0.200002 0.326681 1.456711
v -0.199998 0.326681 0.956711
v -0.099998 0.326681 0.956711
v 0.100002 0.326681 0.956711
v 0.200002 0.326681 0.956711
v -0.199998 0.326681 0.856711
v -0.099998 0.326681 0.856711
v 0.100002 0.326681 0.856711
v 0.200002 0.326681 0.856711
v -0.399998 0.326681 0.456711
v -0.299998 0.326681 0.456711
v 0.300002 0.326681 0.456711
v 0.400002 0.326681 0.456711
v -1.299998 0.326681 0.056711
v -1.199998 0.326681 0.056711
v 1.200002 0.326681 0.056711
v 1.300002 0.326681 0.056711
v -0.399998 0.326681 -0.043289
v -0.299998 0.326681 -0.043289
v 0.300002 0.326681 -0.043289
v 0.400002 0.326681 -0.043289
v -0.399998 0.326681 -0.143289
v -0.299998 0.326681 -0.143289
v 0.300002 0.326681 -0.143289
v 0.400002 0.326681 -0.143289
v -1.299998 0.326681 -0.343289
v -0.299998 0.326681 -0.343289
v -0.199998 0.326681 -0.343289
v 0.200002 0.326681 -0.343289
v 0.300002 0.326681 -0.343289
v 1.300002 0.326681 -0.343289
v -0.299998 0.326681 -0.443289
v -0.199998 0.326681 -0.443289
v 0.200002 0.326681 -0.443289
v 0.300002 0.326681 -0.443289
v -0.299998 0.326681 -0.543289
v -0.199998 0.326681 -0.543289
v 0.200002 0.326681 -0.543289
v 0.300002 0.326681 -0.543289
v -0.599998 0.326681 -0.643289
v -0.499998 0.326681 -0.643289
v -0.199998 0.326681 -0.643289
v 0.200002 0.326681 -0.643289
v 0.500002 0.326681 -0.643289
v 0.600002 0.326681 -0.643289
v -1.299998 0.326681 -0.743289
v -1.199998 0.326681 -0.743289
v -0.599998 0.326681 -0.743289
v -0.499998 0.326681 -0.743289
v -0.299998 0.326681 -0.743289
v -0.199998 0.326681 -0.743289
v 0.200002 0.326681 -0.743289
v 0.300002 0.326681 -0.743289
v 0.500002 0.326681 -0.743289
v 0.600002 0.326681 -0.743289
v 1.200002 0.326681 -0.743289
v 1.300002 0.326681 -0.743289
v -0.199998 0.326681 -0.843289
v 0.200002 0.326681 -0.843289
v -0.099998 0.426681 0.956711
v 0.100002 0.426681 0.956711
v -0.199998 0.426681 0.856711
v -0.099998 0.426681 0.856711
v 0.100002 0.426681 0.856711
v 0.200002 0.426681 0.856711
v -0.299998 0.426681 0.656711
v -0.199998 0.426681 0.656711
v -0.099998 0.426681 0.656711
v 0.100002 0.426681 0.656711
v 0.200002 0.426681 0.656711
v 0.300002 0.426681 0.656711
v -0.299998 0.426681 0.556711
v -0.199998 0.426681 0.556711
v -0.099998 0.426681 0.556711
v 0.100002 0.426681 0.556711
v 0.200002 0.426681 0.556711
v 0.300002 0.426681 0.556711
v -0.299998 0.426681 0.456711
v -0.199998 0.426681 0.456711
v 0.200002 0.426681 0.456711
v 0.300002 0.426681 0.456711
v -0.199998 0.426681 0.356711
v 0.200002 0.426681 0.356711
v -0.299998 0.426681 -0.043289
v -0.199998 0.426681 -0.043289
v 0.200002 0.426681 -0.043289
v 0.300002 0.426681 -0.043289
v -0.299998 0.426681 -0.143289
v -0.199998 0.426681 -0.143289
v 0.200002 0.426681 -0.143289
v 0.300002 0.426681 -0.143289
v -1.399998 0.426681 -0.343289
v -1.299998 0.426681 -0.343289
v -0.299998 0.426681 -0.343289
v -0.199998 0.426681 -0.343289
v 0.200002 0.426681 -0.343289
v 0.300002 0.426681 -0.343289
v 1.300002 0.426681 -0.343289
v 1.400002 0.426681 -0.343289
v -1.399998 0.426681 -0.443289
v -1.299998 0.426681 -0.443289
v -0.199998 0.426681 -0.443289
v 0.200002 0.426681 -0.443289
v 1.300002 0.426681 -0.443289
v 1.400002 0.426681 -0.443289
v -0.199998 0.426681 -0.543289
v 0.200002 0.426681 -0.543289
v -0.199998 0.426681 -0.643289
v 0.200002 0.426681 -0.643289
v -0.599998 0.426681 -0.743289
v -0.499998 0.426681 -0.743289
v 0.500002 0.426681 -0.743289
v 0.600002 0.426681 -0.743289
v -0.599998 0.426681 -1.343289
v -0.499998 0.426681 -1.343289
v 0.500002 0.426681 -1.343289
v 0.600002 0.426681 -1.343289
v -0.099998 0.526681 0.656711
v 0.100002 0.526681 0.656711
v -0.299998 0.526681 0.556711
v -0.199998 0.526681 0.556711
v -0.099998 0.526681 0.556711
v 0.100002 0.526681 0.556711
v 0.200002 0.526681 0.556711
v 0.300002 0.526681 0.556711
v -0.299998 0.526681 0.456711
v -0.199998 0.526681 0.456711
v -0.099998 0.526681 0.456711
v 0.100002 0.526681 0.456711
v 0.200002 0.526681 0.456711
v 0.300002 0.526681 0.456711
v -0.099998 0.526681 0.256711
v 0.100002 0.526681 0.256711
v -0.199998 0.526681 0.056711
v -0.099998 0.526681 0.056711
v 0.100002 0.526681 0.056711
v 0.200002 0.526681 0.056711
v -0.199998 0.526681 -0.043289
v 0.200002 0.526681 -0.043289
v -0.199998 0.526681 -0.143289
v 0.200002 0.526681 -0.143289
v -0.199998 0.526681 -0.343289
v 0.200002 0.526681 -0.343289
v -1.399998 0.526681 -0.443289
v -1.299998 0.526681 -0.443289
v 1.300002 0.526681 -0.443289
v 1.400002 0.526681 -0.443289
v -1.399998 0.526681 -0.543289
v 1.400002 0.526681 -0.543289
v -1.399998 0.526681 -0.843289
v -1.299998 0.526681 -0.843289
v 1.300002 0.526681 -0.843289
v 1.400002 0.526681 -0.843289
v -0.199998 0.626681 0.556711
v 0.200002 0.626681 0.556711
v -0.099998 0.626681 0.456711
v 0.100002 0.626681 0.456711
v -0.199998 0.626681 0.056711
v -0.099998 0.626681 0.056711
v 0.100002 0.626681 0.056711
v 0.200002 0.626681 0.056711
v -1.499998 0.626681 -0.543289
v -1.399998 0.626681 -0.543289
v 1.400002 0.626681 -0.543289
v 1.500002 0.626681 -0.543289
v -1.499998 0.626681 -0.643289
v -1.399998 0.626681 -0.643289
v 1.400002 0.626681 -0.643289
v 1.500002 0.626681 -0.643289
v -1.499998 0.726681 -0.643289
v -1.399998 0.726681 -0.643289
v 1.400002 0.726681 -0.643289
v 1.500002 0.726681 -0.643289
v -1.499998 0.726681 -0.743289
v -1.399998 0.726681 -0.743289
v 1.400002 0.726681 -0.743289
v 1.500002 0.726681 -0.743289
v -1.499998 0.826681 -0.743289
v -1.399998 0.826681 -0.743289
v 1.400002 0.826681 -0.743289
v 1.500002 0.826681 -0.743289
v -1.499998 0.826681 -1.143289
v -1.399998 0.826681 -1.143289
v 1.400002 0.826681 -1.143289
v 1.500002 0.826681 -1.143289
vn -1.0000 -0.0000 -0.0000
vn 1.0000 -0.0000 -0.0000
vn -0.0000 -0.0000 -1.0000
vn -0.0000 -0.0000 1.0000
vn -0.0000 -1.0000 -0.0000
vn -0.0000 1.0000 -0.0000
vt 0.306641 0.500000
vt 0.822266 0.500000
vt 0.369141 0.500000
vt 0.814453 0.500000
vt 0.669922 0.500000
vt 0.673828 0.500000
vt 0.669819 0.526134
vt 0.670023 0.473866
vt 0.670023 0.526134
vt 0.669806 0.476481
vt 0.669990 0.523519
vt 0.669806 0.523519
vt 0.666016 0.500000
vt 0.669819 0.473866
vt 0.669871 0.519945
vt 0.670038 0.480055
vt 0.670038 0.519945
vt 0.669990 0.476481
vt 0.669871 0.480055
s 0
f 3/1/1 2/1/1 1/1/1
f 4/1/1 2/1/1 3/1/1
f 7/2/1 6/2/1 5/2/1
f 8/2/1 6/2/1 7/2/1
f 9/2/1 7/2/1 5/2/1
f 10/2/1 6/2/1 8/2/1
f 11/2/1 9/2/1 5/2/1
f 11/2/1 10/2/1 9/2/1
f 12/2/1 6/2/1 10/2/1
f 12/2/1 10/2/1 11/2/1
f 16/3/1 14/3/1 13/3/1
f 17/3/1 14/3/1 16/3/1
f 19/3/1 16/3/1 15/3/1
f 20/1/1 18/1/1 17/1/1
f 21/3/1 19/3/1 15/3/1
f 22/1/1 20/1/1 19/1/1
f 22/3/1 19/3/1 21/3/1
f 23/1/1 18/1/1 20/1/1
f 23/1/1 20/1/1 22/1/1
f 26/1/1 25/1/1 24/1/1
f 27/1/1 25/1/1 26/1/1
f 28/1/1 25/1/1 27/1/1
f 30/1/1 29/1/1 28/1/1
f 30/1/1 28/1/1 27/1/1
f 31/1/1 29/1/1 30/1/1
f 32/1/1 29/1/1 31/1/1
f 34/3/1 33/3/1 32/3/1
f 34/3/1 32/3/1 31/3/1
f 35/3/1 33/3/1 34/3/1
f 39/3/1 37/3/1 36/3/1
f 40/1/1 38/1/1 37/1/1
f 40/3/1 37/3/1 39/3/1
f 41/1/1 38/1/1 40/1/1
f 44/1/1 43/1/1 42/1/1
f 45/1/1 43/1/1 44/1/1
f 46/1/1 43/1/1 45/1/1
f 48/1/1 47/1/1 46/1/1
f 48/1/1 46/1/1 45/1/1
f 49/1/1 47/1/1 48/1/1
f 50/1/1 47/1/1 49/1/1
f 53/4/1 52/4/1 51/4/1
f 54/4/1 52/4/1 53/4/1
f 59/4/1 56/4/1 55/4/1
f 61/1/1 58/1/1 57/1/1
f 63/4/1 60/4/1 59/4/1
f 63/4/1 59/4/1 55/4/1
f 64/4/1 60/4/1 63/4/1
f 65/4/1 60/4/1 64/4/1
f 66/4/1 65/4/1 64/4/1
f 67/4/1 65/4/1 66/4/1
f 71/1/1 61/1/1 57/1/1
f 72/2/1 62/2/1 61/2/1
f 72/1/1 61/1/1 71/1/1
f 73/2/1 62/2/1 72/2/1
f 75/2/1 71/2/1 70/2/1
f 75/2/1 70/2/1 69/2/1
f 75/2/1 69/2/1 68/2/1
f 76/2/1 71/2/1 75/2/1
f 77/1/1 75/1/1 74/1/1
f 77/1/1 76/1/1 75/1/1
f 78/1/1 76/1/1 77/1/1
f 79/1/1 76/1/1 78/1/1
f 82/4/1 81/4/1 80/4/1
f 83/4/1 81/4/1 82/4/1
f 84/4/1 81/4/1 83/4/1
f 86/4/1 85/4/1 84/4/1
f 86/4/1 84/4/1 83/4/1
f 87/4/1 85/4/1 86/4/1
f 90/4/1 89/4/1 88/4/1
f 91/4/1 89/4/1 90/4/1
f 92/4/1 89/4/1 91/4/1
f 94/4/1 93/4/1 92/4/1
f 94/4/1 92/4/1 91/4/1
f 95/4/1 93/4/1 94/4/1
f 96/4/1 94/4/1 91/4/1
f 97/4/1 94/4/1 96/4/1
f 100/4/1 99/4/1 98/4/1
f 104/4/1 103/4/1 102/4/1
f 105/4/1 103/4/1 104/4/1
f 106/4/1 100/4/1 98/4/1
f 106/4/1 101/4/1 100/4/1
f 107/4/1 101/4/1 106/4/1
f 108/4/1 101/4/1 107/4/1
f 111/4/1 110/4/1 109/4/1
f 112/4/1 110/4/1 111/4/1
f 115/4/1 114/4/1 113/4/1
f 117/4/1 115/4/1 113/4/1
f 117/4/1 116/4/1 115/4/1
f 118/4/1 116/4/1 117/4/1
f 119/4/1 116/4/1 118/4/1
f 120/4/1 116/4/1 119/4/1
f 121/4/1 119/4/1 118/4/1
f 122/4/1 119/4/1 121/4/1
f 125/2/1 124/2/1 123/2/1
f 126/2/1 124/2/1 125/2/1
f 127/2/1 125/2/1 123/2/1
f 128/2/1 125/2/1 127/2/1
f 129/3/1 128/3/1 127/3/1
f 130/3/1 128/3/1 129/3/1
f 133/1/1 132/1/1 131/1/1
f 134/1/1 132/1/1 133/1/1
f 137/2/1 134/2/1 133/2/1
f 138/2/1 134/2/1 137/2/1
f 139/3/1 136/3/1 135/3/1
f 140/3/1 138/3/1 137/3/1
f 141/3/1 138/3/1 140/3/1
f 144/3/1 136/3/1 139/3/1
f 145/3/1 136/3/1 144/3/1
f 147/2/1 143/2/1 142/2/1
f 147/2/1 146/2/1 145/2/1
f 147/2/1 145/2/1 144/2/1
f 147/2/1 144/2/1 143/2/1
f 148/2/1 146/2/1 147/2/1
f 149/2/1 146/2/1 148/2/1
f 150/2/1 146/2/1 149/2/1
f 151/2/1 146/2/1 150/2/1
f 153/4/1 152/4/1 151/4/1
f 153/4/1 151/4/1 150/4/1
f 154/4/1 152/4/1 153/4/1
f 157/1/1 156/1/1 155/1/1
f 158/1/1 156/1/1 157/1/1
f 161/2/1 158/2/1 157/2/1
f 162/2/1 158/2/1 161/2/1
f 163/3/1 162/3/1 161/3/1
f 164/3/1 162/3/1 163/3/1
f 169/3/1 160/3/1 159/3/1
f 170/3/1 160/3/1 169/3/1
f 171/2/1 166/2/1 165/2/1
f 171/2/1 167/2/1 166/2/1
f 172/4/1 168/4/1 167/4/1
f 172/2/1 167/2/1 171/2/1
f 173/4/1 168/4/1 172/4/1
f 177/1/1 175/1/1 174/1/1
f 178/1/1 175/1/1 177/1/1
f 179/1/1 175/1/1 178/1/1
f 183/1/1 177/1/1 176/1/1
f 183/1/1 178/1/1 177/1/1
f 184/1/1 178/1/1 183/1/1
f 185/1/1 178/1/1 184/1/1
f 186/1/1 178/1/1 185/1/1
f 190/1/1 181/1/1 180/1/1
f 191/2/1 182/2/1 181/2/1
f 191/1/1 181/1/1 190/1/1
f 192/5/1 188/5/1 187/5/1
f 193/5/1 188/5/1 192/5/1
f 195/3/1 190/3/1 189/3/1
f 196/2/1 191/2/1 190/2/1
f 196/3/1 190/3/1 195/3/1
f 197/2/1 182/2/1 191/2/1
f 197/2/1 191/2/1 196/2/1
f 198/3/1 197/3/1 196/3/1
f 198/3/1 196/3/1 195/3/1
f 198/3/1 195/3/1 194/3/1
f 199/3/1 197/3/1 198/3/1
f 203/2/1 201/2/1 200/2/1
f 204/4/1 202/4/1 201/4/1
f 204/2/1 201/2/1 203/2/1
f 205/4/1 202/4/1 204/4/1
f 213/2/1 207/2/1 206/2/1
f 214/2/1 207/2/1 213/2/1
f 215/3/1 208/3/1 207/3/1
f 215/2/1 207/2/1 214/2/1
f 216/3/1 208/3/1 215/3/1
f 217/1/1 209/1/1 208/1/1
f 217/3/1 208/3/1 216/3/1
f 218/2/1 210/2/1 209/2/1
f 218/1/1 209/1/1 217/1/1
f 219/2/1 210/2/1 218/2/1
f 220/2/1 210/2/1 219/2/1
f 221/2/1 212/2/1 211/2/1
f 222/1/1 214/1/1 213/1/1
f 222/2/1 212/2/1 221/2/1
f 222/1/1 213/1/1 212/1/1
f 223/1/1 214/1/1 222/1/1
f 224/3/1 216/3/1 215/3/1
f 224/1/1 214/1/1 223/1/1
f 224/3/1 215/3/1 214/3/1
f 225/3/1 216/3/1 224/3/1
f 226/1/1 217/1/1 216/1/1
f 226/3/1 216/3/1 225/3/1
f 226/1/1 219/1/1 218/1/1
f 226/1/1 218/1/1 217/1/1
f 227/1/1 219/1/1 226/1/1
f 228/1/1 219/1/1 227/1/1
f 229/1/1 223/1/1 222/1/1
f 229/1/1 222/1/1 221/1/1
f 230/3/1 225/3/1 224/3/1
f 230/1/1 223/1/1 229/1/1
f 230/3/1 224/3/1 223/3/1
f 231/1/1 226/1/1 225/1/1
f 231/3/1 225/3/1 230/3/1
f 231/1/1 227/1/1 226/1/1
f 232/1/1 227/1/1 231/1/1
f 233/1/1 227/1/1 232/1/1
f 237/1/1 233/1/1 232/1/1
f 237/1/1 234/1/1 233/1/1
f 238/1/1 234/1/1 237/1/1
f 239/1/1 234/1/1 238/1/1
f 240/2/1 236/2/1 235/2/1
f 241/2/1 236/2/1 240/2/1
f 242/2/1 236/2/1 241/2/1
f 243/2/1 236/2/1 242/2/1
f 244/2/1 236/2/1 243/2/1
f 245/1/1 234/1/1 239/1/1
f 245/2/1 239/2/1 238/2/1
f 246/1/1 234/1/1 245/1/1
f 248/2/1 241/2/1 240/2/1
f 249/2/1 241/2/1 248/2/1
f 250/4/1 242/4/1 241/4/1
f 250/2/1 241/2/1 249/2/1
f 251/2/1 243/2/1 242/2/1
f 251/4/1 242/4/1 250/4/1
f 252/2/1 243/2/1 251/2/1
f 253/2/1 247/2/1 246/2/1
f 253/2/1 245/2/1 238/2/1
f 253/2/1 246/2/1 245/2/1
f 254/2/1 247/2/1 253/2/1
f 255/2/1 247/2/1 254/2/1
f 256/4/1 248/4/1 247/4/1
f 256/2/1 247/2/1 255/2/1
f 257/2/1 249/2/1 248/2/1
f 257/4/1 248/4/1 256/4/1
f 258/2/1 249/2/1 257/2/1
f 259/2/1 255/2/1 254/2/1
f 260/2/1 255/2/1 259/2/1
f 264/2/1 262/2/1 261/2/1
f 265/2/1 262/2/1 264/2/1
f 266/2/1 262/2/1 265/2/1
f 267/2/1 262/2/1 266/2/1
f 268/2/1 262/2/1 267/2/1
f 270/2/1 264/2/1 263/2/1
f 271/2/1 264/2/1 270/2/1
f 272/2/1 264/2/1 271/2/1
f 273/2/1 270/2/1 269/2/1
f 274/2/1 270/2/1 273/2/1
f 275/1/1 274/1/1 273/1/1
f 276/1/1 274/1/1 275/1/1
f 284/1/1 277/1/1 276/1/1
f 285/3/1 278/3/1 277/3/1
f 285/1/1 277/1/1 284/1/1
f 285/3/1 279/3/1 278/3/1
f 286/1/1 281/1/1 280/1/1
f 286/3/1 279/3/1 285/3/1
f 286/1/1 280/1/1 279/1/1
f 287/1/1 281/1/1 286/1/1
f 291/2/1 283/2/1 282/2/1
f 292/2/1 283/2/1 291/2/1
f 293/1/1 288/1/1 287/1/1
f 294/2/1 289/2/1 288/2/1
f 294/1/1 288/1/1 293/1/1
f 295/2/1 289/2/1 294/2/1
f 296/2/1 289/2/1 295/2/1
f 301/2/1 291/2/1 290/2/1
f 302/2/1 291/2/1 301/2/1
f 303/6/1 296/6/1 295/6/1
f 304/6/1 296/6/1 303/6/1
f 309/2/1 298/2/1 297/2/1
f 310/4/1 299/4/1 298/4/1
f 310/2/1 298/2/1 309/2/1
f 311/2/1 300/2/1 299/2/1
f 311/4/1 299/4/1 310/4/1
f 312/2/1 300/2/1 311/2/1
f 314/6/1 306/6/1 305/6/1
f 315/2/1 307/2/1 306/2/1
f 315/6/1 306/6/1 314/6/1
f 316/2/1 307/2/1 315/2/1
f 317/4/1 308/4/1 307/4/1
f 317/2/1 307/2/1 316/2/1
f 318/2/1 309/2/1 308/2/1
f 318/4/1 308/4/1 317/4/1
f 319/2/1 309/2/1 318/2/1
f 320/2/1 316/2/1 315/2/1
f 320/2/1 315/2/1 314/2/1
f 320/2/1 314/2/1 313/2/1
f 321/2/1 316/2/1 320/2/1
f 325/2/1 323/2/1 322/2/1
f 326/2/1 323/2/1 325/2/1
f 327/2/1 325/2/1 324/2/1
f 328/2/1 325/2/1 327/2/1
f 329/1/1 328/1/1 327/1/1
f 330/1/1 328/1/1 329/1/1
f 332/1/1 331/1/1 330/1/1
f 333/1/1 331/1/1 332/1/1
f 336/2/1 335/2/1 334/2/1
f 337/2/1 335/2/1 336/2/1
f 340/6/1 339/6/1 338/6/1
f 341/6/1 339/6/1 340/6/1
f 344/6/1 343/6/1 342/6/1
f 345/6/1 343/6/1 344/6/1
f 349/2/1 347/2/1 346/2/1
f 349/2/1 348/2/1 347/2/1
f 350/2/1 348/2/1 349/2/1
f 356/1/1 352/1/1 351/1/1
f 358/1/1 354/1/1 353/1/1
f 359/1/1 354/1/1 358/1/1
f 360/1/1 354/1/1 359/1/1
f 361/1/1 356/1/1 355/1/1
f 362/1/1 352/1/1 356/1/1
f 362/1/1 356/1/1 361/1/1
f 363/1/1 358/1/1 357/1/1
f 363/1/1 359/1/1 358/1/1
f 364/1/1 359/1/1 363/1/1
f 365/1/1 359/1/1 364/1/1
f 366/1/1 359/1/1 365/1/1
f 369/1/1 368/1/1 367/1/1
f 370/1/1 368/1/1 369/1/1
f 371/1/1 368/1/1 370/1/1
f 374/3/1 373/3/1 372/3/1
f 375/3/1 373/3/1 374/3/1
f 379/2/1 377/2/1 376/2/1
f 379/2/1 378/2/1 377/2/1
f 380/2/1 378/2/1 379/2/1
f 381/2/1 378/2/1 380/2/1
f 382/2/1 378/2/1 381/2/1
f 383/2/1 378/2/1 382/2/1
f 385/4/1 384/4/1 383/4/1
f 385/4/1 383/4/1 382/4/1
f 386/4/1 384/4/1 385/4/1
f 389/3/1 388/3/1 387/3/1
f 390/3/1 388/3/1 389/3/1
f 392/1/1 391/1/1 390/1/1
f 393/1/1 391/1/1 392/1/1
f 395/2/1 394/2/1 393/2/1
f 399/2/1 394/2/1 395/2/1
f 400/2/1 394/2/1 399/2/1
f 401/3/1 397/3/1 396/3/1
f 402/1/1 398/1/1 397/1/1
f 402/3/1 397/3/1 401/3/1
f 403/1/1 398/1/1 402/1/1
f 406/4/1 405/4/1 404/4/1
f 410/4/1 409/4/1 408/4/1
f 411/4/1 409/4/1 410/4/1
f 412/4/1 409/4/1 411/4/1
f 414/4/1 406/4/1 404/4/1
f 414/4/1 407/4/1 406/4/1
f 415/4/1 407/4/1 414/4/1
f 416/4/1 407/4/1 415/4/1
f 417/4/1 413/4/1 412/4/1
f 417/4/1 412/4/1 411/4/1
f 418/4/1 413/4/1 417/4/1
f 419/4/1 417/4/1 411/4/1
f 420/4/1 417/4/1 419/4/1
f 423/4/1 422/4/1 421/4/1
f 424/4/1 422/4/1 423/4/1
f 427/4/1 426/4/1 425/4/1
f 428/4/1 426/4/1 427/4/1
f 431/1/1 430/1/1 429/1/1
f 432/1/1 430/1/1 431/1/1
f 435/4/1 434/4/1 433/4/1
f 436/4/1 434/4/1 435/4/1
f 439/4/1 438/4/1 437/4/1
f 441/4/1 439/4/1 437/4/1
f 441/4/1 440/4/1 439/4/1
f 442/4/1 440/4/1 441/4/1
f 443/4/1 440/4/1 442/4/1
f 444/4/1 440/4/1 443/4/1
f 445/2/1 443/2/1 442/2/1
f 446/2/1 443/2/1 445/2/1
f 449/4/1 448/4/1 447/4/1
f 450/4/1 448/4/1 449/4/1
f 451/4/1 448/4/1 450/4/1
f 453/4/1 452/4/1 451/4/1
f 453/4/1 451/4/1 450/4/1
f 454/4/1 452/4/1 453/4/1
f 457/1/1 456/1/1 455/1/1
f 458/1/1 456/1/1 457/1/1
f 461/4/1 460/4/1 459/4/1
f 463/4/1 461/4/1 459/4/1
f 463/4/1 462/4/1 461/4/1
f 464/4/1 462/4/1 463/4/1
f 465/4/1 462/4/1 464/4/1
f 468/1/1 467/1/1 466/1/1
f 469/1/1 467/1/1 468/1/1
f 472/1/1 471/1/1 470/1/1
f 473/1/1 471/1/1 472/1/1
f 474/1/1 471/1/1 473/1/1
f 476/1/1 475/1/1 474/1/1
f 476/1/1 474/1/1 473/1/1
f 477/1/1 475/1/1 476/1/1
f 481/1/1 480/1/1 479/1/1
f 482/3/1 479/3/1 478/3/1
f 483/1/1 481/1/1 479/1/1
f 483/3/1 479/3/1 482/3/1
f 484/1/1 481/1/1 483/1/1
f 485/3/1 482/3/1 478/3/1
f 486/3/1 482/3/1 485/3/1
f 490/1/1 488/1/1 487/1/1
f 490/1/1 489/1/1 488/1/1
f 491/1/1 489/1/1 490/1/1
f 492/1/1 489/1/1 491/1/1
f 494/1/1 493/1/1 492/1/1
f 494/1/1 492/1/1 491/1/1
f 495/1/1 493/1/1 494/1/1
f 496/1/1 493/1/1 495/1/1
f 498/3/1 497/3/1 496/3/1
f 498/3/1 496/3/1 495/3/1
f 499/3/1 497/3/1 498/3/1
f 501/1/2 502/1/2 503/1/2
f 500/3/2 501/3/2 504/3/2
f 501/1/2 503/1/2 505/1/2
f 504/3/2 501/3/2 505/3/2
f 505/1/2 503/1/2 506/1/2
f 500/3/2 504/3/2 507/3/2
f 507/3/2 504/3/2 508/3/2
f 509/1/2 510/1/2 512/1/2
f 510/1/2 511/1/2 512/1/2
f 512/1/2 511/1/2 513/1/2
f 513/1/2 511/1/2 514/1/2
f 514/1/2 515/1/2 516/1/2
f 513/1/2 514/1/2 516/1/2
f 516/1/2 515/1/2 517/1/2
f 517/1/2 515/1/2 518/1/2
f 518/3/2 519/3/2 520/3/2
f 517/3/2 518/3/2 520/3/2
f 520/3/2 519/3/2 521/3/2
f 522/1/2 523/1/2 524/1/2
f 524/1/2 523/1/2 525/1/2
f 525/1/2 523/1/2 526/1/2
f 526/1/2 527/1/2 528/1/2
f 525/1/2 526/1/2 528/1/2
f 528/1/2 527/1/2 529/1/2
f 530/4/2 531/4/2 532/4/2
f 530/4/2 532/4/2 534/4/2
f 532/4/2 533/4/2 534/4/2
f 534/4/2 533/4/2 535/4/2
f 535/4/2 533/4/2 536/4/2
f 537/1/2 538/1/2 539/1/2
f 539/1/2 538/1/2 540/1/2
f 541/4/2 542/4/2 543/4/2
f 543/4/2 542/4/2 544/4/2
f 544/4/2 542/4/2 545/4/2
f 545/4/2 546/4/2 547/4/2
f 544/4/2 545/4/2 547/4/2
f 547/4/2 546/4/2 548/4/2
f 549/1/2 550/1/2 551/1/2
f 551/1/2 550/1/2 552/1/2
f 553/4/2 554/4/2 555/4/2
f 555/4/2 554/4/2 556/4/2
f 557/4/2 558/4/2 559/4/2
f 557/4/2 559/4/2 561/4/2
f 559/4/2 560/4/2 561/4/2
f 561/4/2 560/4/2 562/4/2
f 562/4/2 560/4/2 563/4/2
f 563/4/2 560/4/2 564/4/2
f 562/2/2 563/2/2 565/2/2
f 565/2/2 563/2/2 566/2/2
f 567/4/2 568/4/2 569/4/2
f 569/4/2 568/4/2 570/4/2
f 1854/7/3 1851/8/3 1855/9/3
f 1835/10/3 1830/11/3 1831/12/3
f 571/4/2 572/4/2 573/4/2
f 573/4/2 572/4/2 574/4/2
f 575/1/2 576/1/2 577/1/2
f 577/1/2 576/1/2 578/1/2
f 579/4/2 580/4/2 581/4/2
f 583/4/2 584/4/2 585/4/2
f 585/4/2 584/4/2 586/4/2
f 586/4/2 584/4/2 587/4/2
f 579/4/2 581/4/2 589/4/2
f 581/4/2 582/4/2 589/4/2
f 589/4/2 582/4/2 590/4/2
f 590/4/2 582/4/2 591/4/2
f 587/4/2 588/4/2 592/4/2
f 586/4/2 587/4/2 592/4/2
f 592/4/2 588/4/2 593/4/2
f 586/4/2 592/4/2 594/4/2
f 594/4/2 592/4/2 595/4/2
f 596/3/2 597/3/2 598/3/2
f 598/3/2 597/3/2 599/3/2
f 599/1/2 600/1/2 601/1/2
f 601/1/2 600/1/2 602/1/2
f 602/2/2 603/2/2 604/2/2
f 604/2/2 603/2/2 608/2/2
f 608/2/2 603/2/2 609/2/2
f 605/3/2 606/3/2 610/3/2
f 606/1/2 607/1/2 611/1/2
f 610/3/2 606/3/2 611/3/2
f 611/1/2 607/1/2 612/1/2
f 613/1/2 614/1/2 615/1/2
f 615/1/2 614/1/2 616/1/2
f 616/1/2 614/1/2 617/1/2
f 618/3/2 619/3/2 620/3/2
f 620/3/2 619/3/2 621/3/2
f 622/2/2 623/2/2 625/2/2
f 623/2/2 624/2/2 625/2/2
f 625/2/2 624/2/2 626/2/2
f 626/2/2 624/2/2 627/2/2
f 627/2/2 624/2/2 628/2/2
f 628/2/2 624/2/2 629/2/2
f 629/4/2 630/4/2 631/4/2
f 628/4/2 629/4/2 631/4/2
f 631/4/2 630/4/2 632/4/2
f 633/1/2 634/1/2 638/1/2
f 635/1/2 636/1/2 640/1/2
f 640/1/2 636/1/2 641/1/2
f 641/1/2 636/1/2 642/1/2
f 637/1/2 638/1/2 643/1/2
f 638/1/2 634/1/2 644/1/2
f 643/1/2 638/1/2 644/1/2
f 639/1/2 640/1/2 645/1/2
f 640/1/2 641/1/2 645/1/2
f 645/1/2 641/1/2 646/1/2
f 646/1/2 641/1/2 647/1/2
f 647/1/2 641/1/2 648/1/2
f 649/2/2 650/2/2 652/2/2
f 650/2/2 651/2/2 652/2/2
f 652/2/2 651/2/2 653/2/2
f 654/2/2 655/2/2 657/2/2
f 657/2/2 655/2/2 658/2/2
f 656/2/2 657/2/2 659/2/2
f 659/2/2 657/2/2 660/2/2
f 659/1/2 660/1/2 661/1/2
f 661/1/2 660/1/2 662/1/2
f 662/1/2 663/1/2 664/1/2
f 664/1/2 663/1/2 665/1/2
f 666/2/2 667/2/2 668/2/2
f 668/2/2 667/2/2 669/2/2
f 670/6/2 671/6/2 672/6/2
f 672/6/2 671/6/2 673/6/2
f 674/6/2 675/6/2 676/6/2
f 676/6/2 675/6/2 677/6/2
f 678/2/2 679/2/2 681/2/2
f 681/2/2 679/2/2 682/2/2
f 682/2/2 679/2/2 683/2/2
f 683/2/2 679/2/2 684/2/2
f 684/2/2 679/2/2 685/2/2
f 680/2/2 681/2/2 687/2/2
f 687/2/2 681/2/2 688/2/2
f 688/2/2 681/2/2 689/2/2
f 686/2/2 687/2/2 690/2/2
f 690/2/2 687/2/2 691/2/2
f 690/1/2 691/1/2 692/1/2
f 692/1/2 691/1/2 693/1/2
f 693/1/2 694/1/2 701/1/2
f 694/3/2 695/3/2 702/3/2
f 701/1/2 694/1/2 702/1/2
f 695/3/2 696/3/2 702/3/2
f 697/1/2 698/1/2 703/1/2
f 702/3/2 696/3/2 703/3/2
f 696/1/2 697/1/2 703/1/2
f 703/1/2 698/1/2 704/1/2
f 699/2/2 700/2/2 708/2/2
f 708/2/2 700/2/2 709/2/2
f 704/1/2 705/1/2 710/1/2
f 705/2/2 706/2/2 711/2/2
f 710/1/2 705/1/2 711/1/2
f 711/2/2 706/2/2 712/2/2
f 712/2/2 706/2/2 713/2/2
f 707/2/2 708/2/2 718/2/2
f 718/2/2 708/2/2 719/2/2
f 712/6/2 713/6/2 720/6/2
f 720/6/2 713/6/2 721/6/2
f 714/2/2 715/2/2 726/2/2
f 715/4/2 716/4/2 727/4/2
f 726/2/2 715/2/2 727/2/2
f 716/2/2 717/2/2 728/2/2
f 727/4/2 716/4/2 728/4/2
f 728/2/2 717/2/2 729/2/2
f 722/6/2 723/6/2 731/6/2
f 723/2/2 724/2/2 732/2/2
f 731/6/2 723/6/2 732/6/2
f 732/2/2 724/2/2 733/2/2
f 724/4/2 725/4/2 734/4/2
f 733/2/2 724/2/2 734/2/2
f 725/2/2 726/2/2 735/2/2
f 734/4/2 725/4/2 735/4/2
f 735/2/2 726/2/2 736/2/2
f 732/2/2 733/2/2 737/2/2
f 731/2/2 732/2/2 737/2/2
f 730/2/2 731/2/2 737/2/2
f 737/2/2 733/2/2 738/2/2
f 739/2/2 740/2/2 746/2/2
f 746/2/2 740/2/2 747/2/2
f 740/3/2 741/3/2 748/3/2
f 747/2/2 740/2/2 748/2/2
f 748/3/2 741/3/2 749/3/2
f 741/1/2 742/1/2 750/1/2
f 749/3/2 741/3/2 750/3/2
f 742/2/2 743/2/2 751/2/2
f 750/1/2 742/1/2 751/1/2
f 751/2/2 743/2/2 752/2/2
f 752/2/2 743/2/2 753/2/2
f 744/2/2 745/2/2 754/2/2
f 746/1/2 747/1/2 755/1/2
f 754/2/2 745/2/2 755/2/2
f 745/1/2 746/1/2 755/1/2
f 755/1/2 747/1/2 756/1/2
f 748/3/2 749/3/2 757/3/2
f 756/1/2 747/1/2 757/1/2
f 747/3/2 748/3/2 757/3/2
f 757/3/2 749/3/2 758/3/2
f 749/1/2 750/1/2 759/1/2
f 758/3/2 749/3/2 759/3/2
f 751/1/2 752/1/2 759/1/2
f 750/1/2 751/1/2 759/1/2
f 759/1/2 752/1/2 760/1/2
f 760/1/2 752/1/2 761/1/2
f 755/1/2 756/1/2 762/1/2
f 754/1/2 755/1/2 762/1/2
f 757/3/2 758/3/2 763/3/2
f 762/1/2 756/1/2 763/1/2
f 756/3/2 757/3/2 763/3/2
f 758/1/2 759/1/2 764/1/2
f 763/3/2 758/3/2 764/3/2
f 759/1/2 760/1/2 764/1/2
f 764/1/2 760/1/2 765/1/2
f 765/1/2 760/1/2 766/1/2
f 765/1/2 766/1/2 770/1/2
f 766/1/2 767/1/2 770/1/2
f 770/1/2 767/1/2 771/1/2
f 771/1/2 767/1/2 772/1/2
f 768/2/2 769/2/2 773/2/2
f 773/2/2 769/2/2 774/2/2
f 774/2/2 769/2/2 775/2/2
f 775/2/2 769/2/2 776/2/2
f 776/2/2 769/2/2 777/2/2
f 772/1/2 767/1/2 778/1/2
f 771/2/2 772/2/2 778/2/2
f 778/1/2 767/1/2 779/1/2
f 773/2/2 774/2/2 781/2/2
f 781/2/2 774/2/2 782/2/2
f 774/4/2 775/4/2 783/4/2
f 782/2/2 774/2/2 783/2/2
f 775/2/2 776/2/2 784/2/2
f 783/4/2 775/4/2 784/4/2
f 784/2/2 776/2/2 785/2/2
f 779/2/2 780/2/2 786/2/2
f 771/2/2 778/2/2 786/2/2
f 778/2/2 779/2/2 786/2/2
f 786/2/2 780/2/2 787/2/2
f 787/2/2 780/2/2 788/2/2
f 780/4/2 781/4/2 789/4/2
f 788/2/2 780/2/2 789/2/2
f 781/2/2 782/2/2 790/2/2
f 789/4/2 781/4/2 790/4/2
f 790/2/2 782/2/2 791/2/2
f 787/2/2 788/2/2 792/2/2
f 792/2/2 788/2/2 793/2/2
f 794/1/2 795/1/2 797/1/2
f 797/1/2 795/1/2 798/1/2
f 798/1/2 795/1/2 799/1/2
f 796/1/2 797/1/2 803/1/2
f 797/1/2 798/1/2 803/1/2
f 803/1/2 798/1/2 804/1/2
f 804/1/2 798/1/2 805/1/2
f 805/1/2 798/1/2 806/1/2
f 800/1/2 801/1/2 810/1/2
f 801/2/2 802/2/2 811/2/2
f 810/1/2 801/1/2 811/1/2
f 807/5/2 808/5/2 812/5/2
f 812/5/2 808/5/2 813/5/2
f 809/3/2 810/3/2 815/3/2
f 810/2/2 811/2/2 816/2/2
f 815/3/2 810/3/2 816/3/2
f 811/2/2 802/2/2 817/2/2
f 816/2/2 811/2/2 817/2/2
f 816/3/2 817/3/2 818/3/2
f 815/3/2 816/3/2 818/3/2
f 814/3/2 815/3/2 818/3/2
f 818/3/2 817/3/2 819/3/2
f 820/2/2 821/2/2 823/2/2
f 821/4/2 822/4/2 824/4/2
f 823/2/2 821/2/2 824/2/2
f 824/4/2 822/4/2 825/4/2
f 826/1/2 827/1/2 828/1/2
f 828/1/2 827/1/2 829/1/2
f 828/2/2 829/2/2 832/2/2
f 832/2/2 829/2/2 833/2/2
f 832/3/2 833/3/2 834/3/2
f 834/3/2 833/3/2 835/3/2
f 830/3/2 831/3/2 840/3/2
f 840/3/2 831/3/2 841/3/2
f 836/2/2 837/2/2 842/2/2
f 837/2/2 838/2/2 842/2/2
f 838/4/2 839/4/2 843/4/2
f 842/2/2 838/2/2 843/2/2
f 843/4/2 839/4/2 844/4/2
f 845/1/2 846/1/2 847/1/2
f 847/1/2 846/1/2 848/1/2
f 847/2/2 848/2/2 851/2/2
f 851/2/2 848/2/2 852/2/2
f 849/3/2 850/3/2 853/3/2
f 851/3/2 852/3/2 854/3/2
f 854/3/2 852/3/2 855/3/2
f 853/3/2 850/3/2 858/3/2
f 858/3/2 850/3/2 859/3/2
f 856/2/2 857/2/2 861/2/2
f 859/2/2 860/2/2 861/2/2
f 858/2/2 859/2/2 861/2/2
f 857/2/2 858/2/2 861/2/2
f 861/2/2 860/2/2 862/2/2
f 862/2/2 860/2/2 863/2/2
f 863/2/2 860/2/2 864/2/2
f 864/2/2 860/2/2 865/2/2
f 865/4/2 866/4/2 867/4/2
f 864/4/2 865/4/2 867/4/2
f 867/4/2 866/4/2 868/4/2
f 869/2/2 870/2/2 871/2/2
f 871/2/2 870/2/2 872/2/2
f 869/2/2 871/2/2 873/2/2
f 873/2/2 871/2/2 874/2/2
f 873/3/2 874/3/2 875/3/2
f 875/3/2 874/3/2 876/3/2
f 877/4/2 878/4/2 879/4/2
f 877/4/2 879/4/2 881/4/2
f 879/4/2 880/4/2 881/4/2
f 881/4/2 880/4/2 882/4/2
f 882/4/2 880/4/2 883/4/2
f 883/4/2 880/4/2 884/4/2
f 882/4/2 883/4/2 885/4/2
f 885/4/2 883/4/2 886/4/2
f 887/4/2 888/4/2 889/4/2
f 891/4/2 892/4/2 893/4/2
f 893/4/2 892/4/2 894/4/2
f 887/4/2 889/4/2 895/4/2
f 889/4/2 890/4/2 895/4/2
f 895/4/2 890/4/2 896/4/2
f 896/4/2 890/4/2 897/4/2
f 898/4/2 899/4/2 900/4/2
f 900/4/2 899/4/2 901/4/2
f 902/4/2 903/4/2 904/4/2
f 904/4/2 903/4/2 905/4/2
f 905/4/2 903/4/2 906/4/2
f 906/4/2 907/4/2 908/4/2
f 905/4/2 906/4/2 908/4/2
f 908/4/2 907/4/2 909/4/2
f 910/4/2 911/4/2 912/4/2
f 912/4/2 911/4/2 913/4/2
f 913/4/2 911/4/2 914/4/2
f 914/4/2 915/4/2 916/4/2
f 913/4/2 914/4/2 916/4/2
f 916/4/2 915/4/2 917/4/2
f 913/4/2 916/4/2 918/4/2
f 918/4/2 916/4/2 919/4/2
f 920/4/2 921/4/2 922/4/2
f 922/4/2 921/4/2 923/4/2
f 924/4/2 925/4/2 928/4/2
f 926/1/2 927/1/2 930/1/2
f 928/4/2 929/4/2 932/4/2
f 924/4/2 928/4/2 932/4/2
f 932/4/2 929/4/2 933/4/2
f 933/4/2 929/4/2 934/4/2
f 933/4/2 934/4/2 935/4/2
f 935/4/2 934/4/2 936/4/2
f 926/1/2 930/1/2 940/1/2
f 930/2/2 931/2/2 941/2/2
f 940/1/2 930/1/2 941/1/2
f 941/2/2 931/2/2 942/2/2
f 939/2/2 940/2/2 944/2/2
f 938/2/2 939/2/2 944/2/2
f 937/2/2 938/2/2 944/2/2
f 944/2/2 940/2/2 945/2/2
f 943/1/2 944/1/2 946/1/2
f 944/1/2 945/1/2 946/1/2
f 946/1/2 945/1/2 947/1/2
f 947/1/2 945/1/2 948/1/2
f 949/3/2 950/3/2 952/3/2
f 950/1/2 951/1/2 953/1/2
f 952/3/2 950/3/2 953/3/2
f 953/1/2 951/1/2 954/1/2
f 955/1/2 956/1/2 957/1/2
f 957/1/2 956/1/2 958/1/2
f 958/1/2 956/1/2 959/1/2
f 959/1/2 960/1/2 961/1/2
f 958/1/2 959/1/2 961/1/2
f 961/1/2 960/1/2 962/1/2
f 962/1/2 960/1/2 963/1/2
f 964/3/2 965/3/2 967/3/2
f 967/3/2 965/3/2 968/3/2
f 966/3/2 967/3/2 970/3/2
f 968/1/2 969/1/2 971/1/2
f 966/3/2 970/3/2 972/3/2
f 970/1/2 971/1/2 973/1/2
f 972/3/2 970/3/2 973/3/2
f 971/1/2 969/1/2 974/1/2
f 973/1/2 971/1/2 974/1/2
f 975/1/2 976/1/2 977/1/2
f 977/1/2 976/1/2 978/1/2
f 978/1/2 976/1/2 979/1/2
f 979/1/2 980/1/2 981/1/2
f 978/1/2 979/1/2 981/1/2
f 981/1/2 980/1/2 982/1/2
f 982/1/2 980/1/2 983/1/2
f 983/3/2 984/3/2 985/3/2
f 982/3/2 983/3/2 985/3/2
f 985/3/2 984/3/2 986/3/2
f 987/2/2 988/2/2 989/2/2
f 989/2/2 988/2/2 990/2/2
f 987/2/2 989/2/2 991/2/2
f 990/2/2 988/2/2 992/2/2
f 987/2/2 991/2/2 993/2/2
f 991/2/2 992/2/2 993/2/2
f 992/2/2 988/2/2 994/2/2
f 993/2/2 992/2/2 994/2/2
f 995/1/2 996/1/2 997/1/2
f 997/1/2 996/1/2 998/1/2
f 1002/2/4 1000/2/4 999/2/4
f 1003/1/4 1001/1/4 1000/1/4
f 1003/2/4 1000/2/4 1002/2/4
f 1004/1/4 1001/1/4 1003/1/4
f 1009/2/4 1006/2/4 1005/2/4
f 1010/1/4 1007/1/4 1006/1/4
f 1010/2/4 1006/2/4 1009/2/4
f 1011/1/4 1007/1/4 1010/1/4
f 1013/2/4 1009/2/4 1008/2/4
f 1014/2/4 1009/2/4 1013/2/4
f 1016/1/4 1012/1/4 1011/1/4
f 1017/1/4 1012/1/4 1016/1/4
f 1018/2/4 1015/2/4 1014/2/4
f 1019/1/4 1016/1/4 1015/1/4
f 1019/2/4 1015/2/4 1018/2/4
f 1020/1/4 1016/1/4 1019/1/4
f 1025/2/4 1022/2/4 1021/2/4
f 1026/1/4 1023/1/4 1022/1/4
f 1026/2/4 1022/2/4 1025/2/4
f 1027/1/4 1023/1/4 1026/1/4
f 1029/2/4 1025/2/4 1024/2/4
f 1030/2/4 1025/2/4 1029/2/4
f 1031/1/4 1028/1/4 1027/1/4
f 1032/1/4 1028/1/4 1031/1/4
f 1037/2/4 1034/2/4 1033/2/4
f 1038/2/4 1034/2/4 1037/2/4
f 1040/1/4 1036/1/4 1035/1/4
f 1041/1/4 1036/1/4 1040/1/4
f 1042/2/4 1039/2/4 1038/2/4
f 1043/1/4 1040/1/4 1039/1/4
f 1043/2/4 1039/2/4 1042/2/4
f 1044/1/4 1040/1/4 1043/1/4
f 1048/2/4 1046/2/4 1045/2/4
f 1049/2/4 1046/2/4 1048/2/4
f 1050/2/4 1048/2/4 1047/2/4
f 1051/2/4 1048/2/4 1050/2/4
f 1053/2/4 1052/2/4 1051/2/4
f 1054/2/4 1052/2/4 1053/2/4
f 1057/2/4 1056/2/4 1055/2/4
f 1058/2/4 1056/2/4 1057/2/4
f 1061/1/4 1060/1/4 1059/1/4
f 1062/1/4 1060/1/4 1061/1/4
f 1064/1/4 1063/1/4 1062/1/4
f 1065/1/4 1063/1/4 1064/1/4
f 1069/1/4 1067/1/4 1066/1/4
f 1070/1/4 1067/1/4 1069/1/4
f 1071/1/4 1069/1/4 1068/1/4
f 1072/1/4 1069/1/4 1071/1/4
f 1075/3/4 1074/3/4 1073/3/4
f 1076/3/4 1074/3/4 1075/3/4
f 1079/3/4 1078/3/4 1077/3/4
f 1080/3/4 1078/3/4 1079/3/4
f 1083/3/4 1082/3/4 1081/3/4
f 1084/3/4 1082/3/4 1083/3/4
f 1087/6/4 1086/6/4 1085/6/4
f 1088/6/4 1086/6/4 1087/6/4
f 1091/3/4 1090/3/4 1089/3/4
f 1092/3/4 1090/3/4 1091/3/4
f 1095/1/4 1094/1/4 1093/1/4
f 1096/1/4 1094/1/4 1095/1/4
f 1097/1/4 1094/1/4 1096/1/4
f 1098/2/4 1096/2/4 1095/2/4
f 1099/2/4 1096/2/4 1098/2/4
f 1102/6/4 1101/6/4 1100/6/4
f 1103/6/4 1101/6/4 1102/6/4
f 1108/6/4 1105/6/4 1104/6/4
f 1109/6/4 1105/6/4 1108/6/4
f 1110/2/4 1107/2/4 1106/2/4
f 1111/2/4 1107/2/4 1110/2/4
f 1113/1/4 1111/1/4 1110/1/4
f 1113/1/4 1112/1/4 1111/1/4
f 1114/1/4 1112/1/4 1113/1/4
f 1119/1/4 1116/1/4 1115/1/4
f 1119/2/4 1117/2/4 1116/2/4
f 1120/3/4 1118/3/4 1117/3/4
f 1120/2/4 1117/2/4 1119/2/4
f 1121/3/4 1118/3/4 1120/3/4
f 1122/1/4 1119/1/4 1115/1/4
f 1123/1/4 1119/1/4 1122/1/4
f 1126/2/4 1125/2/4 1124/2/4
f 1127/2/4 1125/2/4 1126/2/4
f 1128/2/4 1125/2/4 1127/2/4
f 1131/6/4 1130/6/4 1129/6/4
f 1132/6/4 1130/6/4 1131/6/4
f 1138/2/4 1134/2/4 1133/2/4
f 1138/2/4 1135/2/4 1134/2/4
f 1139/2/4 1135/2/4 1138/2/4
f 1140/1/4 1137/1/4 1136/1/4
f 1143/1/4 1140/1/4 1136/1/4
f 1144/2/4 1141/2/4 1140/2/4
f 1144/1/4 1140/1/4 1143/1/4
f 1145/3/4 1142/3/4 1141/3/4
f 1145/2/4 1141/2/4 1144/2/4
f 1146/3/4 1142/3/4 1145/3/4
f 1149/4/4 1148/4/4 1147/4/4
f 1150/4/4 1148/4/4 1149/4/4
f 1153/4/4 1152/4/4 1151/4/4
f 1154/4/4 1152/4/4 1153/4/4
f 1157/4/4 1156/4/4 1155/4/4
f 1158/4/4 1156/4/4 1157/4/4
f 1163/1/4 1160/1/4 1159/1/4
f 1163/2/4 1161/2/4 1160/2/4
f 1164/2/4 1161/2/4 1163/2/4
f 1165/3/4 1162/3/4 1161/3/4
f 1165/2/4 1161/2/4 1164/2/4
f 1166/3/4 1162/3/4 1165/3/4
f 1167/1/4 1163/1/4 1159/1/4
f 1168/1/4 1163/1/4 1167/1/4
f 1171/2/4 1170/2/4 1169/2/4
f 1172/2/4 1170/2/4 1171/2/4
f 1174/6/4 1172/6/4 1171/6/4
f 1175/2/4 1173/2/4 1172/2/4
f 1175/6/4 1172/6/4 1174/6/4
f 1177/2/4 1173/2/4 1175/2/4
f 1178/6/4 1177/6/4 1176/6/4
f 1179/2/4 1173/2/4 1177/2/4
f 1179/6/4 1177/6/4 1178/6/4
f 1180/2/4 1173/2/4 1179/2/4
f 1183/2/4 1179/2/4 1178/2/4
f 1184/2/4 1179/2/4 1183/2/4
f 1185/1/4 1182/1/4 1181/1/4
f 1189/1/4 1185/1/4 1181/1/4
f 1190/2/4 1186/2/4 1185/2/4
f 1190/1/4 1185/1/4 1189/1/4
f 1190/2/4 1187/2/4 1186/2/4
f 1191/3/4 1188/3/4 1187/3/4
f 1191/2/4 1187/2/4 1190/2/4
f 1192/3/4 1188/3/4 1191/3/4
f 1195/4/4 1194/4/4 1193/4/4
f 1196/4/4 1194/4/4 1195/4/4
f 1199/4/4 1198/4/4 1197/4/4
f 1200/4/4 1198/4/4 1199/4/4
f 1203/4/4 1202/4/4 1201/4/4
f 1204/4/4 1202/4/4 1203/4/4
f 1207/3/4 1206/3/4 1205/3/4
f 1208/3/4 1206/3/4 1207/3/4
f 1209/3/4 1206/3/4 1208/3/4
f 1211/1/4 1208/1/4 1207/1/4
f 1212/1/4 1208/1/4 1211/1/4
f 1215/1/4 1214/1/4 1213/1/4
f 1216/1/4 1214/1/4 1215/1/4
f 1219/1/4 1218/1/4 1217/1/4
f 1220/1/4 1218/1/4 1219/1/4
f 1223/1/4 1222/1/4 1221/1/4
f 1225/3/4 1210/3/4 1209/3/4
f 1226/3/4 1210/3/4 1225/3/4
f 1227/1/4 1223/1/4 1221/1/4
f 1228/2/4 1224/2/4 1223/2/4
f 1228/1/4 1223/1/4 1227/1/4
f 1229/3/4 1225/3/4 1224/3/4
f 1229/2/4 1224/2/4 1228/2/4
f 1230/3/4 1225/3/4 1229/3/4
f 1233/2/4 1232/2/4 1231/2/4
f 1235/2/4 1233/2/4 1231/2/4
f 1235/2/4 1234/2/4 1233/2/4
f 1236/2/4 1234/2/4 1235/2/4
f 1239/2/4 1238/2/4 1237/2/4
f 1240/2/4 1238/2/4 1239/2/4
f 1241/2/4 1239/2/4 1237/2/4
f 1242/2/4 1239/2/4 1241/2/4
f 1247/1/4 1244/1/4 1243/1/4
f 1247/2/4 1245/2/4 1244/2/4
f 1248/3/4 1246/3/4 1245/3/4
f 1248/2/4 1245/2/4 1247/2/4
f 1249/3/4 1246/3/4 1248/3/4
f 1251/1/4 1247/1/4 1243/1/4
f 1252/1/4 1247/1/4 1251/1/4
f 1255/1/4 1254/1/4 1253/1/4
f 1256/1/4 1254/1/4 1255/1/4
f 1259/1/4 1258/1/4 1257/1/4
f 1260/1/4 1258/1/4 1259/1/4
f 1263/1/4 1262/1/4 1261/1/4
f 1264/1/4 1262/1/4 1263/1/4
f 1265/3/4 1250/3/4 1249/3/4
f 1266/3/4 1250/3/4 1265/3/4
f 1267/3/4 1264/3/4 1263/3/4
f 1267/3/4 1265/3/4 1264/3/4
f 1268/3/4 1265/3/4 1267/3/4
f 1272/2/4 1270/2/4 1269/2/4
f 1273/4/4 1272/4/4 1271/4/4
f 1274/2/4 1270/2/4 1272/2/4
f 1274/4/4 1272/4/4 1273/4/4
f 1275/2/4 1274/2/4 1273/2/4
f 1276/2/4 1274/2/4 1275/2/4
f 1277/2/4 1270/2/4 1274/2/4
f 1277/2/4 1274/2/4 1276/2/4
f 1280/4/4 1279/4/4 1278/4/4
f 1281/4/4 1279/4/4 1280/4/4
f 1282/2/4 1281/2/4 1280/2/4
f 1283/2/4 1281/2/4 1282/2/4
f 1284/2/4 1281/2/4 1283/2/4
f 1288/2/4 1286/2/4 1285/2/4
f 1288/2/4 1287/2/4 1286/2/4
f 1289/2/4 1287/2/4 1288/2/4
f 1290/4/4 1289/4/4 1288/4/4
f 1291/4/4 1289/4/4 1290/4/4
f 1294/2/4 1293/2/4 1292/2/4
f 1295/2/4 1293/2/4 1294/2/4
f 1296/2/4 1293/2/4 1295/2/4
f 1297/4/4 1296/4/4 1295/4/4
f 1298/2/4 1293/2/4 1296/2/4
f 1298/4/4 1296/4/4 1297/4/4
f 1299/2/4 1293/2/4 1298/2/4
f 1300/2/4 1293/2/4 1299/2/4
f 1304/2/4 1302/2/4 1301/2/4
f 1305/2/4 1302/2/4 1304/2/4
f 1306/3/4 1304/3/4 1303/3/4
f 1309/2/4 1308/2/4 1307/2/4
f 1310/2/4 1308/2/4 1309/2/4
f 1311/3/4 1306/3/4 1303/3/4
f 1312/3/4 1306/3/4 1311/3/4
f 1317/2/4 1316/2/4 1315/2/4
f 1318/2/4 1316/2/4 1317/2/4
f 1319/3/4 1314/3/4 1313/3/4
f 1320/3/4 1319/3/4 1313/3/4
f 1321/3/4 1319/3/4 1320/3/4
f 1323/2/4 1322/2/4 1321/2/4
f 1324/2/4 1322/2/4 1323/2/4
f 1327/1/4 1326/1/4 1325/1/4
f 1328/1/4 1326/1/4 1327/1/4
f 1332/13/4 1330/13/4 1329/13/4
f 1333/4/4 1331/4/4 1330/4/4
f 1333/13/4 1330/13/4 1332/13/4
f 1334/4/4 1331/4/4 1333/4/4
f 1337/13/4 1336/13/4 1335/13/4
f 1338/13/4 1336/13/4 1337/13/4
f 1341/13/4 1340/13/4 1339/13/4
f 1342/13/4 1340/13/4 1341/13/4
f 1345/13/4 1344/13/4 1343/13/4
f 1346/13/4 1344/13/4 1345/13/4
f 1349/13/4 1348/13/4 1347/13/4
f 1350/13/4 1348/13/4 1349/13/4
f 1353/13/4 1352/13/4 1351/13/4
f 1354/13/4 1352/13/4 1353/13/4
f 1357/13/4 1356/13/4 1355/13/4
f 1358/13/4 1356/13/4 1357/13/4
f 1362/13/4 1360/13/4 1359/13/4
f 1363/4/4 1361/4/4 1360/4/4
f 1363/13/4 1360/13/4 1362/13/4
f 1364/4/4 1361/4/4 1363/4/4
f 1367/1/4 1366/1/4 1365/1/4
f 1368/1/4 1366/1/4 1367/1/4
f 1373/1/4 1370/1/4 1369/1/4
f 1374/1/4 1370/1/4 1373/1/4
f 1375/4/4 1372/4/4 1371/4/4
f 1376/4/4 1372/4/4 1375/4/4
f 1379/4/4 1378/4/4 1377/4/4
f 1380/4/4 1378/4/4 1379/4/4
f 1383/1/4 1382/1/4 1381/1/4
f 1384/1/4 1382/1/4 1383/1/4
f 1387/4/4 1386/4/4 1385/4/4
f 1388/4/4 1386/4/4 1387/4/4
f 1391/4/4 1390/4/4 1389/4/4
f 1392/4/4 1390/4/4 1391/4/4
f 1395/4/4 1394/4/4 1393/4/4
f 1396/4/4 1394/4/4 1395/4/4
f 1399/4/4 1398/4/4 1397/4/4
f 1400/4/4 1398/4/4 1399/4/4
f 1403/4/4 1402/4/4 1401/4/4
f 1404/4/4 1402/4/4 1403/4/4
f 1407/4/4 1406/4/4 1405/4/4
f 1408/4/4 1406/4/4 1407/4/4
f 1411/2/4 1410/2/4 1409/2/4
f 1412/2/4 1410/2/4 1411/2/4
f 1415/2/4 1414/2/4 1413/2/4
f 1416/2/4 1414/2/4 1415/2/4
f 1419/1/4 1418/1/4 1417/1/4
f 1420/1/4 1418/1/4 1419/1/4
f 1423/1/4 1422/1/4 1421/1/4
f 1424/1/4 1422/1/4 1423/1/4
f 1427/1/4 1426/1/4 1425/1/4
f 1428/1/4 1426/1/4 1427/1/4
f 1431/1/4 1430/1/4 1429/1/4
f 1432/1/4 1430/1/4 1431/1/4
f 1435/1/4 1434/1/4 1433/1/4
f 1436/1/4 1434/1/4 1435/1/4
f 1439/1/4 1438/1/4 1437/1/4
f 1440/1/4 1438/1/4 1439/1/4
f 1443/1/4 1442/1/4 1441/1/4
f 1444/1/4 1442/1/4 1443/1/4
f 1447/2/4 1446/2/4 1445/2/4
f 1448/2/4 1446/2/4 1447/2/4
f 1451/1/4 1450/1/4 1449/1/4
f 1452/1/4 1450/1/4 1451/1/4
f 1455/1/4 1454/1/4 1453/1/4
f 1456/1/4 1454/1/4 1455/1/4
f 1459/2/4 1458/2/4 1457/2/4
f 1460/2/4 1458/2/4 1459/2/4
f 1463/1/4 1462/1/4 1461/1/4
f 1464/1/4 1462/1/4 1463/1/4
f 1467/3/4 1466/3/4 1465/3/4
f 1468/3/4 1466/3/4 1467/3/4
f 1471/4/4 1470/4/4 1469/4/4
f 1472/4/4 1470/4/4 1471/4/4
f 1475/1/4 1474/1/4 1473/1/4
f 1476/1/4 1474/1/4 1475/1/4
f 1479/1/4 1478/1/4 1477/1/4
f 1480/1/4 1478/1/4 1479/1/4
f 1483/4/4 1482/4/4 1481/4/4
f 1484/4/4 1482/4/4 1483/4/4
f 1487/3/4 1486/3/4 1485/3/4
f 1488/3/4 1486/3/4 1487/3/4
f 1489/2/3 1490/2/3 1491/2/3
f 1491/2/3 1490/2/3 1492/2/3
f 1493/2/3 1494/2/3 1495/2/3
f 1495/2/3 1494/2/3 1496/2/3
f 1497/2/3 1498/2/3 1499/2/3
f 1499/2/3 1498/2/3 1500/2/3
f 1501/1/3 1502/1/3 1503/1/3
f 1503/1/3 1502/1/3 1504/1/3
f 1505/2/3 1506/2/3 1507/2/3
f 1507/2/3 1506/2/3 1508/2/3
f 1509/2/3 1510/2/3 1511/2/3
f 1511/2/3 1510/2/3 1512/2/3
f 1513/1/3 1514/1/3 1515/1/3
f 1515/1/3 1514/1/3 1516/1/3
f 1517/1/3 1518/1/3 1519/1/3
f 1519/1/3 1518/1/3 1520/1/3
f 1521/4/3 1522/4/3 1523/4/3
f 1523/4/3 1522/4/3 1524/4/3
f 1523/2/3 1524/2/3 1526/2/3
f 1524/4/3 1525/4/3 1527/4/3
f 1526/2/3 1524/2/3 1527/2/3
f 1527/4/3 1525/4/3 1528/4/3
f 1529/2/3 1530/2/3 1532/2/3
f 1530/4/3 1531/4/3 1533/4/3
f 1532/2/3 1530/2/3 1533/2/3
f 1533/4/3 1531/4/3 1534/4/3
f 1532/4/3 1533/4/3 1535/4/3
f 1535/4/3 1533/4/3 1536/4/3
f 1537/1/3 1538/1/3 1539/1/3
f 1539/1/3 1538/1/3 1540/1/3
f 1541/4/3 1542/4/3 1543/4/3
f 1541/4/3 1543/4/3 1545/4/3
f 1543/4/3 1544/4/3 1545/4/3
f 1545/4/3 1544/4/3 1546/4/3
f 1541/4/3 1545/4/3 1547/4/3
f 1547/4/3 1545/4/3 1548/4/3
f 1549/4/3 1550/4/3 1551/4/3
f 1549/4/3 1551/4/3 1553/4/3
f 1551/4/3 1552/4/3 1553/4/3
f 1553/4/3 1552/4/3 1554/4/3
f 1549/4/3 1553/4/3 1555/4/3
f 1555/4/3 1553/4/3 1556/4/3
f 1557/1/3 1558/1/3 1559/1/3
f 1559/1/3 1558/1/3 1560/1/3
f 1561/1/3 1562/1/3 1563/1/3
f 1563/1/3 1562/1/3 1564/1/3
f 1565/2/3 1566/2/3 1567/2/3
f 1567/2/3 1566/2/3 1568/2/3
f 1568/2/3 1569/2/3 1571/2/3
f 1571/2/3 1569/2/3 1572/2/3
f 1570/2/3 1571/2/3 1573/2/3
f 1573/2/3 1571/2/3 1574/2/3
f 1575/1/3 1576/1/3 1577/1/3
f 1577/1/3 1576/1/3 1578/1/3
f 1579/1/3 1580/1/3 1581/1/3
f 1581/1/3 1580/1/3 1582/1/3
f 1583/1/3 1584/1/3 1585/1/3
f 1585/1/3 1584/1/3 1586/1/3
f 1587/1/3 1588/1/3 1589/1/3
f 1589/1/3 1588/1/3 1590/1/3
f 1591/2/3 1592/2/3 1594/2/3
f 1594/2/3 1592/2/3 1595/2/3
f 1593/3/3 1594/3/3 1596/3/3
f 1596/3/3 1594/3/3 1597/3/3
f 1597/1/3 1598/1/3 1599/1/3
f 1599/1/3 1598/1/3 1600/1/3
f 1601/1/3 1602/1/3 1604/1/3
f 1604/1/3 1602/1/3 1605/1/3
f 1603/3/3 1604/3/3 1606/3/3
f 1606/3/3 1604/3/3 1607/3/3
f 1607/2/3 1608/2/3 1609/2/3
f 1609/2/3 1608/2/3 1610/2/3
f 1611/2/3 1612/2/3 1613/2/3
f 1613/2/3 1612/2/3 1614/2/3
f 1615/1/3 1616/1/3 1619/1/3
f 1619/1/3 1616/1/3 1620/1/3
f 1617/1/3 1618/1/3 1622/1/3
f 1622/1/3 1618/1/3 1623/1/3
f 1620/2/3 1621/2/3 1624/2/3
f 1621/1/3 1622/1/3 1625/1/3
f 1624/2/3 1621/2/3 1625/2/3
f 1625/1/3 1622/1/3 1626/1/3
f 1624/1/3 1625/1/3 1627/1/3
f 1627/1/3 1625/1/3 1628/1/3
f 1629/2/3 1630/2/3 1631/2/3
f 1631/2/3 1630/2/3 1632/2/3
f 1633/2/3 1634/2/3 1635/2/3
f 1635/2/3 1634/2/3 1636/2/3
f 1637/1/3 1638/1/3 1639/1/3
f 1639/1/3 1638/1/3 1640/1/3
f 1639/2/3 1640/2/3 1643/2/3
f 1640/1/3 1641/1/3 1644/1/3
f 1643/2/3 1640/2/3 1644/2/3
f 1644/1/3 1641/1/3 1645/1/3
f 1645/1/3 1646/1/3 1647/1/3
f 1647/1/3 1646/1/3 1648/1/3
f 1642/1/3 1643/1/3 1649/1/3
f 1649/1/3 1643/1/3 1650/1/3
f 1651/1/3 1652/1/3 1653/1/3
f 1653/1/3 1652/1/3 1654/1/3
f 1655/2/3 1656/2/3 1657/2/3
f 1657/2/3 1656/2/3 1658/2/3
f 1658/2/3 1659/2/3 1661/2/3
f 1661/2/3 1659/2/3 1662/2/3
f 1660/2/3 1661/2/3 1663/2/3
f 1663/2/3 1661/2/3 1664/2/3
f 1665/1/3 1666/1/3 1667/1/3
f 1667/1/3 1666/1/3 1668/1/3
f 1669/1/3 1670/1/3 1671/1/3
f 1671/1/3 1670/1/3 1672/1/3
f 1673/1/3 1674/1/3 1675/1/3
f 1675/1/3 1674/1/3 1676/1/3
f 1673/1/3 1675/1/3 1677/1/3
f 1673/1/3 1677/1/3 1679/1/3
f 1677/1/3 1678/1/3 1679/1/3
f 1679/1/3 1678/1/3 1680/1/3
f 1680/3/3 1681/3/3 1683/3/3
f 1681/2/3 1682/2/3 1684/2/3
f 1683/3/3 1681/3/3 1684/3/3
f 1684/2/3 1682/2/3 1685/2/3
f 1686/4/3 1687/4/3 1688/4/3
f 1688/4/3 1687/4/3 1689/4/3
f 1689/4/3 1687/4/3 1690/4/3
f 1688/4/3 1689/4/3 1691/4/3
f 1692/2/3 1693/2/3 1694/2/3
f 1694/2/3 1693/2/3 1695/2/3
f 1691/4/3 1689/4/3 1696/4/3
f 1696/4/3 1689/4/3 1697/4/3
f 1697/4/3 1689/4/3 1698/4/3
f 1697/4/3 1698/4/3 1700/4/3
f 1698/4/3 1699/4/3 1700/4/3
f 1700/4/3 1699/4/3 1701/4/3
f 1702/3/3 1703/3/3 1706/3/3
f 1703/2/3 1704/2/3 1707/2/3
f 1706/3/3 1703/3/3 1707/3/3
f 1707/2/3 1704/2/3 1708/2/3
f 1705/1/3 1706/1/3 1709/1/3
f 1709/1/3 1706/1/3 1710/1/3
f 1705/1/3 1709/1/3 1711/1/3
f 1705/1/3 1711/1/3 1713/1/3
f 1711/1/3 1712/1/3 1713/1/3
f 1713/1/3 1712/1/3 1714/1/3
f 1715/1/3 1716/1/3 1717/1/3
f 1717/1/3 1716/1/3 1718/1/3
f 1719/1/3 1720/1/3 1721/1/3
f 1721/1/3 1720/1/3 1722/1/3
f 1723/2/3 1724/2/3 1725/2/3
f 1725/2/3 1724/2/3 1726/2/3
f 1726/2/3 1724/2/3 1728/2/3
f 1727/2/3 1728/2/3 1729/2/3
f 1728/2/3 1724/2/3 1730/2/3
f 1729/2/3 1728/2/3 1730/2/3
f 1731/3/3 1732/3/3 1733/3/3
f 1733/3/3 1732/3/3 1734/3/3
f 1734/3/3 1732/3/3 1735/3/3
f 1736/1/3 1737/1/3 1740/1/3
f 1740/1/3 1737/1/3 1741/1/3
f 1742/1/3 1743/1/3 1744/1/3
f 1744/1/3 1743/1/3 1745/1/3
f 1738/5/3 1739/5/3 1746/5/3
f 1746/5/3 1739/5/3 1747/5/3
f 1748/3/3 1749/3/3 1751/3/3
f 1749/3/3 1750/3/3 1751/3/3
f 1751/3/3 1750/3/3 1752/3/3
f 1753/2/3 1754/2/3 1755/2/3
f 1755/2/3 1754/2/3 1756/2/3
f 1756/2/3 1754/2/3 1758/2/3
f 1757/2/3 1758/2/3 1759/2/3
f 1758/2/3 1754/2/3 1760/2/3
f 1759/2/3 1758/2/3 1760/2/3
f 1761/1/3 1762/1/3 1763/1/3
f 1763/1/3 1762/1/3 1764/1/3
f 1765/3/3 1766/3/3 1767/3/3
f 1767/3/3 1766/3/3 1768/3/3
f 1769/4/3 1770/4/3 1773/4/3
f 1773/4/3 1770/4/3 1774/4/3
f 1771/4/3 1772/4/3 1775/4/3
f 1775/4/3 1772/4/3 1776/4/3
f 1777/4/3 1778/4/3 1781/4/3
f 1781/4/3 1778/4/3 1782/4/3
f 1779/4/3 1780/4/3 1783/4/3
f 1783/4/3 1780/4/3 1784/4/3
f 1785/2/3 1786/2/3 1788/2/3
f 1788/2/3 1786/2/3 1789/2/3
f 1787/3/3 1788/3/3 1792/3/3
f 1792/3/3 1788/3/3 1793/3/3
f 1790/1/3 1791/1/3 1794/1/3
f 1794/1/3 1791/1/3 1795/1/3
f 1796/1/3 1797/1/3 1798/1/3
f 1798/1/3 1797/1/3 1799/1/3
f 1793/3/3 1788/3/3 1801/3/3
f 1800/3/3 1801/3/3 1802/3/3
f 1801/3/3 1788/3/3 1803/3/3
f 1802/3/3 1801/3/3 1803/3/3
f 1803/2/3 1804/2/3 1805/2/3
f 1805/2/3 1804/2/3 1806/2/3
f 1807/4/3 1808/4/3 1811/4/3
f 1811/4/3 1808/4/3 1812/4/3
f 1809/4/3 1810/4/3 1813/4/3
f 1813/4/3 1810/4/3 1814/4/3
f 1815/4/3 1816/4/3 1819/4/3
f 1819/4/3 1816/4/3 1820/4/3
f 1817/4/3 1818/4/3 1821/4/3
f 1821/4/3 1818/4/3 1822/4/3
f 1823/3/3 1824/3/3 1825/3/3
f 1825/3/3 1824/3/3 1826/3/3
f 1827/4/3 1828/4/3 1830/4/3
f 1830/4/3 1828/4/3 1831/4/3
f 1829/4/3 1830/4/3 1833/4/3
f 1833/4/3 1830/4/3 1834/4/3
f 1831/4/3 1832/4/3 1835/4/3
f 1835/4/3 1832/4/3 1836/4/3
f 1834/4/3 1835/4/3 1837/4/3
f 1837/4/3 1835/4/3 1838/4/3
f 1839/4/3 1840/4/3 1841/4/3
f 1841/4/3 1840/4/3 1842/4/3
f 1843/4/3 1844/4/3 1845/4/3
f 1845/4/3 1844/4/3 1846/4/3
f 1847/4/3 1848/4/3 1850/4/3
f 1850/4/3 1848/4/3 1851/4/3
f 1849/4/3 1850/4/3 1853/4/3
f 1853/4/3 1850/4/3 1854/4/3
f 1851/4/3 1852/4/3 1855/4/3
f 1855/4/3 1852/4/3 1856/4/3
f 1854/4/3 1855/4/3 1857/4/3
f 1857/4/3 1855/4/3 1858/4/3
f 1864/4/5 1860/4/5 1859/4/5
f 1865/4/5 1860/4/5 1864/4/5
f 1868/4/5 1862/4/5 1861/4/5
f 1869/4/5 1862/4/5 1868/4/5
f 1871/4/5 1866/4/5 1865/4/5
f 1871/4/5 1864/4/5 1863/4/5
f 1871/4/5 1865/4/5 1864/4/5
f 1872/4/5 1866/4/5 1871/4/5
f 1873/4/5 1870/4/5 1869/4/5
f 1873/4/5 1869/4/5 1868/4/5
f 1873/4/5 1868/4/5 1867/4/5
f 1874/4/5 1870/4/5 1873/4/5
f 1879/3/5 1876/3/5 1875/3/5
f 1880/3/5 1876/3/5 1879/3/5
f 1881/3/5 1878/3/5 1877/3/5
f 1882/3/5 1878/3/5 1881/3/5
f 1883/2/5 1880/2/5 1879/2/5
f 1884/2/5 1880/2/5 1883/2/5
f 1885/2/5 1882/2/5 1881/2/5
f 1886/2/5 1882/2/5 1885/2/5
f 1887/2/5 1883/2/5 1879/2/5
f 1888/2/5 1880/2/5 1884/2/5
f 1889/2/5 1885/2/5 1881/2/5
f 1890/2/5 1882/2/5 1886/2/5
f 1891/3/5 1879/3/5 1875/3/5
f 1891/2/5 1887/2/5 1879/2/5
f 1891/2/5 1888/2/5 1887/2/5
f 1892/3/5 1876/3/5 1880/3/5
f 1892/2/5 1888/2/5 1891/2/5
f 1892/2/5 1880/2/5 1888/2/5
f 1893/2/5 1890/2/5 1889/2/5
f 1893/3/5 1881/3/5 1877/3/5
f 1893/2/5 1889/2/5 1881/2/5
f 1894/3/5 1878/3/5 1882/3/5
f 1894/2/5 1890/2/5 1893/2/5
f 1894/2/5 1882/2/5 1890/2/5
f 1895/3/5 1891/3/5 1875/3/5
f 1895/3/5 1892/3/5 1891/3/5
f 1896/3/5 1876/3/5 1892/3/5
f 1896/3/5 1892/3/5 1895/3/5
f 1897/3/5 1893/3/5 1877/3/5
f 1897/3/5 1894/3/5 1893/3/5
f 1898/3/5 1878/3/5 1894/3/5
f 1898/3/5 1894/3/5 1897/3/5
f 1917/4/5 1900/4/5 1899/4/5
f 1918/4/5 1900/4/5 1917/4/5
f 1919/4/5 1902/4/5 1901/4/5
f 1920/4/5 1902/4/5 1919/4/5
f 1921/4/5 1904/4/5 1903/4/5
f 1922/4/5 1904/4/5 1921/4/5
f 1923/1/5 1906/1/5 1905/1/5
f 1924/1/5 1908/1/5 1907/1/5
f 1925/4/5 1910/4/5 1909/4/5
f 1926/4/5 1910/4/5 1925/4/5
f 1927/4/5 1912/4/5 1911/4/5
f 1928/4/5 1912/4/5 1927/4/5
f 1929/4/5 1914/4/5 1913/4/5
f 1930/4/5 1914/4/5 1929/4/5
f 1934/3/5 1916/3/5 1915/3/5
f 1935/1/5 1918/1/5 1917/1/5
f 1935/1/5 1920/1/5 1919/1/5
f 1935/3/5 1916/3/5 1934/3/5
f 1935/1/5 1922/1/5 1921/1/5
f 1935/1/5 1923/1/5 1922/1/5
f 1935/1/5 1917/1/5 1916/1/5
f 1935/1/5 1919/1/5 1918/1/5
f 1935/1/5 1921/1/5 1920/1/5
f 1936/1/5 1923/1/5 1935/1/5
f 1937/1/5 1931/1/5 1930/1/5
f 1937/1/5 1930/1/5 1929/1/5
f 1937/1/5 1926/1/5 1925/1/5
f 1937/1/5 1928/1/5 1927/1/5
f 1937/1/5 1929/1/5 1928/1/5
f 1937/1/5 1925/1/5 1924/1/5
f 1937/1/5 1927/1/5 1926/1/5
f 1938/3/5 1932/3/5 1931/3/5
f 1938/1/5 1931/1/5 1937/1/5
f 1939/3/5 1932/3/5 1938/3/5
f 1941/1/5 1923/1/5 1936/1/5
f 1941/1/5 1906/1/5 1923/1/5
f 1942/1/5 1906/1/5 1941/1/5
f 1943/1/5 1937/1/5 1924/1/5
f 1943/1/5 1924/1/5 1907/1/5
f 1944/1/5 1937/1/5 1943/1/5
f 1945/2/5 1934/2/5 1933/2/5
f 1946/2/5 1934/2/5 1945/2/5
f 1947/1/5 1941/1/5 1936/1/5
f 1948/1/5 1941/1/5 1947/1/5
f 1949/1/5 1937/1/5 1944/1/5
f 1950/1/5 1937/1/5 1949/1/5
f 1951/2/5 1940/2/5 1939/2/5
f 1952/2/5 1940/2/5 1951/2/5
f 1953/1/5 1947/1/5 1946/1/5
f 1954/1/5 1947/1/5 1953/1/5
f 1959/1/5 1951/1/5 1950/1/5
f 1960/1/5 1951/1/5 1959/1/5
f 1961/1/5 1947/1/5 1954/1/5
f 1962/1/5 1947/1/5 1961/1/5
f 1963/1/5 1959/1/5 1950/1/5
f 1964/1/5 1959/1/5 1963/1/5
f 1965/1/5 1956/1/5 1955/1/5
f 1966/1/5 1956/1/5 1965/1/5
f 1967/1/5 1958/1/5 1957/1/5
f 1968/1/5 1958/1/5 1967/1/5
f 1973/1/5 1970/1/5 1969/1/5
f 1974/1/5 1970/1/5 1973/1/5
f 1975/1/5 1972/1/5 1971/1/5
f 1976/1/5 1972/1/5 1975/1/5
f 1981/1/5 1978/1/5 1977/1/5
f 1982/1/5 1978/1/5 1981/1/5
f 1983/1/5 1980/1/5 1979/1/5
f 1984/1/5 1980/1/5 1983/1/5
f 1989/1/5 1986/1/5 1985/1/5
f 1990/1/5 1986/1/5 1989/1/5
f 1991/1/5 1988/1/5 1987/1/5
f 1992/1/5 1988/1/5 1991/1/5
f 1997/4/5 1994/4/5 1993/4/5
f 1998/4/5 1994/4/5 1997/4/5
f 1999/4/5 1994/4/5 1998/4/5
f 2000/4/5 1994/4/5 1999/4/5
f 2001/4/5 1996/4/5 1995/4/5
f 2002/4/5 1996/4/5 2001/4/5
f 2003/4/5 1996/4/5 2002/4/5
f 2004/4/5 1996/4/5 2003/4/5
f 2005/4/5 1999/4/5 1998/4/5
f 2006/4/5 1999/4/5 2005/4/5
f 2007/4/5 2003/4/5 2002/4/5
f 2008/4/5 2003/4/5 2007/4/5
f 2011/2/5 2010/2/5 2009/2/5
f 2012/2/5 2010/2/5 2011/2/5
f 2013/2/5 2011/2/5 2009/2/5
f 2013/13/5 2012/13/5 2011/13/5
f 2014/2/5 2010/2/5 2012/2/5
f 2014/13/5 2012/13/5 2013/13/5
f 2017/2/5 2013/2/5 2009/2/5
f 2017/2/5 2014/2/5 2013/2/5
f 2018/2/5 2010/2/5 2014/2/5
f 2018/2/5 2014/2/5 2017/2/5
f 2021/1/5 2016/1/5 2015/1/5
f 2022/2/5 2017/2/5 2016/2/5
f 2022/1/5 2016/1/5 2021/1/5
f 2022/2/5 2018/2/5 2017/2/5
f 2022/2/5 2019/2/5 2018/2/5
f 2023/1/5 2020/1/5 2019/1/5
f 2023/2/5 2019/2/5 2022/2/5
f 2024/1/5 2020/1/5 2023/1/5
f 2025/2/5 2022/2/5 2021/2/5
f 2025/2/5 2023/2/5 2022/2/5
f 2025/2/5 2024/2/5 2023/2/5
f 2026/2/5 2024/2/5 2025/2/5
f 2027/2/5 2024/2/5 2026/2/5
f 2028/2/5 2024/2/5 2027/2/5
f 2030/2/5 2027/2/5 2026/2/5
f 2031/2/5 2027/2/5 2030/2/5
f 2032/2/5 2027/2/5 2031/2/5
f 2033/2/5 2027/2/5 2032/2/5
f 2035/2/5 2030/2/5 2029/2/5
f 2035/2/5 2031/2/5 2030/2/5
f 2036/3/5 2032/3/5 2031/3/5
f 2036/2/5 2031/2/5 2035/2/5
f 2037/2/5 2033/2/5 2032/2/5
f 2037/3/5 2032/3/5 2036/3/5
f 2037/2/5 2034/2/5 2033/2/5
f 2038/2/5 2034/2/5 2037/2/5
f 2039/2/5 2035/2/5 2029/2/5
f 2040/3/5 2036/3/5 2035/3/5
f 2040/2/5 2035/2/5 2039/2/5
f 2040/3/5 2037/3/5 2036/3/5
f 2040/3/5 2038/3/5 2037/3/5
f 2041/2/5 2034/2/5 2038/2/5
f 2041/3/5 2038/3/5 2040/3/5
f 2042/2/5 2034/2/5 2041/2/5
f 2043/2/5 2039/2/5 2029/2/5
f 2044/3/5 2040/3/5 2039/3/5
f 2044/2/5 2039/2/5 2043/2/5
f 2044/3/5 2041/3/5 2040/3/5
f 2044/3/5 2042/3/5 2041/3/5
f 2045/2/5 2034/2/5 2042/2/5
f 2045/3/5 2042/3/5 2044/3/5
f 2046/2/5 2034/2/5 2045/2/5
f 2047/2/5 2043/2/5 2029/2/5
f 2048/3/5 2044/3/5 2043/3/5
f 2048/2/5 2043/2/5 2047/2/5
f 2048/3/5 2045/3/5 2044/3/5
f 2048/3/5 2046/3/5 2045/3/5
f 2049/2/5 2034/2/5 2046/2/5
f 2049/3/5 2046/3/5 2048/3/5
f 2050/2/5 2034/2/5 2049/2/5
f 2052/3/5 2048/3/5 2047/3/5
f 2052/3/5 2049/3/5 2048/3/5
f 2052/3/5 2050/3/5 2049/3/5
f 2053/3/5 2050/3/5 2052/3/5
f 2055/3/5 2053/3/5 2052/3/5
f 2055/3/5 2054/3/5 2053/3/5
f 2055/3/5 2052/3/5 2051/3/5
f 2056/3/5 2054/3/5 2055/3/5
f 2057/3/5 2054/3/5 2056/3/5
f 2058/3/5 2054/3/5 2057/3/5
f 2059/3/5 2055/3/5 2051/3/5
f 2060/3/5 2055/3/5 2059/3/5
f 2061/3/5 2057/3/5 2056/3/5
f 2062/3/5 2057/3/5 2061/3/5
f 2063/3/5 2054/3/5 2058/3/5
f 2064/3/5 2054/3/5 2063/3/5
f 2068/3/5 2059/3/5 2051/3/5
f 2069/3/5 2059/3/5 2068/3/5
f 2070/4/5 2060/4/5 2059/4/5
f 2070/3/5 2059/3/5 2069/3/5
f 2071/4/5 2060/4/5 2070/4/5
f 2072/4/5 2062/4/5 2061/4/5
f 2073/4/5 2062/4/5 2072/4/5
f 2074/4/5 2064/4/5 2063/4/5
f 2075/3/5 2054/3/5 2064/3/5
f 2075/4/5 2064/4/5 2074/4/5
f 2076/3/5 2054/3/5 2075/3/5
f 2077/3/5 2054/3/5 2076/3/5
f 2081/2/5 2066/2/5 2065/2/5
f 2082/2/5 2066/2/5 2081/2/5
f 2083/2/5 2068/2/5 2067/2/5
f 2084/2/5 2068/2/5 2083/2/5
f 2085/3/5 2070/3/5 2069/3/5
f 2086/3/5 2070/3/5 2085/3/5
f 2087/3/5 2076/3/5 2075/3/5
f 2088/3/5 2076/3/5 2087/3/5
f 2089/2/5 2078/2/5 2077/2/5
f 2090/2/5 2078/2/5 2089/2/5
f 2091/2/5 2080/2/5 2079/2/5
f 2092/2/5 2080/2/5 2091/2/5
f 2101/4/5 2094/4/5 2093/4/5
f 2102/4/5 2094/4/5 2101/4/5
f 2103/4/5 2096/4/5 2095/4/5
f 2104/4/5 2096/4/5 2103/4/5
f 2105/4/5 2098/4/5 2097/4/5
f 2106/4/5 2098/4/5 2105/4/5
f 2107/4/5 2100/4/5 2099/4/5
f 2108/4/5 2100/4/5 2107/4/5
f 2112/2/5 2110/2/5 2109/2/5
f 2113/2/5 2110/2/5 2112/2/5
f 2116/2/5 2112/2/5 2111/2/5
f 2116/2/5 2114/2/5 2113/2/5
f 2116/2/5 2113/2/5 2112/2/5
f 2117/2/5 2114/2/5 2116/2/5
f 2119/2/5 2116/2/5 2115/2/5
f 2120/2/5 2116/2/5 2119/2/5
f 2121/2/5 2118/2/5 2117/2/5
f 2122/2/5 2118/2/5 2121/2/5
f 2123/3/5 2120/3/5 2119/3/5
f 2124/3/5 2120/3/5 2123/3/5
f 2125/3/5 2122/3/5 2121/3/5
f 2126/3/5 2122/3/5 2125/3/5
f 2127/1/5 2124/1/5 2123/1/5
f 2128/1/5 2124/1/5 2127/1/5
f 2129/1/5 2126/1/5 2125/1/5
f 2130/1/5 2126/1/5 2129/1/5
f 2131/2/5 2128/2/5 2127/2/5
f 2132/2/5 2128/2/5 2131/2/5
f 2133/2/5 2130/2/5 2129/2/5
f 2134/2/5 2130/2/5 2133/2/5
f 2137/5/5 2136/5/5 2135/5/5
f 2138/5/5 2136/5/5 2137/5/5
f 2142/2/5 2140/2/5 2139/2/5
f 2143/2/5 2140/2/5 2142/2/5
f 2146/2/5 2142/2/5 2141/2/5
f 2147/2/5 2142/2/5 2146/2/5
f 2148/2/5 2144/2/5 2143/2/5
f 2149/2/5 2144/2/5 2148/2/5
f 2151/2/5 2146/2/5 2145/2/5
f 2152/2/5 2146/2/5 2151/2/5
f 2153/2/5 2150/2/5 2149/2/5
f 2154/2/5 2150/2/5 2153/2/5
f 2155/1/5 2152/1/5 2151/1/5
f 2156/1/5 2152/1/5 2155/1/5
f 2157/1/5 2154/1/5 2153/1/5
f 2158/1/5 2154/1/5 2157/1/5
f 2163/3/5 2160/3/5 2159/3/5
f 2164/3/5 2160/3/5 2163/3/5
f 2165/3/5 2162/3/5 2161/3/5
f 2166/3/5 2162/3/5 2165/3/5
f 2179/2/5 2168/2/5 2167/2/5
f 2180/2/5 2168/2/5 2179/2/5
f 2181/2/5 2176/2/5 2175/2/5
f 2182/2/5 2176/2/5 2181/2/5
f 2183/2/5 2170/2/5 2169/2/5
f 2184/2/5 2170/2/5 2183/2/5
f 2185/2/5 2172/2/5 2171/2/5
f 2186/2/5 2172/2/5 2185/2/5
f 2187/2/5 2178/2/5 2177/2/5
f 2188/2/5 2178/2/5 2187/2/5
f 2189/2/5 2174/2/5 2173/2/5
f 2190/2/5 2174/2/5 2189/2/5
f 2195/1/5 2192/1/5 2191/1/5
f 2196/1/5 2192/1/5 2195/1/5
f 2197/1/5 2194/1/5 2193/1/5
f 2198/1/5 2194/1/5 2197/1/5
f 2199/3/5 2196/3/5 2195/3/5
f 2200/5/5 2197/5/5 2196/5/5
f 2200/3/5 2196/3/5 2199/3/5
f 2201/3/5 2198/3/5 2197/3/5
f 2201/5/5 2197/5/5 2200/5/5
f 2202/3/5 2198/3/5 2201/3/5
f 2207/3/5 2204/3/5 2203/3/5
f 2208/3/5 2204/3/5 2207/3/5
f 2209/3/5 2206/3/5 2205/3/5
f 2210/3/5 2206/3/5 2209/3/5
f 2215/2/5 2212/2/5 2211/2/5
f 2216/2/5 2214/2/5 2213/2/5
f 2217/2/5 2212/2/5 2215/2/5
f 2218/2/5 2212/2/5 2217/2/5
f 2219/2/5 2216/2/5 2213/2/5
f 2220/2/5 2216/2/5 2219/2/5
f 2225/3/5 2222/3/5 2221/3/5
f 2226/3/5 2222/3/5 2225/3/5
f 2227/3/5 2222/3/5 2226/3/5
f 2228/3/5 2222/3/5 2227/3/5
f 2229/3/5 2222/3/5 2228/3/5
f 2230/3/5 2224/3/5 2223/3/5
f 2231/3/5 2224/3/5 2230/3/5
f 2232/3/5 2224/3/5 2231/3/5
f 2233/3/5 2224/3/5 2232/3/5
f 2234/3/5 2224/3/5 2233/3/5
f 2235/3/5 2227/3/5 2226/3/5
f 2236/3/5 2227/3/5 2235/3/5
f 2237/3/5 2233/3/5 2232/3/5
f 2238/3/5 2233/3/5 2237/3/5
f 2243/2/5 2240/2/5 2239/2/5
f 2244/2/5 2240/2/5 2243/2/5
f 2245/2/5 2242/2/5 2241/2/5
f 2246/2/5 2242/2/5 2245/2/5
f 2251/1/5 2248/1/5 2247/1/5
f 2252/1/5 2248/1/5 2251/1/5
f 2253/1/5 2250/1/5 2249/1/5
f 2254/1/5 2250/1/5 2253/1/5
f 2259/4/5 2256/4/5 2255/4/5
f 2260/4/5 2256/4/5 2259/4/5
f 2261/4/5 2258/4/5 2257/4/5
f 2262/4/5 2258/4/5 2261/4/5
f 2267/1/5 2264/1/5 2263/1/5
f 2268/1/5 2264/1/5 2267/1/5
f 2269/1/5 2266/1/5 2265/1/5
f 2270/1/5 2266/1/5 2269/1/5
f 2275/1/5 2272/1/5 2271/1/5
f 2276/1/5 2274/1/5 2273/1/5
f 2277/1/5 2275/1/5 2271/1/5
f 2278/1/5 2275/1/5 2277/1/5
f 2279/1/5 2274/1/5 2276/1/5
f 2280/1/5 2274/1/5 2279/1/5
f 2285/1/5 2282/1/5 2281/1/5
f 2286/1/5 2282/1/5 2285/1/5
f 2287/1/5 2284/1/5 2283/1/5
f 2288/1/5 2284/1/5 2287/1/5
f 2293/3/5 2290/3/5 2289/3/5
f 2294/3/5 2290/3/5 2293/3/5
f 2295/3/5 2292/3/5 2291/3/5
f 2296/3/5 2292/3/5 2295/3/5
f 2297/4/6 2298/4/6 2301/4/6
f 2301/4/6 2298/4/6 2302/4/6
f 2299/4/6 2300/4/6 2303/4/6
f 2303/4/6 2300/4/6 2304/4/6
f 2305/4/6 2306/4/6 2313/4/6
f 2313/4/6 2306/4/6 2314/4/6
f 2307/4/6 2308/4/6 2315/4/6
f 2315/4/6 2308/4/6 2316/4/6
f 2309/4/6 2310/4/6 2317/4/6
f 2317/4/6 2310/4/6 2318/4/6
f 2311/4/6 2312/4/6 2319/4/6
f 2319/4/6 2312/4/6 2320/4/6
f 2321/1/6 2322/1/6 2337/1/6
f 2335/1/6 2336/1/6 2338/1/6
f 2337/1/6 2322/1/6 2339/1/6
f 2339/1/6 2322/1/6 2340/1/6
f 2323/1/6 2324/1/6 2341/1/6
f 2341/1/6 2324/1/6 2342/1/6
f 2325/1/6 2326/1/6 2343/1/6
f 2343/1/6 2326/1/6 2344/1/6
f 2327/1/6 2328/1/6 2345/1/6
f 2345/1/6 2328/1/6 2346/1/6
f 2329/1/6 2330/1/6 2347/1/6
f 2347/1/6 2330/1/6 2348/1/6
f 2331/1/6 2332/1/6 2349/1/6
f 2349/1/6 2332/1/6 2350/1/6
f 2333/1/6 2334/1/6 2351/1/6
f 2351/1/6 2334/1/6 2352/1/6
f 2335/1/6 2338/1/6 2353/1/6
f 2353/1/6 2338/1/6 2354/1/6
f 2355/1/6 2356/1/6 2359/1/6
f 2359/1/6 2356/1/6 2360/1/6
f 2357/1/6 2358/1/6 2361/1/6
f 2361/1/6 2358/1/6 2362/1/6
f 2363/1/6 2364/1/6 2367/1/6
f 2367/1/6 2364/1/6 2368/1/6
f 2365/1/6 2366/1/6 2369/1/6
f 2369/1/6 2366/1/6 2370/1/6
f 2371/4/6 2372/4/6 2383/4/6
f 2383/4/6 2372/4/6 2384/4/6
f 2373/4/6 2374/4/6 2385/4/6
f 2385/4/6 2374/4/6 2386/4/6
f 2375/4/6 2376/4/6 2387/4/6
f 2387/4/6 2376/4/6 2388/4/6
f 2377/4/6 2378/4/6 2389/4/6
f 2389/4/6 2378/4/6 2390/4/6
f 2379/4/6 2380/4/6 2391/4/6
f 2391/4/6 2380/4/6 2392/4/6
f 2381/4/6 2382/4/6 2393/4/6
f 2393/4/6 2382/4/6 2394/4/6
f 2395/1/6 2396/1/6 2399/1/6
f 2399/1/6 2396/1/6 2400/1/6
f 2397/1/6 2398/1/6 2401/1/6
f 2401/1/6 2398/1/6 2402/1/6
f 2403/4/6 2404/4/6 2411/4/6
f 2411/4/6 2404/4/6 2412/4/6
f 2405/4/6 2406/4/6 2413/4/6
f 2413/4/6 2406/4/6 2414/4/6
f 2407/4/6 2408/4/6 2415/4/6
f 2415/4/6 2408/4/6 2416/4/6
f 2409/4/6 2410/4/6 2417/4/6
f 2417/4/6 2410/4/6 2418/4/6
f 2419/2/6 2420/2/6 2423/2/6
f 2423/2/6 2420/2/6 2424/2/6
f 2421/2/6 2422/2/6 2425/2/6
f 2425/2/6 2422/2/6 2426/2/6
f 2427/4/6 2428/4/6 2431/4/6
f 2431/4/6 2428/4/6 2432/4/6
f 2432/4/6 2428/4/6 2433/4/6
f 2433/4/6 2428/4/6 2434/4/6
f 2429/4/6 2430/4/6 2435/4/6
f 2435/4/6 2430/4/6 2436/4/6
f 2436/4/6 2430/4/6 2437/4/6
f 2437/4/6 2430/4/6 2438/4/6
f 1854/7/3 1850/14/3 1851/8/3
f 2201/15/3 1793/16/3 1801/17/3
f 2432/4/6 2433/4/6 2439/4/6
f 2439/4/6 2433/4/6 2440/4/6
f 2436/4/6 2437/4/6 2441/4/6
f 2441/4/6 2437/4/6 2442/4/6
f 1835/10/3 1834/18/3 1830/11/3
f 2201/15/3 2200/19/3 1793/16/3
f 2443/1/6 2444/1/6 2446/1/6
f 2446/1/6 2444/1/6 2447/1/6
f 2445/1/6 2446/1/6 2450/1/6
f 2450/1/6 2446/1/6 2451/1/6
f 2447/1/6 2448/1/6 2452/1/6
f 2452/1/6 2448/1/6 2453/1/6
f 2449/1/6 2450/1/6 2455/1/6
f 2453/1/6 2454/1/6 2456/1/6
f 2449/1/6 2455/1/6 2457/1/6
f 2457/1/6 2455/1/6 2458/1/6
f 2456/1/6 2454/1/6 2459/1/6
f 2459/1/6 2454/1/6 2460/1/6
f 2457/3/6 2458/3/6 2461/3/6
f 2459/3/6 2460/3/6 2462/3/6
f 2457/3/6 2461/3/6 2463/3/6
f 2463/3/6 2461/3/6 2464/3/6
f 2462/3/6 2460/3/6 2465/3/6
f 2465/3/6 2460/3/6 2466/3/6
f 2463/1/6 2464/1/6 2467/1/6
f 2467/1/6 2464/1/6 2468/1/6
f 2465/1/6 2466/1/6 2469/1/6
f 2469/1/6 2466/1/6 2470/1/6
f 2471/3/6 2472/3/6 2476/3/6
f 2473/3/6 2474/3/6 2477/3/6
f 2475/3/6 2476/3/6 2480/3/6
f 2477/3/6 2478/3/6 2481/3/6
f 2479/3/6 2480/3/6 2486/3/6
f 2480/3/6 2476/3/6 2487/3/6
f 2486/3/6 2480/3/6 2487/3/6
f 2476/3/6 2472/3/6 2488/3/6
f 2487/3/6 2476/3/6 2488/3/6
f 2473/3/6 2477/3/6 2489/3/6
f 2477/3/6 2481/3/6 2489/3/6
f 2481/3/6 2482/3/6 2489/3/6
f 2489/3/6 2482/3/6 2490/3/6
f 2490/3/6 2482/3/6 2491/3/6
f 2486/3/6 2487/3/6 2495/3/6
f 2485/3/6 2486/3/6 2495/3/6
f 2495/3/6 2487/3/6 2496/3/6
f 2491/3/6 2492/3/6 2497/3/6
f 2490/3/6 2491/3/6 2497/3/6
f 2497/3/6 2492/3/6 2498/3/6
f 2483/3/6 2484/3/6 2499/3/6
f 2499/3/6 2484/3/6 2500/3/6
f 2485/3/6 2495/3/6 2501/3/6
f 2495/1/6 2496/1/6 2502/1/6
f 2501/3/6 2495/3/6 2502/3/6
f 2498/3/6 2492/3/6 2503/3/6
f 2497/1/6 2498/1/6 2503/1/6
f 2503/3/6 2492/3/6 2504/3/6
f 2493/3/6 2494/3/6 2505/3/6
f 2505/3/6 2494/3/6 2506/3/6
f 2502/1/6 2496/1/6 2507/1/6
f 2501/1/6 2502/1/6 2507/1/6
f 2503/1/6 2504/1/6 2508/1/6
f 2497/1/6 2503/1/6 2508/1/6
f 2501/1/6 2507/1/6 2510/1/6
f 2510/1/6 2507/1/6 2511/1/6
f 2508/1/6 2504/1/6 2516/1/6
f 2516/1/6 2504/1/6 2517/1/6
f 2509/1/6 2510/1/6 2519/1/6
f 2510/1/6 2511/1/6 2519/1/6
f 2511/1/6 2512/1/6 2519/1/6
f 2512/1/6 2513/1/6 2519/1/6
f 2519/1/6 2513/1/6 2520/1/6
f 2514/1/6 2515/1/6 2521/1/6
f 2517/1/6 2518/1/6 2521/1/6
f 2516/1/6 2517/1/6 2521/1/6
f 2515/1/6 2516/1/6 2521/1/6
f 2521/1/6 2518/1/6 2522/1/6
f 2499/1/6 2500/1/6 2523/1/6
f 2509/1/6 2519/1/6 2526/1/6
f 2526/1/6 2519/1/6 2527/1/6
f 2527/1/6 2519/1/6 2528/1/6
f 2522/1/6 2518/1/6 2529/1/6
f 2529/1/6 2518/1/6 2530/1/6
f 2530/1/6 2518/1/6 2531/1/6
f 2505/1/6 2506/1/6 2534/1/6
f 2523/1/6 2524/1/6 2535/1/6
f 2499/1/6 2523/1/6 2535/1/6
f 2535/1/6 2524/1/6 2536/1/6
f 2525/1/6 2526/1/6 2537/1/6
f 2526/1/6 2527/1/6 2537/1/6
f 2527/2/6 2528/2/6 2538/2/6
f 2537/1/6 2527/1/6 2538/1/6
f 2531/1/6 2532/1/6 2539/1/6
f 2529/2/6 2530/2/6 2539/2/6
f 2530/1/6 2531/1/6 2539/1/6
f 2539/1/6 2532/1/6 2540/1/6
f 2533/1/6 2534/1/6 2541/1/6
f 2534/1/6 2506/1/6 2542/1/6
f 2541/1/6 2534/1/6 2542/1/6
f 2525/1/6 2537/1/6 2543/1/6
f 2537/2/6 2538/2/6 2544/2/6
f 2543/1/6 2537/1/6 2544/1/6
f 2540/1/6 2532/1/6 2545/1/6
f 2539/2/6 2540/2/6 2545/2/6
f 2545/1/6 2532/1/6 2546/1/6
f 2535/2/6 2536/2/6 2547/2/6
f 2499/1/6 2535/1/6 2547/1/6
f 2547/2/6 2536/2/6 2548/2/6
f 2525/1/6 2543/1/6 2549/1/6
f 2543/2/6 2544/2/6 2550/2/6
f 2549/1/6 2543/1/6 2550/1/6
f 2546/1/6 2532/1/6 2551/1/6
f 2545/2/6 2546/2/6 2551/2/6
f 2551/1/6 2532/1/6 2552/1/6
f 2541/2/6 2542/2/6 2553/2/6
f 2542/1/6 2506/1/6 2554/1/6
f 2553/2/6 2542/2/6 2554/2/6
f 2547/1/6 2548/1/6 2555/1/6
f 2499/1/6 2547/1/6 2555/1/6
f 2555/1/6 2548/1/6 2556/1/6
f 2525/1/6 2549/1/6 2558/1/6
f 2549/2/6 2550/2/6 2559/2/6
f 2558/1/6 2549/1/6 2559/1/6
f 2552/1/6 2532/1/6 2560/1/6
f 2551/2/6 2552/2/6 2560/2/6
f 2560/1/6 2532/1/6 2561/1/6
f 2553/1/6 2554/1/6 2563/1/6
f 2554/1/6 2506/1/6 2564/1/6
f 2563/1/6 2554/1/6 2564/1/6
f 2557/1/6 2558/1/6 2565/1/6
f 2556/1/6 2557/1/6 2565/1/6
f 2558/2/6 2559/2/6 2566/2/6
f 2565/1/6 2558/1/6 2566/1/6
f 2520/1/6 2513/1/6 2567/1/6
f 2514/1/6 2521/1/6 2570/1/6
f 2562/1/6 2563/1/6 2571/1/6
f 2561/1/6 2562/1/6 2571/1/6
f 2560/2/6 2561/2/6 2571/2/6
f 2571/1/6 2563/1/6 2572/1/6
f 2556/1/6 2565/1/6 2573/1/6
f 2565/2/6 2566/2/6 2574/2/6
f 2573/1/6 2565/1/6 2574/1/6
f 2566/2/6 2559/2/6 2575/2/6
f 2574/2/6 2566/2/6 2575/2/6
f 2538/2/6 2528/2/6 2575/2/6
f 2544/2/6 2538/2/6 2575/2/6
f 2550/2/6 2544/2/6 2575/2/6
f 2559/2/6 2550/2/6 2575/2/6
f 2575/2/6 2528/2/6 2576/2/6
f 2567/1/6 2568/1/6 2577/1/6
f 2520/1/6 2567/1/6 2577/1/6
f 2577/1/6 2568/1/6 2578/1/6
f 2569/1/6 2570/1/6 2579/1/6
f 2570/1/6 2521/1/6 2580/1/6
f 2579/1/6 2570/1/6 2580/1/6
f 2571/2/6 2572/2/6 2581/2/6
f 2560/2/6 2571/2/6 2581/2/6
f 2529/2/6 2539/2/6 2581/2/6
f 2539/2/6 2545/2/6 2581/2/6
f 2551/2/6 2560/2/6 2581/2/6
f 2545/2/6 2551/2/6 2581/2/6
f 2581/2/6 2572/2/6 2582/2/6
f 2572/1/6 2563/1/6 2583/1/6
f 2582/2/6 2572/2/6 2583/2/6
f 2583/1/6 2563/1/6 2584/1/6
f 2573/2/6 2574/2/6 2585/2/6
f 2574/2/6 2575/2/6 2585/2/6
f 2585/2/6 2575/2/6 2586/2/6
f 2583/2/6 2584/2/6 2587/2/6
f 2582/2/6 2583/2/6 2587/2/6
f 2587/2/6 2584/2/6 2588/2/6
f 2579/3/6 2580/3/6 2589/3/6
f 2577/3/6 2578/3/6 2589/3/6
f 2578/3/6 2579/3/6 2589/3/6
f 2589/3/6 2580/3/6 2590/3/6
f 2591/1/6 2592/1/6 2594/1/6
f 2594/1/6 2592/1/6 2595/1/6
f 2593/1/6 2594/1/6 2597/1/6
f 2595/1/6 2596/1/6 2597/1/6
f 2594/1/6 2595/1/6 2597/1/6
f 2597/1/6 2596/1/6 2598/1/6
f 2593/1/6 2597/1/6 2599/1/6
f 2597/3/6 2598/3/6 2600/3/6
f 2599/1/6 2597/1/6 2600/1/6
f 2598/1/6 2596/1/6 2601/1/6
f 2600/3/6 2598/3/6 2601/3/6
f 2601/1/6 2596/1/6 2602/1/6
f 2599/3/6 2600/3/6 2603/3/6
f 2600/3/6 2601/3/6 2603/3/6
f 2601/3/6 2602/3/6 2603/3/6
f 2603/3/6 2602/3/6 2604/3/6
f 2599/3/6 2603/3/6 2605/3/6
f 2603/1/6 2604/1/6 2606/1/6
f 2605/3/6 2603/3/6 2606/3/6
f 2604/3/6 2602/3/6 2607/3/6
f 2606/1/6 2604/1/6 2607/1/6
f 2607/3/6 2602/3/6 2608/3/6
f 2605/1/6 2606/1/6 2609/1/6
f 2606/1/6 2607/1/6 2609/1/6
f 2607/1/6 2608/1/6 2609/1/6
f 2609/1/6 2608/1/6 2610/1/6
f 2605/1/6 2609/1/6 2611/1/6
f 2609/2/6 2610/2/6 2611/2/6
f 2610/1/6 2608/1/6 2612/1/6
f 2611/2/6 2610/2/6 2612/2/6
f 2605/1/6 2611/1/6 2614/1/6
f 2614/1/6 2611/1/6 2615/1/6
f 2612/1/6 2608/1/6 2616/1/6
f 2616/1/6 2608/1/6 2617/1/6
f 2613/1/6 2614/1/6 2619/1/6
f 2617/1/6 2618/1/6 2620/1/6
f 2613/1/6 2619/1/6 2621/1/6
f 2621/1/6 2619/1/6 2622/1/6
f 2620/1/6 2618/1/6 2623/1/6
f 2623/1/6 2618/1/6 2624/1/6
f 2625/3/6 2626/3/6 2633/3/6
f 2633/3/6 2626/3/6 2634/3/6
f 2631/3/6 2632/3/6 2635/3/6
f 2635/3/6 2632/3/6 2636/3/6
f 2633/1/6 2634/1/6 2637/1/6
f 2637/1/6 2634/1/6 2638/1/6
f 2635/1/6 2636/1/6 2639/1/6
f 2639/1/6 2636/1/6 2640/1/6
f 2627/2/6 2628/2/6 2641/2/6
f 2641/2/6 2628/2/6 2642/2/6
f 2629/2/6 2630/2/6 2643/2/6
f 2643/2/6 2630/2/6 2644/2/6
f 2638/1/6 2634/1/6 2645/1/6
f 2645/1/6 2634/1/6 2646/1/6
f 2641/4/6 2642/4/6 2647/4/6
f 2647/4/6 2642/4/6 2648/4/6
f 2643/4/6 2644/4/6 2649/4/6
f 2649/4/6 2644/4/6 2650/4/6
f 2635/1/6 2639/1/6 2651/1/6
f 2651/1/6 2639/1/6 2652/1/6
f 2633/1/6 2637/1/6 2657/1/6
f 2657/1/6 2637/1/6 2658/1/6
f 2638/1/6 2645/1/6 2659/1/6
f 2659/1/6 2645/1/6 2660/1/6
f 2652/1/6 2639/1/6 2661/1/6
f 2661/1/6 2639/1/6 2662/1/6
f 2640/1/6 2636/1/6 2663/1/6
f 2663/1/6 2636/1/6 2664/1/6
f 2653/2/6 2654/2/6 2665/2/6
f 2665/2/6 2654/2/6 2666/2/6
f 2655/2/6 2656/2/6 2667/2/6
f 2667/2/6 2656/2/6 2668/2/6
f 2638/1/6 2659/1/6 2669/1/6
f 2669/1/6 2659/1/6 2670/1/6
f 2662/1/6 2639/1/6 2675/1/6
f 2675/1/6 2639/1/6 2676/1/6
f 2671/2/6 2672/2/6 2677/2/6
f 2677/2/6 2672/2/6 2678/2/6
f 2673/2/6 2674/2/6 2679/2/6
f 2679/2/6 2674/2/6 2680/2/6
f 2678/2/6 2679/2/6 2681/2/6
f 2681/2/6 2679/2/6 2682/2/6
f 2683/2/6 2684/2/6 2686/2/6
f 2686/2/6 2684/2/6 2687/2/6
f 2685/1/6 2686/1/6 2689/1/6
f 2686/2/6 2687/2/6 2690/2/6
f 2689/1/6 2686/1/6 2690/1/6
f 2687/1/6 2688/1/6 2691/1/6
f 2690/2/6 2687/2/6 2691/2/6
f 2691/1/6 2688/1/6 2692/1/6
f 2689/2/6 2690/2/6 2693/2/6
f 2693/2/6 2690/2/6 2694/2/6
f 2691/2/6 2692/2/6 2695/2/6
f 2695/2/6 2692/2/6 2696/2/6
f 2697/2/6 2698/2/6 2705/2/6
f 2705/2/6 2698/2/6 2706/2/6
f 2699/2/6 2700/2/6 2707/2/6
f 2707/2/6 2700/2/6 2708/2/6
f 2705/4/6 2706/4/6 2709/4/6
f 2709/4/6 2706/4/6 2710/4/6
f 2707/4/6 2708/4/6 2711/4/6
f 2711/4/6 2708/4/6 2712/4/6
f 2701/1/6 2702/1/6 2713/1/6
f 2703/1/6 2704/1/6 2718/1/6
f 2714/2/6 2715/2/6 2719/2/6
f 2719/2/6 2715/2/6 2720/2/6
f 2716/2/6 2717/2/6 2721/2/6
f 2721/2/6 2717/2/6 2722/2/6
f 2719/4/6 2720/4/6 2723/4/6
f 2723/4/6 2720/4/6 2724/4/6
f 2721/4/6 2722/4/6 2725/4/6
f 2725/4/6 2722/4/6 2726/4/6
f 2723/2/6 2724/2/6 2729/2/6
f 2725/2/6 2726/2/6 2730/2/6
f 2713/1/6 2702/1/6 2733/1/6
f 2733/1/6 2702/1/6 2734/1/6
f 2727/2/6 2728/2/6 2735/2/6
f 2735/2/6 2728/2/6 2736/2/6
f 2729/2/6 2730/2/6 2737/2/6
f 2723/2/6 2729/2/6 2737/2/6
f 2737/2/6 2730/2/6 2738/2/6
f 2730/2/6 2726/2/6 2739/2/6
f 2738/2/6 2730/2/6 2739/2/6
f 2739/2/6 2726/2/6 2740/2/6
f 2731/2/6 2732/2/6 2741/2/6
f 2741/2/6 2732/2/6 2742/2/6
f 2703/1/6 2718/1/6 2743/1/6
f 2743/1/6 2718/1/6 2744/1/6
f 2738/2/6 2739/2/6 2745/2/6
f 2745/2/6 2739/2/6 2746/2/6
f 2747/6/6 2748/6/6 2750/6/6
f 2750/6/6 2748/6/6 2751/6/6
f 2749/6/6 2750/6/6 2754/6/6
f 2751/6/6 2752/6/6 2754/6/6
f 2750/6/6 2751/6/6 2754/6/6
f 2754/6/6 2752/6/6 2755/6/6
f 2755/6/6 2752/6/6 2756/6/6
f 2756/6/6 2752/6/6 2757/6/6
f 2753/2/6 2754/2/6 2759/2/6
f 2754/6/6 2755/6/6 2760/6/6
f 2759/2/6 2754/2/6 2760/2/6
f 2760/6/6 2755/6/6 2761/6/6
f 2756/6/6 2757/6/6 2762/6/6
f 2757/2/6 2758/2/6 2763/2/6
f 2762/6/6 2757/6/6 2763/6/6
f 2763/2/6 2758/2/6 2764/2/6
f 2765/2/6 2766/2/6 2769/2/6
f 2767/2/6 2768/2/6 2770/2/6
f 2765/2/6 2769/2/6 2771/2/6
f 2771/2/6 2769/2/6 2772/2/6
f 2770/2/6 2768/2/6 2773/2/6
f 2773/2/6 2768/2/6 2774/2/6
f 2771/4/6 2772/4/6 2775/4/6
f 2775/4/6 2772/4/6 2776/4/6
f 2773/4/6 2774/4/6 2777/4/6
f 2777/4/6 2774/4/6 2778/4/6
f 2775/2/6 2776/2/6 2781/2/6
f 2781/2/6 2776/2/6 2782/2/6
f 2777/2/6 2778/2/6 2783/2/6
f 2783/2/6 2778/2/6 2784/2/6
f 2779/1/6 2780/1/6 2787/1/6
f 2787/1/6 2780/1/6 2788/1/6
f 2782/2/6 2783/2/6 2789/2/6
f 2789/2/6 2783/2/6 2790/2/6
f 2785/1/6 2786/1/6 2791/1/6
f 2791/1/6 2786/1/6 2792/1/6
f 2789/4/6 2790/4/6 2793/4/6
f 2793/4/6 2790/4/6 2794/4/6
f 2793/2/6 2794/2/6 2795/2/6
f 2795/2/6 2794/2/6 2796/2/6
f 2797/4/6 2798/4/6 2801/4/6
f 2801/4/6 2798/4/6 2802/4/6
f 2799/4/6 2800/4/6 2803/4/6
f 2803/4/6 2800/4/6 2804/4/6
f 2805/6/6 2806/6/6 2809/6/6
f 2809/6/6 2806/6/6 2810/6/6
f 2807/2/6 2808/2/6 2813/2/6
f 2813/2/6 2808/2/6 2814/2/6
f 2811/2/6 2812/2/6 2817/2/6
f 2817/2/6 2812/2/6 2818/2/6
f 2815/6/6 2816/6/6 2819/6/6
f 2819/6/6 2816/6/6 2820/6/6
f 2819/2/6 2820/2/6 2822/2/6
f 2822/2/6 2820/2/6 2823/2/6
f 2822/2/6 2823/2/6 2825/2/6
f 2823/2/6 2824/2/6 2825/2/6
f 2821/2/6 2822/2/6 2825/2/6
f 2825/2/6 2824/2/6 2826/2/6
f 2825/4/6 2826/4/6 2827/4/6
f 2827/4/6 2826/4/6 2828/4/6
f 2827/2/6 2828/2/6 2829/2/6
f 2829/2/6 2828/2/6 2830/2/6
f 2831/1/6 2832/1/6 2835/1/6
f 2833/1/6 2834/1/6 2836/1/6
f 2835/1/6 2832/1/6 2837/1/6
f 2837/1/6 2832/1/6 2838/1/6
f 2833/1/6 2836/1/6 2839/1/6
f 2839/1/6 2836/1/6 2840/1/6
f 2841/2/6 2842/2/6 2843/2/6
f 2843/2/6 2842/2/6 2844/2/6
f 2841/2/6 2843/2/6 2845/2/6
f 2845/2/6 2843/2/6 2846/2/6
f 2844/2/6 2842/2/6 2847/2/6
f 2847/2/6 2842/2/6 2848/2/6
f 2849/1/6 2850/1/6 2853/1/6
f 2853/1/6 2850/1/6 2854/1/6
f 2851/1/6 2852/1/6 2855/1/6
f 2855/1/6 2852/1/6 2856/1/6
f 2857/1/6 2858/1/6 2861/1/6
f 2861/1/6 2858/1/6 2862/1/6
f 2859/1/6 2860/1/6 2863/1/6
f 2863/1/6 2860/1/6 2864/1/6
f 2865/3/6 2866/3/6 2869/3/6
f 2869/3/6 2866/3/6 2870/3/6
f 2867/3/6 2868/3/6 2871/3/6
f 2871/3/6 2868/3/6 2872/3/6
